"","target_names","target_groups","targets","current_lower_bounds","current_upper_bounds","stopping_lower_bounds","stopping_upper_bounds","scales"
"1","prevalence","All",0.356214248569943,0.24934997399896,0.463078523140926,0.320592823712949,0.391835673426937,0.0118738082856648
"2","meanMOIvar","All",4.51908355698637,3.16335848989046,5.87480862408228,4.06717520128773,4.97099191268501,0.150636118566212
"3","meanPTS","All",0.086588432744908,0.0606119029214356,0.11256496256838,0.0779295894704172,0.0952472760193988,0.00288628109149693
"4","meanPTSGroupA","A",0.236137019268453,0.165295913487917,0.306978125048988,0.200716466378185,0.27155757215872,0.0118068509634226
"5","meanPTSGroupBC","BC",0.0559104030013981,0.0391372821009787,0.0726835239018175,0.0503193627012583,0.0615014433015379,0.0018636801000466
"6","numGenes","All",12112,8478.4,15745.6,10900.8,13323.2,403.733333333333
"7","numGenesGroupA","A",266,186.2,345.8,239.4,292.6,8.86666666666667
"8","numGenesGroupBC","BC",11846,8292.2,15399.8,10661.4,13030.6,394.866666666667
