"","target_names","target_groups","targets","current_lower_bounds","current_upper_bounds","stopping_lower_bounds","stopping_upper_bounds","scales"
"1","prevalence","All",0.356214248569943,0.267160686427457,0.445267810712428,0.320592823712949,0.391835673426937,0.0118738082856648
"2","meanMOIvar","All",4.51908355698637,3.38931266773978,5.64885444623296,4.06717520128773,4.97099191268501,0.150636118566212
"3","meanPTS","All",0.0407147556159188,0.0305360667119391,0.0508934445198985,0.0366432800543269,0.0447862311775107,0.00135715852053063
"4","meanPTSGroupA","A",0.098416252539981,0.0738121894049857,0.123020315674976,0.0885746272859829,0.108257877793979,0.0032805417513327
"5","meanPTSGroupBC","BC",0.0267105058990061,0.0200328794242545,0.0333881323737576,0.0240394553091055,0.0293815564889067,0.000890350196633536
"6","numGenes","All",35412,26559,44265,31870.8,38953.2,1180.4
"7","numGenesGroupA","A",2220,1665,2775,1998,2442,74
"8","numGenesGroupBC","BC",33192,24894,41490,29872.8,36511.2,1106.4
