"","target_names","target_groups","targets","current_lower_bounds","current_upper_bounds","stopping_lower_bounds","stopping_upper_bounds","scales"
"1","prevalence","All",0.356214248569943,0.267160686427457,0.445267810712428,0.320592823712949,0.391835673426937,0.0118738082856648
"2","meanMOIvar","All",4.51908355698637,3.38931266773978,5.64885444623296,4.06717520128773,4.97099191268501,0.150636118566212
"3","meanPTS","All",0.086588432744908,0.064941324558681,0.108235540931135,0.0779295894704172,0.0952472760193988,0.00288628109149693
"4","meanPTSGroupA","A",0.236137019268453,0.177102764451339,0.295171274085566,0.212523317341607,0.259750721195298,0.00787123397561509
"5","meanPTSGroupBC","BC",0.0559104030013981,0.0419328022510486,0.0698880037517476,0.0503193627012583,0.0615014433015379,0.0018636801000466
"6","numGenes","All",12112,9084,15140,10900.8,13323.2,403.733333333333
"7","numGenesGroupA","A",266,199.5,332.5,239.4,292.6,8.86666666666667
"8","numGenesGroupBC","BC",11846,8884.5,14807.5,10661.4,13030.6,394.866666666667
