"","target_names","target_groups","targets","current_lower_bounds","current_upper_bounds","stopping_lower_bounds","stopping_upper_bounds","scales"
"1","prevalence","All",0.356214248569943,0.24934997399896,0.463078523140926,0.320592823712949,0.391835673426937,0.0118738082856648
"2","meanMOIvar","All",4.51908355698637,3.16335848989046,5.87480862408228,4.06717520128773,4.97099191268501,0.150636118566212
"3","meanPTS","All",0.0407147556159188,0.0285003289311431,0.0529291823006944,0.0366432800543269,0.0447862311775107,0.00135715852053063
"4","meanPTSGroupA","A",0.098416252539981,0.0688913767779867,0.127941128301975,0.0836538146589838,0.113178690420978,0.00492081262699905
"5","meanPTSGroupBC","BC",0.0267105058990061,0.0186973541293042,0.0347236576687079,0.0240394553091055,0.0293815564889067,0.000890350196633536
"6","numGenes","All",35412,24788.4,46035.6,31870.8,38953.2,1180.4
"7","numGenesGroupA","A",2220,1554,2886,1998,2442,74
"8","numGenesGroupBC","BC",33192,23234.4,43149.6,29872.8,36511.2,1106.4
