"instance","prevalence","meanMOIvar","meanPTS","meanPTSGroupBC","inverseSimpsonIndex","inverseSimpsonIndexBC"
1,0.1405,2.61862466378746,0.0210337744858014,0.0183373210290767,4116.97095591859,3669.79436892837
2,0.2735,5.4270826486251,0.00759697809518739,0.00440084118168648,22845.8225446672,27554.8793413124
3,0.227,3.32312175255859,0.0130830526825338,0.0114281942628976,8406.16804278177,7525.04553338029
4,0.13,7.52743831965294,0.087684935823322,0.0526224465869651,2649.52910162998,4200.83803861891
5,0.3,3.03403843352414,0.0123551434452353,0.00671998852606331,8395.38770581529,11265.1549589002
6,0.421,4.78528736403389,0.00591296051741931,0.00476781263340055,26657.2026456353,25251.3653332224
7,0.3765,5.8541133497387,0.0279067848488151,0.0237057558216007,7756.30772290519,7222.41597409758
8,0.2265,2.77339852673467,0.012172933126709,0.0106078076918933,7427.01149831798,6638.23834417504
9,0.2185,4.73392131424649,0.00945464892813928,0.00504695402558528,15931.0996598327,20269.2672291608
10,0.258,2.92209050152954,0.00693381801488013,0.00579134427028088,12822.8967941182,11674.6233538039
11,0.2935,2.82147594796309,0.00765168196241278,0.0062332287362846,11747.2332630114,11063.3264899443
12,0.2425,3.25483633751898,0.0864948178680328,0.0712086924689306,1376.36323551815,1373.50816896006
13,0.22,3.46285680430557,0.0329582921690696,0.0300404369521124,3777.78762482969,3285.54309394294
14,0.133,2.98447464583557,0.0154598112044103,0.010199084918298,6127.73307364961,6767.53967016258
15,0.243,2.52445896112824,0.0245543577485313,0.0179734806035878,3692.25918442923,3927.48057036363
16,0.105,2.24982456064998,0.0311131303389207,0.0289047900864116,2404.33287443424,2068.78345293373
17,0.114,3.00431675073685,0.0364217869195058,0.0256684178149308,2788.91907351522,3100.9335990502
18,0.359,3.64940702356014,0.0128393135762389,0.00721764775407247,10141.5446084735,13367.4761790691
19,0.3125,4.23640210846368,0.0151327898987699,0.00783668862032672,9992.05170878527,14188.5533507232
20,0.2345,1.58291529929698,0.0172342775966898,0.00854415558919522,3127.93009049023,4532.81707409179
21,0.329,3.80050782145345,0.00725658258121341,0.00598395967527654,17128.8704111006,15977.1980485538
22,0.1235,3.18397776557969,0.0422652503674455,0.0387934150803986,2635.29689995706,2289.42773661205
23,0.1575,4.07147459958592,0.0100061307266031,0.00800290189799564,12057.8510380373,11278.1109224282
24,0.291,4.5158952149389,0.0135050408598574,0.00584748578772761,11706.5038294943,18625.073994224
25,0.315,4.47887952476623,0.00854888642228873,0.00434245094460109,17448.2150850487,23585.904988023
26,0.2535,3.3784615482046,0.0163333125108171,0.00809390806417564,7131.39862179261,10318.1151019391
27,0.155,3.70986991822975,0.0168884530725076,0.0121862498530408,7128.64828066515,7374.43431271532
28,0.2165,2.59283660757059,0.0101730182016602,0.00680659582878292,8175.89175582373,8845.62285409158
29,0.1685,2.62417507022556,0.0221283960977907,0.0181512677004737,4019.19257317506,3807.96140432059
30,0.1945,2.2899354078681,0.0397735113280665,0.0330698456409278,2065.87083763249,1966.22505734757
31,0.249,2.10437723709733,0.0204232955044315,0.0177167077690371,3659.28917665535,3326.5115941536
32,0.2705,6.63504563891405,0.0266427695876629,0.0216409850779278,9195.05259078977,9045.62517328065
33,0.1985,3.1706258656743,0.0630751087486432,0.0575200189514232,1862.84194903632,1637.47809631408
34,0.3235,3.57909408973012,0.00511077353314422,0.00361857448083321,21040.3962859894,21605.5325302275
35,0.2455,2.37542782773962,0.0135411090606614,0.0102197597840198,5916.27610430387,6012.06792302568
36,0.252,3.32905821928829,0.0170695876566249,0.00709526267109286,6742.18802958192,11316.1590651408
37,0.1455,3.91107690345737,0.0136286345823144,0.0110157490989004,8994.25980857776,8447.021767144
38,0.1235,4.06412462542701,0.0468326176224162,0.041588168807796,3042.24562412972,2721.44861941705
39,0.2185,4.01410161259854,0.0056136318099562,0.00448043934277808,19916.3323717438,18475.8094124602
40,0.1965,3.2378069652224,0.0326467311482149,0.0270655575220795,3542.51969400484,3401.82583904931
41,0.25,3.35857731749116,0.00635690264122808,0.00327628649735033,15721.5946716177,19604.4462014438
42,0.192,3.28011335220644,0.0964570228598787,0.0890867580608512,1239.74143932939,1089.39334364545
43,0.2155,3.87617320644547,0.0118074356571178,0.00753983925606987,10837.7350592295,12398.2235135631
44,0.2225,3.9965505402389,0.00960856432186764,0.00470484344434955,13228.0320603308,18002.7926667618
45,0.143,4.39043550354225,0.101109544459083,0.0711262245222075,1456.85041727749,1844.3008509759
46,0.301,2.1145455299799,0.00799614328431746,0.00369998330348125,8492.25058727337,12094.4722925619
47,0.2675,2.95429533260502,0.0119071991498835,0.00350829299271454,8317.37726042231,16601.0645880757
48,0.188,2.82268490783408,0.0121775679555632,0.00832808847496587,7378.45569943229,7932.60929173472
49,0.286,2.73313383521668,0.00817922820887393,0.00497727604092423,10792.7494812025,12718.2052771412
50,0.3805,4.17857469217854,0.00901583369454074,0.00520743016574107,15900.6374461825,20129.506838858
51,0.319,4.34509154961054,0.00606883956577972,0.00506210836883135,22540.4581109225,20746.7631537201
52,0.3585,2.74017529115008,0.00557634608635937,0.00490672838927493,15144.1416175006,13358.4999510582
53,0.298,2.49773674001975,0.00630847399481149,0.00436182996968805,11993.7039822901,12592.940197275
54,0.106,2.84702412984079,0.043502308152343,0.0389093033323212,2327.19708404207,2075.19214104001
55,0.151,3.00649827788722,0.0513433803699554,0.0474477163383619,2093.22053031478,1806.04281828045
56,0.2985,3.31881185730902,0.0111409565617001,0.00541887987734295,10128.4193993291,14736.4099834316
57,0.3295,5.77768997414983,0.0113023134725923,0.00953596157857609,18012.5139125027,16675.3227440539
58,0.3715,3.80033395856016,0.034217835956958,0.0109094519106665,3940.54132583431,9691.79558442611
59,0.16,2.80671842351596,0.0102594198823406,0.00862768263199002,8163.26722935647,7409.40958481367
60,0.328,3.29537223528448,0.0068035999948251,0.00530087620936292,15415.8156701405,14944.855403236
61,0.346,2.55247714418477,0.0117599089197373,0.00782837801606022,7474.08221257854,8543.93239248991
62,0.3715,5.3031047718617,0.00861900162999844,0.00685628575167309,21076.1857576486,20403.3282793067
63,0.348,3.41963670493904,0.00861555282116145,0.00623018346107414,13323.2828680439,13921.2010610988
64,0.337,2.7380723020462,0.00815792214989018,0.00658568108711396,10986.7977057937,10468.6051194887
65,0.28,3.42780991046074,0.00643163914803431,0.00462776317098027,16294.7458709008,16638.8581981673
66,0.3205,2.10086117138725,0.00530337983790523,0.0041593651828735,11806.7769097975,11221.0406288558
67,0.465,7.66788373112734,0.0267142601532953,0.0079182245894746,10392.9198657299,27143.389320204
68,0.3365,4.95916720969637,0.0589653828499787,0.0442826761298524,3140.34205606989,3431.7789324004
69,0.1805,6.8130909360978,0.010648090349744,0.00861571321186764,20074.239489733,18853.7969786786
70,0.2555,3.9656129836205,0.00824575685230425,0.00711644682655039,15276.6192330323,13724.5520586733
71,0.31,3.06911116757355,0.0143337937218301,0.00746897839510623,7548.05115123717,10619.7066545222
72,0.2715,4.59004301395452,0.0342555867068728,0.0105873481580501,4634.52705522304,11532.2566853264
73,0.4555,4.82669081813729,0.0195950162139561,0.00696507190837372,8995.58089720612,18845.9182893713
74,0.3115,3.90603324085869,0.00569510445450806,0.00395500015025139,21047.9313457835,21966.8857682564
75,0.301,2.77368201599669,0.01189425186731,0.00496059571091602,7937.98628131802,12920.100001313
76,0.0965,2.4911608660847,0.0806118534488141,0.0696095681258705,1083.67502178547,998.839040747892
77,0.1805,4.99509603422777,0.0227808958919257,0.00648327957872061,7276.93880619751,16888.4668829726
78,0.4235,5.4792748327477,0.00748986139479045,0.00605375388805363,25102.3699845319,23893.2319768421
79,0.245,3.51253082461466,0.0133349327012813,0.00758184703369578,8896.79693920006,11304.8887116805
80,0.221,2.36322635825268,0.0143290367311439,0.0129231583288912,5450.49214343501,4743.45079613577
81,0.293,2.94846211279715,0.0145867213659053,0.00934935079909496,7169.12929425212,8395.54545502615
82,0.3335,4.12268452367732,0.0100646846349446,0.00444565974966881,14067.4165180923,21773.9670801414
83,0.2055,2.72286334344338,0.0428605758969436,0.0369051614143491,2300.89027672995,2123.47285333904
84,0.2415,3.58759753755275,0.00744745949368542,0.00586175985015863,14840.3990933767,14151.5293926198
85,0.2565,3.01029398328949,0.0379449429068572,0.0338950944239525,2884.51222857564,2574.91104085666
86,0.343,3.69193839124792,0.00523432127939076,0.00415076767872744,21674.30704774,20605.2754314142
87,0.3305,2.08384921047424,0.017077844401787,0.0115526754991341,4294.12270221597,4855.91452576132
88,0.428,4.66520310585167,0.0166636978223477,0.00420827317440799,10078.4896449838,27413.2605791608
89,0.244,2.82274423783702,0.0130585559915905,0.00942244616480321,7297.27237729375,7579.949766922
90,0.126,4.56399273551101,0.0138799519630415,0.00947055486845925,9940.52845812651,10425.8016028985
91,0.3755,2.72650215104347,0.00900055749282356,0.0050274592927558,10346.4853668011,13432.7946807416
92,0.1705,2.54571423400033,0.019530667577514,0.0134904288082826,4436.3725802646,4860.79942246065
93,0.2845,3.67531833314819,0.00521045993146188,0.00430630141294556,20705.2362909199,18998.6979547934
94,0.4425,4.91477634005832,0.00923392337421003,0.00536801587589064,18773.2062029474,23617.9490678411
95,0.207,3.20885205629464,0.021408504172558,0.0132462683293302,5187.08926391908,6337.69190776913
96,0.1415,1.33477482341073,0.0196757198097952,0.0160704573017775,2238.79545104166,2142.17423953938
97,0.203,1.46749853551145,0.0229638215801677,0.0172943352466765,2236.56881599929,2299.3357682069
98,0.196,5.12593820459571,0.0182133518960391,0.0147297714043533,9647.92129797438,9239.43407812867
99,0.4165,4.21752041187115,0.0198814150471304,0.00640120430885209,7664.79855124796,17352.1025674231
100,0.104,2.57094223585633,0.113567519471415,0.106210364169748,803.116656928715,696.625324687529
101,0.309,4.53354651336419,0.0160722458366449,0.0145816800322514,10217.4516322783,8940.06135915028
102,0.143,5.34193143431239,0.150982369821567,0.116009132507937,1030.54586463535,1373.8121353466
103,0.245,2.01978169765759,0.011138947127465,0.00494931110098083,5888.10471086037,8799.30240335749
104,0.285,2.49120660270242,0.017345763471325,0.0130485457124679,5118.93316990567,5298.59196387548
105,0.37,2.84283584190151,0.00874131805533966,0.00782998017180533,10861.4357960474,9541.29012101615
106,0.2305,3.36420483620502,0.00855725603760717,0.0055402191251543,12293.6039894609,13585.1342176315
107,0.425,5.53017730786995,0.0127079361213773,0.00973448062581406,15846.1713848922,16132.3255922011
108,0.2615,2.46502212507675,0.0273301868793751,0.0178756893773851,3210.4011121808,3793.07601302558
109,0.1235,6.31339957710316,0.0925165438071446,0.0711118087533046,2340.87229252276,2552.51684856216
110,0.2825,3.41296525031283,0.00680312346971923,0.00461422478698172,15773.1536693123,16751.5145459412
111,0.151,2.80481473697724,0.0181445034764392,0.0136968558717304,5026.66381607673,5060.62205300318
112,0.152,5.52953120981151,0.0763824934273527,0.0499867226126233,2448.27825883702,3175.53951595259
113,0.134,3.54065629132403,0.0237882865769255,0.0170051162780676,4815.48718082981,5145.90562482013
114,0.158,5.3158824302295,0.0101533230713984,0.00803494295770251,15671.8157958991,14765.090510397
115,0.1285,4.0764457768713,0.0524676461132775,0.040895229968304,2754.83636879495,2837.41206200723
116,0.35,3.54344431069386,0.00632705626293337,0.00441073641078152,17856.5534950071,18741.8944613633
117,0.131,4.99817121937434,0.0257759927767543,0.0223468957430202,6651.49947675792,6029.06844971124
118,0.2785,2.53467648264725,0.00598790422273792,0.00296753753733047,12667.5039431092,16199.6119707434
119,0.2605,2.93567637197217,0.00977135928598129,0.00812885209452542,9914.51172160626,9180.92112566126
120,0.3015,2.63802483615416,0.00843173780650829,0.00757069722180422,9937.86723327042,8663.8552741733
121,0.251,2.93794479142212,0.0110702933601847,0.00791138265714894,8686.69556652697,9141.1033364953
122,0.448,5.87684981553543,0.00808453578682414,0.00529023647231986,25396.199311154,29179.939996469
123,0.1685,2.97257360118386,0.0227335202253458,0.00911499846740415,4391.48281994379,7496.14063936676
124,0.327,4.86219810898386,0.00787932839301823,0.00502438499819018,20408.1543177343,23139.5422542472
125,0.3755,2.60683868116298,0.00740923447547789,0.00637445622000725,11599.1633068098,10507.503722572
126,0.2055,3.21919291162836,0.0123710333106819,0.00757343469013198,8521.82262021379,9979.33639861323
127,0.143,4.52064727491097,0.0126143020180686,0.0106409423878948,11176.5458920383,10142.8689841446
128,0.21,2.11951897433797,0.0532793622675919,0.0502928393068238,1462.35740377262,1236.55847109542
129,0.1145,1.913834191677,0.0821841595931719,0.0572078235270023,808.5688452108,950.613302988817
130,0.4385,5.62308458963835,0.0242455957509913,0.0196687342493985,8681.76792042435,8491.82122601241
131,0.1785,3.66143249804748,0.0168446172131069,0.0138955502175853,7188.46731336507,6719.41741467348
132,0.113,2.85661684343638,0.0231536905565516,0.0132366698656698,3964.87127989775,4962.18019636847
133,0.1175,2.93715231702967,0.0391038753389244,0.0290670387160302,2600.18492662971,2703.9799313344
134,0.219,3.46857119617709,0.0145534555374808,0.0121100556191202,8123.53834753903,7586.76842593282
135,0.1145,2.67005065501926,0.0771845320703859,0.0428029174329221,1155.45548218057,1742.20671009425
136,0.3975,2.92119452583978,0.0097587114662728,0.00393052099481814,10404.1464844422,17339.8845716276
137,0.1235,5.0922374855175,0.0881585545164821,0.0817680832478242,2103.13372519561,1832.25897236445
138,0.2935,1.8343904451604,0.00746076058124148,0.00488238704739248,7712.57351919176,8543.48609573157
139,0.309,2.18909946926334,0.00640067919529952,0.00515221486255182,10435.3410941016,9833.92796224611
140,0.2775,3.11571282923077,0.0113333145982632,0.00797936498491735,9215.34216459157,9842.98811040081
141,0.3295,2.28679277058233,0.00552158528573892,0.00493189336899712,12513.2949983358,10887.2396605963
142,0.215,2.17894517310722,0.0523044406378749,0.0398245853483164,1489.03039017941,1563.13510464264
143,0.4285,4.56809076218812,0.0151657974053091,0.0063705869744404,10913.7926554728,19080.1973199221
144,0.168,3.74535468254696,0.0412974438872806,0.0327980547025122,3218.66471183577,3185.20225796095
145,0.253,4.18349279205962,0.0103727633457683,0.00826773650213678,13397.8489634545,12939.7836055325
146,0.1685,2.51071092961768,0.0583073789464604,0.0528940818802919,1568.2705001158,1393.06869953931
147,0.2675,4.52356434096041,0.0443679611888189,0.0387984304000603,3786.4435265813,3470.86684185241
148,0.2035,4.04531785573163,0.0111371898403929,0.00596473421508531,11655.0512543307,15028.5832215856
149,0.38,5.84114926129782,0.0112744486458597,0.00715036095011912,18320.8892864447,21752.0078363788
150,0.3115,2.75393597058274,0.00415145148535176,0.00342474392681467,18592.9364624219,16890.330089585
151,0.3245,4.73483729439279,0.0129110897891367,0.0104188767818842,12881.8255019373,12499.7358788545
152,0.2275,4.84407003158712,0.00788135271767211,0.00540498727491286,19007.0689386789,19901.9097600872
153,0.4095,2.79487645998252,0.0106133118354621,0.00959154618763989,9148.54762662838,7981.45627084137
154,0.1475,4.71034235138347,0.0318801062691818,0.0158370611261641,5063.44030479843,7796.58391000579
155,0.1355,4.4556823262769,0.0565680829890557,0.0472501696575277,2889.89458763391,2768.21227177812
156,0.232,3.56136470518686,0.0131825016958738,0.0116607307899693,9134.43417725047,8053.01623187509
157,0.166,4.91904650393215,0.0112803422290587,0.00967992392103278,13419.1602987677,12107.945567308
158,0.3845,3.54055706015975,0.0127463150790304,0.0102231906513836,9971.94496169961,9676.89283134018
159,0.3205,4.29611106263257,0.0164425532679176,0.00755724269595254,9354.18844537888,14922.2206653745
160,0.3505,3.66941437603142,0.00718008310896166,0.00566889930959204,16552.5964160509,15874.7676739303
161,0.3115,2.41015766947147,0.00905909758208546,0.00760489147646948,8726.4362377037,8018.19482594985
162,0.125,3.77952246427672,0.0204885566931152,0.0169461899347814,6095.15339059254,5691.28839362386
163,0.2755,2.67117194596779,0.00523515061705287,0.00446533391813029,15038.5008222801,13477.9964680732
164,0.2275,2.11870142670913,0.0157141075187969,0.00649699429826497,4609.93739803433,7453.55969001879
165,0.1915,6.21206313892085,0.0521167946151905,0.0489190869315885,4358.5517956251,3693.08372061236
166,0.2195,3.27262891964466,0.0110285619950401,0.00679652981495596,9639.64303363557,11376.6387163096
167,0.244,1.60732982915366,0.0174706092497844,0.0124486676990054,3180.66300865342,3423.5018981413
168,0.3085,2.59089106874534,0.0152830205412838,0.0057003486881647,5871.56078872695,10834.0798711549
169,0.2845,5.02546738074395,0.0165289294487541,0.00891677724605606,10713.768357501,14857.5630620569
170,0.206,4.25049303963235,0.0230129145054407,0.00746753768669756,6282.60243584816,13213.4146256172
171,0.27,2.46832052280918,0.0166868983107273,0.0138877886694852,5195.95742949454,4867.48713739485
172,0.454,6.27838342046087,0.010506807297271,0.00575175398978084,21465.5219695432,29133.2400843428
173,0.1775,3.45009371371866,0.011748049410114,0.00904660745624619,9335.53745348181,9137.10791126925
174,0.428,3.75378515944019,0.00742613694655637,0.00505097807558233,17061.8453299153,18762.3321748863
175,0.335,2.89947450053822,0.00618187030411956,0.00459894768329383,14764.9172253313,14749.8481422776
176,0.337,2.29475652661844,0.00646312013009174,0.00416914809491004,11091.5387673956,12326.3907794656
177,0.4155,5.78429830227905,0.00952876964587424,0.00704119754591365,21271.187961422,22108.1561408454
178,0.282,3.40232519136074,0.00808135246855359,0.00634191045743886,13524.5061724866,13064.3297916298
179,0.403,2.94967815685254,0.00811229309132972,0.00643071970342189,12396.6807005576,12061.1371236396
180,0.194,2.42921205497151,0.041378316360168,0.0370771631417029,2109.5387324749,1877.36540056864
181,0.4005,6.45269809635434,0.0310351403092582,0.00688166417913239,7309.02125773564,25170.0400498326
182,0.1315,4.57154665811788,0.011687883310519,0.00903473483724202,11637.762370839,11071.5132401718
183,0.3465,3.19220636297507,0.0102850585281492,0.0067934629023567,10680.5988986576,12101.444250081
184,0.2065,5.88750493694532,0.0151246296758689,0.00923956509128392,13194.3412704196,15987.6439404387
185,0.148,3.24519110535833,0.0244807593647749,0.0201336758788517,4499.10989976418,4317.42719887966
186,0.174,2.1122838483861,0.0566001309257823,0.0503928138902183,1371.54300492646,1224.82503311098
187,0.2145,1.64605421322068,0.0182975749334264,0.0108357772202225,2970.9254960647,3702.19017832805
188,0.253,4.35107725224522,0.00623591102472942,0.00415995895030254,20997.1988461682,22388.59324273
189,0.152,6.19441094727465,0.0233953956728274,0.021689578393038,9195.50025772157,7835.02487202037
190,0.1425,4.75777904070581,0.0129764495486287,0.0101076965715994,11300.3337568397,10838.1606569719
191,0.288,2.48612019937681,0.00714161336800798,0.00451205460021634,11019.2237073878,12394.7497537848
192,0.3095,2.37249537036242,0.0490965534281901,0.0429019083231987,1779.59114379916,1624.07583282572
193,0.3815,2.97595894818997,0.00524396339585752,0.00372515507416939,17772.2562723169,18294.7891969651
194,0.3105,3.29483817863363,0.00935441221671758,0.00812681817629337,11750.4715312165,10526.2568358171
195,0.181,5.29840352070512,0.019888312129707,0.015917319165704,9294.52599479402,9076.33713076002
196,0.174,1.40274345219897,0.0082531815428186,0.00447131516986406,4879.86344867617,5849.65962696142
197,0.4475,4.54008156973531,0.00894135379646843,0.00684443904655554,17955.806917998,18017.6391058451
198,0.1905,3.82155435396538,0.0084132802543799,0.0071572747129056,13715.2038143843,12359.7453274773
199,0.411,3.6456970208923,0.00648866435349643,0.00409118343654574,18435.3205143429,21117.7693192836
200,0.3885,4.46598997566822,0.0126231426029228,0.00763479057502439,12615.4693178015,15702.8208817429
201,0.2925,2.76259386456635,0.00907604105525428,0.00476465711023273,9981.73936856314,13163.899018362
202,0.202,2.92999109276351,0.00891187605480828,0.00568627908349228,9796.08684116802,10871.5192337058
203,0.276,3.70887459273598,0.0129401951724221,0.0105492808134641,9889.31934842339,9417.06603302031
204,0.1265,3.71540828842377,0.017534076544047,0.0116203133132751,6645.23075582869,7225.58675543671
205,0.2085,1.74718503161101,0.00895298219162577,0.00641342779681708,5935.58730460269,6089.3087999126
206,0.319,2.85681711939599,0.0140454551144359,0.00950338934646087,7119.7359925146,8024.05327467808
207,0.178,4.16812106515606,0.00738291405368309,0.00393351715974046,16010.1582497993,19227.2018550008
208,0.4095,4.148015432084,0.0726589712718548,0.0541548725311466,2102.0942836418,2357.30298127462
209,0.242,3.81866242618746,0.0124338706052859,0.00826461720336505,10413.3004074449,11639.7546442676
210,0.1795,3.40481912699184,0.0190466951834131,0.0171623271747209,6055.28492866688,5309.1715338354
211,0.18,3.32085992587265,0.0173244779160512,0.00932627008721305,6292.71866342672,8356.83575711594
212,0.1525,3.73004752139997,0.0297202268122995,0.0137491387547543,4259.43389387946,6897.19007399564
213,0.2605,3.83113714718241,0.00506078656241381,0.00431178367234843,21448.2380302588,19113.8775479679
214,0.272,5.28889805825092,0.010335273557277,0.00450747954815054,16944.3608241891,26027.1234703487
215,0.145,3.54434111468205,0.0121411396132268,0.00825964553924174,8921.74055055789,9444.26248993397
216,0.2005,3.56116019004652,0.0214827084363137,0.0145641120419582,5786.92515229227,6496.36373943517
217,0.193,6.06265842133178,0.00875621970001371,0.00520385313556123,21206.5116240789,24508.0058331811
218,0.34,3.88442275550006,0.011968268466333,0.00752739484321145,11317.9071303452,13417.3644802382
219,0.4,3.0462481023492,0.0141646355734433,0.00487739112532713,7580.50332198638,15173.8417535713
220,0.462,3.83093497308606,0.00883289713851857,0.00771910766866556,15182.8873038083,13602.9757630563
221,0.1805,5.74943126470602,0.0123915199737077,0.0101494961470912,14923.1925784787,13953.040526491
222,0.1555,3.40262554815616,0.0306754545107052,0.022498782102249,3893.81840629792,4121.14791762524
223,0.1225,5.392144063711,0.0270378243230684,0.0159761499908954,6716.11864137324,8313.38834170855
224,0.2075,5.4762758846177,0.00912933228164663,0.00583415382312859,18742.9963965323,20956.4743732716
225,0.128,4.7484775367568,0.064700419588535,0.0543921379554226,2642.08202181666,2515.6242186449
226,0.2345,3.31332616937197,0.0388181906437538,0.0346614284761961,3143.82237314031,2811.62489298887
227,0.1215,2.9200547710065,0.0319734156029974,0.0190991404720587,3081.18597708369,3843.71979189366
228,0.283,2.42587935072465,0.0203606256402428,0.0146327159193633,4204.41594471555,4554.79128951507
229,0.1565,2.22187439584683,0.0166081071063588,0.010260611853436,4361.76177029067,5148.45087933904
230,0.219,2.13859584296603,0.030560126285675,0.0249432809004652,2503.06636816922,2420.99712863311
231,0.14,6.08669563828448,0.00890557317416932,0.00713800206721535,19251.2632442741,17874.4919581183
232,0.2805,2.85634140469834,0.019625782745552,0.016072084216845,5164.60789638726,4960.37411223018
233,0.2665,4.91792329098066,0.00795109839386291,0.00615981670999692,19674.7871051209,19373.0754944918
234,0.278,2.05802142312612,0.00508055402046808,0.00418652222138005,11462.0459370215,10409.4191015094
235,0.2935,4.47321437944368,0.0193308284840386,0.00881333151385717,8290.65984333598,13461.0411887374
236,0.263,4.4679565436762,0.0121959786045752,0.0114549143260606,12401.0298077266,10429.8317355501
237,0.282,2.81109042096698,0.015567470450037,0.0107159632732869,6386.33798273081,7128.19193269849
238,0.345,3.63744932365859,0.0125799740632181,0.00493689661355648,10025.0774170578,17779.5545510759
239,0.157,2.01895937684851,0.0132593378560668,0.00966782336364386,4675.86758702993,4726.68778044231
240,0.098,2.61330670352405,0.109526715094124,0.0985155032224621,793.226656626506,722.917332481091
241,0.284,4.05788151068523,0.00649587172987509,0.00470513819101838,19325.6173174697,19599.7401636201
242,0.3185,5.28019860237374,0.0256089581306555,0.0240113627395515,7574.56843978696,6401.31859462042
243,0.2975,2.46151958521223,0.0047769494706773,0.00369668415561371,14774.400333491,14007.0049956573
244,0.3115,3.40028638268217,0.00829038076134713,0.00628764815995196,13450.2308248479,13485.7646799441
245,0.247,3.96398376879788,0.00831170714106252,0.00675314153385456,15204.986322317,14297.5753758499
246,0.2645,2.78484029929022,0.00842125922834989,0.00727119570928857,10578.949005064,9481.49197110158
247,0.3285,2.25666396998122,0.0083440942097586,0.0062997614671318,8917.55050721777,8959.18733915831
248,0.1575,3.42200612665905,0.0125200912055112,0.0101960421671304,8649.39106484823,8101.58724020369
249,0.142,2.76311893002487,0.084064395495429,0.0516917384855928,1099.46889612422,1511.04544001525
250,0.3965,4.62152739468573,0.049646827048315,0.0473792273751031,3576.65984086827,3002.00797545915
251,0.2605,3.4005053300627,0.0100701935587456,0.00522682125043855,11089.7757493679,14782.4788003798
252,0.229,3.86402157869049,0.0125444487672326,0.0101344904886571,10406.0513639914,9904.93458589714
253,0.2515,5.91869614569072,0.0255782858909575,0.0213828910754225,8552.84178295553,8115.55855153071
254,0.2865,3.14507489015001,0.0391928941860821,0.0111667942477943,2767.57760060072,7624.41194257027
255,0.1175,3.21834414190264,0.0325115167542055,0.0277030198987856,3412.79281711833,3159.15815615238
256,0.134,4.80724815390085,0.0158211388811872,0.0139435439187143,9721.3859095722,8577.64105029457
257,0.1945,3.97774802242285,0.00992156830783842,0.00656866852910828,12636.7006394187,13731.7143283036
258,0.1985,3.6740038957327,0.0133756965802301,0.010778479835147,9016.41427232668,8589.19770291319
259,0.1615,2.2510441055153,0.0361254123007193,0.0323631749493197,2208.64509857018,1954.79675783379
260,0.2045,2.00610122621144,0.0238538711808965,0.0213254752893129,2905.91368918068,2575.99451097451
261,0.1775,3.30353748503361,0.0101540408814716,0.00847856585670189,9930.81423482092,9071.2139983733
262,0.1855,1.66498073878736,0.0128010430376676,0.0102836873951422,4034.34572633193,3823.04850592326
263,0.177,4.76591210741582,0.0294911046590674,0.00688583631483797,5418.44067106099,15418.6189888482
264,0.3015,2.08743011375423,0.0082444469061997,0.00534257032621862,8068.21735913368,9007.38152864549
265,0.2915,2.07074890728105,0.00592085089313834,0.0026781055440887,10315.0434320754,14018.9205966337
266,0.302,3.82948795200734,0.013106776479364,0.00568008636707155,9992.05318721094,16392.098539808
267,0.3015,2.16952891288195,0.0144777892574859,0.00584556537925734,5159.70733891169,8816.65077987967
268,0.167,4.28535597295699,0.00962474212258259,0.00688877491176225,13451.1353057789,13685.424970376
269,0.174,3.07633021830958,0.0198334478237158,0.0168952871121819,5270.61852204547,4856.24500339702
270,0.247,3.57372640957755,0.0108318136000738,0.00779475327432273,10912.5881771166,11307.5964370098
271,0.3135,3.63997545058879,0.00715606171488726,0.00491155566327803,16477.3889173601,17627.1772934991
272,0.3415,3.16602926075785,0.022009012470163,0.00644532302346628,5116.11457129987,12483.7300769442
273,0.19,2.84474003687999,0.0376317531252511,0.0355762883445222,2721.28587696024,2301.36511113032
274,0.3,7.66299390558341,0.0221013988096271,0.0203945626913776,12688.1842919975,10933.8325078698
275,0.2915,1.85364152068438,0.00610003596056056,0.00412140961930581,8938.64013377321,9500.19742279293
276,0.278,2.61268094647748,0.00666083158732695,0.00465285338651317,12143.1356676554,12671.6973387666
277,0.135,3.82077553266501,0.0690387521286043,0.0537684905161572,1950.97011900253,2042.62978938406
278,0.363,2.81489623201961,0.0246614054825347,0.00731642030844126,4090.3888602285,10149.852479658
279,0.151,4.30080470744231,0.02235389588521,0.0165772472104876,6708.6206973399,6900.98357301532
280,0.3285,4.63270962331761,0.00924911417025582,0.00657710986253077,17020.5063511599,17991.7396087183
281,0.303,1.93576145968646,0.00808122323905861,0.00543636663442251,7592.61284776389,8160.94973734547
282,0.2415,3.19519108012693,0.00842698910539298,0.00735664053273969,11809.9176667581,10507.9531670805
283,0.3235,3.54643442801763,0.0059935134326056,0.00455255404358781,18413.7288846536,18097.9552335142
284,0.171,3.29213619145104,0.0348590683569451,0.0129490160621693,3185.84525508975,6550.33892219917
285,0.4565,5.95012055117701,0.00916496469370913,0.00614486960309623,23140.7552661626,26105.3085152962
286,0.349,2.50321396462079,0.0219978026217004,0.00944870115420811,4083.64372705028,7104.11959348466
287,0.36,7.25493766212423,0.0319723693347322,0.0264304647865696,8637.07492692263,8345.81123335605
288,0.2805,3.35482316783483,0.0187539885132261,0.00392680150087504,6282.29834012104,18307.2040774757
289,0.1625,3.18239599444363,0.0383965232888249,0.0311012283497134,2970.67254070868,2891.60708713045
290,0.279,2.04726763276821,0.0066096471442682,0.00567589996030025,9344.92692738848,8355.63419855499
291,0.273,4.49693946165173,0.039524661348913,0.0141519893723069,3980.94286161873,8933.35332686156
292,0.192,3.66010312566525,0.00788439773166261,0.00614520102438389,13548.254247405,12925.3903729345
293,0.1485,3.66655943150532,0.0497034842838789,0.0448081577569435,2651.53562563353,2317.60767947097
294,0.356,4.33088451750952,0.00815879441501084,0.00710083803852414,17937.0676165457,16095.7901791384
295,0.232,1.95271079684307,0.015625492423899,0.0114788708823013,4224.92799409861,4389.55171563718
296,0.2865,2.0821886527118,0.0041418213931567,0.00358564116399558,13400.5339783397,11795.3168975904
297,0.233,5.23357414825698,0.0234958047238309,0.0111938874353111,7814.73673841382,12423.1367327038
298,0.2185,4.88650877913659,0.0265512306519774,0.021400579154093,6684.88259593923,6549.10537442424
299,0.3525,3.56979362281557,0.00999228193346727,0.00875907779954994,12377.7371497361,11052.6921565746
300,0.14,5.60960896261496,0.0181262270793116,0.0142903825599463,10395.6204478459,10194.6798197591
301,0.2555,3.62785721463963,0.00694817957486925,0.00530284506113008,15912.7448932637,15489.0261101785
302,0.2845,1.84377259995558,0.0105106357398646,0.00921521606191037,5757.12781078128,5129.09994643584
303,0.2495,1.63215593695337,0.0118483063136324,0.00558491235480322,4517.78925704878,6509.94838260547
304,0.113,3.74203580614658,0.033218656213031,0.0307938263421276,3816.63730764661,3278.49980034607
305,0.3435,3.34672217269806,0.00669681289324473,0.00464571778379096,15822.9395696066,16760.2443496328
306,0.4085,2.84937575495811,0.00499982442240043,0.00414490287296511,17683.4223304312,16292.9595656522
307,0.3915,3.73921455923285,0.0067509950592649,0.0050789466260278,18200.619294256,18298.915082471
308,0.1695,2.78943729957892,0.0730867795657649,0.0618945572999387,1366.92482165722,1313.50943355562
309,0.2355,4.47828162652526,0.00668874631796166,0.00539692982957503,20210.9470773888,18835.2885862711
310,0.2225,2.17100201297748,0.031811510164712,0.00998428797801634,2386.87493030923,5406.7912678205
311,0.1225,3.04812784398924,0.0748948859220984,0.0525608912331727,1417.95501430732,1624.69975555419
312,0.166,3.23216666422572,0.0351796840542346,0.0278985659742619,3264.20174890693,3244.85748366541
313,0.128,5.72298486745466,0.0184482016257908,0.0124679687934582,10018.1206992755,10845.3352318196
314,0.141,5.4707699430301,0.0604149556172235,0.0468113246449159,3185.57791175167,3438.64558784455
315,0.216,1.99917697265291,0.00955846551145155,0.00749108997589937,6544.13252833386,6286.16620957969
316,0.2525,4.70058798108718,0.0352496179172652,0.0311103574327026,4872.82374685998,4404.62892860023
317,0.307,3.28797784420782,0.00528683901464717,0.00419792854485414,18637.613402153,17567.5935735413
318,0.13,2.92593144338353,0.0212160059257156,0.0126409602581773,4459.82957493606,5470.89820603307
319,0.2565,2.20474127304668,0.0127690538936923,0.00913328513445566,5718.30354942923,6036.81760520752
320,0.165,3.64064404669785,0.0138869303965392,0.00757736671589391,8490.50478556998,10728.1306127946
321,0.234,1.69073612144673,0.00830156015136039,0.00647689632626503,6245.8531007776,6018.49550203945
322,0.392,3.51174450711788,0.0142461937053832,0.0114204834747121,8859.74673437777,8656.77979193089
323,0.345,4.42587518874103,0.0472687744415724,0.0306837719874801,3451.25847223275,4316.64758358882
324,0.191,3.28417374761826,0.018492046710691,0.00770033030750068,6026.97822424862,9936.26374388756
325,0.2635,1.91642484134877,0.0102551879919643,0.00812307160646671,6189.90865438137,5963.73519804346
326,0.213,2.90648184970873,0.0269351153410365,0.00556668360984779,3721.4698993507,11152.5970880195
327,0.26,3.02702540841957,0.0108806641551215,0.00480207931974753,9268.30535838404,13968.6648308577
328,0.0985,2.54789497696402,0.0395341473312813,0.0342341282882172,2118.26927579788,1945.88067682769
329,0.321,2.20177348855923,0.00736562013513411,0.00587311808870684,9537.45895535476,9092.22861187402
330,0.17,3.96399990945012,0.0130921101458285,0.0108446123493862,9699.84215856959,9092.09768919978
331,0.161,2.89117173662949,0.0298870452579511,0.0272811582214456,3415.06446482951,2982.48071786595
332,0.374,2.87623331013334,0.0111756601006454,0.00990673747117201,8921.17302096209,7939.14822228075
333,0.261,3.73326801445042,0.0545795091212372,0.0392683220959398,2454.38010200069,2816.44477946419
334,0.0955,2.34745496669881,0.0422954223999626,0.0351787380493368,1872.79935298608,1766.58043418184
335,0.41,3.13005249508412,0.00426433130250752,0.00354880945957864,22232.5569508784,20367.5019334622
336,0.1475,4.78243364273234,0.026070594074736,0.0104765891802153,6224.78776800613,10769.5647653281
337,0.1955,4.54574670566751,0.0149643914724083,0.0108068843148969,10333.0607381654,10792.4055550589
338,0.207,3.87322935511675,0.0061377812835838,0.00513891886304432,17583.8864387371,15824.166065278
339,0.147,4.22868128318446,0.0206374540865997,0.0181909166903265,6752.59740455838,5975.87544858328
340,0.373,2.85919319177075,0.00947960156532896,0.0072634505954518,10360.942508187,10344.9280371806
341,0.2035,3.33239915986527,0.0721499874648738,0.063916896181106,1671.00481431657,1548.3105511428
342,0.129,2.32263820929116,0.0588854583829189,0.0550853677406379,1411.65935212402,1212.39359373733
343,0.4605,6.66320026660704,0.0115550828772859,0.00870485274309014,21025.6630453743,21719.4999148688
344,0.1465,4.0742893854121,0.0691664368670993,0.058646353994878,2122.57961479432,2064.00936731587
345,0.3325,3.31562383215963,0.0159058957445754,0.00990513172717774,7456.7292927751,9146.23506643164
346,0.306,4.36357978204949,0.00747583495757933,0.00621176277047595,18783.1216850645,17373.8873114075
347,0.122,5.0549994337874,0.0459969649657515,0.0429698639778637,3869.10562288504,3313.03975718903
348,0.2795,2.44350481465963,0.018521781613149,0.00901592311038987,4647.36427389489,7006.66166241575
349,0.2815,2.93594517859019,0.011052119783175,0.00710753577209865,8867.05570970874,10192.5235773418
350,0.2655,3.25907785648107,0.0114564009444255,0.00873330521714852,9604.46375430274,9598.99823437016
351,0.338,2.67470871512459,0.0194271600353068,0.00606864674204915,4881.03179358412,10946.3452238427
352,0.2705,2.79189664441236,0.00882637768769959,0.0045368159632113,10226.9435560878,13488.8729237237
353,0.275,4.06129480476054,0.00625457311863735,0.00501916326641537,19947.8851307308,18785.0703019831
354,0.402,3.7066212372184,0.00545601390142058,0.00468118230232185,21645.7129416869,19488.4628342537
355,0.1795,2.26095752954765,0.0226579000149548,0.0189271918340177,3430.26646419875,3209.52623709505
356,0.214,4.10192575836233,0.00830040071306125,0.00653800103322665,14858.8545290221,14150.715369056
357,0.2055,3.14428406472672,0.00881057203391616,0.00621975895855833,10899.8428613568,11223.5428564356
358,0.1185,2.47283595800601,0.0206515750073587,0.0115354594386931,3807.43514789742,4759.10425622086
359,0.1485,4.09982964704856,0.0122878545054622,0.00495940632940816,10224.7933563504,15453.5548927723
360,0.259,3.25109048419975,0.0107611774928467,0.0091474167926265,9931.53774379729,9110.70471452772
361,0.1815,3.69147110306835,0.0190949978381487,0.0113234211726826,6588.4443236677,8182.00851813776
362,0.129,2.2193357514884,0.0672381251570802,0.0591138105844127,1166.64120513348,1059.22994972822
363,0.4085,4.02966989990231,0.00593177939061207,0.00484217495421466,22337.3675248663,21003.2168151915
364,0.396,4.80378260412173,0.0184954614845318,0.0128119575714258,9596.88041497313,10841.3775334549
365,0.155,3.13619625370539,0.0604869437936857,0.0456234706048412,1833.64967921509,1991.41227304715
366,0.198,3.55846304841635,0.00798020250854265,0.00612633868877352,13316.6834495203,12843.2289515309
367,0.182,3.48008785339822,0.0308509017368885,0.0273560674554559,3932.5009485669,3509.65875822241
368,0.1995,2.55760784810052,0.0145971787822953,0.0102849301637638,5878.47312947773,6184.13162108146
369,0.401,3.44104034200207,0.00427033557228295,0.00344574262941321,24230.1460678783,22641.8106414461
370,0.2135,4.06985476022789,0.00774272438085897,0.00538083222633214,15844.8502880649,16495.9159496322
371,0.0685,2.03198695940463,0.0449017627903814,0.0393276839944415,1491.43609055868,1323.53748608869
372,0.248,2.10743044456732,0.0124262947189355,0.0109387457003978,5597.81828920254,4977.73448117263
373,0.133,5.11106246671243,0.0212835703315527,0.00934315120040456,7906.52446379341,12300.9985766216
374,0.2745,4.51779381241981,0.0134021924116725,0.00831663228987952,11719.3041011306,14103.361452667
375,0.3485,3.41139489623945,0.0538512119921805,0.0470768524855088,2368.02748362428,2163.21846701429
376,0.3505,3.53059717073136,0.0134470482082794,0.00611330737012434,9351.3486076387,14643.5766581619
377,0.1945,3.35382799430944,0.0297491089255094,0.026440507169443,4079.16955083344,3605.98394810835
378,0.2045,2.60127772501964,0.0173038979276956,0.00980769442781941,5172.7762544119,6639.9857723351
379,0.2955,3.78642899410964,0.0608998719653984,0.058601743686527,2336.02244932568,1950.23633468266
380,0.3625,4.07802050625689,0.00703427330736034,0.00389210727699047,19144.3404363144,24244.2904943649
381,0.181,2.90969620504614,0.0117022218156455,0.00747244157187205,7676.08787050662,8676.5197321215
382,0.262,4.42125436097431,0.00573356650372222,0.00362650179094068,22841.6459061835,25106.5144267011
383,0.1835,2.52964293150588,0.0162005466944382,0.0135596733670119,5284.69760458035,4905.01625447512
384,0.398,2.93256393860256,0.00568735848177631,0.00434487051869323,16429.255583533,16202.2996562306
385,0.278,2.69876687422223,0.0164633221186031,0.00616991508197287,5700.85326615556,10550.7442607679
386,0.35,3.78752014386595,0.0383878267327207,0.0144674670037679,3551.12058940171,7542.8099111892
387,0.225,5.12030585664834,0.0109532785472217,0.00718846197915458,15429.3245802298,17226.067103605
388,0.311,2.6544609415629,0.0105029039220498,0.00396315920677733,8475.23625215332,14502.8335632557
389,0.2145,1.73826764129728,0.0365617514157855,0.0275570672078762,1689.40753597095,1756.693722712
390,0.1295,2.69314117637842,0.090119380844842,0.075417437755843,1058.33697983078,1041.31709107112
391,0.2315,3.61485886165918,0.011834622567082,0.00721173649214286,10116.7704381796,11984.2016171508
392,0.142,2.17290764890195,0.0807211038447909,0.0731673102339091,988.584634358761,874.500675225562
393,0.2875,3.93668133216783,0.00788313976618761,0.00570805803653002,16152.3875170747,16634.4270394619
394,0.3065,1.86872293876808,0.0266828450824949,0.00838899662840673,2475.24845987729,5654.39756504094
395,0.182,2.73114148710894,0.0683645249884805,0.0644401338823758,1457.27404317499,1240.12556877754
396,0.206,2.40158693196224,0.00855928641664442,0.00721126109213996,8519.87205742896,7667.40245752216
397,0.307,5.04077018886008,0.0287574496609358,0.0160747906444343,6500.58772789921,9289.5729427296
398,0.2965,3.88575693562785,0.00711989424245419,0.00474785575334594,17325.0141065803,18851.5110000828
399,0.171,6.02959594103366,0.0352831233601181,0.0323892293589614,6163.40253240942,5327.53456467313
400,0.122,4.7587180160179,0.0554653588162878,0.0476198507617519,3046.7615768596,2813.09076361356
401,0.3385,4.78967068476219,0.00759878761260161,0.00403908269184331,20952.8834116891,27273.2775306795
402,0.293,2.54131892951735,0.00536137911852164,0.00467461650528746,13915.6151210698,12287.2288087445
403,0.237,3.19270205843767,0.00749287511630991,0.00600789947870129,12992.5651898926,12281.4283725463
404,0.225,3.23038745083503,0.0205870910455404,0.0151919953238863,5541.20611064653,5757.00769320742
405,0.2445,2.84326732260543,0.0068922578465472,0.00517970812801368,12225.2389328684,12017.793211884
406,0.3205,4.66282715768997,0.019747869255631,0.0167119201918768,8940.13297800066,8354.28284338566
407,0.3895,2.76326277334273,0.0181468380214704,0.0120595203117929,5499.81604756326,6451.41631230275
408,0.1495,2.80065600909202,0.0342612634633706,0.0249812583034621,2899.82176280048,3089.429258103
409,0.4335,4.62352974415711,0.00663003768081535,0.00560894682775531,23439.0201618815,21568.3356913162
410,0.201,5.51882582318105,0.0346261535476551,0.0181910544512273,5736.64776941279,8700.14024249448
411,0.2655,1.82810810488457,0.00645790340953538,0.00540754048660492,8260.5564969502,7510.45593724969
412,0.233,2.39385555798969,0.0113899376783598,0.00497873378901943,6821.35988144308,10367.5252144406
413,0.2365,5.9168485820992,0.00855085645085208,0.00608031676795448,21980.915975987,22740.4956509585
414,0.3365,4.73329118785673,0.0104678620041834,0.00547022900982695,15535.8291801229,21465.2458569467
415,0.3425,3.41127226133658,0.00992295338363855,0.00581037229668147,11860.723132282,14841.8639185943
416,0.347,2.16165702851882,0.0112996570514338,0.007927551550146,6559.36580876105,7056.9249157709
417,0.286,1.97562562336721,0.008532057996298,0.00737091271009449,7376.04069319335,6669.20270464958
418,0.2545,4.42225463348481,0.0107967217413229,0.00846524366469348,13744.4919818666,13471.7897154799
419,0.21,2.36076889523333,0.0640170618670308,0.0593609173797484,1327.24639460877,1141.64585743408
420,0.1675,1.77905117780323,0.0325932375417613,0.0254572272410413,1939.25430615202,1950.18713038435
421,0.231,2.70533218258871,0.0617501594814172,0.0457830600858608,1596.35700248609,1732.06077669737
422,0.2065,1.71809223734005,0.062639461052492,0.0199425060073963,923.565290129436,2349.76036899571
423,0.379,3.31315326461421,0.011823925231851,0.00901455884348605,9894.81451952388,10006.4685515122
424,0.1495,3.57619862363582,0.0201839223163764,0.0126450586958922,5810.74270927376,6856.34268787628
425,0.29,3.20863888908059,0.0143443488839011,0.00848855970138388,7803.92876653093,9775.34447686027
426,0.322,2.53227439930962,0.00646405522497386,0.00324048854534628,12108.5550646096,15776.19988117
427,0.358,3.83524712880285,0.0174464836273644,0.00798969575844218,7849.92594174541,12816.7233804048
428,0.176,3.87970641092946,0.0108501124877189,0.00673181875806706,11109.0563246328,12663.9676616622
429,0.302,3.88740642092863,0.0297135308849712,0.00891926035348321,4588.21116606179,11515.0066425859
430,0.3545,3.20544598824082,0.0118744669880903,0.0085769396729246,9464.04608243864,10045.2631160474
431,0.3075,3.83069681640954,0.0206034704337123,0.00459575165222771,6514.76393547048,19120.0309256287
432,0.1745,2.65750420239179,0.0408893275589888,0.0165152291084755,2269.75440567592,4317.56008691369
433,0.1475,3.18085662522824,0.0507336710692894,0.0204046476162806,2088.98900542081,4130.94364640884
434,0.0935,6.9418461277288,0.0365412939884359,0.0340154672043029,6411.013537538,5448.09172997723
435,0.3065,4.06262441401747,0.0091525493397301,0.00782605157560528,14811.7366701217,13439.5971119753
436,0.2975,6.04666868949616,0.0212621704626359,0.0193424309113634,10713.2060330586,9393.31027793432
437,0.2515,1.76248083660613,0.0177521278235985,0.0151366914983626,3440.34418143942,3148.03701596402
438,0.27,4.17110590417031,0.0150413425189329,0.00608795267816755,9576.08456759073,16365.3740282855
439,0.2355,7.43158517719008,0.0237856714345935,0.0209229479688283,11419.4548173094,10298.2081225945
440,0.2215,2.81720309552347,0.0106410700173398,0.00893950510075263,8409.9278560058,7730.00565994825
441,0.2565,4.25108162099813,0.00926628005946581,0.00692472912360373,15041.9071807795,15095.3866543951
442,0.245,1.74857766933746,0.00620961630118426,0.00525717439993583,8094.02775906212,7275.28964910435
443,0.188,3.90457444084983,0.0419341502278986,0.0300970511067019,3338.21560096367,3700.97141168649
444,0.2,2.25755004848948,0.01540048122121,0.0116441960206396,4829.29896960632,4858.7481088847
445,0.2485,3.63902530935395,0.00759016434932319,0.00659434108827267,14639.7087076172,13009.5120435424
446,0.3945,3.03132025683735,0.00596106775310799,0.0052120687775339,16529.7206907179,14664.9942851517
447,0.272,5.00690986289607,0.00615561765305553,0.00454523196441677,24646.5735391385,24504.9573503635
448,0.2215,3.70808549699666,0.00913427870656199,0.0071706211385978,12782.9880590466,12185.5255620186
449,0.2045,2.06089667961298,0.029357893408625,0.0172812699648214,2506.69500691606,3253.73265987079
450,0.3545,2.66856129452115,0.00816296130239516,0.00697344121859647,10747.4800160591,9776.62768008007
451,0.421,4.33676658137632,0.00783717222581995,0.00655578419847988,18792.4407229212,17496.1858779311
452,0.401,4.38449611010883,0.00839827873565332,0.00703505559302732,17969.9148087137,16660.7288544929
453,0.2965,3.11919029440843,0.0145603087872438,0.00806903442445185,7485.55223646479,10001.3440009215
454,0.26,3.54704442608892,0.00608484641488566,0.00543134498718689,17344.982866464,15085.8919035555
455,0.359,2.4154692593769,0.00860704803167783,0.0058873982050507,9306.89370243808,10097.4494720503
456,0.2575,5.05518288640374,0.0157460885423923,0.00817646134528071,11185.1011366414,15950.7183354647
457,0.1905,2.09930753233209,0.0109979109388706,0.00880971756362196,5835.31636170777,5532.21954134138
458,0.2015,3.77939541957813,0.0148858432875263,0.0092595176233892,8514.30783677651,10070.6278147646
459,0.3415,3.99962771290395,0.0132713066191608,0.0114778317860964,10701.0954802128,9731.99318786104
460,0.3785,3.84339311923409,0.0126366710681935,0.00477139997857306,10770.4753459345,19905.3410427283
461,0.33,3.17279663099751,0.00610571157386857,0.00526750634858554,16126.3388031293,14367.9343007459
462,0.1885,3.65005520298971,0.0167406504329358,0.0088149526023586,7254.79821239018,9944.44425755888
463,0.2995,4.11331846280511,0.0124525151256282,0.00917058621366826,11450.0959479133,11881.0650701765
464,0.318,1.98500908588082,0.0104053341265346,0.00796360329271101,6413.70900448309,6401.69417080566
465,0.2085,4.16467397563949,0.0220681030456388,0.0153667118133428,6622.45987686575,7295.12714968815
466,0.327,2.65208070095345,0.010578824841744,0.00476087874181525,8508.8825673417,13123.3101388591
467,0.168,3.45044306559362,0.0239705324875319,0.0219966844053548,5000.34996917232,4301.06878306878
468,0.356,2.57984332092038,0.00654441534548906,0.0046457704058076,12662.6822600056,13102.8188953677
469,0.4185,3.77288834653308,0.0135094441405176,0.0113631106410292,10061.8208769393,9417.94486103617
470,0.247,4.46102268763861,0.0108983771638599,0.00835921865084127,13604.9790753067,13515.6011066422
471,0.1835,3.99727426781233,0.00845618436568658,0.0065507608416735,14111.0172935019,13479.4145536056
472,0.376,2.93797193143849,0.0103589525810473,0.00370384767254207,9784.40357229917,17930.0979078727
473,0.348,3.02342156095247,0.0199967885051602,0.0123699153857415,5455.94047867437,6760.55280042029
474,0.462,8.41753218386382,0.0287754544534844,0.0114954040607691,10791.8413041674,21435.7221977695
475,0.3005,4.78752079906839,0.00798167341378798,0.0050568643265648,19644.3631320004,22388.9542037855
476,0.416,5.58594387046859,0.0430733533658626,0.023716610890092,4761.6625201649,7196.28878745615
477,0.1575,4.50829319490598,0.0423526519759318,0.0378973990866622,3777.15246402437,3356.44268274633
478,0.2695,3.03386890431827,0.00716603410935228,0.0063148041895907,12995.2259411991,11419.1346032399
479,0.195,3.7810223735467,0.00749792712151634,0.00541143293893576,14804.6169138704,14916.9325794039
480,0.1655,2.11562870168776,0.0203944517019095,0.0179032032902993,3493.59972251569,3133.54098867637
481,0.165,4.68663194733931,0.0169895507669166,0.0078566338597075,8930.33658331111,13450.4953539672
482,0.137,4.66852066999985,0.0551883728079128,0.0397371413871797,2962.13246877057,3303.14908348556
483,0.4115,3.50686449670882,0.0102934785835098,0.00821343603041185,11951.6756882551,11617.0724074126
484,0.3195,4.01849649461722,0.00909882134718284,0.00690344170602816,14748.597336421,14819.6650325953
485,0.328,3.50101026385256,0.00687469245248361,0.005919103235774,16214.1052299113,14575.6882667609
486,0.2455,5.26050123192399,0.00857936791007642,0.00594351389789258,19424.1139210616,20460.2607538128
487,0.3265,4.48182380638365,0.0225784781034049,0.0187842182419072,7364.95515715147,6998.45651942261
488,0.336,2.56447019862807,0.0117282118818535,0.00943343833263069,7583.80381607907,7282.53912680976
489,0.184,1.92507149937091,0.0171667686338258,0.0142971053403058,3714.84858035726,3450.25236648472
490,0.453,6.45619901450762,0.00842026491398173,0.00599886407533281,27058.9360211999,28851.3615227374
491,0.2035,1.47832850379166,0.0179458583598004,0.0109830248263181,2766.04462500316,3314.11754217005
492,0.168,2.84189148202403,0.0240503786262162,0.0189290508598075,4085.94596561448,4003.00753612357
493,0.432,4.29385745103107,0.00618273142874321,0.00467916447457868,22973.3767325706,22935.9955190159
494,0.2885,3.85491855346791,0.00845189552659124,0.00729313157123163,14818.4839664609,13332.8227797989
495,0.1575,1.992491848015,0.0802181052561127,0.0711658828984168,894.745846946326,811.90149155184
496,0.411,3.21237791916722,0.00726058867655673,0.0043355444697479,14884.3539608109,18061.1725264624
497,0.3315,2.09158426330242,0.00895147284041131,0.0081993149356899,7603.12325274366,6530.07568524082
498,0.2405,3.11554541305063,0.00728099550951188,0.00565678286026072,12935.6296423704,12398.2042937977
499,0.2355,2.96171758828127,0.0126505866134327,0.00568361532771094,7788.28469047675,11854.1276762081
500,0.3225,2.96983917156472,0.00714136550800705,0.00390769379817154,13285.9661063828,16639.8417615227
501,0.3275,3.10423907420097,0.0069052425205815,0.00539683699467862,14443.1332751751,13975.5652627617
502,0.281,7.17688346804612,0.0135169767649481,0.011932813628621,18663.7531018119,16617.4118055145
503,0.129,2.27101243140337,0.0435905089245847,0.031519731088698,1793.20125869787,1921.16501810684
504,0.463,4.42725472761743,0.0342487877674907,0.0074425912105749,4603.09408817377,16441.2312431002
505,0.2045,3.62726811042729,0.012456046415191,0.0066164781936394,9588.85518461833,12500.4499631033
506,0.176,2.68500339701273,0.0244819022327531,0.0160404877291692,3767.0485337511,4463.71832287642
507,0.323,2.83290072020535,0.0139796754108918,0.0124559837703596,7130.68534584395,6301.29438270768
508,0.281,3.4109905702122,0.0164081473513609,0.00423879585414714,7158.05966094974,17345.5171485261
509,0.3965,2.82755344849099,0.00548930918939587,0.00309579735784428,16462.8206226717,20182.1531706332
510,0.092,2.96521457364162,0.0938988666585032,0.0650514273679789,1086.80207903881,1309.54124094627
511,0.172,1.97011495434833,0.0155829370731838,0.0104606850305952,4184.79358566311,4617.45993690852
512,0.19,3.29545022468917,0.102213835443578,0.0906896281869201,1156.49883391984,1068.55004035882
513,0.257,4.29852740589968,0.00906352335863902,0.00640207019898328,15431.5363871091,16142.9561892869
514,0.2965,3.3545704377746,0.00490144340026023,0.00398724765052606,19894.1155470638,18458.6946795202
515,0.303,2.63003159057761,0.011733337330068,0.0075667616747937,7568.80482189885,8670.79305191947
516,0.1425,4.69224298816564,0.0717284457193554,0.0487899384187122,2236.32309684581,2747.93197186118
517,0.145,5.1409664845796,0.0212150343815496,0.0115862359863754,8070.72010000975,10630.9112164193
518,0.2455,3.60405398766988,0.0142049022168246,0.0102546118170518,8704.4834831099,9171.05437135997
519,0.25,2.90164275876139,0.0169759790891121,0.0124247144224263,5882.79633459851,6134.00517053808
520,0.2565,2.82619243790118,0.0104243862776702,0.00883902164757356,8841.4584814974,8062.8007998105
521,0.1405,5.14671716190744,0.00695182575696506,0.00429233786991279,19446.7074447276,20563.7151540854
522,0.273,2.38238283019834,0.00486340859122231,0.00301344789300132,13807.3966342535,15122.8518556843
523,0.434,4.36174590941723,0.00615718981189123,0.00490257540692962,23570.157513531,22672.9438714229
524,0.162,4.58084042809803,0.110202281178571,0.0813613624261975,1419.17044550598,1671.40971026373
525,0.2825,2.91182709759906,0.0199248154894043,0.0160503986563917,5244.35761182781,5122.00739069486
526,0.1675,3.01406280158665,0.0301621094990371,0.0221663909545589,3577.84032468704,3808.83939823592
527,0.229,2.66648456513713,0.00942101736159511,0.00568594273885554,9100.78778578186,10702.2898466264
528,0.236,2.21000766763739,0.0125479012068853,0.00932616000853288,5917.0077058918,5986.7259860134
529,0.2625,4.30337722399389,0.0528118724972519,0.0412566194582158,2952.92132040853,3092.1363534609
530,0.2995,2.26809140983658,0.0149606347192026,0.00815103968295225,5282.4683845359,7085.8746423148
531,0.1005,3.32000778438891,0.0281834240448117,0.0192230736545338,3834.21976354863,4173.68767289656
532,0.087,3.69504078266771,0.0410453846149106,0.0365499001057218,3049.02893080348,2716.96291837476
533,0.339,2.75654946566308,0.00869566423209795,0.00333894891169497,10471.3290698126,17574.8801835561
534,0.432,6.09674215092485,0.00890077762868449,0.00717640279072404,24186.4827387728,23338.3241693076
535,0.3035,4.93841437888297,0.00864412991848289,0.00557653798599948,18870.1434703488,21516.016514903
536,0.305,4.56632634476705,0.0102688875830551,0.00589382659258472,15092.4054963338,19030.6277611033
537,0.197,3.7133784416281,0.0189500401715762,0.0161209076291673,6751.97949096175,6201.66311301158
538,0.288,2.94677960434889,0.00555844117396235,0.00437542420091724,15984.2875428489,15152.8431072317
539,0.3125,2.16024909674933,0.00578378106849725,0.00398376855995134,11380.3172933782,11890.405213198
540,0.3935,3.18942674481601,0.00887973813805941,0.00738821405113723,12342.4734234579,11510.1857537611
541,0.249,3.62791828308501,0.011219880608183,0.00839424884256549,10899.0675712037,11031.1954990341
542,0.364,4.16817252475285,0.00855285205085755,0.00438953239126022,16638.7659856246,22811.3497282733
543,0.161,2.20280686661002,0.0154620179136363,0.0140373872782947,4640.39055409634,3993.94067463408
544,0.1475,3.897130211635,0.0271540816005675,0.0208597245646259,4862.81535040997,4972.59957370051
545,0.334,2.96762781373176,0.00464126909652916,0.00390396667679278,18840.5409894212,17063.2295203629
546,0.331,3.53449752834525,0.011954206341229,0.00374109388560958,10259.1718059508,21039.778937228
547,0.193,3.99573379573115,0.0272211400445725,0.0245335771718807,5195.32449810554,4608.81863889447
548,0.173,4.92018299310348,0.0235517054909221,0.00776705298072943,7019.38636048149,14330.4671363162
549,0.288,2.99464687923246,0.0116363480505293,0.00695838189089293,8731.59805141067,10691.5071082522
550,0.303,3.64163036708956,0.00913680858113923,0.00760553778860389,13269.9056845005,12355.2487331
551,0.161,4.02150144295115,0.0113375884646809,0.00847248903438198,10909.4810514511,10830.8867757731
552,0.1495,3.60526123545887,0.0666642982219887,0.0577751984260326,1984.31103463883,1862.11740965406
553,0.328,2.25685801803994,0.0110854956669385,0.00867357014062972,6873.44934563809,6745.55250019203
554,0.2835,1.85296884197215,0.00765158438573481,0.00638628374807106,7472.10789365429,6881.41645826395
555,0.3665,4.1552595765477,0.00610258631691894,0.00487283356518419,21893.2926755282,20780.4146717516
556,0.249,2.07036721351931,0.0105967253761085,0.00802075875119321,6321.43937141339,6309.95146400103
557,0.194,2.19214907023933,0.0400190687270519,0.0347507350147741,1973.53320234541,1813.84731403118
558,0.463,6.24515421103128,0.0488955480826822,0.00942230760030496,4236.94753683074,18995.7056166674
559,0.1815,4.57220594503244,0.112954382114864,0.0732836773865142,1157.29954035605,1866.09775134113
560,0.249,3.92926448592876,0.0142235567722481,0.0104954203885442,9479.77699047812,9763.49539513718
561,0.465,7.56381585411465,0.013771223114083,0.00876904659445946,20348.7593467943,24517.27449239
562,0.3025,2.18953543029332,0.00712465393560238,0.00437481978072113,9643.67832379065,11137.7816410313
563,0.256,2.9584340821672,0.0143433335427797,0.00800730985795512,7089.13224352542,9294.26082506556
564,0.1575,1.64381850090944,0.0244909762563331,0.0203433611181708,2291.16309305234,2159.77778038315
565,0.397,4.44136101114387,0.010629481503898,0.00563386657998939,14716.0017440517,20269.7308538246
566,0.306,3.37163885519795,0.0139794218747455,0.0082189192366252,8442.10406042115,10735.6713575303
567,0.202,1.56082642937749,0.016421678601707,0.0112042594679866,3170.07402592126,3482.05734868282
568,0.3185,3.97667745454503,0.00875046084351134,0.00571793933602993,14979.7657879814,16875.5198595148
569,0.3505,2.79054565924959,0.00595719810795509,0.00452404197324457,14737.6854426778,14598.0228397887
570,0.2285,2.63443370662378,0.0119680916094914,0.0107348128137142,7201.3768685245,6273.71174918049
571,0.3665,3.16341169918145,0.00696738352327789,0.00547122446338771,14770.13159461,14353.8139244112
572,0.3895,4.98496189822762,0.007198782260552,0.00559224616988447,23339.3574692782,22934.8106103443
573,0.348,3.54781609754806,0.00873284776693099,0.00704137339526974,13768.5735554817,13112.4353430307
574,0.27,4.08341415512386,0.077688352952219,0.0666168942262716,1918.42688069065,1846.23905349852
575,0.1445,3.6011828142601,0.0245529684468867,0.0193219459486951,5053.9139932184,5010.43733910082
576,0.211,4.46988091909326,0.010563544302943,0.00893328634783564,13595.5277928841,12387.6001204602
577,0.3965,2.90536856415022,0.00460014071275739,0.00397359511553332,19189.4998656488,17094.4614477744
578,0.238,2.11220918919363,0.0115635634311436,0.00535514439090976,5959.54806303605,8694.541022095
579,0.275,2.82966171749275,0.00992322967844867,0.00850955162239683,9428.31481365878,8557.19929027047
580,0.1545,3.51588988840826,0.0266784209242176,0.0230672474045611,4547.4625901653,4131.36349168284
581,0.1325,3.21812242446482,0.0371502194660957,0.03462421345393,3071.74422702422,2607.14113815042
582,0.161,5.10479915022396,0.00720039021052527,0.00557573104829546,19233.19047762,18198.1487605145
583,0.142,3.76394516452084,0.0164821761696075,0.0124237688548125,7531.44946392001,7520.25836766599
584,0.1345,3.03246745209762,0.0147560753497022,0.0132125186292725,6266.12266385891,5446.03237185536
585,0.2665,3.23013445052492,0.0200812873538685,0.00673961514146781,5682.32147312257,11807.3639571483
586,0.424,3.59927698331382,0.00867955249643491,0.00430896339057512,14490.1384921523,20604.6693606581
587,0.2755,3.28187231721031,0.056487899169269,0.0509325296421598,2169.90636753236,1924.25875906846
588,0.203,4.30552866449252,0.0285352496730718,0.00705773704799341,5184.33930931315,14164.5858408545
589,0.262,5.80747181731782,0.0315835701481848,0.026131617688573,6830.00041543711,6517.99503521431
590,0.207,2.64292165833563,0.0135562368438716,0.00984556656056608,6443.41798611046,6691.33620280278
591,0.237,5.25941388084169,0.0163096200366812,0.0144740040244656,11228.0242724601,9937.69795076237
592,0.2555,4.21290934486627,0.0055411655742553,0.00393475097459062,22048.3954489779,22343.2253041279
593,0.1395,2.53891411516365,0.114253367073497,0.0869873117850743,760.322692984368,823.7778376921
594,0.2535,2.74952599886124,0.0162755323282895,0.00636942958149274,5801.41779960513,10201.6069140077
595,0.414,3.47630402771511,0.00642737988721705,0.00547906225601383,17712.2085050068,16075.6536320741
596,0.1195,5.0295513550236,0.0661858950798716,0.0426022601251331,2575.58837429738,3304.19864482147
597,0.3125,4.73457539149705,0.0070398806690818,0.00489597456725744,21878.4365984567,23238.7828202453
598,0.174,2.50880535364894,0.0882972376243272,0.0727434625145306,1039.2959195653,1021.8964576345
599,0.215,3.52506121872271,0.0323873143918251,0.0297990769452543,4127.34276269376,3569.5135214148
600,0.275,2.56083229360879,0.0125625316929097,0.0081021524376432,6940.39157243127,8050.35695881514
601,0.268,3.00433118801334,0.0709103386706679,0.0474568365910156,1488.91813760942,1915.06943057604
602,0.4615,5.74480229350505,0.0131016493060019,0.0105509219670128,16063.4569168132,15654.7630072442
603,0.1095,4.32443941421068,0.114770828999728,0.0761839923508412,1188.73343306993,1644.72734389113
604,0.095,4.11171821055227,0.0766493971178885,0.0704925469998902,1860.70413462248,1625.58992271376
605,0.359,2.63102956172899,0.00895195685237012,0.0062037217356811,9818.15218122652,10585.0485485047
606,0.3415,2.42416226695314,0.0399197263898769,0.028175868311832,2218.52683560932,2505.34859786811
607,0.1405,3.20580480051987,0.0145727685591405,0.0083649115872789,6801.54074900102,8206.92593569256
608,0.3825,3.29686121467402,0.00528548982071279,0.00357510268770336,19531.8076287577,20928.6995074622
609,0.281,2.01638995547564,0.00510886899597325,0.00319334597834524,11106.1823708047,12124.0772274366
610,0.2195,5.45214926644135,0.0116728845889446,0.00928117587352269,15333.5536721386,14763.8760275432
611,0.1505,2.93799440036668,0.0263083171825996,0.0230371545228993,3890.52784815293,3490.93455905266
612,0.3295,2.20012250288526,0.0161041403939431,0.00713325279591213,4776.01791415468,7844.3640199889
613,0.3015,2.06507814566869,0.0163905764201314,0.00603468717137947,4379.1943780973,8103.67161301021
614,0.149,3.31493134905482,0.0194256014708781,0.0118442817096833,5669.24744738521,6840.79961351239
615,0.2955,2.11816757840714,0.00903612539219192,0.00754378531632169,7548.15081227747,6973.95611030071
616,0.219,2.15000062913466,0.0316297583886865,0.0253501208800053,2439.05586422419,2409.49957677207
617,0.1505,3.72083118195707,0.0466879218238877,0.0365436676665206,2838.57765033895,2910.90452655031
618,0.3905,3.53957787996881,0.0200553849937477,0.0127109850535413,6470.22824138899,7898.13060184597
619,0.166,3.57376395732194,0.129955479262536,0.0916790079408301,862.596409254954,1185.81239096337
620,0.2045,4.61892240850299,0.0612166296530933,0.0522991806127531,2749.39871892127,2607.22165531751
621,0.2085,4.08925850848701,0.00662783013926516,0.00541598604657369,17875.3202436651,16456.1446722104
622,0.2705,5.43132147631761,0.0304222961853242,0.0155963415326626,6466.4770693912,10146.1837910294
623,0.3665,3.66331836770606,0.012605421404532,0.00469802602414115,10181.3142547788,18901.7340567957
624,0.41,4.78200239690089,0.0105548150008263,0.00855764002536703,16067.2030498751,15418.831737484
625,0.1635,2.32429812594479,0.052414448839473,0.0440571739944707,1580.0142306592,1491.96813970143
626,0.355,2.84983546560495,0.00718145578281073,0.00481394794173868,12962.9979399475,14177.4222160952
627,0.2065,2.78616716484325,0.0452716862675759,0.0420698763579594,2225.4158754653,1907.49387732098
628,0.134,4.81919695777222,0.0179956817634493,0.0127137511024456,8756.41027989704,9325.5597075232
629,0.2545,3.36144799546649,0.0223839610883592,0.00662395836576577,5206.98241429595,12236.3526724807
630,0.4385,5.66872199496209,0.00744614374670159,0.00521602166739678,26150.3660307354,28087.0133476888
631,0.3365,2.66544156022279,0.00558210794603781,0.00471270851294356,14494.3977833763,13107.6458285785
632,0.2505,2.63867156803384,0.0159266229726774,0.0144455485077881,5699.32609532827,4955.26008261726
633,0.2975,2.22209182642103,0.00547662237449149,0.00315227571585145,12056.6005025019,14083.1109465173
634,0.189,2.73149433323835,0.0396840101515603,0.0268937467324787,2452.31271082614,2878.89639682263
635,0.264,2.37727692582882,0.0150705807598373,0.00811367653634957,5381.27598951282,7274.56670138231
636,0.1625,2.57841104907105,0.0692214278347638,0.0606098355914722,1333.91016652965,1218.42225936719
637,0.2545,1.9656304917453,0.00651324844309228,0.00437153428643963,8958.96654941831,9506.30197813869
638,0.1605,2.76234414320557,0.0320479961859686,0.0152745437442057,3033.97534130106,4758.35559374659
639,0.345,2.64505487737678,0.00709811561544684,0.00606129797640932,12094.91542414,10972.0629786007
640,0.163,2.35752922188525,0.0369759138710899,0.0323777763911325,2250.84451603456,2038.88743455497
641,0.2935,3.84849244622942,0.0237202480322958,0.0128201984770495,5823.88983969768,8299.86288368336
642,0.3435,2.29698189108182,0.016397240704279,0.0145655505298801,4911.7760010991,4389.56152010802
643,0.327,2.50352586720507,0.0038360990503137,0.00320684791865942,18192.1476209969,16390.2277724718
644,0.283,3.9507238675186,0.00881382026765458,0.00759596039951603,14644.0935134502,13117.7131341824
645,0.2175,4.52995693138237,0.00609794108723341,0.00499696890953161,21204.1686493526,19436.576502194
646,0.196,3.75305147849208,0.039918340010766,0.0352518091946299,3383.46443383119,3077.47374675701
647,0.212,5.24353485149652,0.0147384536500141,0.00995886566346601,11924.7419520265,13273.9969644033
648,0.183,2.23951498267478,0.0207490686736487,0.0169909498421662,3666.46058296304,3489.28007061919
649,0.226,4.09164757723753,0.01025387544329,0.00745528030942592,12797.3777985606,13156.4845614208
650,0.3205,2.22228494015859,0.00531847374421932,0.00427955766060965,12355.3897267663,11575.6878673554
651,0.4455,5.04557449110985,0.0112091411081394,0.00664692063357966,16290.4344292313,20586.5125310298
652,0.0995,4.91546544883904,0.0193613898849657,0.0175722140430256,7706.81517893237,6614.96654767518
653,0.3095,3.44317536954173,0.0110608791660589,0.00785977890754935,10785.0193136285,11517.6415751655
654,0.2475,3.16445194027718,0.00531917166068121,0.00313187662552526,17074.5332220703,19251.1861949552
655,0.418,5.44754390919462,0.00785932056497116,0.00655370185814875,23875.0738436165,22269.4715881031
656,0.39,4.3887518280058,0.0132789905997924,0.00574064347784152,11782.145282318,19784.9954056742
657,0.298,2.99878164726968,0.0550303099647508,0.0454580874134113,2030.45548447457,1998.54372964466
658,0.1875,5.2978883462198,0.0268520503907283,0.0188740089001042,6922.21904096539,7630.66243141378
659,0.253,5.24231606845807,0.0558227512768208,0.0467384882930596,3389.83842677757,3401.39278561366
660,0.1105,2.20664660699863,0.05231364344103,0.046484401168126,1519.28898247579,1372.89590449731
661,0.1115,4.39143162784666,0.0956666357391444,0.0821711575692162,1641.06751175232,1549.2398621183
662,0.384,2.86813799982348,0.00759840318136164,0.00534081180459297,12546.4766767633,13390.7131895649
663,0.159,2.37897799432092,0.0373876978353055,0.0323514524124774,2300.61676409393,2108.21601249193
664,0.1685,3.43477073890224,0.0425752915016557,0.0385634647452757,2943.05725282831,2573.69143908486
665,0.249,2.00630813290386,0.0177553803970423,0.0162550751093829,3840.68401348834,3323.07504910984
666,0.357,3.55715221297961,0.0133724359319007,0.00839879999680272,9412.27347158461,11319.9027161201
667,0.2675,3.49885935860348,0.00662281927550824,0.00594752058199287,15909.1143867925,13797.8427058781
668,0.2345,5.07812440631208,0.00748276469960391,0.00568126876178403,20857.8643106214,20313.0745917316
669,0.3445,5.30986620129218,0.00717048977467258,0.0058785892130539,24520.7065605572,23033.9201877934
670,0.242,4.8230260028452,0.0140133974842608,0.00644433332812107,11785.2138891658,17920.3979699694
671,0.211,3.56828741149217,0.00739870814410884,0.00414418706938006,14144.13920778,16811.5613227537
672,0.4655,7.96417229429624,0.0237471536014601,0.0115293459457958,12448.7268998803,20082.4094849673
673,0.1945,4.67431317682575,0.107707309566397,0.0745787855375341,1367.55390620968,1904.63935244172
674,0.2835,3.595028496253,0.00452919956362922,0.00370307423665908,22455.6579719861,20495.9794140219
675,0.419,3.90569965518934,0.0185141647346997,0.00822350832545388,7706.95490135737,13054.8514396481
676,0.2875,2.99856562881337,0.00500036653949575,0.00407445980848617,17224.6379262785,15859.9004367651
677,0.3915,3.00052772720324,0.00872148189656737,0.00603520397181141,11793.8775534727,12819.6658036845
678,0.2725,3.92226211831624,0.00616010539535315,0.00490164115901418,19454.424146547,18386.5447339032
679,0.2165,3.92796991218295,0.00725212970707052,0.00396811587586093,16268.8047448839,19717.5044022286
680,0.24,3.07050038391652,0.011085610864445,0.00961441201963953,9210.2461469033,8272.65591925616
681,0.36,2.61894154517629,0.00974647847590243,0.00874594218865013,9131.17743885663,8048.33006857927
682,0.205,3.57844140405652,0.0153108745125407,0.0138092997677738,7893.43530812563,6893.11961842875
683,0.2,2.90577266427243,0.0244653040791248,0.0122333163069874,4178.19108945734,6229.20987060321
684,0.138,4.05152416678399,0.0494511446395222,0.0443378886161151,2972.24429988795,2646.50196597208
685,0.1435,3.32158937833828,0.025416084863316,0.0229570576953475,4496.69367714209,3923.22251187792
686,0.294,2.14652981173825,0.00725443656758606,0.00289791138425711,9205.23374788393,13975.9814432014
687,0.3975,3.95435761912289,0.019380609911449,0.00610642504989786,7322.86096405728,16904.8048530474
688,0.2725,4.96718908361114,0.00748671523145254,0.00575753325378132,20909.1712603538,20459.3041885717
689,0.443,4.15619672908426,0.0120734681454433,0.00659657123322721,12276.496499044,16839.1243558901
690,0.3045,5.22763701033958,0.015585060148532,0.0135888143641142,11897.0949962316,10743.4485533803
691,0.192,2.51541489650075,0.0252870051668176,0.0160993700541697,3510.87048243457,4183.42356409607
692,0.319,3.18006456260457,0.0141363777063041,0.00954004480214454,7934.75854591466,8948.05147346505
693,0.2725,4.331581126314,0.0130572101268125,0.00890307557643345,11525.8549794538,12769.6167633394
694,0.217,3.31152184596038,0.00998244636303237,0.00744573110988338,10572.0453704693,10621.1841817949
695,0.344,2.30893962335397,0.00745937259388795,0.00459084298572831,10020.8642871237,11638.1299634494
696,0.3035,4.32869803486971,0.0163101888166747,0.00989823841816542,9448.41438067979,11755.5050082881
697,0.0805,1.91358555315461,0.0797653281458053,0.0586159263214285,804.110065456463,870.007000826486
698,0.16,3.23328893789941,0.0162784829864436,0.0139645015254415,6536.3446803529,5919.43195266272
699,0.227,2.90588894639624,0.0262595236408487,0.00616678140028397,3867.83715775278,10807.7910076538
700,0.12,6.56636203232761,0.029551879555061,0.0197041865766175,7699.78694563831,8858.20761806203
701,0.303,2.41367241815393,0.0111522154527148,0.00452939571735417,7319.38681882979,12104.5738714265
702,0.1715,3.66411736201848,0.0643647990349652,0.0543042526367119,2050.55630571474,2005.01706110515
703,0.3085,2.27001814248044,0.0148961032247341,0.00828629046414137,5234.31069271717,6961.25779415067
704,0.2265,3.93136198477269,0.0136150661158963,0.00530487265436847,9651.67033905162,16216.8213637014
705,0.288,4.64181271088599,0.00607279350112492,0.00457794735594624,23336.400555527,22897.5790851873
706,0.252,2.99263835001821,0.0093817813833318,0.0080080341330945,10268.7503255241,9297.52092447525
707,0.207,3.24478202793065,0.0133395656646573,0.0118503199864416,8236.80767498516,7263.71569399928
708,0.175,2.48696580913579,0.0643471805266366,0.060162363375604,1402.43756429895,1199.31654000871
709,0.2985,3.3128896167141,0.012906274581799,0.0102808889896388,8753.0932164249,8505.60834466256
710,0.198,3.8886513163047,0.0420381384007326,0.0219682308084892,3236.19513316016,4967.90460536989
711,0.173,3.92604188211289,0.0137156528519072,0.0120640658299164,9270.38031095873,8213.00789941017
712,0.1265,5.62020923981302,0.129149925500875,0.0883880914833534,1262.83600198471,1909.34911781446
713,0.3005,4.23967452538299,0.006872601450687,0.00501869294876696,19554.1714858307,19905.0490627873
714,0.2005,3.07819578111351,0.0125759372392839,0.00895262392315416,7843.1599756955,8156.24622815804
715,0.288,3.10614457132115,0.0111778799781755,0.00921703540934696,9301.02973245046,8767.04650748674
716,0.1165,2.83230512976723,0.0148626464329847,0.0132452602268637,5822.39350308369,5072.19324550088
717,0.2685,3.71230662324839,0.00747005087870592,0.00422338636221757,15658.3449812065,19042.4371404956
718,0.262,2.49783980828998,0.0173502466249735,0.00959920847623085,5016.29198646285,6709.63739811504
719,0.284,5.03917355367506,0.00882527175396605,0.00752010805749778,18911.8383910645,17234.1706305037
720,0.4585,7.78435757234888,0.0211560689762745,0.00758449772352581,13542.8048997796,28507.2450394391
721,0.2475,2.41583197436207,0.00946723828145929,0.00673389302400147,8217.72079990748,8584.59992392676
722,0.1475,4.11476125570329,0.0142993678920118,0.0114669995622766,9022.35082791731,8564.60908245145
723,0.222,3.28986371869995,0.00977978496442406,0.00638160857713265,10816.8950822396,11981.7354292425
724,0.372,4.85859511825114,0.0146765660897546,0.00679979867228202,11892.6544348756,18907.5587931511
725,0.2635,3.28480713967408,0.00403233553296322,0.00338123205832071,21483.6100798222,19194.0004238336
726,0.1695,2.35133961472417,0.087287548484156,0.0668377786535639,938.022403536539,989.841046431955
727,0.243,3.73979988355551,0.00920400711712278,0.00685219181794005,13021.5547209014,13125.7112666681
728,0.3235,3.04359782633065,0.0107836647277614,0.0058530523479097,9645.02836758361,12632.8104277704
729,0.1445,2.66231763097741,0.0379714907033429,0.0282425398771434,2452.97851892957,2607.49860444262
730,0.279,4.4693751875351,0.00635168391502145,0.00539079946884253,21295.1292629656,19122.8735002364
731,0.269,2.2850870618407,0.0204735230272884,0.0181972246392272,3922.45093253429,3483.09899848393
732,0.3565,4.44578008541382,0.006567828008179,0.00476760309354219,21728.6031293679,22291.35832
733,0.3035,2.16857123164143,0.00391722693142743,0.00297363128973262,14980.6948498092,14402.6680215065
734,0.2795,2.14492936061301,0.014682513064904,0.011769963018315,5012.88122377664,4811.9095905386
735,0.087,3.74649912641158,0.0293234630553732,0.027066493216799,4191.63512974828,3592.97859454944
736,0.198,1.81483747584102,0.0439248237136618,0.0408163329466661,1460.7842247198,1260.25934330996
737,0.23,5.33816773066741,0.0261751264241299,0.0236363965626952,7344.34789536958,6439.45729615361
738,0.2735,4.84483067507082,0.0210408073832717,0.00632362819187224,8039.19015995417,18621.1131071565
739,0.443,4.32280653941181,0.0156328380769265,0.014001965131977,10130.0386146655,8998.87358319718
740,0.3415,3.76800992386947,0.00972965546759356,0.00664605086430039,13312.8914511665,14671.31306324
741,0.3385,3.11106619034635,0.0233267482611436,0.00898729810529804,4792.20980147675,9230.66723089666
742,0.2025,2.99779624680691,0.025036149827554,0.0224784204625229,4232.74045868885,3721.55193598213
743,0.4,4.1063146945843,0.00963687814151322,0.00785854383575779,14903.8230718248,14179.9820981418
744,0.3375,2.53081388281852,0.00991447812434672,0.00809596458237526,8563.537495942,8169.5915666674
745,0.4315,5.70767478187423,0.00643468868115805,0.00483867731925467,29885.5234808357,30270.4642924927
746,0.19,3.23206823294234,0.0196121841355269,0.0167697249161775,5643.43532360788,5179.59288424005
747,0.216,4.06224732113453,0.0663923711375079,0.0584466183112523,2246.95412287316,2066.32411075419
748,0.2245,3.63116984544554,0.00736784823023082,0.0061469168549747,14927.6072147473,13671.9751633741
749,0.368,3.3135454196773,0.0201716051175994,0.0181497178655237,5950.91031759336,5265.82309143108
750,0.3235,2.89408105676085,0.0182529828633866,0.00892105306559418,5693.37187323322,8641.32113412427
751,0.297,2.77260518237488,0.022824996039971,0.0133030665260588,4423.73504440949,5782.93409560587
752,0.316,4.04040690520684,0.00615623896183269,0.00435865147845747,20663.0178383515,21488.9350700571
753,0.3115,2.18087018204427,0.0113260102367801,0.00835683395854362,6595.4773260505,6822.34539655884
754,0.411,3.03416842523221,0.0123209752341307,0.0095315078295219,8839.39115575567,8924.92718453397
755,0.211,3.58903638428383,0.00986621654121095,0.00657245859057899,11446.6542286152,12415.6854669304
756,0.257,3.03299721741003,0.0129330395254555,0.00853286516154072,7984.27670176956,9012.40771038735
757,0.186,3.75617568269095,0.0348284206904373,0.0266302764816183,3968.95928378983,4109.65246152901
758,0.2675,2.59527099318417,0.00610973914217786,0.00439494136174571,12594.0259849726,12620.7824711054
759,0.318,3.29933036309065,0.00995135283798886,0.00638967813526233,11063.4531927001,12743.4254714047
760,0.289,2.06991592092185,0.00443181684738378,0.00333415993354333,12784.6315629321,12305.4231436153
761,0.334,6.5157032735529,0.0829277899529085,0.0487923716792886,2533.04893547999,4112.93919238014
762,0.314,4.09951427663775,0.0159032080147523,0.00429992652015643,9118.46913897995,21850.2672131098
763,0.184,2.40754511013397,0.0239931705990129,0.0186189720322806,3548.23642440764,3560.35195010395
764,0.1005,2.88995600574735,0.0990926990081024,0.0909089487797766,1026.14593297659,917.211017973565
765,0.139,4.25782371813399,0.0231359391257703,0.0162606602568796,6152.6120855615,6633.44050982986
766,0.236,4.17021043427302,0.00649616815277409,0.00418825082440316,18983.5302362835,20607.7607267931
767,0.2825,2.12915875001236,0.0144583089524232,0.00532325498942909,5035.89817221646,9272.21792234357
768,0.0975,6.15059584959997,0.0544284024725302,0.0526432686571916,3997.48671587351,3314.80281874682
769,0.1595,3.93372886314936,0.0178688085304107,0.0116289996198644,7231.96413990952,8286.57002064657
770,0.41,2.86968078121025,0.00622729942648099,0.00522984234116646,14965.1944658661,13719.579701185
771,0.4455,6.11920365777269,0.00795787950609028,0.00502996895788001,26817.8708908426,31641.5353895825
772,0.3215,2.02136052393354,0.0117768242243368,0.00795256123057463,5850.10256964118,6461.58819472136
773,0.1615,1.49340275041298,0.0185486916007132,0.0156007417781918,2624.08210912347,2416.896762326
774,0.2915,3.70681438113933,0.00432803894186513,0.00350841723491814,24234.2447440199,22217.1629895643
775,0.081,2.70288412684183,0.0589820545386069,0.043404929859312,1570.14076847491,1706.47542343786
776,0.257,2.10219187841976,0.0136152957729754,0.011861895380626,5222.63718422936,4696.32270729428
777,0.24,1.99149058202501,0.0137736675885573,0.0109106020582997,4769.88543158598,4639.48502886327
778,0.2305,2.93832868614358,0.0068469517054097,0.00566638917421364,12583.4650346449,11525.0356998459
779,0.2355,4.48880611636391,0.0143268881646763,0.00602006781391003,10580.803845987,17176.5031376678
780,0.223,5.22443319179232,0.0271325839229485,0.0239492180243232,6914.85744436024,6225.59613824806
781,0.2995,2.23935508775437,0.00998267232575488,0.00727194552832228,7474.54292743894,7746.44669873751
782,0.2485,3.03541994460362,0.0162164163175027,0.00511538162650424,6396.81565721437,13096.73350522
783,0.2435,1.67199317552329,0.0173637017892397,0.0159289947839993,3303.59660413696,2838.86637581545
784,0.2545,4.06306518710824,0.0157943746575718,0.00889424080037175,8994.1051533506,11767.1923145382
785,0.41,4.43408318720062,0.0142536924143993,0.00683518556846123,11164.8797699642,17226.3401825299
786,0.341,2.94477953880429,0.0112854117781149,0.00527950977798296,8962.48764065254,13547.0312185508
787,0.3645,3.43457463003478,0.00738668119716184,0.00470081504180308,15495.0183056982,17764.6283052558
788,0.3825,3.1113142808527,0.00969892912044278,0.00763557199956835,11034.6465046146,10863.4693282062
789,0.3435,2.30173018090835,0.0320221598005466,0.0179016227090103,2622.03394006686,3686.02621923814
790,0.1255,6.17238932285323,0.010640602943161,0.00779634755694299,16611.6257402118,16341.105978397
791,0.2365,4.5565420288325,0.0206693279403708,0.0116438526374492,7794.84989971459,10369.6002492272
792,0.454,6.50563327403825,0.01203230576621,0.00929354426516684,19709.8170158456,19956.5838953673
793,0.1645,3.74869904981415,0.0197506774676375,0.0154124020617627,6445.57412717314,6379.51305451625
794,0.327,2.23710187243326,0.0087075905705649,0.00593001878263692,8533.0663813076,9299.82976696986
795,0.367,3.67127192409811,0.0123074525091651,0.00914908324402978,10555.807497342,10907.3617801524
796,0.227,3.16547115332417,0.0126102972451679,0.00614905895987386,8326.40464831918,11632.7080809513
797,0.212,4.9947249312494,0.011527350878953,0.0103303200011556,14215.9740844775,12430.8431535788
798,0.439,4.99084775586923,0.00695302619026251,0.00556753286503645,24502.3366767405,23566.4741080752
799,0.379,2.85443448292074,0.00601622915276759,0.00504888762793607,15289.7806771587,13936.2013239424
800,0.2605,3.90473265621348,0.0134720331877924,0.0101353510619806,9948.79111585017,10132.8935373357
801,0.285,2.94404964996762,0.0550088964675651,0.0493898106779023,1945.02914540552,1754.67044556653
802,0.367,3.14106565970108,0.00724692771199801,0.00562360024294807,14146.6760253787,13839.5631584177
803,0.303,3.12088148897205,0.00467925645184236,0.003445174049962,19209.8747532463,18920.7687216093
804,0.4075,3.60516471322543,0.0209799099246111,0.0138974370384112,6326.38923401166,7445.33305729298
805,0.155,1.90055181116115,0.0160733980814403,0.0134647190761487,3667.25322065678,3364.7632862983
806,0.251,3.05056857570538,0.0108399720026176,0.00939487415079068,9170.57004078979,8199.24217612751
807,0.092,5.63336187766373,0.0275180420046371,0.0231393787846397,6725.57761619224,6162.38152853492
808,0.145,3.49191368942435,0.0411102010838801,0.0345154275074099,2987.01887055961,2804.17762506245
809,0.273,5.13734501416684,0.00617015381439781,0.0047293814967933,25363.6153183671,24706.1993019999
810,0.1435,4.1196462093584,0.0125029511374527,0.00689131203229172,10063.4892782129,12473.2458365875
811,0.181,6.11731786877585,0.0939816506245622,0.0544641756605938,1893.86733990807,3384.2540148407
812,0.3045,2.44474756815386,0.00593104702525773,0.00518592577066205,12566.3581237088,11079.4766157987
813,0.2885,3.24547069020504,0.0158781281462057,0.0145967364634486,7132.0628944278,6145.8546454021
814,0.349,3.28762583971145,0.0073490020331371,0.00586900075303799,14830.7617092681,14206.9121049276
815,0.1255,5.14818791855511,0.0225840751006364,0.015950721769195,7393.20397898841,7878.52864002478
816,0.332,4.10299740096509,0.0124380467373225,0.0103851496865976,11429.4494417113,10659.3456598394
817,0.331,2.19706050615394,0.0166928252399125,0.00420950846796906,4647.87417709535,11849.7686964821
818,0.2345,3.2595376029564,0.0352154771611998,0.0289568720319862,3420.09923765515,3291.93294536879
819,0.3105,3.21768221113773,0.0133745623044854,0.00940016583696866,8313.41719332288,9052.96196406945
820,0.234,2.66493751808737,0.0122433356065227,0.00792920386448864,7252.98562607271,8265.6532917092
821,0.2715,3.21765274851741,0.0164667460079732,0.00823636940718966,6795.4778011188,9961.41197413137
822,0.2995,2.42622543686571,0.0132157542416758,0.0118659489480464,6256.80581563617,5483.92270953039
823,0.208,4.5925761984499,0.0232570826743746,0.0190168314560137,6955.64488130155,6698.915814728
824,0.15,3.16360730788355,0.0138167407448401,0.0120245367614184,7188.49261083744,6365.66808266908
825,0.1095,2.18027068745688,0.046824262327935,0.0259819991416277,1598.43201944513,2204.61154549992
826,0.098,3.01832425721999,0.0619770069576902,0.0525056867504192,1738.94004507042,1671.99341013171
827,0.1675,3.41868453127023,0.0132908119060216,0.0103369077697119,8149.06954293286,7940.53395268865
828,0.168,1.97913234008012,0.0151347343792064,0.0102482410331619,4196.36194977427,4583.55166156515
829,0.2855,3.22044975151915,0.019698919197837,0.0150381748231428,5850.94710116046,5998.64088137625
830,0.1725,4.13677585492192,0.0853221665804277,0.0710377509862698,1764.32766389373,1727.8022596151
831,0.1775,4.59104088444528,0.0175004681424824,0.0108370831262875,8740.71272184159,10456.7526713479
832,0.1935,2.12294488679394,0.0149098459556314,0.0112618373129668,4673.86008517681,4672.54375040965
833,0.302,3.72952799305835,0.00684828573440675,0.0042459882133284,17195.6700224613,19770.0133164541
834,0.275,3.3038296440908,0.0139527550122554,0.00423894923581605,8116.12567921154,16862.1036820733
835,0.134,2.76104800778427,0.0928957061708826,0.0661723360023924,1028.47039574672,1194.44086867515
836,0.2905,3.95450798591324,0.0214700733865351,0.0198760799328356,6691.4604504075,5720.0708398746
837,0.231,4.06365537367627,0.0686586084027811,0.061294545231633,2193.07933008707,2007.67951924403
838,0.3325,4.62451216870199,0.0463557920505823,0.0278329361722621,3599.97033173721,4979.96542759589
839,0.4595,6.08920498800308,0.0181429067070043,0.0139671202542808,12510.7601643381,12836.4839794523
840,0.2235,3.88197686342861,0.0451549424466689,0.0406674822843912,3150.50419207619,2806.38329563881
841,0.237,5.18942372417476,0.0355072666084137,0.0287478348708247,5382.15837699511,5289.79504139346
842,0.3315,4.98577600611406,0.0524946185939672,0.0434329863288491,3530.9832902883,3499.10977683236
843,0.1405,5.60254804284215,0.011263703691293,0.00971488180594287,15027.0874732861,13409.9185970552
844,0.2545,3.67483927575956,0.0154150489665196,0.00440733451177377,8191.48880372878,17879.0386178862
845,0.146,4.41079677915206,0.0235076128415664,0.0207522563162877,6404.84922340306,5734.42584002847
846,0.29,4.52854795044748,0.00654105330711382,0.00553671143494616,21574.2235906648,19578.9846758397
847,0.273,5.33368979704337,0.0394789850204024,0.0359454083997108,5112.96598943965,4502.58081586863
848,0.41,4.45701777519257,0.0676830066316319,0.0479249065956374,2421.11048074576,2910.68026700193
849,0.1445,3.82474887843598,0.0415213633176105,0.0367477993407298,3303.92628520315,2970.02759832357
850,0.088,6.14369201291604,0.0328364840959354,0.0305530032652459,6210.60977288369,5339.82917476132
851,0.2865,3.9248629911044,0.0107697689483206,0.00739136659839019,12315.4214149741,13485.2037790557
852,0.2835,1.85567672470976,0.0176401443872361,0.0162042754750778,3641.20051011489,3132.73774249874
853,0.1245,4.26006725027708,0.0177212507269997,0.0101161397119976,7498.88616404367,9194.56639715328
854,0.39,4.48537039399446,0.0157800538255666,0.00520992186130371,10226.3778320808,21921.7657559341
855,0.178,2.48551077630516,0.0199796919960779,0.0178624166270806,4301.26776068586,3801.51144283694
856,0.352,3.44493350817248,0.00811706127458053,0.00533113727632968,14287.5533349386,16095.4011437272
857,0.3295,3.49258785838383,0.0101512311030954,0.00396562276780617,11811.0571488748,19875.41899003
858,0.244,2.4663537187283,0.00879402646114315,0.00532742446811535,8836.12143513935,10294.1495344423
859,0.123,4.72678126283211,0.0235788068852911,0.0225014829394897,6774.95131629554,5622.74346272199
860,0.3735,3.44524534166153,0.0131857801928537,0.00679498839736638,9382.94026077778,13383.5121804511
861,0.1195,4.67894203739105,0.0987463440238177,0.0822266583442552,1614.49775237407,1674.08835801983
862,0.1565,6.09884494923556,0.042711525117007,0.0363972546863919,5070.54940255605,4736.49934890437
863,0.328,2.97392975310843,0.0095703666637211,0.00773873894835904,10497.1610789846,10044.4369268706
864,0.241,2.3730368157695,0.0087161794277784,0.00743348782923757,8531.02309263177,7684.94150901915
865,0.2255,2.59492713607037,0.0388153367459396,0.0141287032426237,2317.8446704592,4902.1719168762
866,0.203,5.54682833260809,0.0325617461368172,0.0228978637200505,6208.73145950461,6978.35495775956
867,0.3485,4.78290312110887,0.00794747144441539,0.00536199965798015,20379.2622527239,22435.9942552459
868,0.3205,2.52542903337985,0.00888774894658634,0.00630953238236632,9487.91397562309,9963.58054330742
869,0.3315,4.38163563784327,0.0116180065921821,0.00542966531407903,13075.7687295919,19737.1628045372
870,0.1915,2.47766166580828,0.00965289020217145,0.00892061930084059,7802.72828211782,6636.28161354363
871,0.19,3.87060924210211,0.011772253123582,0.00946030083659945,10619.3262579891,10078.4557603416
872,0.2565,4.24431588744492,0.00718719313094144,0.00446394945416137,18277.6865619763,20664.3555335583
873,0.1585,4.85302121775546,0.0272291897443148,0.0251666765388807,6411.84532134439,5530.53251779064
874,0.4615,4.49556899746443,0.0135427486288241,0.00633887076798282,12049.9640506269,19178.2450758443
875,0.18,3.2043244430847,0.0651525057348936,0.0597469100144692,1811.61139039551,1601.42602698225
876,0.2145,4.4185134208601,0.0242228052693006,0.00767208707930124,6267.68123114177,13908.6888341516
877,0.1805,4.30111674867765,0.0341719318685567,0.0319010327138087,4447.48729147084,3770.17405457071
878,0.352,4.90341161332525,0.00632894561335414,0.00505143354071175,25223.188610093,23973.928506882
879,0.2225,3.88474375582791,0.034291692776364,0.0129977909148647,3989.90662483099,7984.91595969156
880,0.2325,2.45826037169682,0.0126080610608041,0.00984604033598133,6501.5586437701,6374.23020527859
881,0.118,2.9951757673434,0.0193767584274907,0.0150223195677448,4986.38766897383,4893.3556213445
882,0.247,3.88495049053124,0.0075822409014968,0.00542929492406841,15847.4149217288,16210.926320972
883,0.2705,4.15631401753007,0.00821453486112463,0.00507328852683361,16382.7171989344,18990.156713762
884,0.371,2.26470086037974,0.0357698932967054,0.0307004220873934,2360.04565921735,2193.29462900386
885,0.3175,3.95409096127184,0.0158573749457492,0.0130857116529301,9050.18308530732,8640.83865477536
886,0.3075,5.24052909659694,0.0138417789924,0.00674785577696859,13245.6872862308,19776.3663938807
887,0.0995,3.38176051090883,0.0533938763107646,0.0487848153227988,2272.76963588002,1985.64437386143
888,0.301,3.10179143016338,0.0886188504191148,0.0782543894880178,1258.03365269168,1199.2577414501
889,0.2425,4.8705895248241,0.0272511637253692,0.02523176022606,6561.75518876864,5691.26299814786
890,0.219,4.01021229459257,0.0184450324340766,0.0121682211665837,7535.89885896839,8693.34512055958
891,0.228,3.13962869485325,0.0105897314750566,0.00852737176390126,9621.69174430091,9145.93195477524
892,0.24,3.97381561274799,0.0694672358385509,0.0661268181969983,2093.29686437132,1770.80335318335
893,0.3335,2.79225974537273,0.0226663918001499,0.00500855558071379,4343.15838329842,13313.5174544198
894,0.4035,3.63731400383018,0.00909032082207745,0.00714333708888797,13881.7379226035,13564.5021912553
895,0.32,3.20951358439869,0.00601405644828825,0.00452898941444873,16587.9045379169,16375.1277815261
896,0.1035,2.09179680018262,0.0326579334810114,0.0281703109035311,2194.37384260895,2002.5774830283
897,0.2075,3.49775162979364,0.00979062074894445,0.00528628629048848,11371.9570442178,14317.4672091102
898,0.3285,4.47536086841994,0.00792567572883267,0.00540308733263761,18710.7085502019,20332.4928616236
899,0.445,4.18913677118104,0.011470318318039,0.00522494914691386,13058.5507818173,20708.0531429817
900,0.2765,3.3923869952674,0.00549081959572506,0.00450507996948474,18566.136962019,17084.6091448926
901,0.198,5.46630853608784,0.0745775130107108,0.0657470584920196,2687.94210552392,2472.79013167208
902,0.314,2.38947164034329,0.0129086370089639,0.00786069177293556,6330.45242601011,7750.26843311532
903,0.1415,2.2982772444076,0.0800625752507325,0.0356824784203264,934.069030172692,1796.18715706964
904,0.434,4.78639029688903,0.0130548857993989,0.0117109017840782,13296.5226996137,11699.7831994349
905,0.2295,3.74801395678979,0.00993950265835006,0.00819502947691842,11979.0687777,11152.0688813373
906,0.2535,4.98816661568075,0.0225544980512044,0.0175518090865342,7949.82173022725,8006.13475167767
907,0.336,2.73890097486523,0.00617786709796446,0.00417286580571841,13726.8951556526,14657.2520574541
908,0.3085,2.77642974516734,0.00888297630839772,0.00711422495699023,10336.0322451285,9932.32703777336
909,0.363,5.40115962872679,0.0272596751555222,0.0223059990633991,7408.70794871882,7209.12811353547
910,0.3705,3.47805413100955,0.00486295312813314,0.00398127506646833,22084.3278792629,20431.3947871107
911,0.2865,3.53610463733396,0.0205022865930854,0.0127900348703456,6160.52333652799,7646.77303382198
912,0.357,4.38944290812317,0.00989943199437739,0.00822549595156861,15253.4538117184,14331.3716012085
913,0.1495,3.2869061906677,0.0229991651234033,0.0105853007722749,4718.82196298785,7176.99956466103
914,0.343,3.20397592221905,0.00674363690906631,0.00460211268235281,15231.3827775361,16279.9680465607
915,0.2255,4.91520866692489,0.0205266621668425,0.016185954647005,8428.31634588866,8286.1487605205
916,0.247,2.51117361702392,0.00809049090832321,0.00693084884495603,9481.04255319149,8507.46593203772
917,0.285,2.26842265181426,0.00819447656822869,0.00640421067968512,8745.04364130418,8519.49670514166
918,0.2955,2.8441103820779,0.0451665546927865,0.0332301319820492,2309.65512142259,2538.27875685265
919,0.188,3.77675744544504,0.00914459186499237,0.00594787746955084,12474.8872539603,13578.5422196809
920,0.1935,2.97196899466448,0.00889013049293445,0.00782208313031755,10006.6802821463,8759.58498006397
921,0.228,2.84717346070352,0.00557560014748952,0.00399411429682545,14268.2850881582,14207.4856004926
922,0.3715,4.5572680021612,0.0112938053538434,0.00773455653297902,14309.2644622869,15897.2303865442
923,0.19,5.53854984157467,0.0154060935320436,0.0139098717435025,12057.0696332916,10456.8591733614
924,0.3185,5.02104795381553,0.00621864967247945,0.00503032484288445,25344.0638543113,23853.2765639806
925,0.3865,4.22006378444309,0.00765693385739563,0.00407843707123686,18642.3741538703,24695.2857856199
926,0.258,2.2249454083311,0.0406464520141953,0.0382004231755045,2001.1387277357,1701.88529939879
927,0.373,3.03824305319498,0.0114662091316174,0.00490879588801508,9233.36622621797,14968.4061005058
928,0.22,1.83657089193179,0.0157729425834937,0.00945032916639065,3862.19761863224,4679.86127728709
929,0.383,3.59451931167073,0.0101345129108884,0.00504588600065762,12341.1595358498,17698.4407247445
930,0.2565,3.87626147195059,0.00581540628955884,0.00426660581891962,19522.0539049692,19324.1490826343
931,0.2645,3.31277778392311,0.0122294407948991,0.0090965293297993,9208.0861067496,9444.01223969033
932,0.175,2.59258148965516,0.0254808816148094,0.0145245794140757,3471.61157681517,4597.24169961463
933,0.3495,3.40440679476425,0.0157367491087631,0.010722824208554,7716.33681454895,8736.52876536722
934,0.222,3.27058436382194,0.00937769166420473,0.00573610852479531,10994.1240963644,12788.901214402
935,0.123,2.75533461508709,0.0263273038514912,0.0165063421528017,3424.7325464926,4051.79584759015
936,0.358,2.49359370133456,0.00677037527842447,0.00537297311453537,11988.9831604257,11538.4264806433
937,0.12,4.78724556332675,0.0243900701322407,0.00959161734644815,6390.85958231534,10988.7190103316
938,0.2055,4.45934114949727,0.0116026892039841,0.00581560216023848,12444.6243242322,16978.469128228
939,0.2825,2.04508677017812,0.0069263892109368,0.00438344339065201,9059.45530969176,10124.5585406472
940,0.3565,6.78674657044601,0.0134139601614758,0.00903635793411858,18378.5150169488,20760.2471736014
941,0.312,3.55154391221807,0.0169831828936588,0.0089167941787638,7478.260956234,10608.6997184008
942,0.3035,4.37350299327736,0.00662346759666621,0.00501423260526058,20967.6977596833,20728.3015763397
943,0.1265,4.60471891463087,0.0465952230161193,0.0391416052363932,3541.77647462608,3388.26575896728
944,0.235,1.89309678849155,0.0121402072668221,0.00635658237844052,5093.56435577778,6811.79502251556
945,0.127,3.95417422586051,0.114180486385508,0.0934703955655306,1227.27250375356,1265.86698639938
946,0.1845,4.27540765161453,0.0108301486569439,0.00710345498152013,12600.7634208204,13779.5404235631
947,0.3095,2.91122905162229,0.0141571994889501,0.0118980441573432,7237.5293953841,6759.17495394558
948,0.3345,3.60718437122957,0.0148223037548527,0.00508437883496625,8590.63605391678,17281.0605768705
949,0.254,5.04141786316997,0.00718418445250786,0.00574506382407987,21917.1849592021,20762.3110959721
950,0.3915,3.92810124452208,0.00815319137671992,0.00476254649678311,16505.3970002232,20355.5338283288
951,0.28,4.1980625507828,0.00908653513879058,0.00409276297373761,15108.5926400334,22151.8355482188
952,0.417,5.45674708557749,0.00721612476176824,0.00561319074763866,25589.3210649106,25168.3679535188
953,0.3915,3.21134577291364,0.0247261871957,0.0176674697956349,4767.74698858471,5265.78634864056
954,0.425,3.6840369516517,0.0104936324117163,0.00478926450806835,12464.6923207419,19358.5793122641
955,0.435,3.96976679696599,0.00940395499941138,0.00593559668789323,14854.9436680021,17718.9245031914
956,0.2065,3.37835282485955,0.00886854391295046,0.00507873967108746,11726.2400884902,13961.1261072292
957,0.4255,7.86000071752841,0.0134922536790937,0.0112237348859423,21358.0326533824,20216.3051299714
958,0.3065,4.7999836267434,0.00715195010761474,0.00506418862026121,21739.0795472352,22592.9374149471
959,0.207,3.03555467065473,0.0152597635236763,0.00865371819883174,6687.95084458824,8533.47170825027
960,0.2,1.91940497524762,0.0184084355398005,0.013461485889927,3559.02744413775,3699.27630369508
961,0.2415,2.23754283472692,0.00746258259921155,0.00425559165564248,9025.91163752499,10734.4075915086
962,0.18,2.38171091583067,0.106403915442154,0.0626551764298128,740.270708766425,1110.46085245417
963,0.1745,2.3050360301034,0.041510682184454,0.0325959539787208,1976.32533968411,2002.11821219258
964,0.2745,1.84806768140827,0.0291352535005159,0.0244297789521139,2297.7566377742,2157.74457635467
965,0.182,3.63694509207507,0.0114461820524955,0.00865480022858025,10154.709568089,9980.81811922142
966,0.266,4.16781597453809,0.00993162364617176,0.00666845565295558,13963.4240495539,15329.6565100398
967,0.189,3.67884265466732,0.00929096694943359,0.00482524722980058,12099.8178607341,15380.819503703
968,0.2045,1.61260834907245,0.0151798019123857,0.0115493935806124,3529.33827069061,3557.19364291238
969,0.243,3.55742810822669,0.00495382117123467,0.00403578290032783,19854.4627928202,18200.0852207545
970,0.446,5.64884816611685,0.0157909341258306,0.0141580003216341,13306.4731075266,11767.2855001176
971,0.2895,3.23769166446015,0.0340361277756712,0.0303054834906081,3536.38835503611,3173.41334829992
972,0.0815,2.15045499709703,0.0527144172521808,0.0292011694573659,1335.5778562486,1848.80641497936
973,0.163,3.26155131813011,0.0522958915906287,0.043004133029106,2259.70711343412,2193.48905255831
974,0.2955,3.78601355625789,0.00811906891431812,0.00445646178723781,15237.4522737727,19239.7403948032
975,0.2625,1.71627946235504,0.00605812070560146,0.00511319090963586,8259.06022675142,7495.05434198581
976,0.264,1.84322907941882,0.00665430408392826,0.00463993577678261,8269.12840700013,8645.92269209724
977,0.348,3.96259292787808,0.0081960085000734,0.00562762919729677,16189.7027101926,17578.7853696631
978,0.2505,4.94905811197716,0.0248798021983482,0.0173551944403628,7296.0891212622,8153.03809940337
979,0.286,3.95622471208577,0.0125920232311552,0.0109925395082149,10899.1773139648,9827.18653986339
980,0.2535,3.26250463475657,0.0249785939207841,0.0148763286170674,4686.61209852773,6086.44387920041
981,0.2555,3.14183638459637,0.0106439419884552,0.00772394235141416,9755.81473782779,10101.3610120808
982,0.24,2.95772497048481,0.0158649057128683,0.0122379332089194,6383.08467781255,6418.98352147137
983,0.1545,4.68857302528713,0.0155000994963946,0.0124995670768486,9847.55775092651,9325.33625538859
984,0.2875,2.51566333086955,0.0058842741140063,0.0038087929825688,12855.9697466194,13922.3939101192
985,0.4195,4.30947010287921,0.0128870356710649,0.00529883011345405,12067.6128425139,20973.4576166772
986,0.104,2.46513891677809,0.0391124598704088,0.0278058729911803,2097.6267924226,2267.93572325608
987,0.2165,5.8103161264566,0.0250190548530572,0.0163674204520862,8295.82924736252,9866.92147593723
988,0.263,1.61980898168634,0.0143843183532674,0.0113493853611247,3790.51280403917,3672.8500386578
989,0.451,4.81368608294361,0.0116558696836494,0.0101729554982958,14802.9443079968,13402.8196491951
990,0.3205,2.08703166405783,0.0130305964219134,0.00787655870389953,5536.54821671005,6757.97576038177
991,0.171,1.37123081283467,0.02380112034506,0.0126274970348115,1967.13923830433,2698.17255890135
992,0.3135,3.03692006747258,0.0102057535364335,0.00755325682211751,10059.5784134432,10234.862311468
993,0.192,4.90119833730466,0.00868666354310346,0.00592036868573338,16964.4143116178,17863.2696948423
994,0.244,2.08207378542207,0.0415870715186456,0.0141930639314902,1744.68033060637,3863.97403952525
995,0.1805,3.8466647198753,0.00954575992510547,0.00736053003342855,12277.52711948,11871.9862930178
996,0.3165,3.56557592315886,0.00606501561444106,0.00525249650216521,18199.4456247189,16188.692487505
997,0.2835,2.80845444843281,0.00877284701344022,0.0055012480343893,10432.6130064015,11924.9704370917
998,0.2865,3.4076438560451,0.0101084107543076,0.00453673630123838,11116.4486624879,16712.9047650744
999,0.1205,2.26960970221417,0.081766342701021,0.0614376279794293,954.843152745063,1029.75594734568
1000,0.1615,2.44978459112555,0.0669784262954481,0.0552001007712972,1327.31276004136,1285.40255030376
1001,0.403,5.39046102743828,0.0154422022197506,0.0103856589149147,12719.5992844365,14602.0368380444
1002,0.128,4.15442570443977,0.056095384096247,0.0470145869164195,2648.65678179193,2557.72462278045
1003,0.2085,2.62537048830936,0.0132356770855656,0.00877687619384659,6535.67702391674,7257.09371912645
1004,0.276,2.60866269787905,0.0200882088394531,0.0171815978751172,4630.22395001711,4252.32951595049
1005,0.3385,3.08046097340905,0.00457009377118476,0.00298392236585121,19956.7889763618,21406.7940526309
1006,0.3185,3.51547287596374,0.0494402831102545,0.0434458189498843,2678.95893946045,2454.9203367114
1007,0.145,2.08536988423648,0.0758170991440077,0.0655086969998404,959.270712567304,906.875040671398
1008,0.335,2.31962906832769,0.011851050257347,0.00756617606613972,6762.66436098785,7902.20638138812
1009,0.2975,3.24011317455677,0.00541547392402572,0.00415728177366708,17971.2126801935,17330.1278394792
1010,0.1325,2.86887566178769,0.0630431865981841,0.0580291177718261,1619.29158513014,1407.55019828674
1011,0.199,3.63770675853877,0.0270699679665499,0.00818010464104411,4611.0730552608,10722.6293296128
1012,0.353,4.34219158653503,0.00867879458308954,0.0059630584248395,16966.4377920141,18442.8853762377
1013,0.218,2.6094096192092,0.0182533525037554,0.0105330774940624,4931.990334142,6281.20504811598
1014,0.2005,4.45436906888421,0.0110378059644183,0.00445568913357669,12801.3566434348,19958.2173390117
1015,0.3305,4.86785219247175,0.0642190213681683,0.0529240194667305,2787.48888643798,2786.56226087118
1016,0.173,3.87425639446132,0.0100345450166006,0.00834860208057457,11755.4287866728,10740.2461170278
1017,0.1965,3.71098299834397,0.0142748669667489,0.00829328766464604,8589.24153612475,10773.4939730497
1018,0.2335,2.80927082355942,0.0250319172362093,0.0232485041710433,3974.87913229182,3415.67578823622
1019,0.3245,2.16463787909599,0.00633918152373897,0.00436323947359441,10648.5881404725,11212.5157159359
1020,0.3025,3.62511060643045,0.00846369478360033,0.00705592036983599,14065.078215804,13009.3638733117
1021,0.266,1.9172021105373,0.0237566484879697,0.00743751019356326,2830.32777358364,6296.80092988828
1022,0.1375,2.60368096937179,0.0215195908445826,0.0176619692741804,3988.09704923514,3759.81053463
1023,0.1605,4.40740126154199,0.00953815094598859,0.00669993830204848,13564.2507901057,13969.2991879498
1024,0.2355,2.46714546447313,0.0619002347622456,0.0542779240672912,1476.52261398004,1349.84662943178
1025,0.2325,3.37893494544191,0.00747424149594755,0.00458435196672813,13878.7840271438,15751.9232557194
1026,0.3015,3.00738292006164,0.0149370684468174,0.0142365331809053,7028.79805018548,5866.09612747845
1027,0.2245,3.28871629494835,0.00829435173845339,0.0066649336605776,12261.2796091821,11570.2687999687
1028,0.0895,2.15106213543314,0.0645958165973597,0.0306758262263436,1136.8613306953,1831.81814155775
1029,0.2855,3.00244162369695,0.00875319442207069,0.00441756372210532,11176.6797123363,15182.0449941713
1030,0.2785,2.90952504488242,0.0271469127536492,0.0120783237315673,3789.27317024086,6490.53257741945
1031,0.2735,4.18893307255911,0.0101695243547324,0.0045098128407701,13759.3072837097,20763.4556882486
1032,0.2915,2.74534903344904,0.00996482292625431,0.00751836933781538,9138.50098231827,9157.12433712543
1033,0.2445,3.71160986358451,0.0088407337027499,0.0035696692281585,13177.6593380374,20056.7595683123
1034,0.1605,4.76953949144991,0.0739332662255274,0.0627941881521723,2324.30024300873,2229.74717182134
1035,0.438,5.15481670345668,0.0137769786688164,0.0107071026106069,13692.329410824,13765.9092747979
1036,0.4235,4.41944419917304,0.0163363680907173,0.0151738040648671,9879.44462713387,8456.54145137841
1037,0.1755,5.59006354604274,0.0159667996121133,0.00656526475723525,11503.5125249691,18436.1246616408
1038,0.184,4.22666040443774,0.00847135225364517,0.00517187734347007,14916.62612454,16857.592716383
1039,0.2945,3.37608761246751,0.0190018874019044,0.014516910664184,6357.14889668644,6498.58273030069
1040,0.312,2.80947151043963,0.0296184078260562,0.00857586105868102,3329.68260505797,8494.78476843321
1041,0.28,3.91346320259096,0.00715549107577091,0.00483024761532238,17443.6201706054,18786.4187340598
1042,0.1965,3.37479603564312,0.0100019280018827,0.00537177544524898,10439.1897001369,13040.3843084757
1043,0.438,4.7177582733985,0.0136698014586506,0.00815376400363696,12537.7996136704,16037.7506064526
1044,0.423,3.79313109222898,0.00812939721286647,0.00541543152881498,16164.6408746318,18115.4850546454
1045,0.265,1.66842368354493,0.0166929840979374,0.0125302153421257,3443.46360818351,3515.53959202152
1046,0.3685,4.75801876159027,0.0112581906754646,0.00891072464523793,14830.6990945382,14603.5273685054
1047,0.1355,2.99688925246764,0.0724611152105167,0.0602927523732186,1479.98459063956,1463.56350470436
1048,0.2035,3.33078792450312,0.00629262230753874,0.00484283902928156,14827.9728658204,14167.0266998836
1049,0.2585,2.4019580988976,0.0332562811679079,0.0240386514469587,2629.63052860927,2865.29042809754
1050,0.2245,3.22136564982735,0.0741766768972602,0.0459536228446867,1475.45539124844,2062.78853203439
1051,0.3745,2.92818901194265,0.00449463553284954,0.00373153729543575,19524.1780031953,17776.0214612614
1052,0.441,5.98548940164421,0.0166043749138489,0.0140436763502819,13350.9305720992,12464.0232872245
1053,0.202,3.37211567800922,0.0528971587488935,0.0421519308475613,2327.59567869746,2337.27793807339
1054,0.1965,4.60249448902837,0.0489652268848786,0.0232092416784491,3212.73775928692,5603.37180287967
1055,0.222,2.86255566058108,0.0319696507225557,0.0277101381936717,3300.52400362478,3045.88265375345
1056,0.327,3.58824875240335,0.01255374199341,0.00723540776657409,10054.3974637708,12897.5151902216
1057,0.266,6.81138479028926,0.0289686368655447,0.0112906423216252,8352.81678962124,16344.0228493451
1058,0.363,2.64361086515564,0.0149274437347778,0.0111022606512582,6324.68728856233,6598.08972967257
1059,0.283,6.42792146352883,0.0237613257122597,0.00712317209231038,9449.16467305936,22948.9592140195
1060,0.15,3.5634436442739,0.0290627525894194,0.0139937491564328,4185.68019393893,6356.05033443748
1061,0.132,5.08426800548265,0.0193842758950531,0.0174790899384026,8610.42661654414,7486.47910100041
1062,0.198,3.42414970190538,0.0249472510703695,0.0183898036887833,4905.17708244662,5126.8278875745
1063,0.203,7.06469779590609,0.0436304615420635,0.0321912078552486,5799.34940035904,6434.78946989731
1064,0.24,3.21640828318534,0.0142651467110344,0.0112450737176273,7557.65574162928,7382.93904264366
1065,0.3735,3.89189484066091,0.00535363010738345,0.00434320215974029,23046.6271057631,21601.8958007468
1066,0.3855,3.51129941149827,0.00605017926371686,0.00403146806354795,18801.209700428,20622.1818289556
1067,0.2505,3.37967271722508,0.0139027654510567,0.0103876967297688,8394.17312459622,8588.87613975869
1068,0.242,5.52501829655205,0.0428221282068156,0.0332201484825946,4638.41249140538,4873.0263479683
1069,0.376,4.27130105217939,0.00843520188345482,0.00662528888874456,17450.9064405419,17115.5272101629
1070,0.306,2.96265509912897,0.0186274980913886,0.00995913759109507,5623.78789524839,7846.84376506012
1071,0.287,4.03813552666884,0.0134332404643115,0.00825194448983139,10251.2558607175,12545.6469240357
1072,0.36,7.22805422585836,0.0119513338310717,0.00778276742776726,21506.5129283115,25018.39627944
1073,0.21,3.64298382113281,0.0342811530390828,0.0132819991489568,3667.95553550647,7307.29847494554
1074,0.2775,2.58572116781328,0.0176757973284966,0.00745045145490027,5082.8579317613,8529.20039333546
1075,0.3465,2.6405620842498,0.0129280651139293,0.00560788407015466,7176.65681818182,11593.844661491
1076,0.213,1.66440423116878,0.021691697998157,0.0142739792801096,2698.87219559124,3130.92325977862
1077,0.448,5.17385592236234,0.0138497560110896,0.0120275003471572,13671.3939830156,12462.4615067633
1078,0.134,4.99913837126228,0.0266790458619804,0.0212609868566307,6377.6554492602,6266.21511735844
1079,0.329,2.72045208719723,0.0111770661468706,0.00996602846640238,8332.15016304648,7347.96951075576
1080,0.2265,3.43126172165476,0.0119831803515774,0.00854722441304995,9485.13892117988,9926.39603277667
1081,0.1415,3.80106823797567,0.0197952687390721,0.00856318622483184,6258.5649479098,9894.8817007835
1082,0.425,3.82886946138397,0.108498984204305,0.0885805873485684,1255.81138898271,1317.20871403946
1083,0.378,3.79088682095519,0.00640989558603212,0.00423242653479878,19517.6921113367,21548.9222323443
1084,0.2295,4.39553370093409,0.0193248515697912,0.010642693722277,8000.45224396112,10806.1280249732
1085,0.131,2.36714088857791,0.0415772241834558,0.035944479504779,1974.46002863086,1788.05394010002
1086,0.1505,3.11490030068355,0.0156672309001498,0.0121090170200248,6398.05342938444,6308.90138416478
1087,0.158,1.44589750895344,0.0165919105245223,0.0139860103890807,2803.98914008846,2563.27316334259
1088,0.2905,3.30581026676855,0.0126227471910783,0.00770885599167678,9064.81390546471,10978.786735656
1089,0.422,4.61761861367324,0.0108847339176554,0.00581174971416631,15155.2204375679,20867.7198427039
1090,0.3725,3.56188296713745,0.0106175889549849,0.00849248090312844,11753.7219382746,11430.2286049446
1091,0.422,3.50113992464165,0.0201159971962836,0.00696022549128223,6321.6735553129,13390.3228160905
1092,0.264,1.78687467501133,0.00444051860495557,0.00328639130953039,10843.8369777329,10542.9392834639
1093,0.258,3.68735380722505,0.012037562792123,0.00993151624136602,10495.6526012149,9860.58408518268
1094,0.2275,1.64286148877341,0.014754097990137,0.00664908990020759,3719.07295490753,5583.36004125838
1095,0.343,3.08394934995537,0.0076182779873059,0.0058991661799673,13266.5016958682,13068.5894837147
1096,0.26,3.39226955039538,0.0421374508016903,0.0365834098029389,2989.3535196145,2755.89536059949
1097,0.141,3.52615019351327,0.0200694830620596,0.00704582138082022,5633.91919825017,10423.5611679317
1098,0.2345,1.83078468222171,0.0105995765131396,0.007838449548427,5499.47095036552,5554.47847917574
1099,0.213,5.63635779853045,0.0768685822912695,0.0700055932733362,2721.98714141027,2405.69469306451
1100,0.157,3.63027538183934,0.017809334169751,0.0133659060218435,6717.50587276979,6837.13052773196
1101,0.3345,4.6032547007299,0.0398111716823588,0.0363384044189192,4274.97150966319,3792.02788510695
1102,0.202,3.00041976550536,0.00936022454116316,0.00805228821254678,9929.12914527431,8906.80842439695
1103,0.238,2.86349777314777,0.0128663890260661,0.00911074194484776,7494.73490695984,7991.51290089879
1104,0.248,1.82107386540583,0.00517728452184946,0.00439566034400683,9514.30231536898,8527.34091312844
1105,0.147,3.15401751143085,0.0375856886934715,0.0183008528780426,2858.02426225721,4502.87765028096
1106,0.292,3.30709364369141,0.00616752609992957,0.00404769538456908,16492.5295667172,17972.0062128434
1107,0.4195,3.96110686834765,0.0187451839368562,0.0161032958747352,7819.67721268049,7214.53502334853
1108,0.349,4.25150175816223,0.00786559529820108,0.00649263877770365,17872.6950265418,16712.7113288726
1109,0.465,9.41275226939745,0.0137911527925395,0.00784833789647856,25254.5794799556,33855.1561999648
1110,0.2175,5.86787011570168,0.0202092531230172,0.0163711029992034,10126.1273115003,9777.08935355813
1111,0.4135,4.32991547140543,0.0066347333386239,0.00510515620617111,21929.8333112975,21747.1003330401
1112,0.29,2.791162427897,0.00800683106128866,0.00492582695398977,11190.7912390551,12998.9330986713
1113,0.1595,4.39265633326278,0.012552849035283,0.0109303269963555,10905.3032031755,9728.18107134009
1114,0.2965,3.94328150935246,0.00658508598763078,0.00403382354958772,18726.0493859717,21400.734010139
1115,0.2005,1.59664689051886,0.0147686489116629,0.0109062366523138,3525.8416061362,3588.55552040493
1116,0.3675,3.5596440213017,0.00931960358135552,0.00456805709999404,13181.0679381082,18970.6225926873
1117,0.2285,2.50366935121601,0.0100492604872272,0.00853127327370595,7848.01261946738,7089.22346205085
1118,0.1765,2.87928367425138,0.0230648034880122,0.0205624569458922,4323.35401244369,3830.06260088519
1119,0.129,4.94385450197387,0.0107284093103718,0.00786861773225489,13231.1264320233,13113.3628484357
1120,0.2265,1.67403001799109,0.0253822957500219,0.0170719106807898,2267.09594727092,2617.26215468534
1121,0.2705,2.40894206509057,0.00901003031156229,0.00758152107946909,8605.02995267335,7853.14301175015
1122,0.216,4.33314675264985,0.00601939526953877,0.00491912471015398,20760.8458478031,19035.4914952338
1123,0.118,3.86220956550949,0.0266492675088248,0.0133329884004614,4646.91478960762,6689.33471516448
1124,0.3515,2.09420916271803,0.00684190493018549,0.00366323005596206,9727.13751397635,12444.370989312
1125,0.1985,3.21128208259382,0.0290432484320887,0.0254063792458045,3966.63599773428,3595.80830037996
1126,0.193,2.5391479824786,0.0281279501887966,0.0136701773038754,3131.80967533871,4802.01182069455
1127,0.187,2.94868161575857,0.0353557500616207,0.0312416054822293,3031.33094896546,2729.42329764689
1128,0.261,5.16794774952288,0.00736825404049689,0.00607320570566755,22153.1192421575,20476.9471371501
1129,0.182,4.80179735820556,0.092519755316695,0.0769386221720976,1832.28718603354,1843.04943854908
1130,0.1865,2.31621160698265,0.0159121097608979,0.0137885810691466,4767.20367147675,4272.38239558614
1131,0.156,2.08990207079179,0.0274410711669063,0.0189507324784119,2571.65457680128,2836.49052421926
1132,0.252,4.03327380338398,0.00613547690529832,0.00490199037238373,19633.0343496348,18430.8620599976
1133,0.146,2.83828745841645,0.0194767763118244,0.012878587436076,4854.16596651571,5508.60491797315
1134,0.331,2.24332048714872,0.00980517764186073,0.00746138124166008,7659.8472160778,7630.08336115821
1135,0.146,2.68073429499947,0.0395457727352827,0.0362186367686113,2406.97652186409,2099.0553672972
1136,0.094,2.33536523911204,0.0559418867689325,0.0484727417295119,1430.70759431485,1296.0117499627
1137,0.367,4.29398043569875,0.00817133131222086,0.00391716962071232,17771.3466654731,25396.6393473507
1138,0.2465,2.92118681427302,0.0167936086270151,0.00689039912092183,6068.04718095984,10342.2812916358
1139,0.2365,3.07673342113279,0.0107334459708144,0.00928070724661396,9368.83305800047,8414.53844837383
1140,0.3195,3.39627544458851,0.00689744250261061,0.00515833710796797,15857.3817340177,15793.2892577729
1141,0.4145,3.86496340322123,0.00642383674493593,0.00387103362171232,19740.549590113,23631.869458362
1142,0.18,2.56919782163966,0.0408922696413666,0.0207484123828241,2215.989992741,3406.04334712474
1143,0.406,3.07620568594461,0.0106672299945613,0.00726604522908619,10135.9096670443,11363.8297370714
1144,0.1715,3.38407316204373,0.111061777690764,0.0998192404635898,1087.3688749066,1000.85032511689
1145,0.343,2.72816559491174,0.0155795056827315,0.00413521385689241,6230.35453733713,15069.3178039535
1146,0.3625,3.08606136592664,0.0181757490489124,0.00731779586550352,6119.04434882485,11120.8565835866
1147,0.192,3.99249483674505,0.0180176259620602,0.0135840983569572,7579.21242712925,7671.88305157678
1148,0.2905,1.97345117277223,0.00505404673078569,0.00407309803916868,11127.8810019268,10313.2215546743
1149,0.2275,2.74968752352592,0.00859312712089814,0.00544818585779243,9982.79959084964,11208.6218206731
1150,0.465,8.00200559996164,0.0134672511908849,0.00867882592761187,21969.9746112474,26264.0172290677
1151,0.2785,1.89421602258093,0.00805632021088886,0.00548594624187063,7388.26870133599,7945.27528991089
1152,0.1535,6.16477476992322,0.0161603318477086,0.00827387512951215,12263.9617785732,16654.3267831123
1153,0.1535,2.13209287241831,0.0304267787468053,0.0209402116467853,2368.863164049,2639.84235220519
1154,0.1965,3.85418778777227,0.0105991042593229,0.00552156195149717,11707.949807039,15191.6410317141
1155,0.226,2.10315068842444,0.0126280554957471,0.00699198573043759,5472.38404206743,6985.81980979882
1156,0.308,5.8539307493855,0.0153990658112982,0.00473433307422317,13424.0474342322,29108.6232977386
1157,0.2295,1.72110585495918,0.0197858780276906,0.0154149636876016,3010.93995240057,2965.93141051727
1158,0.124,4.87613157421463,0.0186278739096224,0.0167606607071136,8419.48155158698,7334.98408932659
1159,0.2405,3.27731684302678,0.0125182715109303,0.0108173699420981,8722.3999711796,7906.0581186373
1160,0.2255,3.44699226498588,0.0119460046301716,0.006674981403638,9459.8784743917,12105.4626015026
1161,0.34,2.5154787892118,0.043233570656423,0.0105609754342835,1984.01028118458,6419.75040007816
1162,0.3915,5.06624217815199,0.00872088703028359,0.00754706534666572,20020.9371584735,18116.823998288
1163,0.194,4.41885535135454,0.0121184745390488,0.0100671702959975,11758.4895945446,10881.291354712
1164,0.1575,2.26155221691885,0.0192395331598847,0.0168988832872706,3855.02016375047,3418.07053728142
1165,0.2635,2.09135611030784,0.0656445620827082,0.0502955592714676,1152.6503829589,1216.91609231273
1166,0.172,4.5081309725664,0.0147652145349049,0.0124725928397839,10030.3694989365,9140.67583988779
1167,0.18,3.55523178972701,0.0134348573837632,0.00906795686761331,8625.94725417714,9430.12415324876
1168,0.1615,2.42486193743347,0.115542382793353,0.097777367263949,745.915953642944,723.037122810597
1169,0.266,2.40924930124122,0.0139894291684563,0.00844534164892339,5864.68259507617,7096.07140732933
1170,0.271,4.44084175618697,0.00826487019033864,0.00656508836614677,17251.6672335907,16431.7448575468
1171,0.209,5.20243767734782,0.034221611575458,0.0275252291174097,5577.35801063747,5490.24489761716
1172,0.276,2.38060565404635,0.00650957533514194,0.00576733211285947,11057.4186584915,9673.8145164981
1173,0.071,2.48709781965342,0.0294040167984503,0.0263135203396466,2702.91756200922,2342.20170488449
1174,0.3825,6.00279461361726,0.0156134044331203,0.00534607808617775,13705.6384455835,28449.5143168621
1175,0.353,2.71501000133694,0.0140960532604752,0.0124262715688711,6789.40546896082,6043.21746528152
1176,0.123,3.21341053966835,0.0209767609824213,0.0173375663865719,4950.99637451512,4659.42102723668
1177,0.098,2.47422065984911,0.0582685282345608,0.0549745010397987,1449.57656382578,1227.20795104189
1178,0.1775,4.25992309977542,0.0125808433539934,0.0104822410446117,10941.0585669968,10091.9445481167
1179,0.289,1.99901951307245,0.00616887743845632,0.00432399951490904,9893.02766009071,10273.4305123189
1180,0.3835,3.32981419550666,0.0077660473189279,0.00603606905054706,14449.5663768901,14195.6559870531
1181,0.3365,2.72385801528253,0.0189208700247867,0.0050228929864329,5082.07542283782,13073.0367625545
1182,0.216,2.76830149389007,0.0167833887406262,0.0120188980115527,5572.18863692154,5945.33081808997
1183,0.2865,2.20432637140558,0.00555669230269655,0.00439570567528051,11483.7297158734,10816.083725846
1184,0.295,3.53055991733576,0.0112399467963784,0.00990394911644522,10716.2675611467,9546.56882257274
1185,0.2575,1.71958988144383,0.0165202193926676,0.011945867200145,3576.44753631057,3802.6128514719
1186,0.256,2.75982335366523,0.0077869887438665,0.00456691225606212,11082.3196295827,13069.4327495314
1187,0.3595,2.87587439755625,0.00542605066375743,0.0033591540297383,16492.6758795886,18734.6298600824
1188,0.243,3.68761403626905,0.01022842051774,0.00935359627052877,11645.4497347588,9972.15507349256
1189,0.356,3.94600737401878,0.00533412873840858,0.00448676381990028,23169.2035457285,21119.9516542316
1190,0.264,2.62070045415435,0.00573792374308549,0.00443542172908367,13469.1216248024,12912.6760988349
1191,0.1375,5.03786330161613,0.0248679056133187,0.00779163122319279,6518.22037736398,13618.7153184491
1192,0.356,2.16093607764266,0.0178071613261525,0.00856905107865567,4346.22666610033,6730.54735693589
1193,0.1915,3.54332290235036,0.0360256964326248,0.0329422382589038,3598.943306243,3139.00251625918
1194,0.283,3.01423642597282,0.0124669737857581,0.00802557115530383,8289.04123892107,9557.14672780824
1195,0.2175,3.00565419472324,0.0518659943539331,0.0476337298256849,2158.47256060748,1889.01676839704
1196,0.3565,2.80770151714941,0.00680883404303004,0.0041230352315067,13340.3844944987,15694.6474456687
1197,0.1195,4.67235539642039,0.0252343539924764,0.00879969089233075,5979.62833212373,11165.7405944844
1198,0.199,3.54705484465185,0.0250342711077533,0.0116506536943058,4931.6810116796,7903.65883356627
1199,0.311,3.36103101810117,0.0085718575582605,0.0053562269574514,12862.0900197675,14849.688370534
1200,0.3595,2.57735255031824,0.00941094026246083,0.00760217544372288,9183.80171481241,8786.54663991089
1201,0.349,2.88114304145366,0.0183125662534684,0.0124933387648175,5662.56865317939,6464.61388643132
1202,0.131,1.86746797327645,0.0497277277196642,0.0220162942054019,1276.00812955276,2198.76698410512
1203,0.1995,3.79937638016503,0.0138725001498433,0.00723780234300292,9017.54560578677,12078.7237368133
1204,0.196,5.43869974402502,0.0144612478334699,0.0064124687741167,12519.0942500901,19109.322628843
1205,0.36,2.55614242764297,0.0105915846769404,0.00941229116940187,8387.56547398465,7406.72948919771
1206,0.1755,4.84234784802045,0.0140448639570957,0.00809866911008929,11301.3266180723,13986.1771608935
1207,0.284,2.75798636487288,0.019454944831036,0.00677155106985137,5003.00471935961,10044.8849876872
1208,0.2515,2.04252697142775,0.00718893603153077,0.00578262186725225,8548.6943865375,7982.39464957194
1209,0.356,2.9689291554771,0.00927717865097159,0.00775980396231598,10934.618517014,10152.553272399
1210,0.2355,4.69200969028923,0.00686199501605266,0.00531294144340798,20666.6929371603,19813.7235971341
1211,0.456,7.26932526549195,0.0192791817990899,0.00903983322991763,14004.6424541911,22978.3419780366
1212,0.0755,2.557553702038,0.0950123443835493,0.0913330411254248,938.850226446777,785.656869227145
1213,0.107,4.35519454946158,0.0515369619286804,0.0490767390797404,2975.40950070408,2471.28375684284
1214,0.1775,3.75388615470001,0.0176923128134869,0.0115168883356678,7199.88141141834,8201.42285979551
1215,0.462,4.1404265892143,0.00873841676207642,0.00734408954879404,16590.3720668289,15435.5391616289
1216,0.131,2.60641405744345,0.0550366257337147,0.0512977402970473,1673.42834851688,1420.46554825364
1217,0.28,4.4551170249728,0.00922527151067425,0.00606471534778574,15946.0065730131,17723.3162316023
1218,0.3995,3.45115512118548,0.00804070474256667,0.00652895550309095,14452.2453568742,13746.8075569066
1219,0.283,3.63247673244395,0.00779555005571899,0.00618861334575818,14951.0209823689,14279.6165501303
1220,0.4455,3.8074211687209,0.00774399369499513,0.00611457705876486,16877.1691904621,16465.1038363787
1221,0.1915,4.07335598794178,0.00620018033287843,0.00433612712629899,18015.2582884902,18080.2872104771
1222,0.19,3.00552135178815,0.0768527974384869,0.0556161227456281,1380.5672166001,1585.37328067104
1223,0.2115,3.39054518906418,0.0109842711057336,0.0080188009440056,9963.12969279708,10132.367196659
1224,0.421,5.81904238845477,0.00891834042313306,0.00669570448538942,22973.7110938749,23479.2025789725
1225,0.3395,5.10121988848092,0.009754837085619,0.00649255663185317,17862.0900556987,20079.2453220603
1226,0.335,5.95215788697276,0.0191116170369542,0.0167727151975239,11446.1708332083,10337.4328546746
1227,0.301,4.09152991250047,0.0108366852627597,0.00418793881372944,12873.2069629749,21989.3227118554
1228,0.1855,4.67826232230412,0.0139433821580983,0.00918872088976052,11070.018727596,12370.9091215629
1229,0.158,3.50940905725761,0.0208534047981389,0.00676127013147873,5475.39548611887,10922.3189542884
1230,0.2605,1.67213820573822,0.0104902674834184,0.00755979509201973,5244.12450541697,5423.44278841619
1231,0.3175,2.56322592337399,0.00829211720581117,0.00737421991178718,10124.095296499,8896.38948461291
1232,0.1675,3.07823248116939,0.0175746116120049,0.00971245509068112,5793.71340184628,7503.42739595838
1233,0.156,3.57501532053679,0.0479110026976072,0.0402537926378844,2678.58604894462,2557.49008484042
1234,0.3035,3.57246530864351,0.0102483548443407,0.00402417536077623,11714.0483889315,19801.5347395074
1235,0.3585,3.88391113389853,0.00590887708725662,0.00401566136216167,21030.521274527,22480.8813451189
1236,0.157,2.53047039909018,0.0442562837957531,0.0412837466247403,2066.87795782028,1762.4336845994
1237,0.242,1.73394714744415,0.00772595647049038,0.00584142036138852,6703.52098852229,6565.21545740236
1238,0.3455,3.82474778083125,0.0057564463027343,0.00333839014304408,21017.5240356083,25145.9006440589
1239,0.266,2.36469385801054,0.0126289814364412,0.00711677393613528,6301.91136093212,8112.84906009996
1240,0.4005,2.5650355778439,0.00519768873439006,0.00456348052437778,15523.0924951937,13707.9278939224
1241,0.31,3.35036659271013,0.00670076737982827,0.00321880234955512,15912.3722951601,21710.05007922
1242,0.244,3.01976531501711,0.0272096462170761,0.0227556499481778,3933.25270930166,3700.14996216479
1243,0.1715,5.41646214192486,0.0182648873402284,0.0107705993419741,9897.55209215579,12380.7071030144
1244,0.441,5.6052700638984,0.0138340945411901,0.00661599104619912,14700.1007244594,22849.6008057927
1245,0.258,4.31647268757143,0.00899330686977793,0.00794935838977443,15489.871027322,13592.8657678162
1246,0.229,1.75432297730169,0.00734751404359463,0.00592602152861298,6953.8651737251,6543.40506519795
1247,0.2445,4.19787455194317,0.00575258900563986,0.00424265257148668,21154.9886174075,20684.7753702
1248,0.2045,4.53489697284942,0.0915626585220957,0.0781925985604315,1804.17262206387,1740.60610222451
1249,0.286,4.92371525393572,0.0114375540639262,0.00430243557180109,14660.1053079688,25787.1958003528
1250,0.292,2.87024103258589,0.00525146294624459,0.00453081257045993,16068.9625633964,14220.9987765413
1251,0.274,2.17788046616458,0.00722160993079619,0.00573061352769746,9280.37414911391,8832.22357641705
1252,0.1425,3.2242541188827,0.0174204392170985,0.0150528889560114,6015.42926444518,5426.76914100873
1253,0.231,5.21668307378538,0.0107976035941656,0.00522125598970035,15878.0953365894,22603.3221564853
1254,0.154,3.41135898858262,0.116304638382379,0.0887075398314702,998.809458048093,1115.61724137679
1255,0.1895,2.40093026998814,0.0246098943143291,0.0216264296838109,3439.81885956561,3084.4584992696
1256,0.3135,1.99268055043177,0.00477267653097424,0.00372390498899778,11999.7169630737,11461.4885955454
1257,0.414,3.86359386914862,0.0449441041371927,0.0411012573584704,3251.26419688161,2841.27114052185
1258,0.1985,2.97371642664534,0.0235042205366934,0.0129078461663702,4380.76878024315,5998.63866012442
1259,0.382,2.88076758667281,0.0121614561811632,0.00389035524654013,8330.10242795851,17400.4107544044
1260,0.2345,4.0013335261645,0.00632018902262179,0.00412388168128601,18663.7084218148,19968.9425341931
1261,0.182,6.53154526682809,0.0440164655859915,0.0404841948393098,5461.69602903587,4744.97657392985
1262,0.185,3.61877377272994,0.0140105339419817,0.0115776736982913,8485.73757200549,7937.9148353193
1263,0.153,3.94666191065883,0.010238633446876,0.00859172787922298,11479.7017688852,10400.6851214575
1264,0.3525,3.54503125362583,0.0119937423252628,0.00866367670156833,10313.1898739512,10935.0800063682
1265,0.141,4.02731517257849,0.0541026369937194,0.0478109912008163,2646.61885093474,2413.81776148897
1266,0.4305,3.92183886773868,0.00706677936033568,0.0059680567378464,18845.5974324902,17357.7137166962
1267,0.276,2.49324511602951,0.00788589970544893,0.00482415431880196,9963.93061343153,11610.2980028254
1268,0.3145,4.79814483383581,0.00902851689618788,0.00639765958205831,17838.2651428667,18828.9653187549
1269,0.2885,2.40195350400125,0.0197995235220094,0.0098374650504808,4264.83174678247,6397.5031198891
1270,0.098,2.24414310138625,0.0341546810808156,0.0215622971696675,2242.33067410128,2676.70422774647
1271,0.232,2.81537381308329,0.0114718804846146,0.0072083392864541,8123.00508062419,9334.50050965251
1272,0.343,2.20128793208415,0.0172522185373822,0.0140654140474192,4572.37961875248,4389.40856958148
1273,0.28,3.66450354287024,0.00622064614920529,0.00401314777797162,17991.1412382077,19853.4865134179
1274,0.1455,5.4780858717003,0.126629944881403,0.0684555748491266,1101.66662046257,2389.09584370325
1275,0.2755,2.551091986711,0.00908802316786695,0.005620050383424,9138.38332724988,10685.9066366131
1276,0.1665,3.8744112154442,0.0777289792389179,0.062554257016225,1754.17838762355,1828.08552270519
1277,0.3,5.74969915046371,0.0278650527577019,0.00837806266937582,7214.10271384383,17960.3835337503
1278,0.1835,2.62826889268442,0.0134109527880361,0.0112097543094707,6337.12416580956,5852.68952134541
1279,0.106,2.40660713328099,0.119022619259046,0.10432928190656,716.703880750166,675.819088241412
1280,0.1795,5.24264906525183,0.026722952948508,0.024875273728373,6907.54456965902,5858.19009458249
1281,0.3815,4.47310701286903,0.0341760465814054,0.00935173963243373,4597.68567396774,13168.2792458641
1282,0.119,3.64236490318299,0.019060271630678,0.0161456597970076,6182.44364745222,5621.01986644304
1283,0.2615,1.91947286575516,0.0193963121952927,0.0154832300851173,3439.64539600234,3359.52471164688
1284,0.148,3.92765944829577,0.0119043324524666,0.00959604309137458,10048.5385550258,9445.34578645723
1285,0.33,4.3821296224751,0.00744459976474103,0.00446863040591928,19451.0716023655,23278.9286176056
1286,0.4385,4.2740992560459,0.0063076170823799,0.00530102206249724,22644.9575702863,20867.6736174952
1287,0.246,2.5025548214627,0.00797178784200778,0.00586081287448964,9634.63495469269,9712.65312483429
1288,0.1665,3.1171087408866,0.02479751488005,0.0224552176414977,4354.29625481706,3795.5066893338
1289,0.327,2.76268533990791,0.0112220709702189,0.00750102054514433,8496.76965462832,9574.01846788377
1290,0.2885,2.32559114468324,0.0192219525526342,0.0118080506589419,4266.13744791393,5268.86637216431
1291,0.1155,2.39091544084989,0.0604461100272181,0.0345621189738489,1348.60257012687,1855.83871565433
1292,0.146,3.3070082613491,0.0137306737644979,0.00986945168856463,7331.44043928541,7490.25085335306
1293,0.2135,2.77019941614444,0.00687819791004865,0.00417626950525319,11645.7371028433,13021.6457757081
1294,0.142,3.34000565329075,0.0113941323997262,0.0083808554544103,8785.23455748581,8787.43542349298
1295,0.1815,3.41396763331582,0.0242918543379268,0.00764254993883146,4815.73357047315,10091.9177760188
1296,0.201,5.77427704828761,0.0188006018259052,0.0153516109488076,10687.4678325442,10165.4363568778
1297,0.16,3.93464120896359,0.019731804987037,0.0094848442620472,6667.93478050454,9650.39066951214
1298,0.1165,1.97617857901034,0.0250070374993715,0.02017793245746,2611.27647395535,2481.78226852008
1299,0.181,5.74462675011938,0.00799944083155985,0.00609104092216297,21149.3943372786,20448.1008614118
1300,0.3315,3.30638796053645,0.0102314970583449,0.00708653716887591,11046.6787212973,12036.2091203132
1301,0.212,3.14495606759055,0.0159651959678798,0.0136418681155064,6772.44276658924,6200.93870288693
1302,0.165,6.3890233147474,0.0339645212756254,0.0278142624208841,6532.85653692615,6288.72945125446
1303,0.1905,1.59257655333344,0.0112854095903505,0.00963437481109983,4292.96948118006,3888.48348930206
1304,0.236,2.74381835842605,0.0131479105391164,0.00463122505380249,6911.87755635596,12627.563179802
1305,0.3415,2.43736076364807,0.00969956204242496,0.00882356018303809,8337.95788772698,7206.9722491213
1306,0.334,2.03085552160888,0.00757526047694508,0.00435093590649254,8630.11725988394,10527.4573459849
1307,0.1635,3.7110709697767,0.081262210282484,0.076124195922677,1653.40091705239,1422.54650789734
1308,0.391,5.53700343456659,0.0143460475555621,0.0084812481030391,13975.9926507769,17878.4257411529
1309,0.3055,2.98711070567211,0.0118654579978629,0.00752918305479858,8589.43016831744,10023.3330939142
1310,0.1505,3.24398164137243,0.0645348712747023,0.0577436768230632,1826.83046872167,1642.6650884163
1311,0.1475,6.36081586330194,0.0585159823226631,0.0421915366793662,3807.8728397454,4350.43203315372
1312,0.3255,2.42781219514655,0.00377707766124524,0.00318496551260924,17545.604378483,15733.9957971125
1313,0.3035,4.15596562522172,0.00625552968925931,0.00377181270288094,20863.9679576132,24087.2931558725
1314,0.1885,5.01149908427867,0.011103297132505,0.00936670442258053,14443.7195116884,13103.0178958481
1315,0.128,2.28612571613094,0.0233012589229148,0.0210179943500501,3225.85974775076,2794.60172825176
1316,0.3865,3.43518409796233,0.00727077422199578,0.00635880484936499,15725.637165909,13994.6835978906
1317,0.188,4.34791381764621,0.0180159671451848,0.0168449506131054,8256.72440400571,7012.3594283761
1318,0.1635,4.83124686223367,0.0133822899978604,0.0116925282063094,11530.850583696,10277.4431285483
1319,0.123,5.08283807836034,0.0102034332343366,0.00865489815980128,14272.0535443006,12798.1434754444
1320,0.1695,1.4714185265289,0.0386422436811715,0.0145061016989864,1345.54195488508,2555.21611629801
1321,0.3125,2.29312979355266,0.0163601997956314,0.00955019144219834,4900.54811357234,6244.83610152172
1322,0.3395,3.25035332713546,0.0055222747283208,0.00427499368145082,18095.4016131729,17474.4809639018
1323,0.2385,2.78875578920049,0.00843443364587869,0.00349431437882239,10247.6324062056,15312.496435165
1324,0.1615,4.08678642709112,0.050689753470137,0.0469899691237451,2931.28537479539,2529.2170255608
1325,0.268,1.76980673146869,0.0034201469164352,0.00294813690880167,12423.1633383161,10814.3935629069
1326,0.1545,3.10162245118335,0.074035904669621,0.0622264771295213,1480.98423773526,1441.41630447189
1327,0.2465,4.48191844013965,0.00834107772739666,0.00544582967827233,16952.9785451922,18681.8362500703
1328,0.2375,3.62997636412277,0.00714652724463996,0.00510846385988845,15465.4112701293,15697.7816132262
1329,0.179,5.26393765439588,0.0270449783917616,0.0260811556151354,6846.07255379504,5615.52220218595
1330,0.2775,3.41107056144497,0.00693944649752307,0.00511889131720177,15379.0218710338,15433.7036807695
1331,0.1365,3.55909108469137,0.0202779179084749,0.0183220742334132,5713.84564007538,4959.26179552147
1332,0.2365,3.46832594054376,0.0308256524181756,0.00688786502509912,3842.83903435593,12041.4148260175
1333,0.2665,3.87303884453475,0.00485477370294788,0.00402933891115909,22601.9662531375,20521.7628457152
1334,0.3725,3.42070945020056,0.0126281842078449,0.00929177130649641,9640.95687631256,10091.3072831786
1335,0.2265,5.86958151608812,0.0198080002712052,0.0173653918646659,10503.103104186,9417.46523819806
1336,0.262,3.13772658090898,0.0160550007299563,0.0103536358752869,6837.40106727976,7950.9419456067
1337,0.159,4.4337123954139,0.00855737806099266,0.00655765353101535,14707.3104569584,14127.2692100627
1338,0.2195,3.02347211215368,0.007984308548273,0.00475072320912024,11521.5777879779,13454.432729087
1339,0.2,3.24695504736097,0.0359069701024817,0.0200703210296744,3173.48432989501,4444.2173552097
1340,0.2515,4.1682511131304,0.00563201846237301,0.00455746864779904,21633.8820868499,20120.915543508
1341,0.2835,1.93425851940427,0.0149248476180973,0.00815933600023603,4436.01352658879,5921.78012874512
1342,0.3715,2.40744453165902,0.0188229281887279,0.0163139237415939,4566.13183745927,4156.90201292082
1343,0.414,4.28547600706736,0.0548963133455723,0.0366882348320949,2927.89138033639,3649.92163195267
1344,0.3805,2.8797951202291,0.0159487288586729,0.0122145489325578,6542.04253533961,6643.99381457215
1345,0.177,1.87582410398122,0.0348773525643479,0.0246795617991116,1896.31642107841,2093.48414063015
1346,0.1545,2.88752201369117,0.0927436394000229,0.0444184970667902,980.119055738596,1872.32174982977
1347,0.288,2.14330186170935,0.0104043621256497,0.00422088617596926,6807.95555912424,10852.743437398
1348,0.134,3.63250766994151,0.0278803632431086,0.0178158541941767,4518.74167896081,5384.08649190743
1349,0.2985,1.99980786556129,0.00440115645750776,0.00359529909186958,12595.862648058,11489.4760965841
1350,0.136,3.18596242973888,0.025485330032879,0.0160119918921593,4167.11030115267,4989.21566554076
1351,0.3215,3.66379223602269,0.0091566355897918,0.00752376604985071,13538.3691884848,12752.2759644992
1352,0.111,2.17325322519245,0.081954416113678,0.0720073328582302,915.600317304568,852.941749839491
1353,0.2305,3.50636564740179,0.00828112907974281,0.0062222523836702,13123.2071760178,12983.0660825971
1354,0.368,4.59884649616242,0.00909557344783898,0.00595052044927003,17332.8779873728,19743.439777938
1355,0.234,4.15592167647255,0.00649412481706635,0.00449325223746644,18994.139014155,19600.4123636758
1356,0.242,3.9153212389426,0.0357336041047582,0.0293652004606901,4038.55651593968,3927.66444155046
1357,0.254,4.9180176551302,0.00862350593334617,0.00538467005940977,18205.6729089324,20910.745367112
1358,0.166,2.47721851185515,0.0892727048826919,0.064308213030148,949.18173386726,1111.82339055583
1359,0.441,5.69229001800842,0.0198272752174893,0.0108350286892051,10658.7854413879,15060.5873928463
1360,0.148,4.76181013691786,0.0124584597476805,0.00831629937787435,11793.6400142282,12705.7803250457
1361,0.1285,4.45044372163788,0.0300615991699184,0.0280075297565655,5193.62627647269,4420.80252068084
1362,0.268,3.26763789122053,0.0128241174398215,0.0110760304686092,8723.12976796528,7897.61386091562
1363,0.3065,3.19384504900659,0.0224963483843153,0.0084147296908375,5025.67526492199,9961.02850982324
1364,0.2305,4.50138001076121,0.00803044270169512,0.00615594000305854,17439.0116195761,16818.4801816483
1365,0.233,5.18987968102858,0.00759544951687511,0.00600231973668051,21166.6220658229,20120.4570539925
1366,0.156,5.07819063919618,0.0202755029437328,0.00933153653434921,8410.06486922069,12587.6481549718
1367,0.1395,2.60102879001476,0.0212189515020942,0.0148043520310494,4098.96134499727,4409.28363625181
1368,0.1345,4.74906687186776,0.0142360310690452,0.00885200628840159,10344.9914022153,11903.5469222618
1369,0.415,5.12323036436832,0.00786686143830194,0.00585106134564704,22457.8109686731,22924.1492129946
1370,0.2755,1.85291247158522,0.0203066249102743,0.00839421930534282,3236.70068090754,5557.5793159465
1371,0.3825,2.65984888772671,0.010027728180157,0.00920164003599597,9169.92751197139,7891.07514663596
1372,0.277,2.54581257560014,0.0112988868034963,0.0094088715281204,7560.48874925469,7028.85842292705
1373,0.2335,5.02428669855687,0.0105220852026653,0.00699874547462883,15508.1481481482,17057.1537340137
1374,0.397,4.54473256175249,0.00661766882468549,0.004162260364471,22857.8404095354,26406.7266806036
1375,0.2865,2.18975299719391,0.0112318310582978,0.0062106406780672,6486.04123437589,8364.43098989172
1376,0.299,1.97391091855051,0.00659221140650168,0.00462876668873198,9164.7188074567,9503.33737437228
1377,0.1625,1.96897192544262,0.0202982712275611,0.0158276033277224,3231.58689413928,3206.63011752
1378,0.0885,2.64930297385195,0.0557502547315796,0.0268300173593394,1522.34378540612,2466.94240334456
1379,0.2095,2.87451175142979,0.0234139139772718,0.0133052425811715,4303.43639314822,5795.00825209307
1380,0.403,5.46136659979089,0.00789746678247729,0.00558161318644136,23832.9344160221,25466.9137102829
1381,0.3175,2.05266742731311,0.00976326879908211,0.00820974553723448,6944.25233053118,6419.50968403905
1382,0.1975,5.22615298230204,0.0118237821944434,0.0103533455730068,14208.7383734729,12626.0594204515
1383,0.135,3.80008584118991,0.093311898316144,0.083742624750584,1431.68666577122,1319.27510151397
1384,0.126,3.95512591747149,0.0425923516197767,0.0402305624620919,3345.76405650489,2819.65025175723
1385,0.3245,3.34948992306228,0.00836105325064967,0.00602500972486652,13266.8345949428,13800.5197511566
1386,0.21,3.59903132182585,0.0112145421210522,0.00586806432350024,10413.7270757034,13603.3977048235
1387,0.197,2.46300191386682,0.0475454301481854,0.0359129341836146,1848.54153869556,1927.23918845405
1388,0.225,3.23514243839199,0.00934136795646405,0.00513421199923319,10929.7223384182,13720.3514905535
1389,0.451,5.71940362349555,0.00849074521928015,0.00722198697686974,23674.7487380455,21808.7092992113
1390,0.3385,2.18334409346651,0.0103476247050217,0.00895569586940071,7143.19078185357,6456.2956000179
1391,0.295,3.47473703977702,0.00970455256899419,0.0061773870989913,11893.2686334646,13735.6978157299
1392,0.2315,2.18483116063328,0.0085479888167817,0.0075447757940859,7840.91065023329,6835.19190425042
1393,0.1855,3.39949687733974,0.0124898260369838,0.0094247739196544,8845.16733753543,8810.30470915521
1394,0.2665,5.374256210469,0.00896879286985183,0.00700159650986082,19611.9131906853,19073.6502711114
1395,0.1045,2.92700650065215,0.0257849588381458,0.0159733970798685,3668.04119977054,4395.9718269369
1396,0.236,5.50905253118211,0.0158742129045011,0.0118474410001659,11947.2555439167,12280.4711107298
1397,0.327,4.93038879903596,0.0108183748983125,0.00727200914487288,15888.2902283662,17781.7855501391
1398,0.264,3.78145371581452,0.0268871863676967,0.00993226578341456,4962.31961318409,10028.1341924116
1399,0.169,3.70613137116425,0.0102436613556064,0.00351124234873637,10948.0610063411,17959.0175863902
1400,0.4345,3.4909425973688,0.0127316994272096,0.00835667999162958,9848.88253042955,11505.9055959624
1401,0.2255,2.9243881886711,0.00821661875855065,0.00672235557108215,10781.5481508539,10037.3229336631
1402,0.2165,3.19162650856007,0.021086419249222,0.0069105765348247,5145.32087922418,10796.26614725
1403,0.3125,2.90377838304599,0.00443834855119543,0.00377007032012944,18630.7015957682,16616.9000552889
1404,0.309,3.43194381731643,0.00804712637465006,0.00670196760355568,13965.5567991527,12890.1504702602
1405,0.3115,2.52659346764145,0.0231697314573947,0.0106246684072854,3882.21651761255,6409.51706969957
1406,0.1365,2.21116892757811,0.0192297706683121,0.0150638769484168,3781.57678449948,3704.5833550065
1407,0.1945,4.03544465865188,0.00887496355510217,0.00726466018804637,13706.5470437422,12675.0542744159
1408,0.3325,2.11109452156246,0.0149153915532204,0.0128399581342997,4917.05139090161,4489.12566887
1409,0.158,3.20640722874873,0.0762339613101681,0.0459013340051449,1436.63954644318,2037.1075154748
1410,0.2915,2.60289775458461,0.00886401103062625,0.00622248964444558,9579.15844483669,10185.6852190593
1411,0.228,1.66445781886472,0.0120726497110299,0.00811597970735359,4429.88560661844,4892.36701987627
1412,0.4145,3.00603228017042,0.0066182183837612,0.00548805230520832,15106.8728895422,14091.7952595726
1413,0.3575,4.21923895897601,0.00876706619681409,0.00701875979685759,16387.187393212,15823.472972828
1414,0.3155,2.46630150010979,0.00564416758056008,0.0040757574169219,13089.0668490222,13185.6875239941
1415,0.2355,3.44035432555465,0.00741030789075617,0.00621516629145697,14095.2806010622,12875.9014333947
1416,0.1245,2.6419524949012,0.0341555681674187,0.0247458496565527,2628.17488211568,2845.70719075144
1417,0.3965,3.88373136033975,0.00840222947991798,0.00597105788378518,15832.5920266555,16774.7789717319
1418,0.1525,3.44708879689035,0.0133133868505025,0.010320580208773,8031.47234716261,7731.50567251663
1419,0.321,2.60366366995195,0.0153501016098347,0.0132730590374457,5976.82058277134,5450.80587303107
1420,0.3475,3.14177516493228,0.00945524250161919,0.00363815595550707,11240.1795222934,19246.5102662106
1421,0.27,4.20109370572008,0.0411010842473823,0.0265868040520833,3656.4563001394,4611.88506314105
1422,0.389,3.48608713191256,0.00511757997479066,0.00403636440200802,21266.7165446,20326.7442521384
1423,0.204,4.13181581433158,0.0103179001838864,0.00747353378087322,12871.2667442298,13231.75318438
1424,0.257,2.99650112196239,0.00760685624918311,0.00613467838628761,12229.2658885439,11530.4148235051
1425,0.182,4.23280529065058,0.0333986704591727,0.0285537076523667,4421.14316343061,4065.22248439589
1426,0.2885,4.14034752242548,0.015789439459391,0.00866272419595633,9214.65297863396,12377.0913886496
1427,0.168,2.48378406712591,0.0160108081731589,0.0131283126183921,5007.43572973789,4686.2082524868
1428,0.237,4.07898678438837,0.00844397079660317,0.00682181065203476,15168.2599385957,14252.1871831646
1429,0.1375,3.13036144172831,0.0116251363047418,0.00993851833542022,8064.25577146748,7268.91065840731
1430,0.2955,3.36839697699717,0.00916214194384855,0.00829917491704469,12169.8756781704,10505.5419092607
1431,0.3135,4.34601060831966,0.0137439672725089,0.00571505597039308,11139.9304490123,18781.861904163
1432,0.3815,3.01102512581864,0.0189971001898464,0.0115834812166067,5799.88769283931,7322.01360553791
1433,0.4365,8.42207790024075,0.0225390121486813,0.0166339086276368,14042.2038705322,15039.5124325951
1434,0.1095,2.8131582391404,0.0183670200761101,0.0146135392224524,4723.46437094178,4493.30559757942
1435,0.3575,2.69887575671589,0.00775809778714795,0.00555861097804857,11354.387472249,11914.3687562373
1436,0.393,2.70382324755624,0.00886168251985634,0.00467123148611802,10376.9151710297,14020.9923250577
1437,0.265,3.72330170991113,0.0318380320812813,0.0279366927405271,4269.44652646778,3877.70091693448
1438,0.2325,4.41531746809108,0.0129516713136932,0.0114402141788548,11568.580869861,10293.2852211996
1439,0.3685,3.32723224402437,0.0164426065665221,0.0101241874582616,7348.78961920989,9093.89028013842
1440,0.2755,2.0002241659735,0.00974812870114414,0.00788410666130645,6623.52690593235,6229.06912116598
1441,0.401,2.94729996641909,0.010627920898915,0.00975228396878274,9797.94950872823,8423.94274161643
1442,0.1365,2.11181792069576,0.0258368252535732,0.0193792552412338,2668.04049342723,2704.24685624185
1443,0.338,4.30659357432114,0.00619248084086391,0.00438338769228912,22317.8259641708,23338.1872036293
1444,0.2725,3.67528908828272,0.0140881780716019,0.00637269783082242,8951.09470869183,13852.2277078147
1445,0.2625,4.53296882013818,0.0561894894471618,0.0457267409210341,2975.69406633613,3021.98735655925
1446,0.3625,4.35996094271276,0.0100632338464124,0.00864786934648466,14877.3072506214,13476.943616607
1447,0.294,1.97599973821314,0.0151688779924067,0.0085211071524393,4560.01707912165,5990.19640981815
1448,0.201,1.90528369400529,0.0736951908461286,0.0595362232190226,934.040003658648,924.059662902129
1449,0.254,4.03513034520237,0.00959005276862246,0.00833580894622191,13678.8721719224,12263.3602753938
1450,0.4525,4.45800822439136,0.00938378544331088,0.00724908968540923,16843.8561656049,16894.8098340345
1451,0.2725,1.9766423241306,0.0123184563836977,0.0109157882656476,5363.18191563372,4766.23108052511
1452,0.237,3.22798875602059,0.00662173932365705,0.00377208016487785,14327.3603705499,16937.3763136595
1453,0.3625,6.72180153723288,0.0193414848736818,0.00991257528031294,12667.5625468215,19034.9942157913
1454,0.221,3.81229004907643,0.0180295979645902,0.00861851659955092,7333.26839326643,10929.6161421157
1455,0.277,1.9397415328075,0.00487386640177105,0.00348507831615213,11118.6511501891,11128.949680497
1456,0.222,5.01355731132363,0.010804329235041,0.00908076143207125,15219.2392993289,14036.6745690021
1457,0.4025,3.47319920616147,0.00797243597739896,0.00409717400326127,14778.02747464,20210.1245172035
1458,0.1145,2.82282550204368,0.056188474121835,0.0500766843710941,1808.77592137355,1627.44411621898
1459,0.2565,1.75453055390577,0.0142424768294779,0.00336795012903771,4163.41535607869,9928.6263592652
1460,0.3235,3.1985954666888,0.0174446017524999,0.00677094084107543,6499.33790552984,11960.936622637
1461,0.214,3.06820142062324,0.0173342861230881,0.015935554816869,5988.80973349292,5139.02407386916
1462,0.2625,3.77154780277602,0.0071293127761668,0.00585371056657156,16114.2661658153,14897.1093673324
1463,0.2505,3.87485626412225,0.00854521574656624,0.00449220142418115,14550.2643381605,18910.2659897916
1464,0.4075,4.11179072682988,0.0140052836542345,0.00476164996056269,10550.7989965856,21527.2410857056
1465,0.172,4.15141427488761,0.00749426309902789,0.004496292652523,15747.1052807501,17468.1553653516
1466,0.346,6.18204371590763,0.0126457426071317,0.00830545841966556,17523.6529366508,20328.4720502886
1467,0.261,2.66093128334303,0.0185718925913862,0.00785038427966955,4969.58155749356,8496.84965644313
1468,0.4365,3.7522035308556,0.0258332093767771,0.00660659016492956,5240.19477346901,15240.7577104415
1469,0.1995,5.05407560632899,0.0206799335624609,0.0057982216658796,8305.57599589806,18986.8449048064
1470,0.123,1.78356219405503,0.0426401710722141,0.0393188350282468,1424.70200344043,1224.86853843067
1471,0.3715,6.89098380278571,0.0781824037206762,0.0529786076315773,3036.57527422409,4033.21778497216
1472,0.2095,3.2092358825341,0.0128138848946061,0.00890732496372003,8217.25475477178,8766.99626862411
1473,0.352,3.38273407501053,0.0096929199364258,0.00722759743291751,11867.244119182,12127.8108551059
1474,0.359,4.86942330682825,0.0423110234324044,0.0357684322043347,4269.03134961468,4047.77856458695
1475,0.426,3.85562247671699,0.00747964363158902,0.00533280967162567,17664.2663608535,18598.0490331523
1476,0.1045,2.52445819230737,0.0575814120407984,0.0531253788875635,1559.82223159925,1354.96250324591
1477,0.247,3.23365627017358,0.0356276088873718,0.0295900835829974,3335.29610295002,3222.35055883898
1478,0.2495,7.01707599269038,0.0318039010612224,0.0223127933486835,8035.34398167503,9117.10369538518
1479,0.4545,4.06679571438324,0.0105591701605407,0.00439389961163479,13646.2394167256,23236.5648142242
1480,0.3225,2.32262902034778,0.0052621291685204,0.0042461203605201,13110.2815759897,12304.8430947392
1481,0.235,4.91539023667793,0.016151345535878,0.00687471795817519,10380.6744658155,17106.2835021179
1482,0.3525,2.85995249165293,0.0150231728710698,0.00485167879701055,6804.27449499553,14199.1854851245
1483,0.151,3.65772250510527,0.0235345104557747,0.0219181886885767,5301.84453597064,4512.04102889342
1484,0.4415,3.99609917164375,0.0181449690427031,0.00880150636148893,8156.71868193294,12777.9141752266
1485,0.099,5.38057966640538,0.0468916359200286,0.0430365407778244,3985.14152101091,3434.09752260429
1486,0.3725,3.92995255712091,0.00708500002907265,0.00563536776267591,18206.1226480023,17562.4884741608
1487,0.2165,3.45902829612792,0.0150490360234589,0.0140272697710092,7782.62850864706,6602.60194033117
1488,0.3975,3.20714267520729,0.00967493232580142,0.00750280962066138,11569.0119460549,11465.9003906595
1489,0.1425,2.48704918748171,0.122491654852417,0.0894246024914972,693.920020881679,820.808283486241
1490,0.133,2.28501622913805,0.0448513213728412,0.0370823869285848,1792.05560193965,1716.20476352106
1491,0.4095,4.23627069987628,0.0454870760556155,0.0383639053588369,3528.98302544185,3362.10444145587
1492,0.1845,2.9062147178092,0.0175238161610744,0.011073324976125,5608.14686968275,6522.60015657109
1493,0.3985,3.50133449782565,0.00869771176200557,0.00558788858001027,13815.0521134784,15960.117622704
1494,0.443,5.22880279902484,0.00869559688944391,0.00500393963694648,21138.0150903512,27051.7507366615
1495,0.159,4.92155652506961,0.0140336475390667,0.00635293807393424,11194.0462242671,16017.672306346
1496,0.292,3.92366328209176,0.0109008959148878,0.00502549406621291,12215.1298620644,18199.2072018819
1497,0.167,4.6011946215227,0.110372092911652,0.0728322819717681,1311.37461621393,1908.68830611379
1498,0.333,2.74566291659726,0.011682906029205,0.00681590958621278,8067.01406197657,10201.2952665019
1499,0.268,2.57960113364795,0.00778204168783542,0.00580585185834651,10301.4777264328,10261.8841236152
1500,0.1295,2.67718591962803,0.0713117154258149,0.0627878328054674,1373.76493449969,1235.36966106306
1501,0.3675,2.90856019164716,0.00559568479259674,0.00375740469866483,16326.3930589572,17636.1940449035
1502,0.2715,2.31035244356753,0.0104248438172838,0.00599278392493273,7352.23060106112,9202.95508721674
1503,0.4285,3.65686064817979,0.00910753047142601,0.00752615453624189,13982.3348886131,13105.891575516
1504,0.14,2.01047603738594,0.0433211436529434,0.0272388265762313,1638.56525625745,1997.14585656411
1505,0.0875,2.16767183018379,0.0327971031626574,0.0287521131106937,2199.45479833101,1966.48313564888
1506,0.4295,6.19656361103013,0.00918399440327592,0.00767660399054176,23648.9881206234,22147.3022185657
1507,0.204,3.88730559997382,0.0112109346420911,0.00621018239872837,11203.2266180492,14136.413323164
1508,0.425,4.63754555011464,0.0226332906406868,0.0123961206145826,7578.09918706233,10794.4431689357
1509,0.393,5.4388711412514,0.0108600316033158,0.00717955836960078,17864.2334340424,20476.1048712311
1510,0.195,3.9795667635081,0.0194022416233137,0.0160645955132809,7129.33836722613,6715.68007004186
1511,0.176,4.00121450225516,0.0130287234237663,0.00951761972454191,9797.9723032954,9988.52067246769
1512,0.2765,2.59186602822011,0.00672484889162046,0.0051458638774843,11693.0646873784,11380.4622598607
1513,0.3755,2.57883592966854,0.0087834890420554,0.00494628999298325,9907.09920678182,12562.3476915947
1514,0.3385,4.31538714481513,0.0235047372095363,0.00641593261927557,6542.21902697843,17130.1251839585
1515,0.1845,4.61890468876405,0.0134592725921739,0.00535140818767459,11054.8753886729,17713.4563729241
1516,0.265,2.52221419270115,0.0113844703167118,0.00754456267176448,7340.81664580726,8271.01012721291
1517,0.3205,2.40603960865524,0.0123137537529931,0.00735851366026277,6652.978347266,8254.07756310817
1518,0.472,6.10309552911271,0.00940427776800348,0.00760867443380028,23361.9367694482,22501.121733145
1519,0.3565,2.98176097724656,0.00697617598502394,0.00544995151702485,13890.0073950773,13438.130278458
1520,0.3155,2.07142438427261,0.0122779750040762,0.00741717884043205,5714.37135023938,6969.4442384509
1521,0.0965,5.25134050557182,0.0487402043601069,0.0457142102669485,3743.91117432017,3192.56709997943
1522,0.2465,1.78774300130431,0.00963766961741019,0.00494095422545876,5875.07974119664,7760.82047988791
1523,0.235,3.97237944161745,0.0105777296303937,0.00854446670528902,12313.228809384,11671.6930691315
1524,0.1465,3.92596591563698,0.0120549171222782,0.00996350213238161,9882.32640421677,9091.74707096913
1525,0.1975,1.64394643556737,0.0198448306054226,0.0168399919786258,2805.77252818387,2580.43554599208
1526,0.4305,5.61961393394196,0.010001106577416,0.00734531959536335,19992.0848266985,20886.0025014121
1527,0.1855,5.76204803983016,0.0393341268733709,0.0331253996994527,5357.16348950641,5092.84267770028
1528,0.231,6.29168399798131,0.0461059217609218,0.0332793480961485,4989.17379367894,5685.64939299229
1529,0.1135,4.39628371952233,0.0140173373259354,0.0103565379666536,9212.4650784715,9197.22003472336
1530,0.283,1.87374357377639,0.00624264653240582,0.00505013189100422,8876.21864194016,8263.40225690925
1531,0.2885,3.84694370269368,0.0118562763833757,0.0102527722946017,11029.8172306497,9967.89178617992
1532,0.293,2.88292533094397,0.00513324300772281,0.00410804515791409,16195.460434553,15133.5871987655
1533,0.1745,3.02524675858802,0.0117798223601044,0.0103281020371687,8069.86893590444,7169.4775187073
1534,0.173,2.85108390089908,0.0637223679055396,0.0388202940733821,1597.27234782351,2166.21558158454
1535,0.3335,4.12344117651349,0.00657994904055012,0.00416370563360308,19977.1905809037,22736.2530879727
1536,0.201,3.62400227476407,0.00712103498297388,0.00541610441133114,14786.6034922858,14274.6953730579
1537,0.2835,2.44785741407477,0.00723514554060215,0.00606047231154849,10432.8326056945,9570.01953125
1538,0.348,6.54417428514484,0.00920295781599866,0.00741868840623442,24455.7439268976,23377.4740354907
1539,0.15,2.74899512173965,0.0838332750706633,0.0695366335509851,1157.94191161218,1157.03539735264
1540,0.1255,4.73913399394698,0.0119661353967967,0.00856472839619425,11643.9523779831,11777.6103496464
1541,0.173,3.48612198081643,0.00767145627194104,0.00676869773110329,12696.4585723101,11030.7411592383
1542,0.373,3.9809472118291,0.00997757875413703,0.00512160227695383,13902.8315664587,19423.0801613427
1543,0.355,3.83478396518823,0.0107589454150243,0.00424993072734206,12418.3951507904,21390.4129319884
1544,0.138,5.55840400786318,0.00820554061827665,0.00623887065892131,18446.046485032,17647.2745634455
1545,0.4375,6.21148933910561,0.00838391442356717,0.0053941541503586,25864.5106774525,29990.9755827043
1546,0.419,4.9448857004606,0.0272684353374918,0.00749712687380845,6425.68947741621,17919.2306250982
1547,0.238,3.28719902431583,0.00949083544122241,0.00503506950757685,11038.6888404542,14045.00515546
1548,0.204,2.43215508165873,0.0128585545282293,0.00989133878847484,6224.762563795,6156.53752884807
1549,0.1545,4.71407606863775,0.0116255390308879,0.00791502219674592,12407.9970328895,13131.7679895421
1550,0.1405,5.38142932523457,0.0943252066308441,0.0868448978834098,1987.74989866001,1781.51494275398
1551,0.176,2.76898178561698,0.0276711847530215,0.0243996494805052,3500.49622560087,3126.0602996989
1552,0.283,3.21140510412655,0.0105576973827589,0.00531384420645307,10167.181099151,14095.7034908798
1553,0.389,2.45954011712598,0.00715585342627337,0.00580956869592616,11309.1604305888,10680.7279513079
1554,0.2475,5.26146524638146,0.0082562290926279,0.00627277879551429,20312.8163097834,20023.0538087555
1555,0.368,2.78876023349024,0.00427977338690555,0.00360756684288901,18921.9568942324,17012.5385584902
1556,0.2895,2.24743792706431,0.0119935236397108,0.0111092597742602,6328.72848819007,5375.8511921894
1557,0.182,3.17571863572345,0.0246351129687042,0.0224596372234334,4556.95969066042,3973.22403190147
1558,0.218,5.40348833136028,0.028833119740942,0.014927404231927,6593.19614616712,9719.77905133979
1559,0.3745,2.70110504128656,0.00428507070897324,0.00359949597024583,18688.3444410204,16982.630735412
1560,0.4335,3.67828115272629,0.0117168602838887,0.0102721960807584,11186.2297762039,10054.1215434361
1561,0.4085,3.43298896950534,0.0222813600278275,0.0109594428198082,5596.2754184777,8893.61884338631
1562,0.1175,5.8905685665612,0.114577182399906,0.0883611595080055,1638.39946132023,1982.67233891135
1563,0.308,1.99125768688611,0.00649231785465039,0.00591803046090747,9481.81169700111,8141.86783918289
1564,0.2415,2.1090929413427,0.0162134416292193,0.0125511022277329,4433.94105290024,4418.84516890351
1565,0.2955,3.79571334284946,0.00733846240093882,0.00534641174967372,16293.6797154333,16764.3716750539
1566,0.3695,3.16508261914546,0.017544185361681,0.00478705034564899,6386.54295274646,15981.3808331371
1567,0.258,3.21557541687487,0.0419378517278201,0.035519062773145,2811.61928345451,2657.97971801639
1568,0.4575,5.03262724428828,0.00819673309162539,0.00646854022949023,21557.6097640799,21135.6231361818
1569,0.3895,3.32902171365446,0.0140673737906452,0.0125649763802685,8575.80675040808,7609.37348665488
1570,0.1555,2.05352335913721,0.0575402569238294,0.0535093359217893,1290.39777426874,1108.5255260108
1571,0.2765,4.45225509873878,0.0575302949777531,0.0305903477651119,2720.70930794872,4293.23694839391
1572,0.3645,2.73890485123926,0.0135956232200139,0.011329716410012,7022.99045527709,6605.47600388636
1573,0.1225,5.15980892930198,0.137428014647361,0.100243378086489,1180.74969924885,1518.41204561066
1574,0.1355,2.89028483514781,0.0926825673378775,0.0833434226747951,1139.50512020458,1023.41565278342
1575,0.314,3.58451340768346,0.00571222036173073,0.00433906529400385,19175.5520294241,18730.0655319258
1576,0.2665,2.64465496401618,0.0130838827679962,0.0110287622126286,6960.91679674752,6415.11193478973
1577,0.1555,2.04204011775652,0.0687793387890976,0.0577612644508925,1074.45311645437,1030.69790810121
1578,0.3105,3.48399680246241,0.00517490662355068,0.00436257481522545,20015.888363916,18152.820764405
1579,0.294,2.04651207833187,0.020403086961097,0.0156444401893832,3581.38834797592,3600.07218006642
1580,0.1935,4.41240914585775,0.0160902161522537,0.014424247889498,9237.31216219466,8088.20465390761
1581,0.185,4.13281921362098,0.00988408132566899,0.00829155369688452,12749.8020652231,11620.7236351425
1582,0.1135,3.745303361375,0.022371753318745,0.0127309579167718,5362.13534301761,6763.15130929943
1583,0.3265,3.17814113662588,0.00737771700643085,0.00619936448693767,13863.1842241864,12724.0633454671
1584,0.293,2.16849539795747,0.0136845261349495,0.00655578021774107,5429.37450449649,8115.81669451339
1585,0.2785,1.70223498785798,0.00844408378016831,0.00694256299089003,6395.60413438646,5962.00252336563
1586,0.0955,3.97501038561101,0.0270196998147369,0.0171867855503116,4708.79625777875,5451.39605440604
1587,0.1925,1.78643663682966,0.0301146343298307,0.0259861950506588,2083.50430476562,1899.91641234071
1588,0.454,6.03300543026849,0.00799211030196401,0.0054886160512291,26519.4157081914,29109.6564562997
1589,0.2315,3.62553354742961,0.0602477244909972,0.0405895421416157,2180.41908357476,2659.40568501942
1590,0.191,4.40243418575096,0.0127820366736199,0.00852117016665973,11335.7315846658,12529.8739513949
1591,0.272,4.03772731215474,0.00601919746141472,0.00443728315228139,20348.810901267,20155.1949928229
1592,0.238,3.52814503243394,0.00917302491691414,0.00592725037567056,12233.8923508409,13653.3029379123
1593,0.2465,5.332335401673,0.00612738573830541,0.00478912572595806,25965.1593859061,24768.8059212773
1594,0.2255,4.10290451549462,0.0283500222722818,0.0189685411217466,5217.5296195738,6089.30074286337
1595,0.2465,3.31765494449492,0.0142673027127411,0.0061651509252848,7860.79555251879,12486.9001621789
1596,0.363,2.49732498814756,0.00632599355513614,0.00321176399707403,12644.7195014394,16825.8499226309
1597,0.184,5.23887080423202,0.0339648879312593,0.0278775720539115,5625.60867223101,5424.10170109327
1598,0.1875,2.75598399576071,0.0188238722631218,0.0118215918801484,5045.78729414214,6068.74664786199
1599,0.234,3.4111357234007,0.00553381102982767,0.00423342018210923,17360.0171643617,16607.2561296859
1600,0.1885,5.80170812772422,0.0432652612927564,0.0215997060456943,4599.26766724395,7595.24134850119
1601,0.3015,2.1588327400288,0.062274723205572,0.0555738444407444,1260.95500285016,1128.38481552206
1602,0.2135,3.77190720379078,0.056430720750627,0.0485572669737917,2420.23686143938,2273.78111067421
1603,0.3235,6.91949584543601,0.0353330856209805,0.0248291541761434,7208.01270517603,8297.44341454003
1604,0.2765,3.73185349007967,0.0186342331071979,0.0119449731464731,7135.90607638032,8519.20363746999
1605,0.244,5.24755386288832,0.00677874228325923,0.00497007472147563,23648.4164037855,23616.1882240489
1606,0.296,3.15015532185408,0.0146279941037767,0.0120853894674127,7586.31436460802,7148.07738284152
1607,0.3325,2.69447937007163,0.0149846476452714,0.0063311703409668,6327.79356478207,10675.302999567
1608,0.1915,2.57059956248518,0.108518747288242,0.0995190015341808,862.677073796136,767.202950600194
1609,0.416,4.44470635442795,0.0120173148084226,0.010428402936145,13348.5477736912,12064.5816759056
1610,0.211,2.69234592268248,0.0349587761070634,0.0145252582114396,2725.64216608731,4976.45021308902
1611,0.1885,4.82624558154654,0.060647072093026,0.0267680637812747,2577.76714081714,5048.41189918182
1612,0.1845,6.71561516299739,0.0108916346438445,0.0063593323231293,19360.9468462794,23235.6884832629
1613,0.15,2.80724095489228,0.0129397658344174,0.0104367083682609,6807.88595825642,6408.96517959735
1614,0.3525,3.09731638571176,0.0106245286198924,0.00633791620441248,10131.6381636883,12522.5419974367
1615,0.209,3.24288977736968,0.0428264368249426,0.0382672718455686,2725.28604651345,2433.09117381088
1616,0.134,6.22083391072383,0.0482635601358258,0.0393927602506587,4636.21660320652,4557.31356065137
1617,0.412,4.55235749729296,0.00997493837577338,0.0082217200038877,16023.9709009299,15134.1361943334
1618,0.239,3.05846671196959,0.00827436599006736,0.00560201269472452,11551.6654461439,12421.8767727703
1619,0.2565,2.53881718317393,0.0102898444133695,0.0079440201977419,8213.91698217647,8125.64524986272
1620,0.3735,3.4318381425602,0.0162484782545834,0.00632224044372739,7628.4478937529,14087.0666118785
1621,0.221,1.69450909633915,0.013842634010889,0.00872574133241828,4047.63889199651,4691.71171892049
1622,0.318,5.48246268746713,0.00982233589460062,0.00645508226978414,19012.7845871126,21488.0539007071
1623,0.165,4.1361872936023,0.0721778232349632,0.0609622282634435,2028.99344238286,1925.49819609056
1624,0.32,2.08383183562382,0.0159065682791437,0.0105660387883747,4648.35189081384,5361.02387109027
1625,0.191,1.79193172759486,0.0330576457674943,0.0292672412118258,1918.81518357187,1723.0156664816
1626,0.228,2.73753594850057,0.0101138947245266,0.00519966390890761,8631.3671671029,11452.8171598116
1627,0.161,4.8759862263693,0.0790882744964057,0.0769651111130262,2204.53542334759,1815.23874182742
1628,0.3255,3.03629302322944,0.008060142524275,0.00385511183742742,12359.3499284069,17166.9958765711
1629,0.114,2.43783379155508,0.0259553821139221,0.0169679920984542,3096.53430468144,3550.31623191989
1630,0.281,1.86762204616791,0.0211742943323707,0.0117598509242126,3113.38024443916,4220.91176449336
1631,0.3045,2.81834004688256,0.0158306215303666,0.0039174821428134,6244.79464440123,15874.3956535777
1632,0.414,4.34559019371046,0.0172833309099074,0.00485921842405232,9011.226650452,22559.8885538701
1633,0.2635,3.90778688431466,0.00947473102758496,0.00618814087787571,13581.6914412752,15231.6681228245
1634,0.2395,3.83473539107893,0.00732451214262326,0.00622806061559653,15967.5439645178,14447.9718687409
1635,0.2735,3.24616452918032,0.0188338454365574,0.0113122923127624,6119.09735537378,7779.15448387469
1636,0.161,6.44460910139795,0.0123461135571644,0.00774963994966468,16380.5612867746,18504.2776393641
1637,0.156,5.54029845543982,0.0414758773269786,0.0364444616190561,4860.68495013561,4431.97864930953
1638,0.2485,2.97784584687948,0.0126861839132714,0.00832686093356702,7894.96026571015,8885.09300755939
1639,0.1825,6.31098022594781,0.0288078853148054,0.0231747532743624,7802.45974465512,7639.02546260441
1640,0.273,3.64367867713613,0.00717338670440027,0.00539917857439498,15963.8164040567,15773.4431314623
1641,0.2405,1.93994540510821,0.00797999260250769,0.00725643792572988,7424.5650087574,6373.66812280849
1642,0.11,2.67629977364449,0.0372514432107267,0.0257207471537754,2478.84481936377,2773.06822937323
1643,0.2875,4.12907015146391,0.0155028668176934,0.0141024089479927,9320.35607035607,8073.13967900073
1644,0.446,4.90585053669815,0.0139603389817853,0.00921969087436021,12848.8921110274,15017.0804782737
1645,0.1715,4.48766265617549,0.0121660938535635,0.0104332400170552,11380.4876197443,10278.7456155436
1646,0.3995,3.71738908507245,0.00823927704697197,0.00662909190487855,15315.0587032534,14622.909203238
1647,0.3365,2.81973560247476,0.00788933431825496,0.00627897195208929,11725.8706540986,11222.8656276926
1648,0.233,2.54774850417165,0.0217059622852338,0.0193231570581174,4121.31378934361,3673.3397182857
1649,0.3715,3.89551784901241,0.032137373458795,0.0287194565994862,4612.70816191352,4142.45895405708
1650,0.4005,3.42171138247644,0.0241781982563367,0.0202532572513204,5252.49590376359,4971.97026262112
1651,0.271,5.34274398753811,0.00859035435562181,0.00650430032141599,20353.7394407805,20329.9398823119
1652,0.269,4.8887951074878,0.00964425652895337,0.00601410694666299,16651.7050164197,19390.6731021556
1653,0.202,4.30269132907207,0.0187145338497704,0.00391461778746376,7687.10179602547,21008.4615816183
1654,0.254,2.50996980867572,0.0177365863800281,0.0152482070855916,4973.6955298679,4519.73152502541
1655,0.1305,3.56722619629611,0.0200508813097677,0.0161995145105368,5825.91704127211,5552.9436417262
1656,0.2615,4.14781360635738,0.0155167686024924,0.00673455208269368,9323.0751636619,15044.8163964846
1657,0.232,1.78842463993331,0.0157864341520044,0.0101115297537155,3828.06238386538,4432.6416863007
1658,0.1745,3.50292167231372,0.0122544816195935,0.00869306776432973,9153.55689795918,9556.65025399405
1659,0.389,2.42420512859776,0.00718744406591594,0.00439627915678627,11122.5359135107,13105.8610120781
1660,0.313,2.54809695681329,0.00544598668269524,0.0047013139940757,13971.6715203557,12360.3636236354
1661,0.274,2.21268408137458,0.0157210452136078,0.00719338999346458,4874.13283906099,7518.82998604276
1662,0.3565,4.44684571472309,0.018305994217835,0.00841661815073686,8754.17570246072,14219.9505871016
1663,0.1095,2.01430173486294,0.09046133005864,0.0583429272625292,787.725661353668,1017.8879624334
1664,0.1725,1.51194408828464,0.0121682385236741,0.0106069064384324,3766.72560851162,3364.02061028168
1665,0.2925,4.68382299013401,0.0172222189270953,0.0114101193653781,9747.21846030895,11248.1983287695
1666,0.3555,2.70142651047807,0.00928049478542984,0.00620269096915256,9912.64796049766,11101.3266971152
1667,0.2165,3.14735055686563,0.0253107757717193,0.0111833552956298,4394.61613666023,7361.02713265254
1668,0.1485,2.67856824521263,0.0158224094228123,0.0139564563033533,5505.51157160296,4896.33117314019
1669,0.243,1.71479250924299,0.00415894142120444,0.00328719025827736,10605.8170163392,9787.84764397181
1670,0.1185,4.81098809149908,0.0418955221786977,0.0358386569756525,4045.03691392091,3736.92343638798
1671,0.212,4.27288289630374,0.00670829021427018,0.004098582825439,18490.322309881,20465.2291393339
1672,0.341,3.05259691829089,0.0163033408162872,0.00785951659609804,6629.23386418766,10102.1905058721
1673,0.2885,2.17640393470869,0.0174555555299519,0.0132525719668611,4383.55405673995,4484.84026838602
1674,0.3595,4.01178497740907,0.00997257624223614,0.00442831376197808,13778.2875221027,21498.5010438233
1675,0.355,3.01612002071696,0.00984817735396218,0.00866423741387859,10551.5800984605,9432.67311130835
1676,0.3485,3.62052968341937,0.0155328480955633,0.00478290546621429,8203.34491600007,18248.9271190618
1677,0.262,1.83146081712176,0.00637561887357192,0.00527098597999058,8429.6514681456,7709.42726260948
1678,0.311,3.01816835958319,0.00566313648444822,0.00462855109905027,16079.7535841835,14916.2908272507
1679,0.229,1.47369295343189,0.0147566967746539,0.00570037333257982,3320.79568671964,5593.84937115399
1680,0.1915,3.07060081421121,0.0346750360663289,0.0129661695100462,3029.19245528239,6080.65501957215
1681,0.2855,1.9924960692572,0.0119082151755717,0.00616995009941986,5510.98378325841,7524.80735808774
1682,0.262,4.80268877603939,0.00597224631722033,0.0046300766239074,23817.6370110603,22872.0705910563
1683,0.386,2.70215387570526,0.00619294310303382,0.00400140308842332,14144.8005538155,15930.4148124239
1684,0.3075,2.64430906940877,0.0132457063515162,0.0108973015760614,6924.68652215689,6580.76766944545
1685,0.326,2.46747794533556,0.00708861749613256,0.00437646421945976,11098.2933593886,12831.380092235
1686,0.235,2.36746742455368,0.0138664529126947,0.0073236327388424,5712.68602902771,7645.46997302437
1687,0.337,5.12247469671737,0.0236375493912373,0.0186690324805535,7992.7449731421,7957.25134758511
1688,0.129,4.97237853330899,0.0344777087119983,0.0289450902204391,5038.24508486047,4728.29207051785
1689,0.171,2.91909284293093,0.0118560366757685,0.00987655550079976,7666.86526296728,7048.36673829679
1690,0.4045,4.57977944666783,0.00625833209193146,0.00457911201721476,24136.9876306546,24730.550990889
1691,0.236,2.99004717569265,0.00432760513259971,0.00362337318525359,17769.8163532746,15825.1063267461
1692,0.294,3.11658398320435,0.0589356811254507,0.040487314784769,1925.5352856639,2312.79253445328
1693,0.173,1.79368490909273,0.0339133410611031,0.0251007202191921,1848.97616868809,1940.58281314739
1694,0.278,2.26778698400334,0.0149527146746874,0.0125965462325814,5233.080444108,4852.64948950928
1695,0.3035,4.61220159801479,0.0116007521869811,0.00841972344818014,13786.7953531822,14464.4680678511
1696,0.1765,2.74375642485499,0.00852999923049899,0.00694252040116656,9374.29131613672,8579.5176858176
1697,0.329,2.14918909786896,0.0143934059967519,0.00474314167001182,5252.90919162892,10466.6514218359
1698,0.1675,1.77677191317598,0.017140624551464,0.0127067826374163,3440.7729902595,3563.94957654468
1699,0.338,2.7750994528015,0.00647818114091939,0.00543186264707696,13550.0516812489,12378.2691019862
1700,0.187,2.0499361073898,0.0323122688563074,0.0145398868980055,2173.68670551383,3602.85136008867
1701,0.2875,3.10488753700953,0.00862801277949035,0.00708908178492481,11779.8690644716,11036.2396838376
1702,0.2055,4.77800075006915,0.0166179736098955,0.0103877712810583,9853.64434884843,11912.9383498197
1703,0.182,4.00809361750614,0.0192674644647217,0.0136894147093929,7040.82059521742,7593.09052763695
1704,0.2405,2.5521711209839,0.0175626055759796,0.0149540781032237,4985.43328671481,4574.78910038246
1705,0.3145,3.86339563244153,0.0107838504580889,0.00889141520773806,12241.6446385994,11485.9848147728
1706,0.3075,4.21627362751871,0.0952192213502272,0.076981020338407,1493.79029013537,1654.74926460831
1707,0.3305,3.1311132158466,0.01075813440445,0.00936701707039943,9944.55542163183,9001.5437387469
1708,0.269,3.88548341429736,0.010797704460377,0.00867988233913003,12085.3219326296,11507.906058914
1709,0.2255,2.33476620613668,0.0209118037484533,0.018741239785658,3888.28029815054,3418.68830707521
1710,0.2825,2.38848316178323,0.0104675887554945,0.00698577766476077,7614.01783026974,8517.61835062618
1711,0.234,3.54610386300073,0.00730422607324882,0.00549548810921752,14670.3049764268,14420.331034354
1712,0.193,3.1960243387557,0.0309799439863086,0.0133612216014858,3551.86104106674,6263.83103642245
1713,0.1945,2.78081628684947,0.0493886524089749,0.039463187921244,2032.63611700895,2030.70428368958
1714,0.169,3.17763022007469,0.0280578143373579,0.0231212494252827,3951.21745298725,3783.23210543373
1715,0.1455,2.86746711374062,0.0634593690440171,0.0577412971345259,1625.94109511756,1435.32478638311
1716,0.4285,4.49330725389259,0.0203219122042902,0.00812947207667332,8039.9049056293,15285.0395297521
1717,0.1865,2.63248162179024,0.0234136148823477,0.0120153235079909,3820.85265184312,5415.17526785988
1718,0.2485,3.94009793468769,0.00651065030063147,0.00550251144312933,18252.3156751119,16538.5817090821
1719,0.2715,3.58792052332761,0.00783667746567394,0.00659965355868984,14594.0335425644,13312.0374434034
1720,0.312,2.44229778240098,0.00748120525813845,0.00621886770878308,10459.1726467086,9674.35214687503
1721,0.1665,4.79938445447857,0.00739809564729326,0.00527134615343836,18042.5732633355,17911.8613709274
1722,0.3675,3.43458655881478,0.00646559321947712,0.00356003509578519,17154.7414033911,21614.6247883567
1723,0.2725,4.74463243642288,0.00814299739566416,0.00383957133084255,18851.273827853,26351.2684950095
1724,0.1925,4.45446469625349,0.00753545527063209,0.0051278953832102,17240.0428773507,17873.1434164952
1725,0.3405,4.0976035192472,0.00953500232739196,0.00523124303097939,14730.5731817566,19337.4671855151
1726,0.1865,3.49335278832083,0.0228446090011551,0.0171116478952875,5421.89340997661,5660.40594162613
1727,0.464,5.96887469672917,0.00688594288144192,0.00569508229303372,29414.882365139,27620.2242709411
1728,0.1535,2.36485506434486,0.0204915709425275,0.0187065414672039,3840.85899439443,3305.22842196033
1729,0.165,2.60290250520994,0.0623378807530891,0.0259441492894656,1412.08904105238,2759.5814383678
1730,0.141,3.9089612640764,0.113040268344909,0.0957121845420852,1201.41194881502,1217.91376344634
1731,0.356,3.91766084054399,0.00516783148877791,0.00392469456106715,23402.3830645573,22925.301843589
1732,0.1495,3.29516342572084,0.0373989747006156,0.0334397847942336,3039.10595210976,2671.55820099844
1733,0.4425,4.21782668794489,0.0639946147685301,0.0478859413435242,2422.45257085759,2643.21424156811
1734,0.2775,2.63906376015345,0.00980562869254727,0.00477899325959046,8981.54476807698,12347.8502665538
1735,0.2725,2.73271893673151,0.00955153537922639,0.00672302020687519,9414.49538358744,9966.48136577216
1736,0.1765,3.34293320639484,0.0206046435538898,0.00931914186440204,5530.50542877532,8579.93302357768
1737,0.2575,3.56686254902176,0.00481966306054117,0.0036716385531035,20689.4343407917,19817.4250108411
1738,0.2975,3.06322904266436,0.00739620094210053,0.00376883118126865,13199.2094567226,17349.5893382565
1739,0.245,4.77379372086296,0.00835134509388359,0.0051368364143802,18060.7454857765,20784.2901788508
1740,0.39,3.11268071063346,0.0114533312525144,0.00882502990047625,9575.29322303247,9611.75821978028
1741,0.3015,2.83139411171472,0.00604170223193736,0.00433129186160801,14326.5737098237,14639.0768946803
1742,0.321,4.87932421636517,0.00604541059882789,0.00505574320464285,25541.692370883,23354.2805489947
1743,0.206,3.05775260366342,0.0109922943516561,0.00662223861722913,8876.40235001779,10401.0376341651
1744,0.183,1.60491809907207,0.0181096398032229,0.0133745868767026,2954.84148698102,3045.68640927161
1745,0.196,3.47471358966751,0.00714815872782516,0.00391787564545195,13935.2917803428,16554.392604672
1746,0.1945,1.38973329644698,0.0117067788881123,0.00858950120504963,3765.07471311275,3810.57850390732
1747,0.3075,2.92455516966597,0.00624134553040643,0.00438468499478556,14479.695496696,15014.5422883475
1748,0.1355,3.1014689569513,0.0189625099537564,0.0171919543320086,5269.48568008743,4568.20380503608
1749,0.3075,4.09770827134446,0.0375462175429587,0.0120761202063984,3824.77617006983,9418.71558574412
1750,0.2955,5.0843010910564,0.0114662416328209,0.00922234426814159,15341.8007967626,14724.7656588419
1751,0.4495,3.73270563362062,0.0136899028188187,0.0122533450879967,9881.3705773717,8722.79381006475
1752,0.3105,2.89764862087314,0.0052474792190792,0.00327964554785596,16553.3281688494,18455.3868922955
1753,0.324,4.18024719849939,0.00856557235613785,0.00528608167107173,16403.8704235993,19174.8777992464
1754,0.1795,2.19087690130509,0.0303593250697331,0.0257104133967575,2533.11701176097,2339.22704234525
1755,0.197,3.44797546758513,0.0145278241027683,0.00402301499771317,7826.49699709396,16353.5390538697
1756,0.3045,2.23056154654359,0.00722872889739972,0.00474668361494222,9669.9910289591,10630.4545676743
1757,0.348,3.51132304858423,0.00838048726086005,0.00516141819045694,14142.7944013904,16677.9349919805
1758,0.1915,4.28616358131208,0.00826623863780692,0.00712492621340726,15349.9696646451,13643.9054580734
1759,0.2495,2.72388471886561,0.00688806895447678,0.00513710330502831,11890.3310633223,11723.0417705453
1760,0.448,4.83785183337209,0.0161784384781151,0.00837230806150308,11006.3193730614,16162.1514716911
1761,0.179,3.60562236052843,0.0566926751023425,0.0526376334879826,2302.26134383543,1998.73660106204
1762,0.4415,4.23736690518235,0.0152524423271084,0.00491746862996625,9991.41988139107,22005.2871326277
1763,0.1725,2.11419425330033,0.0451701809825574,0.037608412012736,1664.14884381191,1560.45639534066
1764,0.1185,4.3184815371562,0.0198526918690082,0.0181037384127019,7025.99609423866,6036.21988839192
1765,0.321,2.73291279144707,0.0062526669961744,0.00521796222139586,13590.0198567176,12375.8390970029
1766,0.331,3.66890278205659,0.00687991015503747,0.00495623148389691,17337.3543949119,17885.8009480775
1767,0.2255,2.73088529674244,0.0186048819442195,0.0122954907771067,5146.96227958334,5867.01900868897
1768,0.144,4.52826196223093,0.132351476133811,0.114378008698612,1099.81451523402,1112.6909520091
1769,0.244,4.4052044651101,0.00949479970320524,0.00576813685634569,15066.9288074953,17795.9136408777
1770,0.164,2.72631898315687,0.0180781495115603,0.011368057294797,5016.83630982448,5976.37997500347
1771,0.1365,3.00428338816987,0.0645396214196554,0.0512022701311625,1665.07492459301,1709.0235664552
1772,0.2155,5.0409447207864,0.00627841113609077,0.00476145256381703,23330.9012749916,22644.7055081257
1773,0.134,4.61681941224858,0.0768424397346389,0.0718683611117364,2176.63414864246,1881.01256381748
1774,0.3015,2.06637909345012,0.00581087442022897,0.00434911016443242,10559.7250286465,10437.3826597486
1775,0.2915,1.9908301815104,0.00798968156033582,0.00484896491169921,7835.0588769492,9213.26624054914
1776,0.156,2.54145770533233,0.082864922805703,0.0741161453762779,1104.71856872275,999.530626551482
1777,0.1825,4.29771007289112,0.0200282228867604,0.0171284281790201,7326.11079529826,6697.02492957962
1778,0.303,3.13314287740968,0.00955363100895384,0.00336564119739819,10834.9432883395,19370.7048751862
1779,0.1605,4.28666259540387,0.016843590748331,0.00809790062533237,8415.99788678279,11876.163691204
1780,0.3395,3.22571467380521,0.0050831717884009,0.00424332227876856,19128.2541370873,17435.7586612891
1781,0.239,2.96915829507565,0.00789245443955412,0.00659480116456096,11597.2939104668,10601.9781970102
1782,0.3895,2.70622447966433,0.00809793747174465,0.00457607919584815,11251.111887309,14275.0293328285
1783,0.1565,2.10862205219896,0.0251942656008259,0.0199914295323234,2890.9535024202,2828.09229802889
1784,0.359,4.65042506783187,0.0085325409880396,0.00725325969054012,18535.6181324603,17010.6939546401
1785,0.256,1.81271558924178,0.00548237710091192,0.0046173462343173,9405.21543879058,8453.4080978266
1786,0.2485,3.17372211758952,0.00538353200862373,0.00313016570046937,17018.226375282,19253.141202634
1787,0.442,4.17718004734606,0.00678449329725498,0.00535429406633018,20808.4294628022,20227.4196819011
1788,0.153,5.35046574848183,0.033222346651383,0.0250237630563924,5790.47417537994,6028.58840524813
1789,0.3475,2.43736646740842,0.0166639294506762,0.0117676289844374,5207.94333129669,5700.02445184713
1790,0.2455,2.19400308133687,0.00971503587761655,0.00707911059376852,7116.95964179983,7287.79029381119
1791,0.411,4.462468533504,0.00690426791833817,0.00586723414966168,21815.3986408581,19886.8009416631
1792,0.302,2.43982662436543,0.0116537238435861,0.00801333596233626,7056.58383708582,7714.27463185155
1793,0.446,4.9291490151791,0.012628207370907,0.00953278023671011,14244.1208605654,14716.3529463453
1794,0.4295,5.24147220647852,0.0131949641998359,0.00918885821552362,14477.7110021773,16055.8424305879
1795,0.3265,2.91001715635805,0.0240528173718302,0.014200419015872,4327.71168138229,5660.56333540576
1796,0.283,3.2997106236529,0.00770979152017809,0.00596532093544582,13625.7672748181,13224.3945844492
1797,0.399,3.27062046993597,0.00534666856189943,0.00432748883310683,19450.871518547,18291.9654889741
1798,0.1835,4.59543919435066,0.0147535706362582,0.00689143359937804,10153.1941688361,14935.4896835597
1799,0.3165,3.31664773262903,0.00564460653424909,0.00465220002200679,18041.2486603065,16633.9747339566
1800,0.316,4.68048348000917,0.0157736605700253,0.00880094377537858,10548.4426663343,14213.1597705998
1801,0.2995,4.01382920231102,0.00822888574015832,0.00655160385956502,16070.0217174433,15375.4666029084
1802,0.1995,4.61147839923407,0.0985703533919765,0.0733354371483397,1576.85405070521,1900.8210638048
1803,0.312,3.55682666514572,0.00960632552985485,0.00841762360504154,12444.027160327,11063.3544229979
1804,0.275,3.40527577839082,0.00470708728886006,0.0033444307297769,20477.0980337856,20591.667723789
1805,0.144,2.57983476526776,0.0410409926933646,0.0342968498696282,2200.54401539971,2095.83502649606
1806,0.2705,1.90069191393907,0.0105701618961697,0.00551061460491798,5894.27129355557,7864.83066042715
1807,0.4045,5.23198740133074,0.00711159088705344,0.00566581194359097,24870.884789037,23959.607159593
1808,0.32,2.09733263854649,0.00837496287914159,0.00330878632330662,8031.84209071752,12839.6542890214
1809,0.301,3.34611466956287,0.0200465264160596,0.00871664745548344,5905.15021456526,10046.2148497457
1810,0.421,4.01367110145601,0.00885050780944258,0.00543823501997177,15870.0079191644,19046.1699182402
1811,0.172,3.61405462968249,0.0870712077550514,0.0520767510858961,1350.45757601559,2022.00000741473
1812,0.282,2.97033898431979,0.00558039970466566,0.0045539519935134,15891.1324902513,14624.7120158793
1813,0.2995,3.76953105456734,0.00992467115654665,0.00876083144465555,12671.5799735721,11231.4589661491
1814,0.2445,5.30997251514991,0.00625953686697655,0.00456626862728806,25430.3517450443,25493.343753263
1815,0.356,2.15384235398151,0.00714327268194093,0.00577857711660651,9648.37972595477,9178.93128113983
1816,0.2125,2.67910985482273,0.0175385971676262,0.0141150996322125,5216.86194735269,5004.65301332579
1817,0.2445,4.20354961714436,0.0315752779245024,0.0302050455787675,4895.70654068532,4079.98450793542
1818,0.1505,2.11061669813822,0.0256678986324491,0.0196165844610622,2797.85157041116,2846.46521089835
1819,0.261,4.85390611092534,0.00917264853792695,0.00592966285870508,17013.1799716523,19086.9718767719
1820,0.1205,3.78647068882325,0.0525022243810127,0.0456222766860041,2534.41931280991,2313.93051124146
1821,0.123,3.42512593386198,0.0177103150723563,0.0121359676359749,6164.94275189932,6640.9579951726
1822,0.1705,2.62909819525513,0.113657503724694,0.0917753946742192,819.13345769737,841.487066778775
1823,0.2105,1.61842541863341,0.0177233928998177,0.0128846809961659,3042.03100654606,3197.97142974962
1824,0.236,6.57519064059374,0.0282591819615367,0.0203600161053759,8353.02102251048,9039.31608846775
1825,0.2665,4.12504100205143,0.00614757638401276,0.00389711597134471,20277.8241057631,22415.2544528397
1826,0.2425,2.94708195246377,0.00531964523886071,0.00407472816472258,15748.3164670659,15027.2448568077
1827,0.3665,2.56284077072881,0.0144246639130621,0.00468696760380692,6295.19808947186,13080.9600909163
1828,0.159,3.51248037355347,0.0102780064394396,0.00884462529528382,10219.7254090627,9075.48854445687
1829,0.1485,4.64711378796782,0.0170305597971142,0.0132698081680138,8782.08363163333,8568.6139276101
1830,0.3105,3.47886347536163,0.00621899453046447,0.00535991942350968,17675.0092189919,15819.9943753059
1831,0.2045,3.55221576980079,0.0196461159058396,0.0166661559241692,6237.81914687341,5722.60835906005
1832,0.313,1.92785590869884,0.0118063026825889,0.0100608184701749,5527.68105743584,5097.30299659227
1833,0.3845,3.86699716954009,0.0149194967332617,0.00716489028161576,9392.08194544622,14279.5714442378
1834,0.3875,5.10765375274405,0.0073634594817942,0.00533484348264336,23443.511637197,24302.7949974429
1835,0.1725,5.01034474010487,0.109446053386139,0.0747164240288584,1400.22710770093,2019.6272591745
1836,0.269,4.04539326299998,0.0101418578771748,0.00803517286724932,13344.4516417344,12848.7065141643
1837,0.2675,1.90025326186541,0.0299173261147115,0.0160705830966505,2253.47767347604,3216.75316132905
1838,0.349,2.83948841827266,0.0240486815227598,0.0124782564393377,4275.26155811343,6356.78248688224
1839,0.158,2.9001231282739,0.0717859060891112,0.0428246603840703,1360.37657275632,1860.50866684024
1840,0.2565,1.68758520058345,0.008348600573494,0.00716541040306115,6346.44498444689,5693.75719247657
1841,0.183,5.11225720247606,0.0138833095988729,0.0112699380131259,12185.5541654118,11481.5203879524
1842,0.2685,4.15185050634399,0.00852467764308576,0.00514041885186142,15761.315285798,18537.7612132239
1843,0.226,3.09536894170728,0.00775423828167983,0.00524080450490213,12329.5211585928,13101.8933609365
1844,0.316,3.28917227810115,0.00791276446454074,0.00505840860223741,13690.543335978,15408.4293491434
1845,0.2085,2.80527902677377,0.0118262627854969,0.00565750218926348,7771.31959187915,10851.8002263142
1846,0.2265,3.17191665581865,0.00979558751189918,0.00399666958353239,10334.9067071699,15918.6260552653
1847,0.355,2.50470853726906,0.00618516854620597,0.00403817918350875,12863.8739770707,14216.3723349443
1848,0.2065,4.52079038062945,0.030310518352645,0.0251672116960014,5399.69966613637,5147.36719316514
1849,0.4755,8.87180534935059,0.00953149478827102,0.00728446766309116,33638.3908182326,34103.6947255647
1850,0.1855,2.64873866939099,0.0101373390778592,0.0055476924123853,7977.20487040967,9747.63830620748
1851,0.178,3.84995348032267,0.0269124127031888,0.0223587546225688,5106.20710524161,4853.66142416036
1852,0.3265,4.02921163262595,0.0110919017208175,0.00760837166908706,12615.9614700452,13901.1007168269
1853,0.2625,3.26424969134846,0.0252021985843363,0.00858281995049126,4553.36014363074,9667.65902720184
1854,0.281,5.44895274901684,0.0744663719938114,0.0374544728138309,2371.96131846564,4397.8952073024
1855,0.232,3.27545659655073,0.00912521901218126,0.00755054943979082,11318.9606368352,10511.7141740021
1856,0.1565,4.34435759711882,0.0115338008721678,0.0076216177885355,11427.9546533924,12366.4679170619
1857,0.172,3.89369594243562,0.0161163096080557,0.0110519772572561,7866.39234984065,8590.77689094551
1858,0.2755,1.93952717202404,0.0120698034220188,0.00595257506641374,5430.05504414579,7726.53884545001
1859,0.237,2.44997149643841,0.00757104684092844,0.00492752865271716,9789.62228509893,10523.9963547995
1860,0.316,3.45049655660346,0.00565236836025956,0.00474850742710954,18768.2385055869,17060.6937706653
1861,0.304,2.99721916689821,0.0126951201756767,0.00656775535930938,8139.9269078197,11355.1264068849
1862,0.3815,5.28173541654369,0.0403869033021202,0.0308664692987145,4949.26066779086,5195.30866557282
1863,0.19,4.6168706449926,0.0074325834217138,0.00573482257277478,18030.5272116311,17292.3786851454
1864,0.209,4.80557850899371,0.0153350656584168,0.0134333844547789,10730.1805367988,9602.23288233632
1865,0.3485,3.07622164691708,0.00540728494402759,0.00425194743694508,17365.5586330554,16525.5303739693
1866,0.239,5.77286696342621,0.0107995340053775,0.00455576091862785,17821.4576618542,27394.1274875485
1867,0.107,2.70747061050086,0.0502866046645682,0.0454245797399996,1925.51505546751,1685.69939714813
1868,0.138,4.25202063546224,0.0126438433609951,0.00991809649004424,10054.0039703639,9611.70079816503
1869,0.383,2.57049845333395,0.0123542096213665,0.00955306641438849,7243.95820893084,7280.88376221621
1870,0.217,1.59078974800602,0.00975782643014002,0.00794740886260201,5064.22412470903,4752.72403694752
1871,0.239,3.61788050756215,0.00867806669352333,0.00468161383544586,13299.9507726286,16750.8813644431
1872,0.204,1.62458580491864,0.0186167322988991,0.0137010007223402,2970.54275366662,3066.14931279933
1873,0.243,3.3579469084366,0.0119766964320556,0.00970559011853103,9356.30574562789,8902.86114513302
1874,0.3145,2.66673144223818,0.00685057533980897,0.00501752816482455,12430.6566238474,12606.3867304541
1875,0.3425,4.12415784958606,0.00671255477991189,0.003855493379761,19943.5230878687,24337.3738924648
1876,0.191,3.50198825780915,0.0110333439718851,0.00892092571442324,9965.74673528317,9401.29286205909
1877,0.345,3.72271573052184,0.0161909111010858,0.00541719559817189,8027.49653233221,16751.6774983141
1878,0.355,2.24357506355108,0.00475093209343399,0.00433299035829613,14193.3882428465,12206.6687060044
1879,0.3165,6.34735137152068,0.0192191618898566,0.00633066116967832,11717.9814669955,25255.1844432299
1880,0.438,4.64286286962825,0.0110270784894643,0.00823532780058903,15111.948170708,15639.3708018575
1881,0.349,4.02709527001433,0.00695010828540623,0.00440500533800435,19025.5955591077,21708.316840745
1882,0.2,4.33082259838314,0.115248868610252,0.0804052935029683,1193.984227813,1636.52082578535
1883,0.098,2.42376612027767,0.0595036005531672,0.0498646220892777,1420.49082836698,1363.93446609574
1884,0.3005,2.61787206728478,0.012539145826498,0.00629851477342564,7182.66773220592,10112.0980373998
1885,0.1565,4.99119526299316,0.0198332506928784,0.00859402076611244,8308.70908943058,13264.0901333333
1886,0.3175,2.67871364895509,0.0160662857212126,0.0132234953251562,5933.8513164484,5600.71343562427
1887,0.4255,3.85741908512648,0.0128083607148707,0.00984397487428224,10874.8502509704,11004.0911719747
1888,0.443,5.5980461591666,0.0175409936576641,0.00868584864516575,11787.4091155681,18229.3820640624
1889,0.3425,2.40420908262948,0.00740384000122362,0.00353238919451199,10539.5991287005,14658.6262544496
1890,0.4535,6.52257219190513,0.0177316514801672,0.0104170089428128,13470.5698141005,17829.7139802997
1891,0.283,5.02159236145151,0.0115958310292824,0.0100536174467586,14944.8454777733,13472.9616696927
1892,0.394,4.17364416156129,0.0136613444852532,0.00919363806372029,10975.2383622189,12549.2959302099
1893,0.1905,2.21147482617998,0.0117397837960607,0.00688883090295445,5933.5754943472,6955.61513989795
1894,0.2865,3.50530433876123,0.0120342551663665,0.00673889633252234,9972.16577329296,12825.5059218677
1895,0.458,7.19601821189805,0.0173749412465415,0.00839416158902683,15367.0811274459,24284.5583249139
1896,0.2695,2.00806556250651,0.00963704832897533,0.00764415145568794,6737.29102771367,6467.25368031359
1897,0.4295,4.8420370449364,0.00854226488827434,0.00468313427264876,19771.3731194752,26134.2427144272
1898,0.197,2.00997536112083,0.0622418624981285,0.0486991838143294,1180.24803581412,1204.47944438601
1899,0.257,3.82469570580973,0.00663356638341756,0.00487390331159572,17653.0059660395,17558.0947732791
1900,0.1905,6.13362763249816,0.0081659954902239,0.00691449813133019,22649.0506569836,20418.6122451558
1901,0.194,2.79218878469464,0.0244236064648588,0.00894798113064294,3895.34851781712,7469.93405653237
1902,0.195,1.56544946732677,0.00861108165096318,0.00753962822076561,5331.23466938625,4687.95989681899
1903,0.205,3.64656405711464,0.0132027640407251,0.0103652537897932,9041.15843496042,8727.99649084329
1904,0.159,4.84199842467548,0.0572651350130444,0.0507398971961302,3054.95440557462,2801.799353288
1905,0.135,5.07233886922802,0.0199795210738842,0.0161998026976059,8307.05889486139,7900.69769311045
1906,0.162,4.54011213076925,0.0194231852621149,0.0108013093853691,7799.46748606735,10201.337597
1907,0.2015,4.93920065667859,0.0143049718555074,0.0115688273983541,11626.2134494981,11096.9527573543
1908,0.3475,3.10607309486763,0.00918289934524085,0.00515249902843368,11454.2873786543,14713.1535461651
1909,0.143,3.0420940354642,0.0274421582293917,0.0219044842569355,3830.9060826076,3717.58497833414
1910,0.187,1.94682546671647,0.0244026462530954,0.0165649112802627,2746.16317461841,3084.06944808703
1911,0.1605,1.70759228591894,0.0369320917255384,0.0294206734853377,1649.662221191,1626.16970490793
1912,0.3465,2.06136968505141,0.0114271296082892,0.00916620944904236,6118.06997973598,5934.74179813662
1913,0.165,3.13664791238597,0.0101505674776054,0.00875602223247381,9295.20604458176,8295.73810808194
1914,0.22,5.49312708702199,0.00638668426371958,0.00507825811315213,24880.8274768269,23288.5760913967
1915,0.139,2.96772238773073,0.0869462609821428,0.07551532947364,1229.55529209715,1138.2717146889
1916,0.2815,2.36338167645924,0.00505993499402496,0.00394066948967981,13480.9660940637,12741.7941562346
1917,0.412,5.0591815786251,0.0104683428323695,0.00883915529487989,17084.5225496225,15804.4033927033
1918,0.3825,3.11965703280711,0.005429464683713,0.0037606065580474,18390.4484552157,19332.0219632228
1919,0.425,5.44924638305891,0.0115633255789117,0.00714922458253989,16948.1718423912,20752.3586931503
1920,0.2215,1.7956229590897,0.0156825291502675,0.00894828831068637,3797.45099323134,4824.11851336921
1921,0.1625,4.54817059378117,0.0578364503867857,0.026913083278818,2590.33494614573,4740.50440621751
1922,0.235,2.59163978397263,0.0119715717695599,0.00608617327781581,7059.26692711756,9700.32198552874
1923,0.4175,4.26499579800807,0.0176262894311227,0.00674320056204682,8774.44945095105,16835.9705380116
1924,0.3095,3.27654564095753,0.0169782127277388,0.00989965407091268,6868.91448110835,8849.73839548865
1925,0.3165,2.84757143906682,0.0122231239456692,0.0089693160300747,8111.2149743027,8444.74387942883
1926,0.1215,6.87909323415071,0.0363749599709488,0.0337794815793657,6721.05401211498,5759.24332010768
1927,0.3685,3.83324282661257,0.0200942463416199,0.00513017176238401,6846.98743299131,18622.4960641105
1928,0.249,3.82670909589817,0.0103291311747785,0.00548084368394911,12111.4827653384,15841.8694295344
1929,0.197,6.42764784589504,0.0295940089323627,0.0243270659908429,7847.60645208156,7512.1017731265
1930,0.331,2.72257529453669,0.00899101912696388,0.00440660837218435,9964.09661936834,14014.0311390841
1931,0.383,2.82755614777587,0.0151769231517044,0.013588600381726,6707.70271655561,5914.91798160585
1932,0.3435,2.74561746604234,0.00562053547026276,0.00438255404776293,14920.5495952618,14300.9324079662
1933,0.4525,4.6205363283942,0.0069639623520029,0.00514815054663589,22606.9944050475,23288.2277505591
1934,0.4465,5.32912777651817,0.00774465663802402,0.00611840756438195,23915.0258621235,23323.6470921317
1935,0.1455,4.42894754796686,0.0342300064460009,0.0124929989282017,4292.47191194468,8808.33388423508
1936,0.19,3.56975050081372,0.0360832514185058,0.0241421585941787,3552.33970460298,4181.64356815811
1937,0.1115,2.16178729010193,0.052290653297928,0.0402005717893752,1470.23358089631,1502.5166870586
1938,0.302,2.03001999538567,0.00629189283923381,0.00436463366897444,9818.99165305752,10284.7215890159
1939,0.2705,4.30671827834124,0.0122866417847876,0.0100893187548057,11934.1665114858,11219.2231766308
1940,0.228,4.2338661961761,0.00728872415417496,0.00616410847387586,17629.1406336503,15882.9388313655
1941,0.2415,1.55692058225666,0.00544966795524223,0.0031277934711379,7894.12309158557,9041.16042974012
1942,0.1745,3.35405485380663,0.0152620788359696,0.0129251858085734,7280.92297380875,6658.37473064993
1943,0.2915,2.11268425470456,0.0374626550747419,0.0105430885578698,1983.84771436042,5283.54808903822
1944,0.3105,2.05830254522674,0.0119032931323369,0.0110588747855881,5894.15600274075,5007.02597636872
1945,0.191,3.51799365701155,0.0199139222690631,0.0152680434697615,6084.49251922835,6150.59329211683
1946,0.3895,2.79072174690849,0.0192991151668871,0.00955250187336454,5184.6050656328,7952.21635001166
1947,0.1755,4.2575880106062,0.00951757335837753,0.00812801185867639,13369.8986301545,12015.3381310187
1948,0.341,2.46014216816736,0.0129912169056657,0.0092678972250457,6642.84101258521,7132.67274632346
1949,0.1695,2.35694699990691,0.0132131573851011,0.0105357408640225,5635.42599114639,5355.24218344081
1950,0.2,3.61400609032453,0.0298657909461869,0.027540513055927,4245.64225181227,3651.07002975858
1951,0.2145,4.30621380138682,0.03234256419935,0.0269469125380342,4794.7064826577,4553.01255832216
1952,0.4135,3.00240065607659,0.00922684915871459,0.00764628253572492,11222.0047980381,10555.8283176964
1953,0.217,5.25197123966694,0.0198739738373041,0.00463861821548192,8933.59015029769,23619.8858843492
1954,0.1915,2.51613242075541,0.0826749266530254,0.0758678403795992,1101.43566262684,969.650142307572
1955,0.355,4.40758185598859,0.0158110648230709,0.00828236598726717,9944.0459389413,14243.7063846905
1956,0.127,2.35591527303571,0.0428046889103746,0.0373744878175834,1905.79828042934,1726.94032673306
1957,0.3055,6.47895426630344,0.00937766383716569,0.00720491557027684,23457.7496092574,23234.3292751517
1958,0.22,1.89323519731862,0.0121066894675958,0.0102529635890456,5043.72482767407,4616.45537627988
1959,0.2685,3.35194922599006,0.00794253217055716,0.00385907814424638,13379.5532271393,18119.1188736549
1960,0.2385,2.76791306858243,0.0111456708983219,0.00947302007487822,8186.82989771132,7504.27994564548
1961,0.1425,5.36151697152005,0.029781184337981,0.0150693442270366,6172.74193742565,8860.87308460831
1962,0.165,3.31030253909019,0.00684024447979255,0.00610987134581413,12922.3149269598,11103.6848189717
1963,0.313,3.08979047558545,0.0091036262527516,0.00388789966443916,11377.6895298787,17608.2795138301
1964,0.261,2.92511944790702,0.00663256927353544,0.00468947769406922,13273.6442837857,13723.553124394
1965,0.389,3.29598193581746,0.0234693328927809,0.0184086611284814,5168.75410929619,5212.26456521532
1966,0.156,6.71374539225196,0.0428677394879153,0.0316743739692205,5605.1456485389,5993.22996941896
1967,0.2965,2.13442021292462,0.0164649309267071,0.0106025987775134,4491.16288890061,5267.11292797643
1968,0.1955,2.58788953573684,0.0161727118225812,0.00955334766201679,5382.80672928414,6573.95343692586
1969,0.266,2.0209772735684,0.048147311000679,0.0384116822141235,1537.58827323816,1534.67945331228
1970,0.29,2.38639087571626,0.0105096722362493,0.00474877525042821,7613.97305233017,11415.3601857483
1971,0.246,5.48710222034508,0.00698395019805885,0.00509581106162542,24089.4569391443,24310.5504646755
1972,0.4345,4.4057799329709,0.0118298025766576,0.0090676541419322,13475.4371669916,13642.0746488865
1973,0.186,3.26670359408112,0.0126878146226978,0.00858411521569834,8332.68128587679,9007.47933680338
1974,0.2075,3.56606096073795,0.0316735851032425,0.0170682485197785,4000.41724787166,5736.0430239928
1975,0.1845,1.7742160703155,0.0209144308415988,0.0159725540320206,2855.36536795141,2878.19876949784
1976,0.392,4.85075039966911,0.00605927440711853,0.00448569137973695,26219.165845048,26508.0716566314
1977,0.3545,2.61801743761592,0.0070966437249509,0.00493490449579928,12005.2773910823,12738.7051575353
1978,0.429,5.34269414140516,0.0297758691222988,0.00819099598729074,6452.92598697066,18123.7108356537
1979,0.2735,1.72347841984588,0.011190687057627,0.00926582825467559,5023.3709581319,4684.11584166702
1980,0.339,4.97495711320185,0.0203864751077609,0.00642279780183115,8733.77745381554,19992.3028557837
1981,0.102,2.58593614895756,0.019488290204923,0.0172618655926236,3996.83922068886,3524.29252042741
1982,0.3395,4.81863582763226,0.00880486345703086,0.00465374759910219,18552.2864075241,24696.7712349752
1983,0.1815,3.21618239709728,0.0145318845359983,0.00831197065775197,7252.79154143139,9036.566152362
1984,0.2105,4.08914827179849,0.0315541360232029,0.0104750573169039,4453.9039847846,9854.72701048486
1985,0.2615,3.6165093198193,0.00574905227143703,0.00441269222505873,18254.4152331831,17541.8533750783
1986,0.2475,4.10350416156403,0.0083338724008101,0.00622417133249461,15359.3928369951,15478.4745858383
1987,0.294,4.45278947595166,0.00828718067435179,0.00609302515043487,17659.7991119466,17982.8518518519
1988,0.3045,2.88349202112334,0.0098828403576388,0.00655812166050487,9897.03361262739,11033.7444873453
1989,0.2235,1.55430958546761,0.0142010218590101,0.0134508622999494,3640.72090330602,3053.40278422274
1990,0.361,5.57334268626261,0.0108154288502022,0.0062758661172853,18246.3352022236,23195.5398665194
1991,0.285,1.85588127432551,0.0129726255411694,0.010856740595818,4826.25692790575,4483.5472533663
1992,0.1235,3.13873123727757,0.0528941606122301,0.0360484912070717,2079.8923490972,2431.01003276885
1993,0.3655,2.40813301981921,0.0119918450836778,0.00867339431513293,6973.22829719392,7377.80450816133
1994,0.262,3.00995411418192,0.0505374846999105,0.0314558229999948,2163.24252715014,2829.28134864659
1995,0.1155,4.00740323427307,0.0254959438639347,0.015379050386286,5103.93015900485,6213.93078931512
1996,0.27,3.51629868942962,0.00703553768812208,0.00455161361702406,15688.5054920123,17176.8789026997
1997,0.2135,1.62529888952325,0.00725969574257055,0.00567801948944898,6350.11341107872,5989.98740894399
1998,0.2565,3.10991919548651,0.00784961757222663,0.0056954878837615,12423.761899735,12649.7610835916
1999,0.3425,3.42742605131161,0.0125028139564587,0.00873509489064563,9605.1503928644,10472.5305312696
2000,0.288,2.19678767635869,0.0094895714504238,0.00816595819954488,7570.23907718982,6806.1278624204
2001,0.163,3.19670992506467,0.0244366393695034,0.0182192806882921,4500.25422763738,4662.48350886187
2002,0.4675,5.79194862669006,0.00831368745382378,0.00655440882542177,24426.0679962177,24017.1845479326
2003,0.234,3.77398548855507,0.00499610404718553,0.00381736071970645,20901.7323786047,19979.4169028571
2004,0.294,1.98885369649714,0.010539825946289,0.00724899197489059,6247.249873401,6763.6486324438
2005,0.4395,5.66156165736307,0.0108742147258972,0.00575342012434227,18752.1153742406,26079.4586594584
2006,0.166,4.43349131064391,0.0161284961056371,0.00721954043916569,9088.78930766972,13751.234044925
2007,0.335,2.55424624569138,0.017948108303446,0.00761426813398664,5021.25030178442,8646.51507490809
2008,0.136,1.7508588253329,0.0258258205129806,0.0202537671589398,2253.58293234287,2216.86836683759
2009,0.1045,2.80335076941877,0.0563592857331787,0.0206734182587561,1595.22294260625,3478.98713462884
2010,0.3,4.22979780719547,0.0222153621299553,0.0108243701928512,6745.91933496723,10496.7894736842
2011,0.2635,4.28023909215826,0.0133360165355692,0.0063771220035934,10918.3640936456,16080.2345463347
2012,0.25,4.45020436716581,0.00604805245581526,0.00483864079635586,21585.1066435283,20260.5479928495
2013,0.369,3.66490806755033,0.00601880811717872,0.00404736573252232,19681.5386708184,21250.3755460023
2014,0.206,4.49851842659315,0.0542584420747713,0.0377053872818878,2894.06423907973,3515.94992390132
2015,0.139,3.44829783585199,0.0148102965857768,0.013259471158431,7301.26319628648,6353.18014423815
2016,0.096,2.6667565724925,0.0662762622944781,0.0590883112125218,1382.1532777969,1250.77245219453
2017,0.2275,3.57974622996095,0.0156774611462286,0.00340183109981473,7594.40382046923,19898.1151720966
2018,0.2185,3.80976341640751,0.0182016887498212,0.00792004339156799,7210.68325659231,11722.9899434766
2019,0.1395,5.82744263075062,0.0588969243757731,0.054171771130323,3533.25829823406,3100.42090803838
2020,0.1735,3.42947619644868,0.0132649376359555,0.00970023824107092,8279.1704131371,8500.13361287029
2021,0.1785,3.09853387476749,0.0319489200941289,0.0285595839555284,3479.09042814307,3087.82807557904
2022,0.328,5.5924340433391,0.00879906580329709,0.00557571086185871,21494.5539690321,24850.9696445479
2023,0.197,4.57942059598667,0.0174740101118867,0.00954979151276469,8965.03825588853,11947.1045399136
2024,0.2915,5.4193346231972,0.00727529949006266,0.00614401029056494,23714.8757123893,21567.5324743927
2025,0.163,3.48527286938011,0.0165930213636481,0.0132790278623889,6939.9307958863,6622.13888040166
2026,0.233,4.1199795294467,0.0103642678768257,0.00831082837321072,12808.0022770565,12156.9005206135
2027,0.2595,1.70444013703136,0.00396932388867088,0.00332272184197705,10964.7117110818,9815.54947152085
2028,0.2265,3.03567173335822,0.00970807411347131,0.00452323280449542,10014.1633364856,14078.3892597736
2029,0.309,2.06639466871986,0.0128488429282053,0.00876028678064067,5523.34527776032,6116.96116653708
2030,0.1995,4.49584295110561,0.00661467577657246,0.00434279701708398,19522.7644164925,20660.0525858419
2031,0.472,9.19690853805657,0.0141113048773699,0.00744986260705099,24040.7954673694,34558.144493331
2032,0.285,1.86888538023601,0.00656477613391332,0.00552614413888274,8696.93146239839,7901.80572997107
2033,0.441,5.02990255570181,0.00973760254734255,0.00642387830909944,18332.4777274105,21056.6053736417
2034,0.252,3.30246009805043,0.00419576762977793,0.00327098099481928,20821.3810420384,19372.5036693054
2035,0.22,3.59209000549611,0.0166017470956626,0.0139894757319249,7467.20633909646,6998.56275690804
2036,0.395,5.49974985142583,0.00628425600664173,0.00505274892548871,28941.4328129826,27530.3296582139
2037,0.129,4.32770940448073,0.0124953126513101,0.0113456775974499,9977.9481754934,8585.15371486367
2038,0.346,2.34878825998655,0.00598236265284451,0.00508516471686552,12156.3424554726,11044.191248066
2039,0.286,2.41988587558783,0.00683731023157244,0.00610463160060883,10927.1073731417,9573.69614031061
2040,0.2725,3.34803503889634,0.0114684562005415,0.0101549667809472,9771.95701418532,8621.82935342462
2041,0.256,2.91719999886571,0.0152270812202674,0.00721351858676376,6546.45992409491,9893.38730053957
2042,0.1475,3.56490464771616,0.0175411175231251,0.0161161233536706,6579.04601818265,5616.25943591702
2043,0.3475,4.18395525377764,0.00649041299916031,0.00478674573068665,20941.0238145428,21059.001676006
2044,0.2615,1.70523214117194,0.0141423410244444,0.0108381435822228,4080.77062188302,4095.58217839642
2045,0.1605,4.43490321522738,0.0179102319273025,0.0140339794292059,8238.00218195391,8100.16948217526
2046,0.1575,2.82847145370191,0.0300885648052545,0.024925882363931,3307.70721202895,3164.89924417875
2047,0.1985,2.40634476095484,0.0152944258592234,0.0122353684536519,5149.49459378383,4948.34727963957
2048,0.2805,2.50989903405713,0.0497948174834702,0.0387130648286639,1853.89460387971,1919.7740751239
2049,0.3005,5.12159054013176,0.0267455588549567,0.00508554708231952,6645.50096493566,24136.779814551
2050,0.2015,4.17073909772382,0.0575650810462237,0.0258607777538191,2391.70213719245,4559.69960360314
2051,0.3755,4.64252893157265,0.0200978078342371,0.00615137624199445,8345.03805177519,19479.9054751437
2052,0.232,6.19632546019501,0.0106916772268453,0.00947369756119243,19132.9588798848,16930.5379286032
2053,0.202,1.99196653631193,0.0212252109466156,0.0162662895634901,3222.30570700459,3214.94301257173
2054,0.215,1.71194668458813,0.0109234575373497,0.00923796093997707,4912.63955739811,4474.0897242523
2055,0.195,3.93472874800255,0.00695892249381531,0.00497761386561916,16163.6014475308,16141.7087713904
2056,0.2405,3.58574015499861,0.0091167906410633,0.00748615755810849,12606.3971723424,11715.7851271414
2057,0.138,6.09277581211472,0.0366699241023015,0.034924634095261,5894.68215096238,4933.50387401942
2058,0.2165,3.66681309328268,0.0180492784705326,0.00816540214775428,6923.37801570135,10975.0352737495
2059,0.407,2.86422192034615,0.0140632818429077,0.00477418974988651,7289.1724873243,14862.8701900157
2060,0.127,3.44066005450536,0.0144685490500621,0.012221975548883,7183.5751106117,6529.74355020631
2061,0.1725,2.64235105807671,0.0288666014357383,0.0120181952868431,3109.37700376893,5523.0453610005
2062,0.3025,2.15831350742351,0.00834662418757746,0.00758894924004404,8258.30700570232,7108.10939026256
2063,0.198,4.03748327310364,0.00944043509567275,0.00821898980055901,13038.9754611272,11487.1746199883
2064,0.121,4.3607600155804,0.0400957715817739,0.0370008468083035,3675.55403719634,3153.34606988471
2065,0.306,2.27175378592649,0.00571625724846806,0.00468667986277444,12173.3704742224,11279.3598488853
2066,0.212,3.81570316515421,0.0204369802019901,0.0136499801827138,6525.84478493939,7439.2520138489
2067,0.307,3.10217999246695,0.0120523637219329,0.0103793790103096,8772.38520396087,7970.51173410181
2068,0.2195,6.24809469939384,0.025713754953885,0.00897930731945261,8444.71670158248,17765.6040997624
2069,0.2355,2.88843931252393,0.00676144696637438,0.00557525892159537,12871.0532750144,11807.0814032141
2070,0.455,5.22056335532717,0.0116274767903441,0.00557240729985411,16229.87288946,24791.75476198
2071,0.1815,2.81950927596862,0.103883934358402,0.0843125540124046,950.332486810864,985.718258057272
2072,0.1795,3.28155763143497,0.00542513245836049,0.00362567560798929,15659.562121376,15812.4191506935
2073,0.3355,3.87607195083597,0.0346872364036986,0.00850162519114899,3875.14703119141,12213.7992753458
2074,0.2365,2.01292435792697,0.0173424994107012,0.00994308999752,3989.10964783103,5155.90813308197
2075,0.251,2.5308123395268,0.0248837149280626,0.0200237655702508,3680.54426684751,3627.23342958475
2076,0.1685,2.32816353159658,0.0895262258926098,0.0611152665376295,907.202299065559,1095.53811858019
2077,0.166,3.70224019131476,0.10395623326858,0.0983250311145259,1279.03803952231,1097.35720630249
2078,0.462,4.5586307707514,0.0081516621105404,0.00416235849644012,19452.4191720203,27289.1710500808
2079,0.131,2.93006139033977,0.0238133798145723,0.0138322831700522,4089.89811831373,5108.93662222287
2080,0.305,6.29175597138184,0.052496115145883,0.0382243992853645,4320.54851404639,5017.85402592642
2081,0.19,4.14231491002834,0.023004480238043,0.00959812984992034,6227.71688222562,10450.6520941439
2082,0.2745,4.30944646681298,0.00960866906327947,0.00797220240338199,14908.461261,13825.1526806273
2083,0.114,1.46825455703823,0.0286881344017141,0.0162867204421346,1685.03066339859,2121.16206415621
2084,0.429,5.08105234109637,0.0145696646619108,0.0117686092743799,12767.1379557565,12408.9890921002
2085,0.2215,4.26248904693747,0.0368895552480166,0.0320798053644564,4236.94684558581,3900.99393026095
2086,0.3,3.41959262283623,0.0159544192776029,0.0091596756267349,7513.75357467632,9775.21017089196
2087,0.2595,2.99458487765026,0.0121768347037021,0.0082543780174036,8350.14966021864,9233.947486289
2088,0.0835,2.70791103012441,0.0314809460906874,0.0283815038954906,2763.71732029632,2425.94113626822
2089,0.3495,3.33544071525735,0.00841445105103367,0.00454280899392493,13325.3039042101,17467.5380973896
2090,0.1985,3.99091726458357,0.0437941227531128,0.0110366076328776,2943.72312667193,9357.78360920469
2091,0.353,3.47757893536829,0.00710608622601053,0.00307275794177557,15970.0820977307,24088.9064884479
2092,0.4145,3.91204767419695,0.00774918613500811,0.00582553590386605,17268.111590434,17498.0412271263
2093,0.407,3.83931146016144,0.00837920213376855,0.00379347214323027,15806.1934098431,24121.7009806247
2094,0.3195,2.38004277480759,0.00793078393720356,0.00615994539551444,9778.82831617389,9520.94920595056
2095,0.208,2.95590119009633,0.0777458295001177,0.0657807600891999,1396.58592404988,1341.59441856612
2096,0.1965,3.69205228668732,0.0130089537689275,0.01037657544414,9254.35106040548,8872.36262441069
2097,0.3335,3.2794613756349,0.00857236233305041,0.00690196496030049,12693.5616922926,12116.7119049534
2098,0.1825,3.93754662437552,0.0154017194569088,0.0107911263191561,8554.70184778933,9191.37354947937
2099,0.3095,3.79440193753533,0.00989725088417421,0.00657265403370477,12920.1644520159,14516.5080246579
2100,0.401,5.5263614324855,0.0104784051464473,0.00503986213442846,18665.1350215899,27919.3807620184
2101,0.305,3.22058794269246,0.00696512887262144,0.0059205220929692,14585.3673427629,13201.2834172801
2102,0.107,3.56249235760721,0.118558419230409,0.106057933782107,1000.22161172161,929.468071017956
2103,0.166,3.44730930857111,0.0212085890266448,0.0197314257682985,5490.94668438223,4670.58251527725
2104,0.2745,4.73401312788076,0.0313874907990102,0.0251610135959331,5544.9615125386,5500.30570370565
2105,0.255,3.08305375554536,0.00946730529782921,0.00529796210671645,10598.3231513058,13256.7719456668
2106,0.3065,3.87722968062582,0.00583803313685443,0.00396599420937942,20467.2660444743,21643.6687884216
2107,0.273,4.43268305196467,0.0169188758813135,0.00679061944469689,9289.68808211506,16331.5058519776
2108,0.318,4.44147720881925,0.00962667881643466,0.00378653135134138,15711.9707012466,26175.833970449
2109,0.344,3.65432789281338,0.00769068935044092,0.0042670434105479,15746.4414602602,20028.8916453032
2110,0.3785,3.81906907746236,0.00735216585751685,0.00446339776205212,17276.3678510736,20698.8754605926
2111,0.213,1.76260008066854,0.0141084177193804,0.00990113909723386,4107.37953087819,4395.85442407033
2112,0.3095,3.36942545049684,0.00697384675883425,0.00510304930445658,15271.0414724942,15579.0482587174
2113,0.1745,4.81807835248657,0.0546268638188892,0.0444087225342084,3182.43037091626,3149.79764024085
2114,0.3395,2.26194260832305,0.00766221349607706,0.00417376092989728,9445.0498493795,12105.5682890657
2115,0.129,4.03128388060525,0.0961230893936019,0.0845716761075924,1511.77453505218,1423.16206110135
2116,0.2185,5.43416419378526,0.00853229077993561,0.00700186059204829,20067.3259087724,18568.2025307639
2117,0.3425,3.73815374968603,0.00916161316971941,0.00604145037107017,13920.6806331952,15705.2065432742
2118,0.243,2.44535972962987,0.0240625666675428,0.0182251200957221,3608.91506362004,3705.27389021031
2119,0.2015,3.55624346013446,0.00817562194807799,0.00601095491907625,13166.874458537,13130.5326902094
2120,0.288,2.07924184736755,0.00998708290923472,0.00452707283016002,6791.40457661613,10076.472282626
2121,0.2735,1.73711859377958,0.0179186503108564,0.0144309272759798,3329.22712687771,3216.0468052806
2122,0.369,2.7696844643444,0.00857564374866687,0.00726908890632223,10917.0156846215,9981.12208059603
2123,0.193,5.40300493054425,0.00716948887917783,0.00457127703471156,21988.1760062217,23786.479925728
2124,0.342,3.56357970145782,0.00922521119770024,0.00469761466051313,13144.2298828092,18092.9027793897
2125,0.3305,2.50550666571122,0.00638547040064908,0.00559905217207281,12174.9488351796,10770.4467188185
2126,0.2635,2.629323239165,0.00808587767563497,0.00709179834141323,10025.2582448543,8881.79440762204
2127,0.2925,2.98485644027659,0.00417253374244475,0.00301825233481535,19811.1113062095,19609.1612611648
2128,0.1475,3.00961029618647,0.0421030914549822,0.0281293897065427,2501.39582194917,2926.14253706262
2129,0.3005,2.81579704732478,0.0105428479113602,0.0086694000693213,9108.56715862257,8546.73249261475
2130,0.194,2.96592584220159,0.0308052412532516,0.0234459590994308,3449.22466408024,3548.83606261988
2131,0.155,4.16214832877189,0.0674657213583902,0.0545958248360402,2236.57945680563,2237.02903161707
2132,0.3245,2.04855836232626,0.0293845926155531,0.0224658319393736,2529.6738784235,2602.862912933
2133,0.2495,2.66157416596729,0.0526639118555816,0.0489008778814234,1875.96570806035,1626.81498925682
2134,0.3095,2.40279327208501,0.00716379039467521,0.00360001322253052,10690.7459116937,14308.3045170963
2135,0.275,2.37342463841464,0.00384485124919616,0.00321123766055868,16140.6439081813,14483.8096165512
2136,0.376,4.00150118958998,0.0153557453540653,0.00510050897649742,9258.77313694693,19376.3879878964
2137,0.291,2.15436758564626,0.0067601153518067,0.00568754215459898,9782.22090038102,8895.39516316401
2138,0.194,1.78193476349421,0.0156873046348988,0.0127909669496282,3777.64836220673,3572.49219711479
2139,0.258,3.44590616451164,0.0101555524955759,0.0043959795025075,11145.7842306098,16933.9336868705
2140,0.1965,4.49495367787901,0.0285884368766919,0.00711316622243365,5361.2904032775,14307.4707713821
2141,0.151,6.25840816527083,0.0460502620346657,0.0435063889014534,4943.2159231495,4191.40763815429
2142,0.3485,2.30299820311922,0.00994482847046615,0.00500698949302229,7887.71410986564,10999.6325557776
2143,0.124,3.17619568955039,0.10732815675496,0.0955674929159511,1048.19526202502,965.847999824085
2144,0.2515,4.70268609914498,0.0147373529893232,0.0127563324943631,10966.3832588144,9988.84453600855
2145,0.227,3.98614664350662,0.00662412953839523,0.00542842004585573,17667.1762346827,16273.1781656457
2146,0.2265,3.40786763369907,0.00753946649682034,0.00552879120004922,13905.410495283,13974.5465805118
2147,0.2305,3.59445187549286,0.0098312519594483,0.00872053849595754,11620.671736777,10217.4341604635
2148,0.4075,3.60048096958471,0.00688463915311521,0.0061411459220501,17278.7295983509,15183.2897426641
2149,0.2115,4.62714654583316,0.0189340953602838,0.016635325159687,8607.80956446023,7684.72470983575
2150,0.45,3.55590923237527,0.0235286243412825,0.0188866925452165,5634.13662405331,5551.97440365333
2151,0.2195,2.5536121785327,0.00819995061720698,0.00655655196110523,9352.18966184258,8814.78898087916
2152,0.1735,3.5710487399905,0.0136107540796081,0.0113918406908048,8476.26460377993,7824.80544811127
2153,0.3625,4.65127792414462,0.0066949980604413,0.00498130233482219,22823.1896918065,23114.5841284302
2154,0.2175,1.74384894122187,0.0243225560978328,0.0165099550702303,2488.12496327079,2803.56781795122
2155,0.4135,2.84872422094065,0.01428661989249,0.0127311278471414,7155.94320467999,6358.9478940609
2156,0.24,2.11270865338775,0.0145420660204411,0.0118329867115081,4856.91442441132,4651.92463816615
2157,0.346,2.38981793384526,0.0100104932587464,0.00499282495678816,8067.80180124224,11477.866306345
2158,0.2135,3.30899469888875,0.00461639128040254,0.00387363805705839,18701.4781415242,16631.063662615
2159,0.2215,4.15304593078904,0.0231819232674424,0.00933304923636789,6243.73765951629,11107.2221242746
2160,0.3725,4.07217479160872,0.00746547220471509,0.0061299709773662,18329.5654899592,17230.6397723525
2161,0.3065,2.21165714090833,0.00642510543900238,0.00274011211466533,10720.8258110585,15697.5265369962
2162,0.1675,3.58441571272517,0.0575799800615519,0.050679570472073,2261.06941117088,2078.04392540408
2163,0.1515,5.52318210329928,0.0516007103933428,0.0436987544650954,3895.80181087004,3673.50735261397
2164,0.461,6.08384020021395,0.0179834440313804,0.0115194247970153,12598.5564352999,15325.4419793222
2165,0.473,7.01558157032423,0.011548674444428,0.00890998029922533,22273.3623291019,22507.9243721759
2166,0.248,2.63614178945171,0.0111167193893855,0.00804160335517824,7852.91071299292,8184.084231479
2167,0.118,4.37968344918144,0.041832380569646,0.0394328495657211,3652.83570617355,3095.81574357896
2168,0.3285,4.70922126881962,0.00938914944657869,0.00775202666787671,17121.8903214548,15993.8664056368
2169,0.199,3.32612516854973,0.0141990522281854,0.00847877617908068,7751.78268346442,9391.7531630369
2170,0.283,3.94024191594945,0.00784073233031109,0.00409013045072179,16103.2172751131,20930.4056681876
2171,0.1935,4.34744029153021,0.0386842799561978,0.035461388546092,4143.13689979172,3595.1487630924
2172,0.2355,3.32322550833339,0.0160884013510562,0.0132520600223129,7158.54792721877,6759.94498341062
2173,0.344,2.9010274001678,0.0154297480117679,0.0109712060247314,6761.19229963201,7350.54117081298
2174,0.2415,3.93902209714015,0.00706627951669583,0.00611513248020216,16823.0001993244,15012.9723661864
2175,0.4365,3.57990949616019,0.0094075815028993,0.00557610510400892,13426.8138313325,16675.8047531256
2176,0.2935,2.29691084602634,0.00882140374702386,0.00664802348251825,8507.8716385547,8518.61709746699
2177,0.2835,1.98946599695624,0.00647980497544946,0.00488815784056466,9391.3581212947,9242.74998942843
2178,0.311,2.35793231236585,0.0091023121644402,0.00477660124094534,8624.17133242784,11427.0526081277
2179,0.242,3.46109062733659,0.0202549829978198,0.00776873304106818,5902.88501322067,10942.0243384898
2180,0.2655,3.46711308378376,0.00844573165174824,0.00591848980319787,13143.7925923829,13900.1634270562
2181,0.157,2.59136909687255,0.016998845973509,0.0107665138432724,4936.3667460392,5628.53912770905
2182,0.126,2.03672985100586,0.0737043901222658,0.0634566817441794,977.523499721557,910.81770469304
2183,0.3005,2.58388442216187,0.0114095475799868,0.00914709238847859,7633.23134572687,7342.95378955514
2184,0.3755,2.62439522249881,0.0324949652278251,0.0147652729043742,2928.83260382771,5105.40726539315
2185,0.3005,4.30283677821063,0.00510519641424902,0.00417165532181962,25000.4312230311,23041.3013226878
2186,0.122,5.27924668945666,0.0239076623280157,0.0196661982105159,7316.39298844171,6943.0026703199
2187,0.31,2.21159525417752,0.0478461387982365,0.042967757622457,1695.34257022048,1512.52076639126
2188,0.2935,1.86060748428956,0.00654743746758742,0.00488922800546177,8721.36777052452,8621.58814232626
2189,0.1195,2.95723319081357,0.0532712437518162,0.0479343634194866,1947.75566711051,1719.22000652723
2190,0.3365,3.84121085305201,0.00990218223366585,0.00530314935990131,13256.0529510308,17791.4642326972
2191,0.442,4.68598859952183,0.0156093947802161,0.00582133128343165,10914.8832728983,21237.47646968
2192,0.2535,1.71271299782315,0.00813858620988314,0.00676986817650984,6505.47526378004,6010.35846391875
2193,0.3755,3.98209429983689,0.00681396496872867,0.0057922022464135,19213.3197399045,17467.9551055752
2194,0.178,5.41350612747567,0.0221738798455426,0.0207766985223059,8433.42161436697,7142.84636400029
2195,0.1735,4.23107027486918,0.0120778156766455,0.0104364009599085,11036.3670562394,9929.74559902961
2196,0.3485,4.44760256858895,0.0371006852768095,0.028040761378074,4436.79056438749,4702.70620210294
2197,0.2555,5.03253290831548,0.0111728256855805,0.00524595935021953,15201.4841894757,22040.2498557106
2198,0.186,5.33360901778101,0.0472610746207885,0.0393868407390883,4153.84158553453,3988.39221527333
2199,0.1765,5.67215049247336,0.030106101603085,0.0288172486633117,6757.35065190059,5643.76969164897
2200,0.0855,2.47598842830907,0.0686303902355585,0.0587604311101723,1245.31511625637,1162.67843895779
2201,0.273,3.61894151994522,0.0231386106737882,0.00764777713724511,5523.51509854609,12098.1185898263
2202,0.2105,3.13451266749472,0.00958461958608947,0.00828202535127687,10213.2776498173,9130.9700634761
2203,0.211,5.69704143140427,0.0574885640816994,0.0480481630965082,3632.42673304631,3544.06664548324
2204,0.3225,3.86027474355582,0.00685156772262063,0.00595430882340545,17741.5115072873,15829.3223786283
2205,0.228,3.07853316651682,0.00696348001442046,0.00629810613019281,13039.8230929922,11165.4600700712
2206,0.1535,2.70976665341987,0.0320007656778883,0.0163643817067499,2875.29763026306,4229.87172654075
2207,0.21,2.18256428194164,0.0264156235885129,0.0184063045159977,2938.58336691575,3229.53119051954
2208,0.3975,5.66177122667078,0.0111554333343606,0.0073458855664624,18166.5260757345,20938.730850509
2209,0.4625,5.91035712196125,0.0111617845460714,0.00631779353707071,19071.1017710856,25384.8688772241
2210,0.387,3.34882443330132,0.0172956705377821,0.0152130010451377,6999.41827938986,6276.14541492187
2211,0.3605,2.47841538126482,0.0140807120787414,0.0118046171346243,6278.87358353684,5857.90034806886
2212,0.1595,3.5517796983008,0.119174943825294,0.0850276687547633,974.954109239177,1240.92992873758
2213,0.321,4.42208816047242,0.00728952100814074,0.00556993143230208,19828.1421746535,19622.0877145787
2214,0.1365,4.0482676912422,0.114360870965353,0.096454443851455,1199.05096060724,1228.72565187765
2215,0.1695,2.40695883258236,0.0509449396865279,0.0422669160504079,1730.94084412734,1675.53458050014
2216,0.135,3.0236847062024,0.0206077059535412,0.0165044874455708,4688.44338188591,4437.48541620281
2217,0.1505,3.02549355004261,0.0764840310066588,0.0623306499516496,1428.23969088445,1430.45958952141
2218,0.2575,2.37931180912082,0.0228400373941229,0.0112007065072405,3730.44724021558,5680.18206345171
2219,0.0995,2.52881396820134,0.0440864835207546,0.0363183649272823,1970.79302359757,1869.43556803433
2220,0.2725,3.21230854417522,0.0630916952175825,0.0444074594001668,1842.84365034881,2147.94301292115
2221,0.1535,6.41874909689747,0.0266147926834857,0.0240710012366016,8444.37822326408,7400.06671633143
2222,0.2465,3.12375331400532,0.0181160983185335,0.00707796699397363,5975.76767186734,10731.0081971841
2223,0.3025,4.1092817401013,0.0115116730014744,0.00878948353400804,12343.2164156936,12386.2382842281
2224,0.2005,2.60534503025589,0.0101545575278379,0.00819329479462939,8048.61616458106,7634.86724286949
2225,0.391,4.06619125244405,0.00972125601536782,0.00531179695679877,14490.5344554777,19203.5579953833
2226,0.2405,5.11561654679344,0.0161652757628135,0.00624270263890617,10980.241635914,19216.5245782366
2227,0.262,2.26244075437945,0.011375477096394,0.00838746366934045,6696.416105647,6880.81726078624
2228,0.4125,3.44230176966598,0.011054542848627,0.00730656737781341,10921.2334607042,12490.5920700581
2229,0.246,3.41098721936435,0.0123281897642932,0.00959392398738811,9266.38097706613,9162.71172030884
2230,0.142,2.39836124068144,0.0260094868269086,0.0182901908288818,3112.31850589767,3386.74355355739
2231,0.2145,3.6565075349975,0.0139388271473225,0.00714289018546854,8683.29820868047,11999.8540084823
2232,0.442,3.95124636543404,0.00665748792203712,0.00506271778773731,19995.0938541981,20004.8475750319
2233,0.256,5.5896451589821,0.0244487443118811,0.0216753734252606,8288.3822764224,7384.61386472357
2234,0.383,4.71628177614226,0.0095112069413437,0.00645070560720003,17372.7373345004,19353.8995157059
2235,0.1915,3.89788198727578,0.0189468892114947,0.0167282826592573,7001.84858928905,6247.20526632865
2236,0.346,2.51571768055141,0.00890106948393795,0.00510847165158272,9438.31198953904,11730.8002181694
2237,0.377,3.10256339038275,0.012876427920493,0.00839464143997086,8567.13217782958,10015.462017133
2238,0.341,2.71132355322131,0.0105805473246714,0.00771146862397532,8787.4313291269,9145.69382567107
2239,0.183,3.76476361449139,0.00742648834333658,0.00538993321188297,14519.4660003771,14438.0873937787
2240,0.3925,4.34070431254862,0.00787886324815919,0.00630925620507643,18740.8086978901,18020.8667828891
2241,0.15,6.63168853802085,0.026237145023295,0.0242372977766002,8683.94105970006,7428.8396121394
2242,0.199,2.63995397637617,0.0152127348987673,0.0138612989861303,5759.30009359091,4967.68945551546
2243,0.223,3.48362512941542,0.0583049765567919,0.0364653409893209,2107.53282462981,2762.07725464945
2244,0.3515,5.794570334735,0.0394582020591667,0.0331347125491109,5520.99933054358,5286.60915252506
2245,0.1485,5.61218738291594,0.105706547964563,0.0958376240917546,1902.18291040148,1737.5167243783
2246,0.118,2.38034498317118,0.0837838898619937,0.0774230439964649,1016.54962699861,885.281428961003
2247,0.1095,6.6291579636273,0.0590416783660046,0.051170817552565,3994.11685998941,3682.31281261329
2248,0.1495,2.58994312285475,0.0796353925535601,0.0546497054484326,1116.87825657809,1342.79561629407
2249,0.3115,2.45215266910373,0.00551626182300898,0.00436473232101285,13389.405803086,12694.5669690271
2250,0.237,1.88733539272149,0.00876960025395612,0.00528473386603933,6671.03165917332,7716.73878434394
2251,0.2705,2.71049820254237,0.0158116520184423,0.00826529987376129,5958.82474540007,8330.16030362269
2252,0.268,3.8539745211417,0.00959136152924526,0.00769437588339487,13163.3388612874,12594.0702341137
2253,0.214,3.64774787112199,0.0110431535893362,0.00611174364591627,10727.0509887379,13454.1230601571
2254,0.288,2.03109739376245,0.00478008076966533,0.00332288429612035,11956.7026357288,12110.252325338
2255,0.2165,3.72074006090574,0.01081319950128,0.00903582675273826,11114.3811705507,10256.1913433714
2256,0.1895,2.62154790501607,0.126579341713937,0.0902826690310432,683.601748910565,867.173943964124
2257,0.3335,3.72528334295173,0.00788985748207533,0.0052202881384015,15648.5685078283,17306.7981582353
2258,0.244,2.33589033031341,0.0108466826551422,0.00761589295302413,6959.95842116925,7349.74720591615
2259,0.249,3.71270678175381,0.055094710371379,0.0479018602527239,2497.60790189326,2316.05842541583
2260,0.317,2.51856137049718,0.0138360865144046,0.00502420403112397,6231.12529624285,11766.642668259
2261,0.1205,4.58119360855759,0.0189433683709389,0.0149664802667978,7681.78502879079,7470.87827223272
2262,0.2845,3.28896702656489,0.0124239582955305,0.00652706056261726,9070.41113228533,12393.2924947599
2263,0.259,4.33947644439874,0.0322978513439839,0.0132439764099463,4723.87330779594,9077.36025169295
2264,0.2495,4.32673263277445,0.0135474049789472,0.0113291092967299,10908.1909563759,10133.6647146152
2265,0.281,3.91486183182001,0.0119780197019812,0.00616424887778249,11020.0520797896,15196.30225609
2266,0.1915,2.33015579329724,0.0232359820069141,0.0202281452212513,3479.43097045717,3154.11815666162
2267,0.437,5.08427341601469,0.0130080572858254,0.011081062562688,14117.734846646,13042.6538313135
2268,0.0945,4.72257371589741,0.121188968171161,0.0873769590113406,1193.9826216495,1553.97793787593
2269,0.2165,4.53844777434785,0.0091919418372542,0.0074874947793342,15584.6382401259,14612.1514051871
2270,0.2445,2.36663850332702,0.01845557638915,0.0068922423565664,4457.22211102374,8175.57515889382
2271,0.237,3.7319435840636,0.0566394845578827,0.0355088961185678,2338.40147069586,3126.1608118955
2272,0.199,2.75634616202405,0.0686643191395446,0.0325018935280025,1348.79801258716,2468.5443816661
2273,0.1795,5.01769141835352,0.0298846638070861,0.0259585911798967,6015.00246787575,5499.38372689828
2274,0.445,5.75365378991951,0.0084635297669351,0.00594644831529001,23845.5636353621,25758.8530642243
2275,0.177,2.61678443706207,0.0248772366220958,0.0114173395555852,3578.54191007689,5700.43970043551
2276,0.3485,3.12646461062059,0.00940346404436079,0.00600594993639471,11333.7807621402,13129.1123272292
2277,0.448,4.48273258697695,0.0100193612139318,0.00659964816187961,15724.1250018396,18158.3106281655
2278,0.358,2.51048737518589,0.015425796960896,0.00584339950228922,5763.03592511545,10652.5405389714
2279,0.423,4.77824386334373,0.0108692254671002,0.00718018998867037,15743.4044118889,18099.6277498364
2280,0.143,1.80895782500207,0.019617886466304,0.0164642030835736,2964.25156264515,2732.00908090522
2281,0.256,3.15658773951729,0.0110445835029374,0.00660181855949318,9522.2122714953,11570.3400036695
2282,0.348,2.70837938615942,0.00392477521732197,0.00333033196361177,19570.1533553606,17496.4474683685
2283,0.3355,2.69450647594865,0.0148751562896556,0.00469613903386412,6394.82414320584,13681.4819322011
2284,0.2315,4.37273571547757,0.00728452806876786,0.0059373500784929,18032.8985325556,16750.3078348423
2285,0.329,3.63711602103089,0.0061790711007512,0.00392719064164459,18764.438280177,20801.1386654424
2286,0.3285,3.82576713823067,0.014065636475,0.0120820270823842,9644.61114676725,8798.0667228467
2287,0.256,2.43130478633256,0.00835420953110655,0.00671149972856658,9123.48733350018,8638.12262086619
2288,0.268,3.16097245625195,0.00420990423364276,0.00351878378435922,20113.8135235878,18076.6126937679
2289,0.2135,3.8313380410099,0.00800876081445481,0.00469161888768189,14497.0684379659,16980.6996890674
2290,0.297,4.57976801374689,0.0177011677754133,0.00488109226871968,9075.37313263928,22120.2410232068
2291,0.122,3.85790053114795,0.0408826236950317,0.033173667073997,3350.82467257119,3246.42567841726
2292,0.253,1.92196063048132,0.0121427021167371,0.00834303601971459,5151.94723003347,5585.50317232513
2293,0.3795,3.13315286973011,0.00800232974117349,0.00436607554675933,13182.6204868914,17167.1323783154
2294,0.349,3.70047032723692,0.00907453768705453,0.00422158342551974,13888.3969318063,20557.8517547194
2295,0.2765,3.36595475760548,0.0249791792003184,0.00827701314856932,4788.85281764172,10472.8888998143
2296,0.2925,4.16904781148398,0.00628432807263491,0.0032503508005981,20625.3151992591,26387.6347944574
2297,0.242,2.82571707240499,0.0117607264158112,0.00852316122890489,8184.9602867295,8501.08975583597
2298,0.108,6.41024069400651,0.0426500503997039,0.0234792243139724,4979.26725351878,7067.9532454238
2299,0.2805,3.09889595535887,0.0103110496153147,0.00827013225184488,10045.2353522552,9573.20638765618
2300,0.224,4.3542770097983,0.0114009273020543,0.0090348941337235,12501.9985891609,12062.4527047486
2301,0.2575,3.59595210743499,0.0103009228229369,0.00446468922990256,11480.3514169027,17461.6100460194
2302,0.239,3.35578856128806,0.0147366115703656,0.0132476746615657,7756.4534580875,6814.26838131461
2303,0.2485,4.99055370645483,0.00788771542558797,0.0045165843836028,20097.23429901,24284.5400762759
2304,0.4325,6.50202993460726,0.0338770449967653,0.0301249899124984,7415.55070972459,6694.15700505071
2305,0.3,2.31957719988922,0.0111238091296312,0.0101161935365928,7015.80063922435,6064.89032761401
2306,0.3435,3.39058784394833,0.0104266068142136,0.00819534823700759,11217.7181239864,11059.6043461585
2307,0.418,3.56248713601972,0.00702356864408781,0.00434692893334096,16893.1103045533,19891.187553623
2308,0.296,3.11022684174942,0.0153383240286212,0.00357281300549351,7044.83258037257,18149.48981026
2309,0.27,4.99246901476883,0.0112109244183706,0.00537250290681781,15001.9149262965,21643.7199267318
2310,0.3075,4.13208072831653,0.013324627781166,0.00683992765218802,10820.5047105559,15379.589783973
2311,0.356,3.51226127438638,0.00674837422701928,0.0055114413220741,16949.6141201917,15881.5977453241
2312,0.2685,3.50588860877536,0.0136641357393486,0.0118281825704343,8834.25916444395,7963.31297117082
2313,0.235,3.42383070742119,0.00717056306905523,0.00542875273620846,14485.8539620969,14177.546623635
2314,0.182,4.30458199685615,0.0243924275646679,0.0101620385383206,5920.32690314676,10407.5278120193
2315,0.3155,3.62916095241985,0.0072794234474392,0.00528583365040252,16026.9682450207,16390.0667471922
2316,0.2555,4.48035960873367,0.00988078955079371,0.00758313113297623,14943.2448370877,14760.9391995141
2317,0.368,4.26685957473866,0.00953583474641368,0.00468531015028901,15409.5495814979,22071.6257668472
2318,0.138,4.26995704319163,0.00900085273424506,0.00722119769475607,13176.1096713151,12171.6271869589
2319,0.2165,4.35555311601143,0.0840413887855666,0.0641537033854642,1821.39272426908,2085.64914623443
2320,0.1975,3.70418959161303,0.0162450583159184,0.0138448661869232,7664.49413939328,7010.64296211138
2321,0.1225,1.81873494191579,0.0795442844524299,0.0724994149012756,830.134946929868,737.18288623458
2322,0.108,5.72927758520967,0.0462363032656195,0.036204278703004,4305.47209210578,4299.44954698049
2323,0.172,6.52470876286675,0.0362704249408495,0.0294400527792983,6580.80663105298,6448.87712651547
2324,0.1855,2.44288230611406,0.0780199311297425,0.0666657460938355,1126.61617485197,1073.98451306553
2325,0.3095,2.66368181713616,0.0102947066045883,0.00684672839431539,8738.76219058485,9773.53874102566
2326,0.144,3.28272587408526,0.080241810606874,0.0711514963858515,1447.48141706958,1337.91240808014
2327,0.1725,3.56970951497704,0.0674034564272647,0.0585078975463276,1956.71716060436,1823.52362933064
2328,0.2795,2.70991582761497,0.00579863752960797,0.00451595126176394,13711.7599343505,13097.2467675321
2329,0.3145,2.32237048380454,0.0157570185647679,0.0083092850743129,5217.10949336406,7319.34679365571
2330,0.381,2.75720707615479,0.00749396120639773,0.00599452896821535,12111.6162594134,11581.2320017258
2331,0.2645,1.92723921420754,0.00889012066964002,0.00342062452160818,6815.08340874639,10749.2418931593
2332,0.1775,3.39272365402122,0.00947397227906318,0.00768016002221797,10670.4975981395,9930.9953246511
2333,0.244,4.28619551418342,0.0138194843383512,0.0120784710587532,10507.6750053995,9398.67072668471
2334,0.4315,4.35405282298271,0.0667393133721576,0.0608154944375482,2437.81679462071,2166.23584853669
2335,0.183,5.1638537916178,0.0429195286236154,0.0250677163269143,4245.73662702166,5816.08290305029
2336,0.155,3.26174034752501,0.0258164115768919,0.011599827388397,4240.56201312153,6971.75578337677
2337,0.319,2.30195705484936,0.0198369822707758,0.00556284239846317,4096.52893211689,9957.29549792107
2338,0.3105,2.37072613292578,0.00446124102639728,0.0032626863258455,15047.6911811198,14820.7773446399
2339,0.151,2.6519021396372,0.0331044610131945,0.029959586632548,2859.48219116602,2502.27225972797
2340,0.165,2.86345518372347,0.0230688579561339,0.021332396159854,4253.63042846628,3640.02201024278
2341,0.308,2.38139911393492,0.0207851943653011,0.00751925234064089,4058.55915769166,8032.29782657594
2342,0.2935,2.2335924030157,0.00414114056827011,0.00349294115452543,14562.3813661275,12999.349827187
2343,0.297,4.35771142363148,0.0129730109132297,0.0101317590685926,11751.1063386334,11676.8214069568
2344,0.239,4.22590456455554,0.0130510385325879,0.0101033509027748,10903.171545663,10852.4005193753
2345,0.3455,5.62538237366927,0.0117469610481917,0.00891356889935472,16745.0836820084,16953.398245614
2346,0.179,2.18544012152097,0.0537047898239921,0.0252238932101009,1382.57819929688,2394.39910135224
2347,0.3525,2.81065933134051,0.00771554815165778,0.00480134923308933,11952.2847681675,13936.554985901
2348,0.2015,3.47766567561948,0.0340981442029566,0.0310163042170383,3767.6050207369,3300.44136710802
2349,0.3315,4.57172327734679,0.00516230624292169,0.00411219805452556,27201.730807412,25658.3546734955
2350,0.4375,3.67007981318224,0.0138281865052846,0.00753675280799926,9600.3115183888,13243.0024357395
2351,0.2105,3.61048606167245,0.0102735076518819,0.00877401198663147,11418.5638312616,10362.4301907348
2352,0.189,3.19419438502372,0.0764087350358719,0.0643049522133525,1511.22304727694,1473.14479334977
2353,0.202,6.45917085796798,0.0970027320108534,0.0545518635409149,1858.30155686001,3561.74367425936
2354,0.1545,5.50449226216225,0.0221354890040973,0.019470162941485,8425.75675227163,7528.340643487
2355,0.1345,3.21652131481316,0.0510260726181017,0.0447298274196062,2287.7522476332,2059.08709303663
2356,0.246,2.87330663192678,0.0203804772995308,0.0117123110159206,4980.03218353913,6653.09259287086
2357,0.2895,2.42498834388822,0.00686872970383486,0.00497340012789219,10811.1369567151,10987.1839360561
2358,0.257,1.99634869513524,0.00786787013912262,0.00628224762701048,7758.33348592569,7359.22100407131
2359,0.2485,1.93856783484749,0.0177126845693428,0.0099543855544588,3758.05190795824,4923.20649431734
2360,0.4205,5.78170117828659,0.0367458355932535,0.0326799045212873,5933.12732418153,5365.66863997558
2361,0.25,3.02667036051491,0.00698599151121279,0.00627601866355696,12996.9128674729,11188.5649762248
2362,0.436,5.04272356182381,0.00635606588222656,0.00511051027611572,26728.315257372,25534.3232361817
2363,0.4415,4.75626562496136,0.0166904846332708,0.0110844539833418,10552.1428831471,12345.2578157238
2364,0.2055,2.7221029360713,0.0085404499405846,0.00681233401586905,9621.29707527796,9031.43887167952
2365,0.3575,3.69123476433322,0.0124662308331893,0.00791803977145891,10439.4201303742,12415.650558606
2366,0.115,4.3190928042446,0.0215282741117755,0.0186544014148725,6552.09578893384,5835.46927123364
2367,0.2315,3.92516159151609,0.011749701686449,0.00948285373340144,11034.8635020434,10533.6086893258
2368,0.106,2.69847223626827,0.111453643336696,0.0901520731719587,837.405861136758,862.976823352954
2369,0.2805,2.42503297936908,0.0124274814259347,0.00953248147065481,6711.5399567394,6719.4268693317
2370,0.381,3.01790726702495,0.00891246270320795,0.00788888387633951,11504.382539887,10169.1178218783
2371,0.1505,3.32847955045482,0.0157838742906427,0.0125282978696607,6737.44623438263,6470.69221581354
2372,0.4265,4.23621555024234,0.0292425890811047,0.0236123298322385,5500.54010744066,5400.53704238613
2373,0.255,2.254996241967,0.00495988679528081,0.00285863525083872,12594.4588868639,14221.0300560569
2374,0.365,2.25574175934695,0.0114108918686307,0.00624715516881659,6871.93725920468,9162.23224249968
2375,0.324,5.032490291669,0.00923562266316391,0.00448593323744584,18424.5814202813,26240.9132266789
2376,0.2425,3.60127573804316,0.0175920162618583,0.00975677565057659,7097.43378584362,9541.07237866081
2377,0.3015,2.36758520275161,0.00964994393062855,0.00495429453939745,8162.30527889552,11054.7472054314
2378,0.287,3.63150740278463,0.0109686815834635,0.00866205776134986,11166.3759405489,10920.3330903288
2379,0.386,5.36030051419308,0.0142324937387251,0.00831520465799444,13608.4273017791,17585.3143452134
2380,0.2975,3.0527441149855,0.011906575065717,0.0110649848939019,8823.28447338168,7500.27757918398
2381,0.159,3.59652611060112,0.0231839172912204,0.0189610605242444,5306.73881931231,5069.8892878437
2382,0.3025,2.51137708196183,0.00792993481944061,0.00728759324540955,10134.5515773433,8685.35415904474
2383,0.2675,4.23063170987243,0.00793119624079566,0.00569767504775497,17123.3523227093,17667.8782342472
2384,0.349,3.38964700405973,0.00887233809670218,0.00723436581032366,12928.6850367258,12149.1885330182
2385,0.303,2.69384222111965,0.0109645565412399,0.00530927048972746,8306.6673962296,11916.4
2386,0.265,2.85958707647075,0.040365157789933,0.0361116048150929,2601.85464098482,2313.60169341416
2387,0.266,2.83185538025129,0.0073784628425711,0.00554294262196479,11882.0933241741,11719.4382610819
2388,0.352,3.03605400005722,0.0153779023736892,0.00894700965201328,6993.86402819206,9061.84423398713
2389,0.2955,4.82481483701034,0.00639967441253426,0.0052306891492793,23557.7825788538,21857.1489257302
2390,0.4225,2.7862189204241,0.00485332509651659,0.00357167725011763,18105.0500764864,18215.4265096848
2391,0.184,4.00323147957435,0.00830844900041267,0.00524244464788362,14220.0963262669,15577.8129114246
2392,0.264,2.07764024021267,0.0290178495176905,0.0185615016902897,2591.56272813901,3166.17632461835
2393,0.1385,2.91697787960664,0.0532323518107379,0.0489665050540871,1978.89351792209,1723.39838567104
2394,0.4255,2.96650843519215,0.0112963608266047,0.00618486707846554,9266.7502954882,12591.9393877533
2395,0.386,3.58764295708778,0.0145939970123511,0.0123780466857679,8799.56443091403,8160.63070004844
2396,0.3975,2.76162626583404,0.0127338978408239,0.00737323248193572,7620.28032339309,9797.58504869088
2397,0.439,5.08297402446997,0.0137352143597005,0.00605026485079601,13407.9933780416,22335.4379884247
2398,0.2355,4.103980621582,0.00769994891749276,0.00452036113726671,16470.2108808635,19291.299012657
2399,0.352,2.6033919110288,0.0127866957438849,0.00843052851800656,7135.2330356086,8176.35426052909
2400,0.336,2.48047356997717,0.037112057393389,0.0312976221255546,2423.76315632274,2276.46942527645
2401,0.176,4.0730718009238,0.0131163782877777,0.0107288728889348,9951.09112340292,9287.74726381975
2402,0.418,3.22668496169233,0.00599856733644417,0.0051433713735219,17496.6291485976,15799.1519093482
2403,0.3585,2.57127959465015,0.0130587405726953,0.00927392497571115,6850.24523744569,7455.03371685483
2404,0.2745,4.12083411476154,0.00732096595810201,0.00581740843035641,17759.993115616,16821.5872037209
2405,0.299,4.10454715010152,0.0102612756426689,0.00705966861661936,13566.7489727786,14779.2259895461
2406,0.3435,4.34189306870478,0.0236835388785507,0.00701939935281661,6524.03818561749,16169.2255127665
2407,0.141,1.38630053452089,0.0157733256759761,0.0136709967101706,2689.35923516009,2394.59404231534
2408,0.266,2.24238647121491,0.00829729736914899,0.00653617127498909,8516.9181751472,8180.63396526304
2409,0.1605,4.9036407888842,0.0143833575020172,0.0129280935427577,11184.9442677888,9811.00826295366
2410,0.402,3.21208059420254,0.00990516687871294,0.00428546416687327,11335.5790229035,18074.6805004577
2411,0.215,5.78051947456657,0.122968954918486,0.0950217170063627,1511.19344677156,1840.85244546474
2412,0.405,3.07144362734342,0.00932955218388041,0.0077298527412855,11313.3659625445,10649.232814195
2413,0.253,3.03766670958061,0.0119564094810991,0.0046206576767035,8484.07875721021,14290.9276346104
2414,0.275,3.79224823943414,0.0161807121876238,0.0045372932060554,8123.02934561331,18549.5200543614
2415,0.262,3.93521506554729,0.00523324771125346,0.00431593332041475,21693.0837118,19700.718685421
2416,0.102,2.13893956840437,0.0279185508026075,0.0238735560691952,2545.49170769317,2333.9250700036
2417,0.2465,2.97454845018803,0.00985073461113954,0.0061812899961081,9875.7728407013,11346.2008297317
2418,0.1935,4.13792152553733,0.00921301349512356,0.00819615175619831,13566.5959984655,11820.3220877301
2419,0.27,1.95806338492856,0.0147995862716522,0.00942773133509282,4551.22019840703,5392.16879481934
2420,0.139,5.80814220946276,0.0636972919739956,0.0577426612908975,3307.51037667587,2969.9783210182
2421,0.232,5.06932154051424,0.00602824168655932,0.00490345877565653,24577.1748915165,22643.2684563758
2422,0.14,3.10513603136488,0.0343437774911974,0.0143831132946309,3016.90827605435,5354.47693699126
2423,0.308,4.64862371623123,0.0504760963113399,0.0488750272562678,3391.53139930029,2796.03372718256
2424,0.398,3.62506892047977,0.00933417860467928,0.00749126922526664,13629.9644682369,13157.9422553438
2425,0.3585,2.39447932419993,0.0120029164503035,0.0041302784329917,6919.04221681109,13299.8079483765
2426,0.1555,5.87090046610365,0.0107392176358615,0.00730343636616065,16492.7169508053,17397.8742700164
2427,0.0965,2.08205010051802,0.0568947219773917,0.0487778854244528,1272.20402251687,1165.48981800358
2428,0.4035,4.13266745735292,0.00942071674402955,0.00581885716573706,15337.556599291,18586.1647758018
2429,0.264,3.72393089040085,0.0180872080955612,0.00719003831142432,7223.76386422483,12884.7577613322
2430,0.299,3.15813807821754,0.0062670072766213,0.00458132922300227,15740.7545489943,15962.3297151623
2431,0.179,3.90199223990189,0.012171382852978,0.00814481651078817,10170.1338513616,10989.4627798602
2432,0.2685,3.25561286647136,0.00425071667663787,0.00350303352227157,21038.6333490925,19032.2607318749
2433,0.1815,3.84578834315444,0.0259517648081823,0.0242211183873604,5254.75771055315,4483.09276088013
2434,0.1765,3.46840139937221,0.0137399054144691,0.00945333896469884,8244.13829600681,8860.9654918185
2435,0.354,2.68287850782501,0.00629788810273529,0.00407982341725516,13515.5673988564,15024.727192167
2436,0.1065,1.6357152848984,0.0245535673415972,0.0191627642546091,2164.23008493469,2112.94232309746
2437,0.1525,2.86878343095526,0.024832170465786,0.0176652535876805,4021.26549627046,4294.00364317582
2438,0.2515,2.76008015332124,0.0111199452309662,0.00511744538277781,8275.45126655645,12043.8849028563
2439,0.174,4.54114614230096,0.0432399286213573,0.033063823416965,3743.09089018388,3955.60600039951
2440,0.0935,5.37962997532752,0.0206785885393966,0.0170530299918423,7983.40745069665,7379.08267997149
2441,0.1465,4.48126750214925,0.0124125467551006,0.0110346996188295,10841.4710389717,9465.19908785383
2442,0.2415,3.66945042813367,0.0109835873402556,0.00692706629270885,11007.2604708249,12787.5013864241
2443,0.2765,2.71399415319299,0.00920222259462594,0.00586712752887077,9553.80168412164,10862.1311667252
2444,0.104,4.34427062148189,0.0277558440109789,0.0238108962183135,5315.45153329601,4856.39164592091
2445,0.0715,2.20916860278392,0.0572130144480418,0.0506538972955932,1350.27752456426,1214.51343772917
2446,0.2905,3.29694724867834,0.00654350133865343,0.00528945604875869,15725.807767704,14836.1831966829
2447,0.2305,2.27278330648016,0.0166050289899091,0.00727669722842516,4730.8147563622,7503.06991059651
2448,0.2055,4.37174862928247,0.010004127458512,0.0087598566541122,13910.406985588,12295.6323110311
2449,0.2695,3.21835124537246,0.0203771691398635,0.0151685431225523,5625.49435565088,5920.15724351679
2450,0.424,3.88910348755575,0.0100089501763241,0.00663523965296113,13711.5488443237,15621.4981451604
2451,0.159,3.42121284178517,0.0244296811897946,0.00727514692608167,4702.76040255643,10264.1707116029
2452,0.179,2.49223347319852,0.0226460374618333,0.0177101822439626,3840.56893927665,3824.68825474542
2453,0.4335,4.4580746438041,0.0117957503707676,0.00791641324402202,13530.3812288599,15457.1894588942
2454,0.251,4.23109753844063,0.0103285485098391,0.00517838429793011,13607.4555696157,18654.6695565923
2455,0.1975,5.28194501908968,0.0131305408129224,0.0118038899304859,13360.8588912269,11648.0792488135
2456,0.162,3.23146311785682,0.0727073848998433,0.0436132372252798,1564.64551097546,2181.14030223886
2457,0.3175,3.53512859640275,0.0144048280318142,0.0135762264676101,8567.47773290976,7194.29004297156
2458,0.3775,3.68906452994445,0.0063040759510474,0.00423472379829092,18901.0937602757,20574.806589886
2459,0.39,3.46650435092174,0.0149194707115212,0.010867801121643,8380.51345084349,8923.06199479515
2460,0.2585,3.09246702662027,0.00678239575619771,0.00303932287560301,14022.4860281974,19272.8216583079
2461,0.4035,4.3238027938641,0.00844640579148426,0.00524915639565499,17804.7468240923,21080.7365579863
2462,0.2695,3.05869192282425,0.00631040234239124,0.00465937676311278,14547.5007924025,14469.9731684271
2463,0.349,2.92401057308813,0.0137973644323567,0.0109723813351029,7524.51728449199,7396.73954166061
2464,0.2315,3.18125291998014,0.00756943759124831,0.00645028533366382,12850.8616045279,11523.988027153
2465,0.1735,3.22276237717892,0.0350235873984093,0.0159799668409292,3217.14549194576,5331.48230689231
2466,0.2635,5.28510424624109,0.0198834883962093,0.00530120878787573,9196.0733666428,22952.0180376103
2467,0.292,5.65505862863029,0.0293585638206629,0.0171647053882641,7106.97037640965,9576.31514227687
2468,0.302,2.32282017949062,0.00856816747432919,0.00706840585170373,8658.94485516434,8040.89069095598
2469,0.1375,2.26794960928032,0.0171892103152499,0.0156453659598577,4225.17426973432,3629.89484189337
2470,0.306,4.45645930032723,0.00736342474218249,0.00590146286065731,19391.3996063603,18359.1649548057
2471,0.3265,2.65426107334292,0.00579061874464748,0.00418412162705045,14003.1387723526,14257.0615936703
2472,0.42,6.00326074206992,0.0124541545658653,0.00738600665858473,17432.4063152548,22143.8604494867
2473,0.3735,2.5525778814753,0.00666050316788324,0.00560543339447667,12254.8911323329,11271.4577270755
2474,0.272,2.43889246855475,0.0112387234649959,0.00906693031270723,7317.07212358818,6943.10108993103
2475,0.326,3.51238144299093,0.0073528095391167,0.00561957407691129,15478.605158085,15302.8701486504
2476,0.3465,2.89153713003109,0.00602009288396289,0.0049243673706762,15087.69962991,14039.2356554164
2477,0.3585,2.48197787792399,0.0155418916751598,0.00522070686773758,5601.68516990669,11580.5143850713
2478,0.3095,3.8153011890435,0.00834156989062302,0.00677813558537429,15110.9535617478,14294.8788661619
2479,0.412,3.4441222259286,0.0120236765321095,0.00519379844977838,10149.1571574635,16905.0873471557
2480,0.382,3.54667285980152,0.0127938485458192,0.0113496666479257,9769.10434401949,8653.61086542799
2481,0.339,3.86853803790851,0.00918234436266969,0.00603426840806883,14289.5643221312,16099.6585721033
2482,0.222,2.59224858128604,0.0122355530507971,0.0107561232877716,6961.25136705819,6200.08094678099
2483,0.308,2.42439527139205,0.0150497111543663,0.0132158293748192,5596.09828434195,5032.33118709025
2484,0.1115,4.1370440556392,0.0652661268311665,0.0591329665819517,2235.6276492284,1975.208803003
2485,0.259,2.43111527339745,0.0182430348759441,0.0109862787088279,4634.7252285192,5836.38689111106
2486,0.14,3.36428215088628,0.0521931642136934,0.0472319483517075,2322.65507146203,2042.023952633
2487,0.206,6.05060618153686,0.0231425241307846,0.0217212480566641,9369.27420436847,7945.49772899988
2488,0.299,3.40321016857577,0.0139359063014842,0.0124771642734009,8521.67659468308,7482.08514863998
2489,0.3215,4.30343797435246,0.00759528091587035,0.00662820101329373,18600.2926321929,16638.0650391884
2490,0.2765,3.60955291392425,0.0261944430876084,0.00721023219114612,4812.61070480288,12451.453612814
2491,0.1045,4.20410786302721,0.0838487333101995,0.0661604723216344,1721.11937986422,1813.48579215582
2492,0.208,4.44737793736385,0.0170419388452868,0.012701640271539,9017.31464386026,9279.67032716979
2493,0.1035,3.67028853129912,0.0750194497223244,0.0443032067883234,1670.90303805025,2405.08658592429
2494,0.271,2.74879230285572,0.0122353400428509,0.00716132837449286,7571.27691182998,9354.91168989011
2495,0.3275,3.73680469686947,0.00768052445904797,0.00402104741429649,16108.3763996609,21208.2692539832
2496,0.3315,2.50300906484898,0.0103695464686509,0.00442324105224098,8151.90083017854,12910.3124728015
2497,0.1655,4.29161246398404,0.00756452500147764,0.00618817127673142,16166.0842092621,14736.7120833467
2498,0.3985,3.30421718740489,0.0066376320883828,0.00556409840230662,16293.9243085218,15002.6414547199
2499,0.4005,7.07220315706985,0.00771203615726644,0.00619698078801848,31622.3603740928,30365.5125086902
2500,0.309,3.26225345944377,0.0107684939768553,0.00663197992437004,10270.7411497218,12284.6691266046
2501,0.189,4.4184791216078,0.00978780226375608,0.0047236322998098,14166.1362671653,18986.5406427677
2502,0.1555,4.90368459698105,0.0344341031611469,0.031065948128032,5006.98944958612,4411.54174148299
2503,0.109,3.27698025567008,0.0352346646773168,0.0318477726725955,3164.29343445373,2783.47209131846
2504,0.1345,2.75790829296126,0.0202589412442601,0.0171924948318224,4427.94578732553,4050.29162591759
2505,0.1975,3.42725015357039,0.0162075768935725,0.0142116840309743,7186.4694584493,6441.41667940484
2506,0.31,2.5146312886962,0.0100932964982861,0.00344669335175485,8325.21830210386,15360.9820213599
2507,0.324,4.25876554397744,0.0306640102974617,0.0242994578794364,5122.31271026757,5165.40669175371
2508,0.2815,3.5168913278841,0.0128595206997752,0.00532108037030927,9385.71222389164,15493.6632855817
2509,0.429,2.97757713469466,0.0114114036510082,0.0041076822055631,9263.69392700439,17569.150875219
2510,0.182,4.27258864485068,0.00747048619493518,0.00540353945752689,16163.9856626605,16108.622560696
2511,0.352,5.01575465150613,0.0107134591011718,0.00874766615120244,16436.5732690393,15625.8419001218
2512,0.378,2.73692665357431,0.0276869487379471,0.0181330185642421,3594.09668262411,4317.45575494282
2513,0.27,2.78558658459028,0.00679826783770073,0.00574966919064931,12546.0285006196,11397.2718200043
2514,0.4325,3.35112996017646,0.006405198010027,0.00455567723720736,17380.3838948679,18303.0479170987
2515,0.4155,4.71492883297315,0.0163757590394665,0.0123917504011314,10511.4263141815,10846.717274517
2516,0.378,3.67558166979841,0.00791371943279345,0.00486233599765391,15597.153880191,18519.3616510202
2517,0.3105,2.80670071584786,0.067763327982952,0.0502519063378862,1527.32334843824,1723.56820240767
2518,0.3565,4.24757076176857,0.0134061432846608,0.0118027390746102,11284.5292803737,10092.6201993176
2519,0.198,4.31102693080557,0.0108158133324514,0.0070899957082956,12737.940942747,14241.2852016625
2520,0.3255,2.57901623075,0.0185295221548465,0.0105241443904388,4965.27281406032,6653.34762022174
2521,0.2315,1.68189017518678,0.0183542342776599,0.0147488147846408,3155.06278658478,3050.26176570955
2522,0.199,2.86039145663554,0.0176912427963291,0.0100566046983297,5518.26111305565,7061.72815080863
2523,0.3165,3.81534633976861,0.00836634955987783,0.006390151787769,15152.1364014858,14929.6248873913
2524,0.255,1.81923341302887,0.0128148541434153,0.00657852581898982,4675.04160406321,6388.24799941051
2525,0.1885,4.46076638202451,0.0107582240342925,0.00783764488942997,13109.675470103,13316.7111369678
2526,0.3135,3.04714147575641,0.00810204082022474,0.00668480222148412,12317.1137012634,11520.7808964982
2527,0.1535,4.15154103887526,0.0996473103754445,0.066976702560905,1393.55728661075,1792.57167096106
2528,0.2835,3.04868109429778,0.0113729941907658,0.0100948576684413,9063.79130058797,7953.19052868022
2529,0.22,2.91758994778927,0.021577333346832,0.015142643242997,4694.51040011512,5176.13614387129
2530,0.1675,4.51264056316502,0.00775834186003869,0.00578825195748831,16488.6923602369,16074.8141207394
2531,0.109,3.20502503180047,0.121939454829484,0.0904220329919578,870.186527639419,1021.69261225692
2532,0.2465,3.29912777899863,0.00567009262314939,0.00436477442704109,16772.6049484596,16115.4367349389
2533,0.2175,2.36884851759024,0.00795283363762219,0.00617460204944977,8831.77506063425,8481.98438932271
2534,0.228,3.39348171443386,0.013274777072819,0.0058786020596851,8452.02081170577,13110.0660437237
2535,0.2565,2.46299323313274,0.0174679992081048,0.0146999857294427,4931.69408953333,4571.21697009809
2536,0.209,3.25678286125847,0.00742022292668375,0.00537437584679099,13130.8093450286,13228.4151521555
2537,0.357,3.74598833246548,0.01232700758588,0.00643512511315556,10799.0881728027,15148.8497677127
2538,0.416,2.86830689829181,0.0073728408343672,0.00667936550198358,13046.6692366686,11343.5493973564
2539,0.1745,3.27637793023685,0.0717881442036451,0.0640137054728351,1657.59724253746,1516.52330466168
2540,0.4415,5.27225479176987,0.0121536389253221,0.00803675637552805,15642.0368337118,18148.7964728951
2541,0.4345,3.66010392564005,0.0077930304664743,0.00387537514727525,16035.7962130501,22716.7494510415
2542,0.158,4.04411793802742,0.0111784210163075,0.00788623495257608,11041.7448628675,11461.3577624402
2543,0.328,3.25321557706054,0.0074061832326371,0.00326210492017044,14169.5663364615,21100.3749018266
2544,0.1135,4.78058489864546,0.0394519669810819,0.0348634532860768,4186.30682591502,3772.13395356669
2545,0.229,3.98948564088074,0.00512146026119061,0.00401558648218179,21417.7514767071,19978.1537032533
2546,0.3005,2.0497339909198,0.00487163359385669,0.00301537781049153,11942.3092507592,13125.0397123351
2547,0.398,3.77881994664399,0.0096371813206095,0.00786120267161584,13520.2510026923,12872.0599401995
2548,0.1505,4.74854006158918,0.0664381029587031,0.0380911534250664,2384.32477783442,3578.21585431024
2549,0.212,4.68742229091718,0.0111798531370854,0.00877808019378128,13415.3304606008,13020.483568511
2550,0.2725,5.14305050091048,0.0111658201915558,0.00768439594564767,15675.8503644175,17048.171909108
2551,0.3155,2.02770109760157,0.0177315611545707,0.0144459159440089,4058.69919865781,3908.75514859445
2552,0.1925,3.22955497568942,0.0348237178461873,0.0168133005201756,3235.36856288748,5241.99539019526
2553,0.183,2.59654422635244,0.0365680837249241,0.0327844867768463,2532.23966802498,2226.08159600639
2554,0.366,3.28150109393233,0.0169900315894364,0.0139004648027946,6938.37576029819,6688.52070783427
2555,0.259,3.02251433375802,0.00781696813159303,0.00645335049314103,12100.7833879305,11221.6113337435
2556,0.424,4.19951674411673,0.0237883180676783,0.0143553562099898,6577.7961089387,8498.16887924239
2557,0.174,3.22310031763741,0.02719411402778,0.0145598160862398,4117.75429292974,5818.49520684803
2558,0.1845,3.42252775087925,0.0388705715961158,0.035704351682766,3235.15146475996,2824.53396412936
2559,0.3515,3.5783474054437,0.00809415864513821,0.00651636937598214,14741.3304390894,14087.0912283234
2560,0.4385,7.03313244495969,0.0141209318044168,0.0112963372056418,18350.610921981,18023.2146149713
2561,0.0935,3.03922215801724,0.0258363506384404,0.0202185548100211,3733.7148841838,3646.32643073664
2562,0.107,2.66148771198864,0.0642178758844025,0.0410930434437957,1458.71404686053,1903.2953388968
2563,0.1015,2.17148812543486,0.0351692675018787,0.0293646160030218,2097.99999370709,1972.20614747215
2564,0.2345,4.93755818098559,0.0105996088085355,0.00868632067531206,15513.6440675155,14565.3612427134
2565,0.254,2.43320095894356,0.0168769758010507,0.00682360464020787,4996.3837016747,8599.87282790894
2566,0.1105,2.6914916277175,0.0384030844146861,0.0348406193794271,2391.94599097509,2081.42500761043
2567,0.2815,2.37171272622342,0.0278064527664237,0.0142201743768976,3078.81173780329,4592.25642738866
2568,0.236,4.22492610684089,0.00725029256939238,0.00567537462102339,17902.9150076,17210.1507201367
2569,0.2335,4.49905801396449,0.0303960097500253,0.0255375422022302,5539.37847860595,5296.64869140151
2570,0.216,3.45461134869427,0.00937729198335675,0.00642262864235977,11542.3799862745,12312.962361664
2571,0.3525,4.33866985545029,0.0202101071673843,0.0167650411566003,7839.18274086954,7517.21772224423
2572,0.3375,2.73708471604115,0.0121334417243048,0.00985619468871648,7880.07992660612,7584.81328421924
2573,0.23,3.99565887219302,0.0163303386637942,0.00712742158315541,8498.24762237966,13517.6478306508
2574,0.175,2.88353405965226,0.0626220320941904,0.040654310929757,1622.5607793814,2063.9140156094
2575,0.363,4.16307494312839,0.0230298663957651,0.0217275717342594,6757.67787639888,5717.9976672845
2576,0.3425,4.34381524414201,0.0113178078856989,0.0103537406538543,13432.7472270725,11570.5961027625
2577,0.1785,4.18066448443471,0.0145518091112783,0.0125319683458439,9520.77081371575,8631.56571753721
2578,0.355,2.87592442201594,0.0101222016085095,0.00703477203595409,9795.70738072439,10665.063936227
2579,0.171,2.67193061218798,0.0120437379735405,0.0102770148859744,6987.45451816572,6348.33783249562
2580,0.2405,2.68514516298997,0.0749679400462711,0.0639946980148897,1325.9318993681,1263.81471345711
2581,0.1755,5.31416703364102,0.00792670138967041,0.00596585980893137,19497.1194814677,18901.532143576
2582,0.1965,3.27830212541377,0.0753556344687781,0.064429678288166,1585.88898493236,1514.94337004336
2583,0.3945,3.73601294589401,0.00758413431524935,0.00478988599530971,16463.3108301494,19181.6224106071
2584,0.169,3.8486943665768,0.00891495680480839,0.0074103198378866,12747.6844811974,11635.8837026676
2585,0.349,3.00171720100328,0.0171540509050842,0.00546238543244956,6224.62034104078,13599.3474321777
2586,0.2215,4.42653967040926,0.0115150185748127,0.00783979616548278,12796.6353408592,13999.5405971233
2587,0.2545,4.00176268928355,0.022744979657906,0.0204705441608431,6224.18476642438,5503.17286557268
2588,0.2785,6.02150152373614,0.023454520848399,0.0224020231025833,9396.97700343576,7808.63119651516
2589,0.193,5.04529303222245,0.0367705372894605,0.0277787446232106,4975.73941765765,5207.63251054173
2590,0.2805,2.77279914945059,0.0136584732777623,0.0104172720605874,7007.73363009243,7101.41703567212
2591,0.4385,3.78418111163633,0.00960596671417519,0.00800206713134232,13849.659615186,13002.2719925309
2592,0.356,4.52725793751848,0.059603702267153,0.0483881430064107,2833.40745368054,2859.23291126643
2593,0.2225,1.95128601208653,0.0185929234223866,0.016372117861748,3563.06209223847,3182.49468299795
2594,0.3905,6.78793530783144,0.0374693029297753,0.03574647555672,6917.17483259334,5850.63609917452
2595,0.2465,1.92229916543577,0.0130159844438292,0.00983918195382295,4876.34787422574,4949.87487321346
2596,0.0895,2.58092776461651,0.110324680542578,0.10356242982552,835.610971441717,721.44233442551
2597,0.414,4.72305886986583,0.0129032291079501,0.00873662131373312,13213.3865869216,14896.8517522637
2598,0.42,3.34374492029134,0.00465655849475173,0.00381757028733208,22519.8444124917,20939.1073061991
2599,0.234,2.90346056169769,0.00750203533242969,0.0063047223377315,11794.4377212697,10683.8031449674
2600,0.174,4.45886358670223,0.0192941492634933,0.015461885461483,7774.42549023976,7508.40114498598
2601,0.175,4.11188542309208,0.0220374399305115,0.0166358464352956,6547.69466503954,6677.80918256387
2602,0.2655,2.74855844604406,0.0212681133002763,0.0177848502385631,4607.33473278813,4294.16021553095
2603,0.124,3.04489086208084,0.103833719661547,0.0958333083961969,1062.63712988113,938.213789866195
2604,0.403,3.13138735379742,0.00546068249444829,0.00380888900232126,18467.658326549,19397.6303092576
2605,0.3065,2.52195745410316,0.00509109648992077,0.00369936619650858,14583.9767050437,14596.7172755666
2606,0.1975,2.97679717979052,0.0168585863888641,0.00967684957979291,5864.59537210605,7505.70630910865
2607,0.191,2.73946793768449,0.0151370781527493,0.00944754191976714,5954.82018227138,6977.53978775123
2608,0.12,2.66669459441912,0.0339065724611318,0.0255087475152535,2623.8237186116,2702.45880006226
2609,0.206,3.59227045310129,0.00866248522257199,0.00495125998274093,12793.8792905887,15233.9360116203
2610,0.277,7.11267139753805,0.011211950294638,0.00662233494276388,21900.4552451631,26842.0462539096
2611,0.1575,5.37706653054946,0.00916751661318394,0.0057501298712484,17140.481214885,18774.9619747746
2612,0.2865,2.12174001346634,0.0107112684598629,0.00966579271760588,6572.51022203871,5671.48691740933
2613,0.1245,4.31734188307323,0.0377813757482483,0.0341998447723318,3927.81160800103,3460.49526960039
2614,0.2495,4.43259639453731,0.00873432580201734,0.00664429623496633,16293.9108821541,16063.2695459903
2615,0.351,3.87747218482596,0.0129380644056099,0.00640823280212763,10578.827980143,15633.1389638267
2616,0.288,4.31932797188179,0.0202532895081702,0.00794092246305526,7504.61526849112,13998.7841684387
2617,0.199,1.53337305187546,0.00942061766040281,0.00633571011877334,4849.55862253785,5223.72115737474
2618,0.1775,1.44081035271163,0.0131147333630393,0.00518592165765738,3520.75026802819,5590.3590251464
2619,0.415,4.10160589582262,0.00845877726391332,0.00710570545546046,16687.1622489699,15456.4559295187
2620,0.297,2.65761886790363,0.00537235985695236,0.004737611596615,14375.002730617,12554.6764017934
2621,0.2125,4.01550611992347,0.00728249657964703,0.00591464376243068,16403.6833627216,15327.7798291142
2622,0.152,4.4652703476112,0.0401034351800274,0.0347386609843529,4030.71631345107,3701.61498702935
2623,0.2105,6.11471700340057,0.0427762706257286,0.0219641417678947,5016.53840315985,7848.52822943209
2624,0.2075,1.71106782208624,0.0160494131731462,0.00994544762566034,3489.01455107101,4145.55761442302
2625,0.333,3.38073186267642,0.00828620635196661,0.00681875134023476,13543.4929509128,12634.0101371738
2626,0.263,4.58031571376843,0.00648264074976726,0.00370270429401898,21478.6845601763,25562.0015618822
2627,0.2685,2.19339666673334,0.0036254803631791,0.00279390967321885,15431.112571463,14460.7652191117
2628,0.196,3.62697147801948,0.0200678381810252,0.0121398414359191,6166.42771402105,7650.34398982166
2629,0.3075,2.44120679771653,0.00823512731875027,0.00699880970903486,9595.73077374897,8793.82934943897
2630,0.42,3.52675750066985,0.0105465406282798,0.00365178787222716,11628.4067522935,22517.6052127284
2631,0.1975,4.43612626667097,0.00708001325077082,0.00524956304473772,18100.6513512343,17711.5416484706
2632,0.2995,3.58545747891488,0.0259158423449432,0.0072687404427005,4910.53421280825,12692.4067546205
2633,0.276,2.76289419999082,0.019486257954306,0.0107759589103298,5030.35333025159,6838.11136350581
2634,0.3795,3.74376239389653,0.0105861353178378,0.00712361538006238,12377.0820441993,13917.7775339318
2635,0.2405,6.40435679579683,0.011765059895885,0.00976749216686797,18337.3809586332,17105.8577148665
2636,0.1125,3.41225453596557,0.0383016628527084,0.0351444335690864,3093.52601973579,2689.59846046591
2637,0.3385,3.46409375964067,0.0907624704700561,0.0643792499866287,1324.23994261902,1633.28488274153
2638,0.2615,3.92529054167649,0.00830635731677891,0.0074122823605577,14917.1078879472,13005.2508580621
2639,0.118,1.94136632089456,0.0599828033742685,0.0562306219864692,1131.45499950533,969.524186612095
2640,0.123,5.97386740096843,0.0568912180310865,0.0436213707132243,3703.90764501002,3895.38279586554
2641,0.4035,4.91088367536759,0.00836901142870292,0.00474039530900413,20274.6694068712,25833.0125644437
2642,0.1975,4.49076018161665,0.00912460892572137,0.00503367168218687,15431.6012704381,18925.1305431841
2643,0.2885,3.17572727373589,0.0115682822365937,0.00395852039980109,9298.32474329111,17217.0035754211
2644,0.259,3.53119810937781,0.00491021039089157,0.00370063998879771,19949.4217255933,19273.5399712381
2645,0.255,3.90016745334197,0.00807122607092591,0.00622016807488893,15358.3125071679,15052.2115794289
2646,0.158,2.31288763934608,0.0136306561535848,0.00955610052236175,5270.6764268578,5535.35966274901
2647,0.3855,5.51813462012005,0.0116384908938599,0.00907081499384018,16876.6788782185,16798.046114609
2648,0.168,4.20428764918404,0.00838368669434417,0.00486929371894167,14602.1083649169,16781.0203557415
2649,0.25,3.39836009024233,0.0103115856437302,0.00582088563191394,10777.3072322241,13562.121884904
2650,0.2865,3.51008557251133,0.0106592672121892,0.00741259418169496,11137.8818389339,11996.6858180872
2651,0.4455,5.93956291176024,0.0222889123401643,0.0200070614237466,9983.20842027945,8882.28004064843
2652,0.172,4.98970445133153,0.0523005564863529,0.0486766367077563,3440.57523255632,2982.08223145967
2653,0.1245,4.32915334717352,0.0643903479106496,0.0450250347977821,2320.0430881906,2656.70305931991
2654,0.3895,4.52473594708526,0.0398608352566045,0.0337341373542316,4259.77882243519,4023.67061513776
2655,0.1565,3.09455277997976,0.0611795589315953,0.0568551547500785,1830.33461953313,1574.93805310876
2656,0.286,4.6726438085381,0.0209233184633663,0.0135965791510409,8104.91911177879,9669.26466243325
2657,0.2835,2.79313797384897,0.00499898281079209,0.00369312572033169,16044.6944063411,15803.7585972996
2658,0.0905,2.61752325160421,0.0394938065427174,0.0349814196493077,2170.74032812076,1937.76166810029
2659,0.285,3.82253673426578,0.00551874221073105,0.00461561129232241,20495.401086513,18609.3055988614
2660,0.3855,3.17583364794743,0.00777851307490018,0.00569779431482719,13676.0486124102,14127.8366042911
2661,0.285,1.86257635451129,0.0161807434011676,0.0107497349783983,3936.74670750649,4523.46828746082
2662,0.14,4.1235604809829,0.0107192907858238,0.00960167391758099,11100.6430223429,9624.99657207498
2663,0.2765,2.47192417922738,0.0070479906161059,0.00574537797083659,10847.2043396668,10047.3783863624
2664,0.1625,2.0362532219261,0.0284501738240579,0.0121024826904921,2413.92767624454,4023.71976390998
2665,0.132,3.63672544180137,0.0141838631306459,0.012055628854116,7971.09802322531,7249.34454274897
2666,0.313,2.22779709303137,0.0131730531312964,0.00890560929637795,5810.01085476111,6492.85426739998
2667,0.2405,3.73256827761446,0.00784042801382426,0.00447042069848558,14784.7514962269,17884.4104736447
2668,0.336,3.17967278588053,0.0128378111240502,0.00920550133883668,8672.20257741729,9226.54715984791
2669,0.463,6.62142854137223,0.0100870534536647,0.00663712622991401,23613.7613290567,27338.5870650937
2670,0.417,5.45341706581143,0.0118556966223334,0.00478550096157405,16437.2133274864,28823.2414208612
2671,0.3015,1.84591060498498,0.007332385842212,0.00669136728980605,7775.34117143123,6632.65059806094
2672,0.298,2.17533936374776,0.00546926447224177,0.004323907596778,11648.8540153249,11018.428043576
2673,0.1275,2.25641582536896,0.0226549098306486,0.021254444764748,3289.79608209162,2775.00556386827
2674,0.381,2.57225583903659,0.00622897639458457,0.00486146418377728,13186.902480305,12764.6158395134
2675,0.193,4.61397658679267,0.0457987526208246,0.0386980431752673,3623.24983699864,3510.68318380223
2676,0.12,3.27625076313177,0.0242589889418166,0.0203499221217771,4402.51584812005,4042.7012529388
2677,0.2095,4.52105732557022,0.00808312005139402,0.00565937687283945,17099.2189365165,17805.5721729559
2678,0.327,2.67603844568024,0.00918593208776929,0.00715159236672744,9724.12161277744,9599.46134605611
2679,0.1105,3.41454341812864,0.035117350389675,0.0241514218454125,3342.66570022123,3712.16339495724
2680,0.2705,2.01096179576118,0.0043795671164175,0.00376768102344671,12303.5886768175,10855.4229720129
2681,0.3605,2.67465218348935,0.00738584315581057,0.00336937714466623,11833.0280006206,17139.4907258532
2682,0.229,4.06759443467403,0.0365027401566582,0.0136192121085075,3859.38441116875,8334.99401878535
2683,0.3395,3.26346552007188,0.0102705901684375,0.00497075574642104,10933.4255972848,15949.0807146963
2684,0.3655,2.51326011287285,0.00739314726287276,0.00531768981333764,11016.6140644958,11435.9942731578
2685,0.356,2.72051679292882,0.0144288574941374,0.0116141725266999,6626.04487480583,6400.15729934348
2686,0.1935,6.63994287290692,0.0386961942285125,0.0308406668896635,6376.4768835332,6344.04033692518
2687,0.372,2.66404326905155,0.0108230732449577,0.00861707712975144,8549.26956875938,8313.81079673266
2688,0.2495,4.07447399725431,0.00757400468016646,0.00526523940633755,16599.299015493,17421.7495858622
2689,0.247,5.7892737921335,0.06030084828933,0.0503657017674341,3508.58411451733,3468.96538612707
2690,0.213,7.13255530112599,0.0405262842395541,0.036139578232163,6462.31370487934,5790.0035236984
2691,0.215,6.23656721937913,0.0148986087691698,0.0128188436396347,14296.4712765387,12962.2236393071
2692,0.2275,2.13977539603306,0.0105198357223875,0.00843531688071755,6545.48384263061,6229.69077343396
2693,0.1245,2.66268807422293,0.0313692611364932,0.0267979361010767,2955.75084454656,2699.75853646515
2694,0.2625,2.01902886148684,0.040600675583233,0.0140595752474031,1745.35458255501,3826.92892049119
2695,0.276,4.45850202644512,0.0794901083606621,0.0615141486296764,2002.32075818981,2229.00447253122
2696,0.2035,1.99395395914528,0.020782227287552,0.014927978676926,3306.66230642389,3521.25473874025
2697,0.175,3.50473760687083,0.00917315784814756,0.00643942049347277,11355.5170719364,11673.9865341202
2698,0.298,2.3854112535262,0.0242810184289183,0.0196650906001468,3540.37573699743,3475.33546644487
2699,0.422,4.4674371528871,0.00615794252036025,0.00454686716872681,24041.9304647586,24386.8396146823
2700,0.4415,4.26898526608728,0.0106317369949765,0.00611031359435246,14346.6318378803,18664.1828279746
2701,0.248,1.83747262749633,0.0176473375663136,0.0107119634121861,3587.04552529601,4414.56032931739
2702,0.1915,4.16423631224164,0.00918883096689588,0.00638935992624155,14000.0494462652,14637.1324227534
2703,0.0885,3.90992479444344,0.0565166319984919,0.0467000304127967,2403.81867350414,2317.1364013608
2704,0.443,4.75787172950275,0.0120365473203485,0.00727337134719968,14350.8138863301,18069.2088825946
2705,0.289,2.12428600830999,0.00689727731137442,0.00410516335772494,9352.2328524673,10925.4802773438
2706,0.259,5.89887379757725,0.014474287374558,0.00538059957877692,14077.1857843494,25609.8929225558
2707,0.3185,3.46940872747635,0.00693892126674404,0.00481769917727477,16123.5924194369,17097.5436248916
2708,0.342,3.17518345169119,0.0127662874498396,0.00795379635066112,8689.7458707207,10483.7270901775
2709,0.071,2.60797998467253,0.0623223853124671,0.0507067685922012,1384.54251398504,1338.40878676935
2710,0.1215,2.52709979702345,0.0485640000849724,0.0457517560234943,1870.13189163966,1591.66507564265
2711,0.2695,3.52221857318304,0.0135370607546625,0.00632414095465034,8945.92667515996,13472.7207477188
2712,0.1265,4.252342537534,0.0666600424126566,0.0507477156349253,2292.49367761264,2419.21122562524
2713,0.2865,4.44671322968628,0.0137184807865823,0.0117665923125247,11478.8874832498,10443.6479708596
2714,0.1565,4.0198269252954,0.0117736316461732,0.00767601609752811,10306.1790580144,11282.1275512996
2715,0.388,3.17411996980609,0.00522873989099467,0.0042602530410746,19037.2755007162,17752.0464262885
2716,0.087,2.68663133767718,0.0745256897331139,0.0595048422335848,1310.31532630593,1315.90693800323
2717,0.1245,1.86915843609607,0.060032157422416,0.04517637833601,1106.54246586167,1176.79020783513
2718,0.2245,2.94283779139519,0.070807879303528,0.0632280789624605,1554.39601107696,1406.73915463971
2719,0.3425,5.07181958043079,0.0078212545927797,0.00551430157172298,21480.6940957093,22759.5821247542
2720,0.2155,4.3458103525718,0.0119299862124344,0.00847815248447693,12233.479721905,12867.3016668801
2721,0.2265,3.07117744910198,0.0180264064954247,0.0129177743008096,5905.28011847722,6348.78310077293
2722,0.268,3.48249054837667,0.0166789969341676,0.0109484014919664,7422.86610125446,8588.49306685192
2723,0.17,5.29045955380501,0.011942633896379,0.00899219648896999,14114.6193872099,14050.1267135855
2724,0.1055,3.04282801480499,0.0927373750360492,0.0829149073650915,1159.76012253577,1065.25246399247
2725,0.201,3.54608247540816,0.01575431581776,0.00755104202128264,7490.86412702051,10958.1703036633
2726,0.2705,2.70920740626236,0.00569435166877382,0.00504564245399195,13971.1702956543,12157.9478135027
2727,0.232,2.58923758976474,0.0103977157619615,0.00902638900780945,7980.2065747513,7126.03316924363
2728,0.2035,2.97203673450978,0.0153809373983135,0.00926201416029132,6477.89342169536,7793.63220323813
2729,0.4125,3.68987055904225,0.00478124277409839,0.00354731017083019,24092.4207894773,24088.5501745077
2730,0.3215,5.22567269618212,0.0307626010181647,0.00936119622180476,6024.37596707799,15228.6585971446
2731,0.235,2.20812291895919,0.0201743873497396,0.0175166675815397,3812.06856628674,3452.55163853633
2732,0.372,3.29875495760627,0.00936209723866477,0.00674375114576677,12083.201968428,12746.7942255375
2733,0.2525,5.46017626841949,0.020114014747091,0.0151937130717511,9725.51525155175,10005.0787812445
2734,0.441,5.02529485215592,0.0141806708766472,0.00698015734310154,12827.9609801409,19374.3392189995
2735,0.312,2.29554686538923,0.00523467119063525,0.00420403424374574,12870.0387035286,12006.1903454052
2736,0.1745,5.01699285845749,0.0127964259369644,0.00544583786173545,12311.9545898742,18651.6825396825
2737,0.101,5.2265360417423,0.0992064712598179,0.0862945081125642,1830.87571964808,1698.77312297094
2738,0.3565,2.73387488566059,0.00835307944956373,0.00487848229637303,11025.6336758766,13674.363342752
2739,0.1465,3.64886527915573,0.0443478245340178,0.0372632680203082,2940.57743520068,2787.20618815286
2740,0.2335,7.21853537243139,0.0321757989426542,0.0285605030204437,8230.25204146296,7403.83126573994
2741,0.446,5.03666563159261,0.0118345715655963,0.00734364225995,15279.5847378446,18732.9468621321
2742,0.3115,2.46940322648296,0.00746137281628777,0.00568551764895957,10655.8065848462,10578.2807011714
2743,0.3185,4.34086537919229,0.0178920719379123,0.00736719303835536,8511.45046466862,15082.0423914632
2744,0.201,4.11108724162133,0.0100078427006542,0.00898354952293264,12722.0566053375,11029.4976385584
2745,0.3785,3.01411008710137,0.0632478173270492,0.0493549390969344,1784.98139433008,1857.78169769327
2746,0.129,5.57861637011417,0.0608739165321557,0.0526559071090358,3310.66747449849,3084.47799097709
2747,0.3795,4.49324469547479,0.00560705068838412,0.00423671910748935,25738.0777907148,25469.6528034169
2748,0.133,3.33239132568056,0.0890150082899386,0.0773450405611213,1335.84105211058,1279.41545720167
2749,0.1245,3.19075135117801,0.0923183900548213,0.085331926639,1246.44477443536,1095.65875360099
2750,0.3095,3.592342159628,0.00697654599965066,0.00455676406719927,16433.8364115271,18226.5817533181
2751,0.3025,2.41777284844371,0.00651158754113919,0.00556807627825629,11438.4856141634,10265.1803220251
2752,0.1105,3.66962932562171,0.0170946703060681,0.0140640467352938,6507.151920893,6072.3985126824
2753,0.1075,4.02096137491722,0.026726905010056,0.0216090328987857,4924.73962598392,4735.24876758446
2754,0.4375,4.41702488151842,0.0190570167495865,0.0119671376140801,8527.67885905343,10652.9113955556
2755,0.162,3.985791021434,0.0142949328979942,0.0127142271750462,9014.42181760102,7893.80352175353
2756,0.157,3.30541194286725,0.0135608519958031,0.0110614824037499,7718.89707667369,7210.00424149549
2757,0.2985,3.22105728119665,0.0466445078224081,0.0420507701123934,2557.09850146131,2277.54744852725
2758,0.245,4.5086489211429,0.00792864773685637,0.00401689801772223,17819.2476127895,23415.8486944907
2759,0.2495,2.47873585247728,0.0269001230922611,0.0203061687024734,3298.40270972634,3404.51421225678
2760,0.282,5.07773516189939,0.0111490610050579,0.00621053345087421,15593.7340805471,20020.7383583015
2761,0.212,3.73096826225509,0.0376472635914174,0.0324406069454291,3559.75487465181,3284.7944067039
2762,0.409,3.90741716085518,0.00560707063470072,0.00455018445269414,22439.3306708709,21125.353739419
2763,0.309,3.11852153542338,0.00957137913822964,0.00724056221220476,10881.4661811429,10973.8967780782
2764,0.0865,2.6582325895806,0.0204254006294516,0.0179257366828078,3849.88147088866,3363.37878326365
2765,0.278,3.94649754149684,0.0108734930760575,0.00444173507379123,12196.7516312272,19685.7239950284
2766,0.2635,2.25339694285987,0.0172950648323898,0.0149194661744988,4563.23216796199,4151.13925293891
2767,0.2815,1.9381988916634,0.00477555851671588,0.00374360244512813,11108.8345487502,10400.1237585943
2768,0.18,5.85075951618133,0.0462901817793388,0.0427676820686665,4595.29478534815,4000.74777190313
2769,0.2105,2.32589070460045,0.00804670136705202,0.00657725974224518,8747.74872946916,8106.36484082733
2770,0.398,5.58509720874874,0.00854749317626607,0.00582578468388492,22706.9458235545,24934.8339228285
2771,0.152,2.49972431442523,0.11252345729877,0.0983510626966774,797.229166591057,748.305985304279
2772,0.214,3.74002095110149,0.00799391759514857,0.00551782990498326,14222.9062359129,14926.9085596944
2773,0.2195,2.10177578129676,0.0177436792613443,0.0150738448830244,4029.94809770175,3692.78548674565
2774,0.273,3.1202459175469,0.014171588442827,0.00449715300305702,7593.89404338081,15347.1603937842
2775,0.288,3.74817747862907,0.013390171925008,0.00529743473403896,9635.34422543255,16507.4688945892
2776,0.392,2.96775453305785,0.0124823094419874,0.00534561854161224,8379.7614197965,13841.3238810603
2777,0.1945,4.10091102504541,0.00964164672755109,0.00623471770655293,13209.1460302513,14689.4198752288
2778,0.1545,7.69735787174908,0.064273407111356,0.0464779840309078,4288.61428139205,4881.18136657023
2779,0.2515,3.53814545474967,0.0153535262613696,0.0107706102739277,7936.91144986131,8697.24116946686
2780,0.3595,3.06529361349272,0.00824770501228726,0.0066973708430529,12428.0647831157,11812.3401824356
2781,0.2685,2.93279312092587,0.0742337788700835,0.0514908864762307,1424.29250141823,1700.2659817345
2782,0.272,4.74218414851255,0.0150631439976457,0.0100754068463936,11078.7305668431,12512.1614113676
2783,0.261,1.82960298681846,0.00800897106305588,0.00515936737531236,7061.53635333646,7783.53833873953
2784,0.147,3.89932440380321,0.00705002768660739,0.00563177505262029,14392.3831393991,13235.4504593432
2785,0.3815,2.52479280443074,0.00434206448967742,0.00358029764185597,17381.7681084918,15992.3551126673
2786,0.2125,2.030892904601,0.0115722926503486,0.00950885703551117,5630.91742486329,5244.35748743243
2787,0.218,2.75610254902235,0.0363742642377698,0.0346470154722356,2773.80270375362,2326.02783379489
2788,0.299,3.19101463224851,0.0115345311051366,0.00763227237460809,9481.05148766973,10733.2264456388
2789,0.3045,2.968487063625,0.00778260841483002,0.00561418979934927,12295.9787892179,12724.1785305562
2790,0.1225,3.60688331586539,0.0905997742077834,0.0625820197321919,1358.77262860453,1645.90132553878
2791,0.4075,3.83702352398525,0.0064724704223398,0.00478859181762975,19488.7533137006,19750.1378758709
2792,0.264,2.00065624255318,0.00416866376623489,0.00351076474105256,12702.3282435344,11311.48814608
2793,0.2715,4.28703749515063,0.0563723447726468,0.0394622571710959,2720.48199999893,3292.27623962155
2794,0.276,2.34943518188287,0.00854336560108764,0.00583390533754658,8734.18718377124,9356.58531991552
2795,0.35,3.19184074442582,0.0084585405122225,0.00433471043417734,12716.1083815093,17200.2667650163
2796,0.2605,3.13836848039071,0.0260280082192577,0.00788485784527231,4218.87954608715,9869.79272836617
2797,0.173,4.62377920010669,0.0131972513135005,0.00939465624997529,11262.1063168948,11777.865829498
2798,0.2665,2.95262074063617,0.0143011944817084,0.00507116172817168,7035.31009691237,13131.2517169872
2799,0.381,2.51129245193441,0.0125684158066433,0.00684113033551524,7054.05353392731,9507.4292535552
2800,0.2655,2.06739469833327,0.0123754550866881,0.0111031080134208,5605.40897187621,4906.80288322365
2801,0.272,4.37189381503442,0.0114063315359495,0.00571657115019634,12985.8601565693,18403.4778658016
2802,0.3965,3.1753485352796,0.00952081343971966,0.00501964803433681,11657.9889442167,15858.6145089271
2803,0.3825,4.43579352096132,0.0175956941646289,0.00737257983102011,9136.84281556425,16107.2301359134
2804,0.1475,4.2828195972064,0.0196307226889209,0.012255911433301,7224.05977814672,8478.62310540152
2805,0.1595,1.62769290728294,0.03888760129903,0.0349111685376192,1478.72835857569,1308.96818660832
2806,0.405,3.49604560461778,0.00894377163486323,0.00634690691882896,13341.2461209104,14185.9057957182
2807,0.156,3.66702349882964,0.01582637878343,0.0106903863438046,7507.85064892202,8198.96581417935
2808,0.171,2.55550979982028,0.0174829005438624,0.013425726724203,4834.78240506858,4807.65976172016
2809,0.131,4.27313103359341,0.0155888612346556,0.0103924075640872,8609.07019010431,9316.35917554603
2810,0.413,6.25195129707121,0.0124548112876944,0.00563198360085297,18091.3068667421,28899.0417398868
2811,0.1625,5.22787539291098,0.0154316880109857,0.0129985652359357,11122.7251563036,10170.7703456952
2812,0.2495,3.578740731582,0.00525816528349422,0.00371933678049298,19372.6432990349,19539.8906727444
2813,0.2165,3.82615776370614,0.00684003813719754,0.0042400935969537,16501.3189086833,18269.9033843553
2814,0.2125,2.43486509055518,0.0227823193458836,0.0102634615174141,3724.93640587432,5997.38024428537
2815,0.239,3.22763652448212,0.0083924299237979,0.00594782692149792,11958.5939096513,12368.3234971667
2816,0.205,3.48647243665414,0.00852988974324436,0.00708644522982636,12445.2243687735,11421.3114038584
2817,0.2655,3.47905412482809,0.0101669030180218,0.00742335469076081,11264.8150285448,11618.8138543517
2818,0.273,5.0463013628115,0.00710803072801745,0.00571006609760619,22451.1613038906,21222.6910648333
2819,0.338,3.06365436363811,0.00696019549521883,0.00493068697271687,14252.2781762365,14945.188242051
2820,0.224,3.60299358684955,0.0174756759213983,0.0147066769611351,7110.54443189219,6640.12937167859
2821,0.243,4.57343779765817,0.00955992766773997,0.00550380628508664,15574.0561259278,19148.4949551398
2822,0.4365,5.78838915190252,0.0169389046894817,0.015223581766539,12658.3249462802,11198.1668490784
2823,0.2865,3.66415465932619,0.012993138500451,0.00556831652138094,9705.20837810857,15507.206493867
2824,0.11,5.21330184640238,0.0813440675370791,0.0575192114822607,2182.6373786834,2557.00301787
2825,0.1875,3.06523300661504,0.018576465256927,0.0113416512133587,5706.12526438214,6959.66048509466
2826,0.215,4.09637598586754,0.0188054028892874,0.0163453471190405,7545.39048606486,6797.41453597187
2827,0.2925,2.18585405190387,0.00701852244878866,0.00640052761921942,9649.36870281018,8273.86583834111
2828,0.173,6.6468721338881,0.0413557416222842,0.0359568311633132,5837.290804308,5348.24505669203
2829,0.439,4.31477647407156,0.00814073443572695,0.00647680817121038,18385.5905111193,17776.5101369529
2830,0.1765,3.48411172833295,0.0164654660708586,0.00912637572248166,6941.0685471159,8969.35645564557
2831,0.258,3.61212453547507,0.00649806811281204,0.00526363015643661,16756.3612477277,15555.1842118087
2832,0.2065,4.11896604912505,0.0294895024615394,0.026532626869955,5040.5246978819,4459.75322051608
2833,0.213,4.30567952382187,0.0159336545773779,0.00984172702854884,9103.24333637615,11056.7471297607
2834,0.103,6.59270730898766,0.0432668869945393,0.0404173802966884,5308.11422403245,4513.90102438399
2835,0.419,7.38342775872283,0.0175800909985216,0.0142947343531695,15681.2124948471,15156.2734879307
2836,0.217,3.85706017347356,0.00909688698257721,0.00769091472613203,13317.2428543051,12183.3001647135
2837,0.2655,2.27621626258044,0.0054375568162701,0.00463812208343368,11812.2619402172,10589.9415161442
2838,0.138,2.81727861264087,0.0422741693421413,0.0372655762685144,2334.72656404303,2089.42032123143
2839,0.3085,5.02081346699424,0.0217685662725337,0.0187745820164576,8385.00119330879,7728.35581311515
2840,0.2405,3.42451483648621,0.00791804875879834,0.00415029967507841,13461.3605061156,17098.9879926417
2841,0.21,5.20167020396097,0.0617400469145446,0.0448267186930081,2972.82820599347,3450.83836602202
2842,0.1535,4.34975017982888,0.0995786925414153,0.0744291741795102,1453.90124031058,1726.03806474193
2843,0.204,2.94293263976833,0.00970902028979394,0.00848787599176796,9399.26050983581,8358.23325278295
2844,0.3435,4.55728573933882,0.0138638813730097,0.00664867674318652,11677.2072287265,17735.1262884729
2845,0.3575,3.3624207246002,0.00951121533927281,0.00556255166973299,12087.7851984312,14917.6168197179
2846,0.29,2.66032544702301,0.00475884014246319,0.0040441815587426,15773.6179588537,14119.4647996481
2847,0.1825,2.99964169197885,0.0134765474474279,0.0120614274391228,7225.65599232176,6292.57926084669
2848,0.272,3.60486775738045,0.0134307606461604,0.00705972137115501,9291.41349417397,12796.8104906637
2849,0.3785,3.50798909666179,0.00777278998941276,0.0052906394675889,15287.2505155219,16702.7925523366
2850,0.274,1.79371823142323,0.0150511681298163,0.0133373363085194,4035.82121422705,3585.43569157508
2851,0.3005,3.41274366417984,0.0054249405111483,0.00352781346000735,18970.9973758488,20461.0047991476
2852,0.315,1.99462820359084,0.0136029912065869,0.00636596755074962,5034.63735109875,7579.34340021687
2853,0.14,1.94647846108778,0.0619730103236295,0.0471325568926721,1099.08886837469,1145.13549218396
2854,0.45,4.51460873137844,0.0108109724744632,0.00526286347957197,14971.711671379,22386.5428502525
2855,0.294,3.35903286070619,0.0234848752555521,0.00610924884576335,5040.23176409726,13481.781630297
2856,0.1545,2.47539640125384,0.0144644862560784,0.013061833806135,5316.25641922755,4625.32765228844
2857,0.1215,4.32147601730042,0.0204794950379009,0.0163511305520978,6943.90714704578,6679.48853512802
2858,0.226,5.60313989227347,0.0220355505976723,0.0189409634066795,9064.18612927292,8357.56370034095
2859,0.304,3.92438379898126,0.0109362126149767,0.0035043428367097,12236.3942473788,23914.9095411887
2860,0.2105,4.42513494607054,0.0101108025397592,0.00895108390146575,13911.9018156789,12229.5281518192
2861,0.1615,2.57734130785273,0.0339579659216692,0.0134577231003267,2573.33614300605,4864.0498170321
2862,0.255,1.7393789461202,0.00434827949273731,0.00379382879176778,10444.8849367992,9157.07848499822
2863,0.257,3.12928314872788,0.00676567582031926,0.00557367118740856,14008.7013454444,12932.06102882
2864,0.286,2.79499307459171,0.0070340114414768,0.00431426654188908,12445.3267702835,14334.03762038
2865,0.2835,2.8971756622302,0.0105017674920017,0.004552437973222,9140.03148537904,14037.6259135659
2866,0.3035,3.835916438504,0.0124274848771055,0.00802854904740918,10727.0836099309,12522.382807719
2867,0.202,3.23375338794415,0.00819405775027495,0.00521565449353498,11874.5338860261,13115.991235952
2868,0.1405,3.34008193939267,0.015530869140706,0.0133938075538635,6776.23111507082,6123.36377984976
2869,0.112,2.61580236070472,0.0571290942347742,0.050289927387821,1628.72072797045,1459.43081677313
2870,0.264,2.43001096706139,0.0051107134024935,0.0033385465769904,13371.3172638531,14116.4856775541
2871,0.229,3.85915778761586,0.0125149320027275,0.0100979870695453,10268.454740562,9761.37537573159
2872,0.1635,3.54710679879292,0.105135212479802,0.0779087354154186,1183.22849203597,1374.40586088414
2873,0.1165,2.59255376986663,0.0700309783604414,0.0595356892727991,1283.40362315162,1222.14201957723
2874,0.2545,3.24892771296954,0.0118244149248899,0.00482457427436381,9236.78395543879,14885.5496843268
2875,0.274,3.77428107150135,0.0549496161132548,0.049278113547233,2606.79319776475,2360.86557360556
2876,0.2485,4.85294104424241,0.00955965373014381,0.00728540200317505,16636.9342979864,16530.0805787007
2877,0.303,3.40685367300868,0.0443757731965042,0.0261400902031411,2774.24089344043,3783.68723552156
2878,0.26,1.8375093548795,0.0139522531435665,0.00446870466777396,4437.36152911433,8676.9334842785
2879,0.155,3.89136918953272,0.142655381158976,0.12304861003812,949.74053747601,933.722728429309
2880,0.11,2.28482091377151,0.0572168074999217,0.0532274581383404,1408.81349698674,1212.55986124038
2881,0.246,1.71032960761814,0.00831671058916196,0.00782411879619851,6425.37655760832,5390.65100532839
2882,0.2815,4.13574012001737,0.0113910321006323,0.00668637103081201,12416.767315995,15463.3447573701
2883,0.2945,3.58606690762705,0.0111806764912144,0.0053093712173821,10974.4674976665,16050.4983526431
2884,0.3395,2.36331425315961,0.00791542339551938,0.00471117009169721,9584.98081874866,11467.2048053774
2885,0.1895,4.07612653395662,0.0105225937123998,0.0064714138246043,12177.991618957,14086.2932589226
2886,0.265,2.76461177272402,0.0128758626005041,0.0112547383967183,7235.02386223479,6463.61213967915
2887,0.259,5.32597956246219,0.0189041685847359,0.0167961819519953,10026.9735290469,8892.07416409394
2888,0.1315,5.1626577055477,0.0371509877990108,0.0351918522314785,4799.07728417534,4046.64264485541
2889,0.2065,1.97279150523212,0.0192965574462998,0.0156001715011019,3472.54925222585,3341.46931577007
2890,0.24,4.27576733108395,0.0165250242279243,0.0140289903768989,9017.47271968579,8312.09709100664
2891,0.192,4.13666922572873,0.0079827830274459,0.0070732482093331,15061.4462926838,13129.3885490163
2892,0.3345,3.55148573825078,0.014636296003319,0.00743543367221577,8612.56158234475,12484.7305735412
2893,0.222,3.45830515391852,0.015952946208179,0.0119044545443689,7414.61431025546,7636.56969751319
2894,0.2485,3.38471021976592,0.0684759128390225,0.0655413404381259,1820.5160743505,1524.68472456649
2895,0.345,4.65275040986056,0.0147311464305635,0.00533660612946807,11150.9877954254,21434.6848924785
2896,0.347,2.68588537943204,0.0106812700427331,0.0076912853972257,8720.02842218375,9196.76216929191
2897,0.184,3.60796645114056,0.0222878431858766,0.0191143427866677,5775.83123940864,5235.30718835878
2898,0.1425,3.73220277374058,0.0548019386011192,0.0484759462924202,2447.61790457279,2204.28838527962
2899,0.4225,4.4947214240614,0.00697028292621135,0.0052720147074902,21893.1784099684,21988.6303923358
2900,0.133,1.91424336103815,0.0320192327279461,0.0279236943844661,2044.95705887842,1825.97292529277
2901,0.28,2.11673603797604,0.0115624209222096,0.00908277483560535,6052.8357780898,5876.92135959243
2902,0.434,3.91991043009498,0.0769654951280688,0.0572373816927472,1839.37522050374,2049.80277182375
2903,0.2585,3.69303826176271,0.0113214687113802,0.00979085742521918,10848.3721830912,9779.54077078084
2904,0.456,4.0117027421599,0.00695442301942104,0.00455457148757557,19675.9819929111,22249.5702095356
2905,0.335,4.08166487337132,0.00905061809290878,0.006935001659289,15247.9242920151,15129.3041187567
2906,0.144,2.90506674083507,0.0209271990020334,0.0177669666673734,4512.47198390628,4163.33161473749
2907,0.2735,6.21435413174514,0.0436252502538771,0.0371764028276601,5258.05838723569,5034.34348609429
2908,0.224,3.65072446613815,0.00510037359595089,0.00427813950351081,19233.9125731679,17229.0543258236
2909,0.2835,2.6964496400287,0.00730088658557311,0.00609059198192975,11666.4986154741,10730.4552101761
2910,0.393,5.48286066540168,0.0542705938994417,0.0414310351846564,3732.2243305292,4070.56211375038
2911,0.358,2.89223495675011,0.0117812589379339,0.00695248334091464,8537.49608855558,10690.0573447445
2912,0.2975,2.09934989462205,0.0168231420385978,0.0118017537863947,4344.1309096714,4737.10805731871
2913,0.374,3.39687625553815,0.00482282371456032,0.00344835579401336,21706.3139079581,22203.8457903606
2914,0.2205,3.2940335972736,0.00620611346893142,0.00519333439578553,15152.9400553529,13764.7792699782
2915,0.2165,3.42340067710551,0.0132660988553333,0.00939502843983004,8635.75679822384,9178.3086768842
2916,0.411,4.48484966630725,0.00809045221816539,0.00480374025661112,19022.168108248,23417.910765872
2917,0.18,3.00711909591281,0.0109064680589277,0.00869190490260263,8491.98047885796,8091.11339852041
2918,0.1485,3.35654128576354,0.0152363922286431,0.0133011558742857,7086.94151592498,6309.40755054125
2919,0.155,3.1835003534745,0.0176834996946389,0.0114966417151864,5940.41500177191,6707.23740143088
2920,0.407,3.77359698329357,0.0165625620634064,0.0150798596330208,8225.26969375063,7192.94433087743
2921,0.225,3.46571853810823,0.00905132338394424,0.00597857130337487,12178.670935549,13285.2208130226
2922,0.314,3.89148790925731,0.00794452681407687,0.00686904702920977,16094.0733336288,14431.5960971602
2923,0.2475,3.30030476219467,0.0103098855585271,0.00623194844867373,10555.1636680209,12491.7886574639
2924,0.1555,3.76405760367131,0.0158980379841243,0.0121048793982775,7563.48464564212,7521.43720980262
2925,0.2215,2.88069605460103,0.0123846170766396,0.00899093443794787,7559.19081789297,7844.05173746451
2926,0.3375,2.37059684060852,0.0140507941489422,0.0126944102291558,5931.21584767038,5216.31624298584
2927,0.3795,3.01346945940192,0.00516665253329483,0.00451589688948592,17750.7715173932,15695.2176148177
2928,0.207,4.06292735958703,0.0467556824604046,0.03762834413851,3244.63178328129,3280.28724885598
2929,0.393,3.27909458090709,0.00522824649666871,0.00421391775289967,19868.7357667908,18762.647519188
2930,0.3055,2.03060856395425,0.01673450444589,0.00552396224109331,4181.10087098156,8636.25884821931
2931,0.2885,2.38577654828111,0.010138559796354,0.00803454131179471,7677.65816422957,7388.75152449239
2932,0.273,3.65935367405438,0.00635121589938047,0.00369183191767078,17482.5554202192,20697.4198089051
2933,0.21,3.77016005591661,0.0617125933554139,0.0361462696803693,2102.92817147548,3052.69931463811
2934,0.3695,4.0760866186903,0.0150383704336574,0.00576679662214168,9742.64371346933,17909.0910730802
2935,0.1625,3.36755313045417,0.0125671303494252,0.00766824175025358,8306.85951491335,9616.30510374117
2936,0.3765,3.91506146270154,0.00652640559492199,0.00518216180637297,19426.016677432,18624.3726633555
2937,0.252,3.3748319202127,0.00532341648422862,0.00389033753952408,18093.6309654151,17913.8520554188
2938,0.162,4.64261362645993,0.0721571686065884,0.0568710111473424,2274.03660924743,2389.85920570092
2939,0.1335,3.32698602006917,0.0212001055543931,0.0181112273966974,5257.25378025643,4791.22599682063
2940,0.1955,3.66389579896212,0.0698225991415463,0.0628874569835517,1908.98061227255,1719.4157590971
2941,0.3645,3.12742095712169,0.00957709690086991,0.00749645563155116,11176.2177035499,10964.3697853397
2942,0.4115,3.29716490870523,0.00993010278422418,0.0065226739160463,11662.2828163471,13321.1351193034
2943,0.296,4.0555828541686,0.0172822946427743,0.00607867555566379,8181.17948279946,16325.4837844749
2944,0.281,3.70029024424827,0.00665739570329652,0.00518285279219419,17134.4347580668,16470.37459354
2945,0.305,3.07457650684393,0.00547423248383872,0.00332251225661977,17057.9009945376,19475.5499862184
2946,0.2315,2.36612942259203,0.0159250320279931,0.0104709592007026,4997.46559007345,5662.36916865301
2947,0.309,2.58243819390892,0.00636272225348381,0.00331327819991853,12635.2164545476,16017.8311958971
2948,0.3285,4.84577742757398,0.0124541282282278,0.00679645718363937,13603.2598570178,18297.9071866818
2949,0.26,3.65203353047302,0.00805099593868573,0.00706722958984946,14253.5259263707,12583.7718759942
2950,0.2395,2.60917102679683,0.0225184668294871,0.0155717800887401,4090.3753115379,4565.91094639484
2951,0.3315,2.3393819747666,0.015256178314945,0.0117648554170999,5355.38813737935,5390.49234592703
2952,0.293,2.95472656728453,0.00444222964576131,0.00350199440037277,18561.0547719946,17400.717426587
2953,0.2785,3.75961523846266,0.00820838122286246,0.00702897889049193,14704.8907302455,13257.6837592729
2954,0.1635,3.61609923747554,0.0104709380140952,0.00876746124116067,10361.7074366521,9433.9898733574
2955,0.1455,4.98003764410275,0.0254464007970729,0.0182235556488785,6772.6087584417,7271.64457002037
2956,0.205,3.45869827996357,0.00683093425474455,0.00568957265703009,14705.089794427,13324.9744439522
2957,0.3705,3.80717289433673,0.0104737325228778,0.00872068482449678,12624.5297926636,11810.3799164949
2958,0.2475,3.39147255984789,0.0163127437058145,0.00535452176895622,7078.02241235584,14277.3336831945
2959,0.298,1.9772877665515,0.00382128301338975,0.0029538149432484,13488.8464415166,12620.0263390788
2960,0.2915,2.23685047722995,0.00721695686284876,0.00548687457871273,9660.01600613101,9525.93500487621
2961,0.141,2.98558646261544,0.0422808941802904,0.0375128147144805,2511.93202461396,2240.94004380146
2962,0.2715,4.01336638921354,0.00731776136201755,0.00616685040386809,17001.5629069834,15450.6785021778
2963,0.428,4.33198158842765,0.00778001114822573,0.00643226330857217,19313.6365787827,18074.8149202901
2964,0.198,3.37269161699296,0.0268955424838046,0.0223889179663128,4449.21987899136,4201.11090329841
2965,0.428,3.54409624547716,0.0168781889527617,0.0115016594416191,7724.96014401326,8818.54371917216
2966,0.1605,2.5315071619943,0.0549198132385165,0.0296189965506268,1561.83997858411,2353.67579357826
2967,0.328,2.75469524090373,0.0211752786101278,0.00847569754337112,4619.73188527719,8576.05170309658
2968,0.2595,3.25952908619382,0.0226979186718504,0.00674219047381104,5000.05965643122,11710.5596525298
2969,0.233,4.06715402872971,0.040003662784592,0.0297726439268932,3655.27750611443,3877.85154692048
2970,0.117,2.14969659964696,0.0449334215877563,0.0264141802922032,1650.22557486972,2129.57452377598
2971,0.111,4.69065028518718,0.0340364220518993,0.025031439786378,4830.76895688669,5165.8936267035
2972,0.2235,4.17339819598284,0.00576069439971172,0.00469485265165817,20109.1670459051,18409.7816792695
2973,0.1555,5.57565655888577,0.0257881307207868,0.00839062384629709,7190.74139892582,15159.6208433088
2974,0.342,2.71611102091849,0.0308585345182357,0.00889272605183374,3097.29848330126,8166.84561645331
2975,0.1515,4.48934392266992,0.0109945342797537,0.0082214069231707,12292.3863867229,12051.6283406501
2976,0.2395,3.90484247726193,0.0112603505826505,0.00460576889853757,11398.0350587399,18184.9976110779
2977,0.0885,3.76141189252552,0.10077246644174,0.0923635010742885,1304.71019649749,1164.18805428968
2978,0.322,2.90229891973146,0.00819692848075546,0.0071162752218921,11637.5925168266,10445.1659696343
2979,0.126,4.22032735570854,0.0164648157912143,0.00943408529519854,7976.42623662821,9643.12684690676
2980,0.248,2.76154458991057,0.00662821649742117,0.0043365813723786,12358.6127498833,13384.7206965884
2981,0.2615,1.75832190737122,0.00570115707614628,0.00351778703418738,8794.84092138625,9731.44983018062
2982,0.328,3.33837163587689,0.011166071428854,0.00408541931709963,10262.7685195047,18771.2202916292
2983,0.389,4.93952075707473,0.0199209591219172,0.00530727420516898,8868.03434921903,23648.9868511916
2984,0.3365,4.60763994223932,0.0182351905795334,0.00549302869586945,9073.08983936035,20752.0349304936
2985,0.2245,3.14773516806487,0.0205382374658856,0.00899555931440812,5322.5781468922,8700.71928798324
2986,0.289,3.30265404447518,0.0195340639815141,0.00844573219480926,6032.40372452231,10082.2877007793
2987,0.353,4.54104867460219,0.0128649576966027,0.00670974213426752,12533.6678100353,17654.0467972881
2988,0.169,5.18750316634797,0.0417478517339117,0.0372949209935555,4558.22848920685,4074.75179621163
2989,0.088,2.27246970121469,0.0261833528424802,0.0202319368672974,2776.21616178308,2708.37654446654
2990,0.4475,4.39236019376164,0.116510463838847,0.0921379135296338,1352.11157253602,1452.88614430703
2991,0.1355,1.99081274759692,0.0182301364652347,0.0163994880545562,3423.00683869539,2988.25516544393
2992,0.4275,4.49099514777936,0.0126497989541796,0.0100564853067385,12865.3043836524,12624.2916982115
2993,0.2855,1.97384690163013,0.00640867938436972,0.00554245519024199,9229.2192314824,8218.38805710828
2994,0.1695,3.42182535239287,0.023422125522966,0.0125730246003413,4959.21418006431,6783.94860823916
2995,0.2455,4.35193517589153,0.0179488442632309,0.0142609679711361,8653.07322030585,8508.84902722972
2996,0.4015,2.68695323809439,0.00759866966500547,0.0058735616129489,11738.0401554032,11618.0818381618
2997,0.1405,5.64856576583861,0.0367786329490465,0.0170087570532655,5194.28382773667,8531.32893698568
2998,0.2205,4.59241259298459,0.00704035802445815,0.00570863187803741,19591.52640083,18279.7751483044
2999,0.229,3.07318638910243,0.0398928117974692,0.0286471786753623,2812.48732971393,3139.98625857023
3000,0.177,3.63066669575932,0.00947469200126067,0.00744761920830264,11456.8622753522,10909.8618607103
3001,0.148,5.42600008039289,0.0364995910257752,0.0262815704822065,5225.09874204647,5624.14066964873
3002,0.2855,4.32840233907742,0.00900060591131546,0.00596905268439183,15835.4283356875,17440.869045339
3003,0.1875,2.98365888678824,0.0140098401619153,0.0118343411988804,7087.06802793159,6497.93850768822
3004,0.2185,4.2387153916804,0.00799671469918099,0.00667426680728448,16147.4535494133,14780.6124777184
3005,0.241,1.71807255889452,0.0280429022209199,0.0162717762491077,2166.1807226556,2852.87132000355
3006,0.4265,3.97374456999378,0.00640589316222148,0.00535486517286991,20735.9605757976,19127.6300571333
3007,0.416,4.07039874644277,0.0204635599895142,0.0192288405079664,7352.28718258209,6235.1319759145
3008,0.2965,3.92331352284039,0.00654364505235541,0.00432851514446705,18804.9969411685,20443.6914198465
3009,0.365,4.3563136446513,0.00717510140624936,0.00472679051602938,20029.3935366332,22372.1898879013
3010,0.328,4.10577537255544,0.0160491848980405,0.00360398699730091,8948.27588520873,25420.2484228091
3011,0.268,3.91949368025815,0.0356771899208172,0.0219961276773364,3983.09928106029,5178.7267199249
3012,0.219,2.2717580637882,0.0136803129059717,0.00872875256792769,5541.7436321169,6333.15112570247
3013,0.32,3.90915358832581,0.0266276389077425,0.0215124782235403,5396.59305755237,5269.89964578503
3014,0.383,3.04636425722074,0.00538508806543505,0.00369683860431787,17628.9966866735,18560.8277553064
3015,0.1995,5.71003230240349,0.0202346014726452,0.0083624159877,9748.16883482291,16441.0561519902
3016,0.3575,3.64244207675851,0.0109746741678219,0.00950952460042269,11544.6155445745,10382.3730741448
3017,0.4435,3.39892831349846,0.00923598592024418,0.00682299494836874,12904.8822319889,13401.1800488552
3018,0.2725,1.92954308609378,0.018829557845944,0.00875272993439236,3613.81717058722,5641.20409577335
3019,0.2785,2.93827081391581,0.0279539902923326,0.0244760815096416,3908.47265655277,3536.3282336513
3020,0.28,1.84292449492762,0.00951587508938319,0.00645570701324273,6277.42401255559,6845.83313132313
3021,0.3035,3.71127493231318,0.00741745597903572,0.0061068054180408,16073.5332613476,15014.6806499407
3022,0.385,2.9787347304113,0.0697413350750083,0.0627699334211039,1583.37077320395,1418.91416019677
3023,0.288,2.77577493888653,0.00691245307801616,0.00559307094896554,12707.5592556317,11908.0374520338
3024,0.3155,2.63364707766349,0.013124358451639,0.00945676157231674,6923.90319555019,7355.85486995245
3025,0.179,5.11095906693022,0.0127082990974888,0.00625621280403368,12989.3091249665,17818.0084863533
3026,0.1985,3.65042939563618,0.00891381457046616,0.00600046535589434,12533.0588680131,13383.1119263651
3027,0.387,2.66507253416132,0.0101385013147715,0.00716710940024556,9080.44800476474,9784.79312352428
3028,0.2445,1.72721837310322,0.0143248262617579,0.00797042215066545,4000.49918271229,5187.78685553356
3029,0.207,7.6842708083856,0.0287853162615033,0.0282109072623837,9711.9042362476,7905.9604782456
3030,0.206,2.07529285208326,0.0276940399480164,0.0256406480958769,2615.52271755738,2246.92589127564
3031,0.261,3.23221150268185,0.00958654648462969,0.00728254148747313,10975.9743678628,10968.5256495762
3032,0.4515,5.49446419463593,0.01179202122212,0.00746031816047951,16955.505069433,20467.0886565757
3033,0.2685,4.10772011975674,0.0076510337745847,0.00494219705625678,16835.4333473856,18610.6499702917
3034,0.183,2.94120565194469,0.0145692866077491,0.0120198905925348,6646.26782831001,6239.75563405716
3035,0.215,3.94803122571464,0.018000367064865,0.0121931465357047,7659.51010337549,8550.92109056602
3036,0.148,5.2211001671038,0.00911245228323227,0.00708947024438361,16448.2496290649,15621.714766235
3037,0.2245,3.45054316628675,0.0143483879263686,0.0124377243794609,8140.00215431145,7352.87780528138
3038,0.4415,4.44184674769225,0.00599918819439765,0.00517295150417893,24300.9570423943,21945.9596630205
3039,0.088,3.55982157519468,0.130644555921922,0.118788821157796,961.962969995566,865.144515611863
3040,0.305,3.66909507322081,0.00959497314001147,0.00445794353934865,12918.5852013457,18793.3630150823
3041,0.282,4.29608427642225,0.014620090202182,0.00856490940826878,10192.8319159059,12906.2644438423
3042,0.3685,3.27251234222125,0.00845949979282392,0.00598657284826997,13070.8533331566,13870.3379421814
3043,0.385,3.02736649497898,0.0148305496515251,0.0105260749204969,7363.484052844,7972.50305044264
3044,0.3955,2.88721302933683,0.0180650887782932,0.0084892259090637,5812.30923677165,9311.43508374638
3045,0.181,3.74627769634405,0.0205824175925093,0.0112071522120363,6161.54891524709,8291.02230284287
3046,0.212,2.71564274098472,0.016211218054869,0.0136940045683318,5667.4111704364,5214.81581119458
3047,0.247,6.66975244744225,0.0633296550546805,0.0414996518549445,3745.53228757395,4791.8461898117
3048,0.434,3.16957735435127,0.0120080358519293,0.00872949345631701,9444.40798378673,10011.6120316276
3049,0.2605,2.93210734605291,0.0128013209571807,0.00643116681417159,7684.01190894509,10776.2283665402
3050,0.2265,2.16985699068006,0.0669175743770915,0.061424275685446,1180.95864384646,1034.51867184721
3051,0.342,2.28048164520783,0.013933461714455,0.0115149462671572,5716.90359406653,5410.74279327075
3052,0.0965,2.36587262397582,0.106366043358763,0.0885699683054398,786.235832453361,782.801497477467
3053,0.3765,4.5820857240194,0.00830589589565081,0.00554558928506083,18811.5393703248,20998.2513119534
3054,0.2805,1.86901585901152,0.00391666263099806,0.00331688124576132,12778.5519387748,11273.3824118731
3055,0.2585,5.33351332081575,0.0232637702156074,0.0199536005951547,8402.81815570309,7740.72174285192
3056,0.196,2.53962574661778,0.0168734477273223,0.0127975755897317,5029.33839476899,5037.97549269339
3057,0.352,5.18893407614246,0.00862752752904827,0.00683396990503225,20484.6783142262,19821.2517854563
3058,0.1905,4.43842637117268,0.00974780594742838,0.00558143433284299,14042.0623449147,16872.704715388
3059,0.1985,1.48083927376963,0.0151839869091829,0.0136604333768605,3144.71450443337,2720.19045257695
3060,0.326,2.95966461686186,0.0211099012788621,0.0137158103599592,5074.38554743958,6069.94872710005
3061,0.348,4.66284842385157,0.00844195618848466,0.00487307942587379,18737.3226172854,23397.5895958159
3062,0.432,6.89242038256413,0.0349915033520111,0.0233093718513676,7361.89769078112,8897.60266839716
3063,0.2405,3.97891379627838,0.00880649950775493,0.00469261657006647,14279.5665201189,18349.3369508434
3064,0.3435,3.29693161480516,0.0132828874448035,0.00625374093660249,8769.70330596635,13253.1049366467
3065,0.302,2.52960375687201,0.00631521856059608,0.00469948511452226,12117.7360399929,11981.3252669619
3066,0.1775,2.40535971130157,0.01575557565883,0.0126008704609106,5024.73610474808,4813.80671251593
3067,0.149,5.28315705419909,0.0103560841328621,0.00766252190589521,15258.9580738683,15202.4732922239
3068,0.2635,3.43464737138371,0.0112184299919678,0.0101977737845905,10291.2202331944,8942.77394924314
3069,0.1825,5.46849037261998,0.0864772120717731,0.0557065222363549,2060.60930139953,2939.6696059266
3070,0.321,4.15556485598134,0.0728545651503908,0.0565282561109272,2103.28057877452,2275.57673745983
3071,0.271,3.57216730606725,0.0618788821928831,0.0326846138353424,2010.52411829196,3223.80362174435
3072,0.2495,2.39071411551911,0.00855804821133235,0.0070395473864399,8726.92537074633,8085.61461800868
3073,0.3355,3.21705885993669,0.0114336490096324,0.00504341369626879,9799.55627903973,15420.3398232739
3074,0.1915,3.75590930766413,0.0110927932558477,0.00950333457063046,10653.1265195909,9622.28485685452
3075,0.32,3.08028689986975,0.00768277143058984,0.00648331760277984,12977.3535217739,11897.6683652105
3076,0.347,3.35794065133741,0.0166939273769248,0.0111910656716125,7336.3069138822,8406.81458285372
3077,0.2345,5.36683223945008,0.00917985448098459,0.00650017635209113,18822.5646782782,19620.8671417677
3078,0.1835,3.61671955344852,0.0204283466383324,0.00798484772091141,6034.18118352866,10625.6024937877
3079,0.294,3.43693032233552,0.0203765803888952,0.0104719712347991,5972.9613365292,8774.68678524807
3080,0.2995,3.42375447498551,0.00572158557076583,0.00451174332765887,18059.1412277228,17073.0258939581
3081,0.1545,5.33639107574978,0.0123014894789879,0.00707026592591873,13577.9447750912,16326.3531385172
3082,0.317,2.64040632869648,0.00869999752339298,0.00754573107077351,10012.6910346676,8979.77767503343
3083,0.3685,2.48340011995303,0.00624057655750633,0.00435528972430872,12739.0387532204,13499.3265097044
3084,0.3,3.99831473215787,0.00959915923648269,0.00459513820070102,13909.9566712871,20002.0625017576
3085,0.3565,3.05848773519568,0.00501338250065923,0.00328649603652516,18675.1133845452,20078.8213358893
3086,0.363,2.5032255224514,0.00856992932082767,0.00647813880658451,9786.87908869229,9834.66296762129
3087,0.301,2.37253400788675,0.0104839152997402,0.0069513244894734,7543.68576200017,8437.24799572421
3088,0.255,3.16264781261029,0.00969069067540141,0.00441647524055434,10626.9105052163,15560.0621693985
3089,0.2135,3.91509408275608,0.0190880464375305,0.0076595878561208,7095.66523246956,12263.8768770662
3090,0.132,3.22528432588282,0.0158246344164931,0.0122349264602384,6327.84011088842,6202.7155234657
3091,0.348,2.93104725402258,0.0166223927540127,0.0145675814848603,6323.81263543164,5707.08282549709
3092,0.3785,2.61194809504882,0.0325594831305571,0.00795790170299127,2854.39472800566,8766.80997995283
3093,0.2625,4.04948488335864,0.0142886969076958,0.00333286531580823,9574.24694310601,23922.5337912981
3094,0.1675,5.81145684903064,0.0175864862702047,0.0161503654319739,11043.1059939537,9478.94055536768
3095,0.114,4.40447193690333,0.0639735774598976,0.059952570853745,2378.56507033325,2035.3138494343
3096,0.1455,1.45273296874016,0.0389693312126103,0.0355111566311565,1279.3901150421,1117.90033360593
3097,0.1095,2.72337085507858,0.018027787683762,0.0152286904264221,4699.59454341175,4302.67501380037
3098,0.1555,3.58513268277037,0.0134274733388322,0.0119203623551101,8591.74161363753,7601.65802369311
3099,0.3535,2.51354508433379,0.0141884140942138,0.00966654248233494,6294.99655131012,7097.10339484774
3100,0.2435,1.69434079466365,0.0300992863967718,0.00847712328480037,1965.19429858546,4841.97095867596
3101,0.1925,2.91896180160466,0.016576778922122,0.0107065962584888,5907.22556957259,6815.32380021696
3102,0.15,4.01048556343525,0.0176921759102066,0.00566929176150149,7520.36062169263,14057.7205640383
3103,0.3915,4.48185307510115,0.00514247277014978,0.00416550429186888,27572.4030405595,25868.3086702667
3104,0.2765,4.75531485368152,0.00844283319398074,0.00647150218035344,18371.7694108362,18095.7905559999
3105,0.369,6.36275189119879,0.00683630188996896,0.00546375486467969,30957.975345617,29716.7120302042
3106,0.2445,3.91133780505279,0.0183967241356213,0.00806169500744543,7418.15943813651,12101.0541218607
3107,0.3095,3.15577618444104,0.0230457321065318,0.0164572569922897,5004.82152293095,5467.62933887127
3108,0.1945,5.71776214553118,0.0251155226029772,0.0089882842120752,7845.60152381722,15572.7910714959
3109,0.344,3.88564365598933,0.00642753312110254,0.00528494088237563,19525.109388594,18207.0746480918
3110,0.4535,6.43870847427481,0.0143279371000465,0.00825484805273302,16647.6586636371,22099.6514456938
3111,0.2555,2.15654075223873,0.00901167426258073,0.00745589390442516,7567.33522248152,7040.40020446413
3112,0.341,6.28303962286246,0.0347786099386526,0.0308673502149926,6779.35381007279,6107.52047179291
3113,0.3185,2.08266895195254,0.00423772371196281,0.00289034962404272,13763.3009185759,14148.7319056088
3114,0.345,4.20965389797184,0.0118208292975124,0.00577569923991195,12490.6298924008,18241.8547802586
3115,0.295,3.10498156389956,0.00880171843108863,0.00489673221938023,11571.2199396313,14574.3918322419
3116,0.324,2.51226611023876,0.00595298327967549,0.00339644209990807,13088.2201926348,15630.5854721336
3117,0.179,4.6074954586856,0.0227121300030124,0.00722102059331634,6893.62108970043,14323.7183808782
3118,0.2795,4.94609186738838,0.0241372410051317,0.0181250745443729,7470.00624780153,7888.51636003432
3119,0.159,4.3837947751381,0.00710950676008125,0.00589045526022774,16960.8462641389,15354.5807011503
3120,0.1385,5.25961273904915,0.0140093536361896,0.0121577029945932,11701.0437444306,10411.2913936351
3121,0.1955,3.85693654961969,0.0399382731553764,0.0349149989367565,3540.85239362939,3227.01778933125
3122,0.324,3.34559276349929,0.0102937514870818,0.00649613752426014,11141.5870548621,13092.1644281409
3123,0.121,2.22918386159437,0.0557779134814776,0.0426972898377023,1382.74021732017,1425.49116016754
3124,0.122,3.62779768725602,0.0642192831406376,0.0540572300234498,2000.85891685292,1942.69118395171
3125,0.2815,2.24733677378956,0.00458200033331037,0.00370076041375439,13497.1976659553,12428.3306909236
3126,0.3935,3.53136616953459,0.00834609911461816,0.00573922333050021,14397.6316958085,15697.0005130348
3127,0.204,4.09885473431496,0.0169365418876946,0.0135955291418076,8129.30956998555,7802.21704762143
3128,0.3795,3.07947118699234,0.0154771783883394,0.012077386029143,7168.16375734925,7165.79924625466
3129,0.2245,3.55530318914412,0.0085243313325591,0.0070822646523912,12891.7494247693,11814.4100950255
3130,0.3905,4.97633268727337,0.00932813694063229,0.00481721290544854,18590.0846293401,25744.7933689181
3131,0.3055,2.00148672829496,0.0101576310598986,0.00622533813257997,6541.68584089605,7737.3767109032
3132,0.2295,2.37248783098624,0.0109459210235841,0.00770405274998317,7011.49212994493,7452.38913072079
3133,0.206,3.75961161271419,0.0098950156418972,0.00803890341985244,12071.5682707725,11238.7526911707
3134,0.341,3.79169544602018,0.0137669545578236,0.00592759286725872,9690.13079259991,15882.1876941217
3135,0.2145,1.69271807925652,0.0179983460528137,0.0148862247666412,3174.01963998376,2996.38781169556
3136,0.2695,3.7342476408457,0.00498685942647008,0.00399487050348659,21341.4966173368,19762.9071995527
3137,0.315,2.08432360307128,0.00770030071212529,0.00649218674284916,8497.40372020835,7741.22210551283
3138,0.3255,2.42864531569089,0.00759206203283117,0.00657201705911286,10342.4035209549,9296.51929240265
3139,0.2315,3.15938478374107,0.0122034273616562,0.00702498610640158,8577.67460345128,10675.8461797231
3140,0.2405,3.32587095437251,0.0205444657685678,0.010203648097062,5652.93727743153,8363.85024886634
3141,0.3825,3.49054651805202,0.0181552563369678,0.0152210218525433,7031.78307713527,6611.7436087277
3142,0.185,4.27805621154493,0.0244157499703473,0.00538346032210732,5827.7798435576,16545.6432281455
3143,0.1465,2.9335785443227,0.015836024006675,0.0131316847996947,6010.70576569892,5560.96395802946
3144,0.2355,4.30920647732445,0.00777176958467142,0.00609134693182438,17121.1103758752,16278.7032507067
3145,0.3445,3.94717151076173,0.0554866025645919,0.0508290375550077,2649.20090970676,2323.70122895118
3146,0.338,2.97670173070201,0.0315813533325974,0.0128731234803566,3370.00237185743,6452.06809894117
3147,0.31,2.76546214135538,0.00456815177705028,0.00362947584359363,17465.4007944014,16354.6749091653
3148,0.2895,3.11615972084145,0.0152130073006481,0.00938052306584303,7219.66340665329,8770.70354871693
3149,0.262,2.35495661985095,0.0156738811739381,0.0114773867733895,5163.67653280318,5432.15062308989
3150,0.163,7.28799128493193,0.0659950077888731,0.0374816337698724,3754.38473595295,5721.24337352403
3151,0.339,4.06446109902925,0.00748415276053802,0.00571215471763809,17864.3101568475,17715.1038788242
3152,0.2935,3.41077637924843,0.0388009572245516,0.0209743815250858,3169.37775103654,4681.69286948297
3153,0.1865,5.96545835935425,0.0116940228715811,0.00996487376853278,16510.4065802198,14955.6798988521
3154,0.2785,2.42130875422487,0.0148161840428946,0.0139483823196005,5555.02242739671,4680.55065104357
3155,0.364,3.36204525806469,0.00834810964188335,0.00574101004450461,13599.3618286643,14671.9471573057
3156,0.2725,2.54130049254896,0.00603365570916836,0.00454413442014817,12480.7791558807,12227.3275785189
3157,0.367,3.77883753695507,0.00929780614493987,0.0061655478761149,13930.3251990928,15707.4664233905
3158,0.4515,7.93476330203795,0.0168471176078209,0.0132494092105514,17574.3584724752,17588.4983588085
3159,0.3325,3.96307068419051,0.0132576480665857,0.00412974176106942,10532.3959738771,22194.1481113601
3160,0.299,3.08509573937321,0.00553741527627938,0.00419732438963392,16737.0524927381,16307.0915621465
3161,0.1915,2.38425731741058,0.0087581381202118,0.00751354408545621,7961.54320946154,7106.24403523319
3162,0.3675,2.78225302227028,0.0179051243472844,0.00932947593706458,5584.36221789997,8134.38402895172
3163,0.258,2.60045246969888,0.00661612832080547,0.00434000529712158,11887.9237048914,12873.3458206682
3164,0.23,4.35055620224285,0.0239138439777607,0.0211135034327976,6532.52918834159,5881.66446995721
3165,0.177,3.63103643846551,0.055368035053173,0.0506832299917688,2363.93311090027,2053.77099858198
3166,0.2505,2.45271875498429,0.0124361923800613,0.0086265845664423,6513.56519941933,7012.4948434896
3167,0.3025,2.97664615644477,0.0218967024379669,0.0104577243796226,4868.54575211534,7722.68258193312
3168,0.252,3.77928866029862,0.0102113722686368,0.00628201213939924,12149.5186772591,14271.9130829382
3169,0.162,1.56894882389089,0.0154378256834639,0.0120388494817207,3232.25811089477,3126.52679487017
3170,0.451,6.88607235851262,0.0248683269690845,0.00653939703122909,9970.60678061953,28462.3314884233
3171,0.3345,2.22587278878647,0.00430560021835173,0.00300727996009358,14650.3733805464,14879.6967114614
3172,0.3825,2.3740137091687,0.00734943349397141,0.00520353560856045,10644.6379915809,11215.1206681626
3173,0.1845,1.98764256072362,0.0267183703286702,0.0178222730462515,2595.48551982857,2984.67328066598
3174,0.3535,2.38856754631986,0.0105308939834321,0.007704544919624,7780.77532015669,8091.18953914846
3175,0.299,3.70188406154482,0.00690940855697794,0.00403287705923345,16822.9501178745,20045.8762631934
3176,0.353,3.89957486364829,0.00768949433743313,0.0044386348741427,16874.1971283384,20789.5813071169
3177,0.196,3.05372635573367,0.00820038660882171,0.00721359885242211,11063.4247940467,9720.99176990171
3178,0.386,3.89834011145186,0.0108860718231991,0.00590390388138208,12523.8404674101,16923.8569627106
3179,0.324,2.09115434233877,0.00675974981432457,0.00468139520479261,9704.03308452757,10296.2038097838
3180,0.2355,5.12099603478014,0.0093072403251428,0.00751384264175054,17550.9717490471,16561.3460650402
3181,0.3045,5.10210018068049,0.0107174164709318,0.00534154661998718,16229.998623146,22914.8502683082
3182,0.304,2.39561672501559,0.00970728720482096,0.0078553887926299,8204.85335957162,7827.5939701403
3183,0.3525,3.62406098231963,0.0616303982933487,0.0520716954702125,2204.66489122947,2123.54677819481
3184,0.2145,2.53284630391552,0.0647135022054705,0.0532217002593729,1448.03215288039,1429.92763169231
3185,0.23,3.43940691767114,0.0196950246196428,0.0076942404620775,5997.20951000038,10816.6455094815
3186,0.127,3.4186398119818,0.0178518294438339,0.0150179646690428,6164.30589875531,5628.66968938438
3187,0.2325,4.12119587494864,0.0250815446592467,0.00904012480293722,5767.3130524737,11562.2999480588
3188,0.167,5.34064825700144,0.0424433940144802,0.0296867643535588,4488.61943441276,5154.22239521603
3189,0.2505,3.82918506557778,0.0073634889538936,0.00613277179765403,16137.5305984741,14779.9848099917
3190,0.0775,2.56361246829677,0.029322797435664,0.0262613766242866,2751.0252660742,2407.17277795647
3191,0.2455,2.00562566698046,0.005826721819666,0.00497661386991195,9695.24608423251,8645.44941263715
3192,0.222,3.73616613265609,0.106646387936138,0.0718723878250454,1160.4924992137,1546.3680692763
3193,0.1975,5.05430571690361,0.0132060813043361,0.00527187927681584,12626.6349140043,20579.6641573028
3194,0.2755,3.16998435765928,0.00594118892703935,0.00428011095438478,15980.2364214056,16111.7333729672
3195,0.3945,5.21736696360692,0.0111389906658056,0.00932948007022598,16679.4633648582,15589.7175630222
3196,0.1415,4.85804530969092,0.0203607545953398,0.0127746769513944,7936.85416767872,9329.38605684776
3197,0.145,5.77756287214439,0.0268967895285848,0.0241165722344609,7335.26357506374,6440.32039916577
3198,0.2945,2.03530609937154,0.00552274531697615,0.00394397612033108,10743.7055061791,10793.8732134802
3199,0.295,2.26406836388717,0.0117939988518031,0.00424580412395841,6605.56304137749,11810.5668183623
3200,0.302,2.8311786446848,0.011437516006144,0.0100014084093501,8471.18098130897,7586.47393076668
3201,0.1305,3.43242509321192,0.109636042806584,0.0868646324866967,1057.88080747885,1163.78095854726
3202,0.344,2.84764651384129,0.0096190972647156,0.00840643249632442,9958.75918009857,8939.69526528008
3203,0.3545,2.71782187371586,0.0107950206331524,0.00437505623253987,8551.322914186,14364.844973673
3204,0.2815,4.53050299456171,0.00843530073020755,0.00568158702305966,17557.9540714361,19114.1362677214
3205,0.2865,4.52190173573778,0.00729953974978767,0.00413973125709242,19852.9100000167,24210.9619917304
3206,0.1215,3.73560295859976,0.0523536831773675,0.0443437890687225,2486.80476310304,2345.96447128917
3207,0.1135,3.405906002651,0.024877729722599,0.0189180171858696,4485.32987555875,4455.98202070706
3208,0.1465,1.95924236577414,0.0276243951607074,0.0232902694227549,2405.31825983008,2235.24566686206
3209,0.333,3.15352483025889,0.00571595355340198,0.00475656397910761,17037.9918638854,15552.0151787658
3210,0.3425,3.2009418783568,0.0101290118654278,0.00698563864859623,10750.5280387059,11738.2041017857
3211,0.1995,1.4943823898686,0.0213873399765396,0.0185039529551244,2397.73139883128,2159.27376493563
3212,0.3095,1.90153239448179,0.00737654437880107,0.00658864577656038,8096.8977692863,7081.4186178051
3213,0.292,3.40412781257521,0.0181823026288436,0.0110135498680046,6619.11439160085,8324.42864632576
3214,0.1325,2.67147493088353,0.0190723861322404,0.0140308449900047,4510.07367451588,4622.93583971533
3215,0.2365,3.41393389620889,0.0102028786737442,0.0062728324370993,10822.4958799811,12634.8516013659
3216,0.236,3.8095738521515,0.00873112752387867,0.0072972275254041,13790.7516343379,12621.7652826059
3217,0.1575,3.44822105382432,0.0688843453529567,0.0611762665232255,1839.54891342003,1673.75684866762
3218,0.1825,3.06715455439211,0.0155994546478745,0.00908871682962162,6477.93600454606,7954.32106167876
3219,0.185,4.15803690154717,0.0435499520613008,0.0368885687205106,3465.03728080305,3298.22310338747
3220,0.32,2.06462888615797,0.00938283665311556,0.00746030684027152,7295.50175321586,7058.44279513144
3221,0.1125,3.36793297214528,0.0317886358884284,0.0275338158056226,3602.31234425559,3274.23641586915
3222,0.2695,1.94028760355268,0.026612407417674,0.0152175745381312,2569.90572197062,3444.12479256951
3223,0.276,4.41347614997957,0.053314409126231,0.0491650251992476,3044.82848324257,2634.00780280244
3224,0.193,4.38353420235917,0.00867919765229588,0.00633684963089501,15431.5721971984,15411.0189558687
3225,0.275,1.9430529603556,0.00534773422135042,0.00426176484355274,10463.7131552525,9749.78786263864
3226,0.1875,2.03267887344957,0.0131928914185556,0.0109789492559616,4868.3895089066,4498.78222257208
3227,0.433,3.55005034116669,0.0379720876930829,0.0105766657918126,3310.6313236826,9465.37744196767
3228,0.3445,2.32271352030625,0.0109727272811246,0.00822152504514943,7151.74639091843,7310.07891154705
3229,0.2225,2.9690603480295,0.0210140270400184,0.00728644214286227,4875.91618437435,9635.72587955864
3230,0.213,5.49095926333585,0.0487393139981735,0.0421143554176352,4158.67922820266,3862.77214515689
3231,0.387,3.07970988465676,0.00606375165748858,0.0048413110309555,16297.1893003739,15556.4130635363
3232,0.334,2.97962385176179,0.0238971121531784,0.0177459142074842,4529.92970365755,4776.3776958443
3233,0.418,3.43754139002706,0.00674635418681313,0.00343010133975871,17014.2613361593,23100.4453701488
3234,0.179,4.08470301110326,0.0136198634518466,0.0120138719822099,9644.86200902718,8576.34939614852
3235,0.2915,3.69061083528417,0.0100997349219781,0.00558044843721829,12312.4426069732,15792.8658664403
3236,0.235,5.86759300689524,0.0155401223252804,0.005428710357444,12929.2306390594,24489.1729172695
3237,0.35,3.17490736185675,0.0452045753506632,0.00986305794616274,2377.86093713356,8846.11983425952
3238,0.119,6.0696155437327,0.0256911418566718,0.0232572709303896,7847.894808936,6875.32005897699
3239,0.2855,3.40004104219692,0.00593359601925794,0.00369222008314776,17535.3708389135,19719.7477752928
3240,0.1085,4.64194468437761,0.0127215923486714,0.00932268664391792,10356.9327594994,10268.4001402033
3241,0.4,3.04564562608626,0.00705669899375427,0.00565562591633149,14190.4594949924,13541.5580506306
3242,0.21,2.62706307253157,0.0481355671683517,0.0414816080884788,1958.61866266986,1801.39263565844
3243,0.269,3.44307338885468,0.00788799175044618,0.00436191129352127,13839.1505434029,17351.9404465935
3244,0.3025,2.76219209610552,0.0112495944636365,0.0103144009409613,8199.62047794614,7080.91873619006
3245,0.142,3.34722138100327,0.0561940996798607,0.0512697765850239,2151.93458005987,1879.48299675233
3246,0.201,3.96705454366519,0.00934603718889635,0.00726392093236024,12856.2985013182,12388.2437467988
3247,0.1845,3.50672384126357,0.0314052747011257,0.0238404881880247,4023.77272819021,4145.18093181946
3248,0.2485,3.81680354640141,0.0159633016777677,0.00423731298412925,8224.03663618668,19101.0334873596
3249,0.4265,3.96801358833721,0.00854375792126114,0.00471702993379227,16156.7315510906,21243.0897402799
3250,0.168,6.1836845890962,0.011797699582591,0.0102525681971897,16455.3501573676,14732.5469992533
3251,0.228,5.56143917317496,0.0154456626189373,0.00911871966767017,12386.3472047397,15513.7261930235
3252,0.277,3.03311090855662,0.00981433430402634,0.00363992748403138,10287.9664140584,17329.1400885783
3253,0.161,4.96597525297302,0.0263996101077344,0.0238210986962113,6579.51932322855,5779.20122643136
3254,0.1975,4.11320087344871,0.0476763383957932,0.0429967768228694,3177.97913988917,2841.68749109331
3255,0.1775,3.47890583244681,0.0382320510635563,0.0338641384428715,3311.03664830139,2978.7399982313
3256,0.2025,4.07949462066942,0.0379915788313991,0.013748985851584,3665.9298487036,7981.20020310088
3257,0.3025,3.54719597701553,0.00557480495196896,0.00328945676524875,19440.56564072,22451.3435582822
3258,0.3565,4.61526627209956,0.0075889235918067,0.00637494016772017,20410.5045229708,18836.3104424844
3259,0.2155,3.57470399557468,0.0065346488425127,0.00405659346142666,15907.3321265876,17431.8204789302
3260,0.2995,2.79575421787666,0.00606834047992093,0.00507116201446736,13840.7519368608,12494.8354506289
3261,0.13,5.46081521792709,0.0314719030782997,0.0188178342501622,5865.46514266604,7490.38004180813
3262,0.256,3.16146408266842,0.00779213585631881,0.00491719291839129,12741.8179608688,14328.3980459012
3263,0.2125,4.92981457748113,0.00770319346203016,0.00588919060779861,19254.5586271557,18716.7291686953
3264,0.135,2.36074513092039,0.0611457212002997,0.0376548628521263,1348.3442665094,1718.36241889129
3265,0.4065,4.08466785609188,0.0143130055977651,0.0129178424108685,10303.3430596631,9043.05731592112
3266,0.461,6.79530008592582,0.012670694455188,0.00882411109779862,19622.7474682244,21812.8048440983
3267,0.156,1.93968387348526,0.0195703003638752,0.0172968056247664,3146.32855882614,2777.72877906349
3268,0.167,5.93919280489835,0.0344327838123917,0.031681264812456,6090.13305709024,5314.98826944893
3269,0.266,2.69405634003517,0.00590780484340691,0.00434751081427164,13428.0281572163,13363.2669419576
3270,0.2665,4.43044247139751,0.00668387464008049,0.00557206204534828,20313.8254786096,18500.4779754698
3271,0.364,3.83313670445991,0.00878389237711991,0.00677693815228031,14865.9570071904,14798.7570385466
3272,0.2755,2.84595144756905,0.0708732590875429,0.0624084230565289,1469.55061894329,1353.03012821507
3273,0.4035,4.82733182490258,0.0231285101936275,0.010217402687713,7624.43186226239,13354.2917578036
3274,0.36,4.79554179961012,0.0627184289902523,0.0494284945190373,2787.87845255896,2969.32559185012
3275,0.374,3.04424351619827,0.00909037951869824,0.00736218160459286,11453.4885191425,10956.7956795057
3276,0.2315,1.98905993817548,0.0256577383468098,0.0230010776296423,2688.91094222681,2369.90446413592
3277,0.215,1.77366087910533,0.0192481280281508,0.0158092961857559,3127.57077596343,2962.46883939415
3278,0.456,3.7405127827952,0.0299467700288851,0.00765888183274138,4467.96845781909,13488.7689405978
3279,0.2445,4.34544493260872,0.0086521857121886,0.00484103724200585,15924.251954425,19795.6371023275
3280,0.196,5.16327828249103,0.028918877267757,0.020489630667244,6392.69657725347,7096.33920280035
3281,0.1135,2.90982343949802,0.0179138055584264,0.0154405325706008,4953.37471479842,4462.09301280611
3282,0.289,3.70262506257822,0.00869650936792761,0.00452921446822917,13955.9953318341,18466.6893438829
3283,0.2495,2.89251695714864,0.0049656572031012,0.00399194561622089,15856.3180071833,14563.6481792176
3284,0.3395,2.87525388774202,0.0110962234772247,0.00628573373055943,8954.9544184247,11587.6163423734
3285,0.362,4.31512525828297,0.0067271796236397,0.00410932530923154,20990.803679133,24799.3110652459
3286,0.2905,2.34436800045688,0.00610083448815303,0.0050836562564253,11566.7473062334,10531.9167420863
3287,0.2195,4.54450374001568,0.0145832702077868,0.0089568968364985,10492.717664939,12508.031716156
3288,0.263,1.77496100186778,0.00572134309500503,0.00430753290895738,8762.15332915361,8497.49379966691
3289,0.293,2.34339526171208,0.00499799340932967,0.00311860199166363,13441.4655153096,14749.9757299936
3290,0.2535,1.73766501245021,0.0140573288800455,0.0115275605713418,4140.11554212607,3905.12547384022
3291,0.302,3.79286470318172,0.0168356156187651,0.0103898851659006,7972.12613975247,9923.04595935318
3292,0.2265,2.92745829871715,0.0156025994877431,0.00877262679843313,6420.45247740274,8336.81757408625
3293,0.4365,4.56607214364111,0.010569697240893,0.00724857777498186,15407.7135979493,17180.0209559177
3294,0.355,3.54568670960973,0.00619331237626617,0.00423686965516603,18383.2218037204,19646.841121709
3295,0.2145,2.57319137702796,0.0322483182117771,0.0265677242614123,2873.80330783833,2743.01741947556
3296,0.4165,4.63967765040918,0.00831282031721931,0.00623353930747734,19332.1539698378,19723.4462761762
3297,0.284,2.58101261150707,0.0394938158597731,0.0279160007360276,2361.74223193321,2667.73923632952
3298,0.1615,3.95941913327742,0.0118288860241547,0.00830968645784341,10472.7771594834,10768.2024156029
3299,0.2145,1.58467159557511,0.020689037099995,0.0150715951330279,2639.37596997515,2752.76001085924
3300,0.2335,2.29887741437063,0.0175299689861524,0.0108562277058864,4485.69502500823,5400.62480840121
3301,0.2425,3.29526231710436,0.0392410741594694,0.0238657637363412,3004.80650668446,3930.25566229153
3302,0.2465,2.16121021947865,0.0175241940002803,0.0123817507904864,4222.43262561784,4583.13721207233
3303,0.289,2.37829467058322,0.00734889253236744,0.00457740266466661,10201.324669333,11546.236615638
3304,0.1465,4.18968861756916,0.0083731780352073,0.00684920724384175,13890.5731021413,12773.5777156014
3305,0.209,3.21757271951785,0.00578896884065862,0.00451588158925186,15304.3450015307,14303.0689659952
3306,0.2855,2.21394308777322,0.00509103301518592,0.00397719954172742,12432.3697830656,11786.6307726776
3307,0.207,1.9892800030947,0.0173049673786665,0.00807712118172559,3880.09932114222,5811.70505685144
3308,0.3895,3.50760633697987,0.0200352682610196,0.0102202037739877,6366.06793260268,9520.46997447973
3309,0.3605,3.73081491438638,0.00880467128772622,0.00609831345269302,14316.4716559429,15581.3620752735
3310,0.251,4.09358270694157,0.0260112108222877,0.00718674560751899,5502.00636762827,14080.4134072226
3311,0.2425,3.44626546575428,0.0143523098143244,0.00786910275110146,8215.64330742395,10725.1524884741
3312,0.476,7.41878072501233,0.0529969089501338,0.0478649565921212,5274.94568909422,4650.67713274412
3313,0.1795,4.74906931757079,0.0121528037652574,0.00883310706583229,12598.5104641625,12836.2513498671
3314,0.205,5.35754302694767,0.0932961578780229,0.0450363248956427,1677.85417593812,3518.12103291702
3315,0.2905,2.00701336717197,0.0524091726487923,0.0468563590496315,1394.89524895275,1244.96595821554
3316,0.208,4.31689616495309,0.0540899855023955,0.028207726182523,2721.517143803,4362.72109693726
3317,0.294,1.86661861185161,0.0130211732510158,0.00841435819727372,4942.02966597878,5683.64078190703
3318,0.3575,3.55259962193111,0.0179679706226093,0.01109093000807,7162.48916988909,8878.16419215153
3319,0.2555,4.70220041714672,0.0150363298941176,0.00520316066679978,10780.6333793557,20541.6373715627
3320,0.3535,4.67054893399664,0.00733505433579201,0.00543222142649268,21152.5272112898,21515.4992646002
3321,0.172,1.7192112592219,0.0173541589406532,0.0155687460554236,3252.69003805272,2833.78717893546
3322,0.41,5.02149350790202,0.0078916322371613,0.00576772270169497,21815.6748343021,22591.3804685243
3323,0.343,2.39291291791499,0.00553775500237699,0.00351456635008285,13274.8332947536,14723.6384494725
3324,0.1745,3.80103768979438,0.0297118832747732,0.0220337502121773,4553.74986370386,4801.98910087056
3325,0.3745,3.63149676907134,0.00521070957011032,0.00382331002140436,21926.7688221697,22044.1993929015
3326,0.3005,3.53008548328329,0.00604790262634904,0.00432287975901619,18209.4655570331,18633.5255712731
3327,0.2145,4.80509026306556,0.0280935809389328,0.0262065945785782,6244.88042064822,5347.15535282965
3328,0.1415,4.39210949685265,0.0263320479147547,0.0193915690607344,5728.84238365529,6034.42227721509
3329,0.1705,3.09833838870368,0.0221228038545934,0.0181943745286326,4774.4602191731,4523.50270389582
3330,0.2385,3.72980638098092,0.0114095713131254,0.00788250020218235,10805.6333979703,11607.736614566
3331,0.1065,2.73921667559834,0.0938790769291175,0.0819203054662912,1012.65717587362,935.039161566026
3332,0.2535,4.63773978441289,0.0255422201328089,0.0236428249851669,6689.12814622921,5764.23740009756
3333,0.4235,3.26926538432998,0.00547135096329697,0.00458508815178223,19111.4048168759,17537.9731174799
3334,0.253,3.36984376914064,0.0201112872806109,0.00627466253244297,5806.14403708665,12633.4569885764
3335,0.2425,2.31617986179041,0.0163385021639328,0.0100787402436087,4876.70699789489,5884.92637517752
3336,0.388,2.76360058683412,0.00875095897055596,0.00757661430841394,10703.6631510748,9594.15998012977
3337,0.289,2.64440004076308,0.00822756144745949,0.00543348806678076,10321.7858100784,11402.6343501597
3338,0.313,2.59138192668053,0.00746785157415313,0.00551746917940591,11163.9032723678,11274.8972826234
3339,0.1735,3.22147555221754,0.0125028424723331,0.011417426198567,8098.82086844105,6953.64754027302
3340,0.1305,2.43379358148531,0.0678839019331986,0.0634720667601313,1267.97741886705,1097.7574327881
3341,0.19,4.65471630593431,0.010003491752968,0.00620905814954693,14462.0210925166,16514.6286740096
3342,0.2335,4.84491524989288,0.00984717535404982,0.00844311093469437,15798.102744097,14234.95423269
3343,0.3985,3.53076519544503,0.0110399063732253,0.00724612452841134,11212.8593293414,13013.8243764763
3344,0.257,6.44957041957579,0.0178249409190943,0.00727130140106646,12710.070791743,22152.6703981287
3345,0.1845,4.20152241887492,0.014958714671327,0.0133556800233064,9357.63830878755,8213.69335200508
3346,0.1275,2.04256147507838,0.0263157355800274,0.0196803661953279,2587.60396852218,2596.81932783745
3347,0.1465,3.81686529425116,0.0101396232946571,0.00770361194047487,11112.9945947032,10769.9616421821
3348,0.4115,3.51099853240718,0.00685076857275008,0.0052945474320327,16928.248329203,16670.9922046293
3349,0.199,3.10160357240421,0.00894183918791908,0.00758790757426509,10554.0651399407,9534.24890839904
3350,0.308,3.20371886276396,0.00541223211020354,0.0044001806179216,17842.0783306322,16587.6024613678
3351,0.212,1.9555456010007,0.0168560202101155,0.0120952859496378,3945.53090383516,4171.78534647639
3352,0.281,3.2554576689134,0.0109048696742974,0.00919462776182181,9925.0290835458,9173.70342519484
3353,0.4415,6.58814943440668,0.0162993181868819,0.00783318034460189,14848.3028268355,23384.2117646778
3354,0.1915,4.6509752764451,0.0163225968862803,0.0122683862607173,9591.76875576982,9760.07476392337
3355,0.2225,3.37081567755455,0.00758148558139646,0.00530453698566843,13385.2374624205,13765.9720611947
3356,0.389,3.71460666210313,0.00671349759317595,0.0039409888634202,18288.2608689352,22247.0454673827
3357,0.384,3.97582723993873,0.0156790222122272,0.00526973817582662,9055.81854019071,18988.0595199101
3358,0.168,3.46523311213846,0.0254991305348635,0.022131683701494,4792.81756527636,4319.62890677651
3359,0.145,3.73511357412312,0.0141256245366993,0.00616732671227426,8193.34039430868,12019.93100291
3360,0.2385,3.55518766260541,0.0108271001898786,0.00557111636577279,10769.6197876192,14444.4484498919
3361,0.3105,3.06315712705122,0.0131795813178175,0.0100675407364196,8067.75622163637,8170.13715230805
3362,0.2505,4.09700843097638,0.0100015009440677,0.00865691437454551,13316.7243304963,11920.0427785305
3363,0.41,5.43753507765248,0.00876243393779083,0.00616249848498721,21727.7649551494,23458.2546748771
3364,0.3285,4.12610951632696,0.0144216395878786,0.00591078455697098,10121.315650339,17467.5540992065
3365,0.086,2.66065576302798,0.0841743457036746,0.0768644029728187,1098.28087607408,962.714859623556
3366,0.2105,2.93627342831805,0.0219795367872986,0.0188494209811413,4597.14443488987,4214.28719428613
3367,0.3095,2.57533945601739,0.0136636674690506,0.0118169378631163,6418.53630557207,5793.89318214303
3368,0.2765,2.19487569546262,0.0167006548646722,0.0130813457183204,4567.42276770021,4517.6863013497
3369,0.294,6.51147230972687,0.0241680239958531,0.02203430126009,9943.06551363983,8718.93959253282
3370,0.2555,4.42933537212273,0.00558253468647179,0.00435041171835678,23195.0602921447,22158.6054857888
3371,0.2145,3.8049989611111,0.011184016560598,0.00553248690463737,10957.8995925702,14847.7152040903
3372,0.313,3.8401759118279,0.0188585990234825,0.011635749366608,7300.27735295505,9178.48376679671
3373,0.2045,5.25126703100542,0.0668025260700406,0.0339766936752306,2609.93021626252,4519.02481269835
3374,0.2785,3.88449237185264,0.00854003205771655,0.0068770862748537,14694.4500419301,14022.7085389886
3375,0.1225,4.93787094850888,0.0290921268398915,0.0136814472055902,5606.29587618956,8651.348593497
3376,0.1955,3.37278085974293,0.0104107617330993,0.00624506985095279,10171.0362143209,11882.5049395161
3377,0.198,3.08457891646018,0.0152695528888358,0.0126839821402687,6760.06773809991,6312.07172943937
3378,0.164,5.43887177231274,0.0117218629250843,0.0085432728976813,14482.4528654634,14649.7972439978
3379,0.3915,3.13826846430684,0.00561755248430362,0.00475551062378531,17669.0573930962,16076.511983054
3380,0.167,4.21537461648649,0.0196828972860068,0.0134070135993118,7236.63607965638,7979.59538837109
3381,0.207,4.06930701517456,0.00683702351660799,0.00453480239195225,17341.0052312285,18285.1196742675
3382,0.341,4.06088660542979,0.102381923349366,0.0744394293715125,1358.34058327931,1668.84690212088
3383,0.137,1.51344426177846,0.0291320120933404,0.0262729616717801,1717.77301588295,1485.81761349583
3384,0.201,5.07312391072165,0.07794224010344,0.0441361638932233,2155.06991206288,3425.92390125114
3385,0.2165,4.39676339122181,0.0212680842242114,0.00661044850199764,7191.67160113876,15674.6228493302
3386,0.1685,4.11525454485301,0.00598412753750635,0.00457526159844736,17881.3339509944,16859.9206846852
3387,0.192,4.14273951233401,0.0340242081005922,0.0287621973096748,4427.19994738881,4173.681934393
3388,0.153,5.66569035528424,0.0215669153521381,0.0137195031076651,8982.44835900435,10553.3952715381
3389,0.3075,3.33174576619299,0.00784550289064856,0.00401297767696796,13776.6750252941,18286.7265313205
3390,0.1315,2.29531750630201,0.0174636128374327,0.0155369060701888,4179.09884072304,3651.13950308581
3391,0.155,4.22925124338657,0.0304803913099456,0.0281419498718416,4951.95766170169,4266.26742022312
3392,0.142,3.24962954377233,0.0186509149697393,0.0162662345264238,5698.35508941805,5093.96323947398
3393,0.2185,2.58213590125582,0.0126838374713598,0.0114610267649362,6660.61659190008,5783.88785521335
3394,0.157,1.73170152983843,0.0306258413198999,0.0198080231695017,1948.33097259277,2265.54080598987
3395,0.118,5.07454478777114,0.0324427261061041,0.0229053066261847,5257.90366881461,5820.07438692446
3396,0.373,3.98067844697578,0.0143014936191566,0.00826909654258549,9973.58004238527,12898.9205594379
3397,0.18,3.89616019389075,0.0180978671988664,0.0164090856890887,7272.31550969962,6324.28054456046
3398,0.2195,3.83651367658148,0.0129737449407855,0.0110624710486786,9889.14785886599,9009.72870140386
3399,0.3985,3.61231422956835,0.0148714882785824,0.0113089457896147,8808.35528433118,9057.1907730709
3400,0.3255,2.6039099905981,0.00475604059045025,0.002733637844064,15873.3908590522,18199.7491598449
3401,0.3075,2.30771841164779,0.0143878870474224,0.00634292480698928,5543.42459723778,8911.5512243784
3402,0.181,4.5030009755106,0.0130614230054458,0.011213162994397,11263.0896535247,10193.777919173
3403,0.2435,5.05317382995082,0.0071035360818253,0.00473746908867634,21914.8371883581,23624.4032639409
3404,0.214,2.73273854221461,0.0148150254004292,0.0129062102119439,6138.41463915262,5496.47967217952
3405,0.215,3.03292010203586,0.0236243003063072,0.00598821823096316,4331.80352408167,11309.7759990283
3406,0.181,3.06939484860961,0.0196219888344977,0.00839815528407753,5303.94088285526,8612.55186721992
3407,0.1135,1.48205946785815,0.0519797178415377,0.0362150752402251,970.646817456784,1087.9263458321
3408,0.3265,2.23863974569649,0.011384975007467,0.00505945856298512,6650.25076863984,10412.0505034032
3409,0.2365,4.75838204353448,0.00953904932626408,0.00850004321194509,16035.5224189753,14052.3495115656
3410,0.152,4.19051933439158,0.0322351539424488,0.0236154960427798,4579.78955837328,4931.43711998027
3411,0.168,2.86413778802813,0.0650265828032865,0.0568467938621521,1558.57409827414,1418.32959617401
3412,0.4375,5.88679193279008,0.026940339357017,0.00553347763223452,7798.29897820829,28009.9174367644
3413,0.217,4.25445004447424,0.0116917026814104,0.00774106692112812,12012.0250877708,13358.0626735531
3414,0.1365,2.23713023070527,0.0929901682372937,0.0850983062478406,874.110967294461,770.194673920522
3415,0.252,4.03107317891255,0.0795731253050792,0.0512908881930713,1772.2416332053,2368.57405297655
3416,0.4265,5.79746878426452,0.0528438150485661,0.0403473852632622,4113.4121188798,4491.42558964054
3417,0.225,3.72918719990804,0.00728323024345573,0.00616842203662178,15433.3906330877,13992.6536454101
3418,0.114,6.23646149574483,0.0368561940364092,0.031517942677293,5930.76812437732,5515.18635914986
3419,0.232,2.1917470328223,0.0148629859045351,0.0118754188825673,4966.20919087806,4817.10378212778
3420,0.221,4.14696601326796,0.00903645289039981,0.00474519005726751,14246.4379677107,18227.4498401094
3421,0.2545,1.99359476224088,0.0903535909457332,0.0562186677028034,765.397227913704,1043.65394654398
3422,0.211,2.26600752913506,0.0112946309318056,0.00616344854736459,6357.12877800938,8149.84391599248
3423,0.2145,1.7277760027756,0.0209562283396577,0.00686027988603722,2815.4320339294,5694.75364696233
3424,0.2955,3.75727518040496,0.00738617263844859,0.0060914193405876,16248.2964461674,15170.9051375399
3425,0.452,3.95685544786462,0.00851987245295125,0.00452456217310659,16220.7043102951,22118.2360217868
3426,0.126,2.63569634339862,0.0341879747632975,0.028452645532428,2634.88219742363,2491.34925327388
3427,0.1125,6.00986196761358,0.0470812959809095,0.0387226887379118,4457.72939012732,4262.63523186489
3428,0.2585,4.26738714717954,0.0283555624138845,0.0250570302523849,5557.72683916408,4994.78730618882
3429,0.3195,3.23455564589004,0.013096231799941,0.00908101559193597,8682.57526177857,9564.00894134551
3430,0.339,3.35316178736668,0.0163765955535334,0.00987588352416504,7423.56529639415,9284.78702577167
3431,0.1785,2.01580376494993,0.0117684614953887,0.00992350689027657,5322.31894255323,4814.71221088495
3432,0.3785,2.5763155053805,0.00990361614107088,0.00533316322146176,8877.73391741758,11921.8927860378
3433,0.3125,3.26137322859481,0.00819579447170243,0.00538779330954453,13198.6664732417,14632.4235827112
3434,0.235,3.81513031672893,0.00648841706097556,0.0046574116490379,17243.9720792085,17448.7708179526
3435,0.255,2.45334382693243,0.0117726450135115,0.00944789424287925,6920.59305722805,6595.60010135325
3436,0.3555,3.68357833942357,0.00575733559295505,0.00440721146013197,20399.8190143902,19876.1568970034
3437,0.0925,2.86909706584799,0.0323146492305422,0.0212719374107131,2934.33388133923,3307.54756366182
3438,0.334,7.0419964954547,0.0398910890673538,0.0355534057998926,6651.7015880691,6007.35620149044
3439,0.275,1.91662111379534,0.0380228119385406,0.0140054190325197,1795.10855941845,3685.99463171461
3440,0.1845,3.63345404455923,0.0141326933208556,0.0122355471372136,8468.83484766951,7621.97615667325
3441,0.226,3.20942254686594,0.00766833530522617,0.00433328481319491,12571.4418686935,15092.801299174
3442,0.317,1.95752870224442,0.00885904242750927,0.0077154535000803,7202.49863739279,6423.19409509822
3443,0.272,3.63198802661149,0.0101248250971215,0.00644859413660242,11970.0092011146,13778.0689891621
3444,0.3465,5.15569189944467,0.00717712764020425,0.00580300977415339,23505.9242611568,22242.4275663522
3445,0.2445,4.78530911271235,0.018272458487208,0.00787956165995272,9181.41318130565,15208.303356244
3446,0.205,3.57676242167827,0.0097724608483345,0.00792932822886232,11421.2124798831,10705.1641973859
3447,0.174,2.00089990017931,0.0703266504493148,0.0586804626711287,1024.69366284533,987.256105201833
3448,0.2015,5.23723363945061,0.00835301051153249,0.00640199434480865,18852.5700631304,18316.8160519926
3449,0.2615,2.92731237596274,0.007115988633808,0.00465422420199667,12741.7694767602,13901.435525666
3450,0.164,4.97444232321178,0.0159699509641501,0.00828505616446091,10146.2920120815,13619.7417870247
3451,0.134,5.65408739324964,0.0331614653278219,0.0318404748030342,6066.01234019965,5049.37151536812
3452,0.3345,2.65480244276825,0.00609692142400205,0.00495309459025865,13531.8792748408,12610.0716358112
3453,0.1585,2.57388058330898,0.040086872122367,0.0246203097594621,2279.0139840664,2923.97449948968
3454,0.3395,3.74904368633959,0.0173353093766029,0.0094560963836767,7790.06816660674,10736.0424102908
3455,0.259,4.50344325524027,0.0139583781396938,0.00622801426080801,11087.7020438801,17109.2588265856
3456,0.3655,4.97177744627568,0.00946823149492816,0.00557409218043108,18131.7480480492,22526.6473932811
3457,0.4145,5.2031137658563,0.0128870203285143,0.0111144734609392,14569.0532419159,13311.5991497442
3458,0.217,6.09419992236089,0.0357216541682623,0.0329985210043147,6334.46302553153,5429.37042146455
3459,0.218,4.19684864426133,0.0363872452039433,0.0330745957171917,4243.60614204194,3709.62844737992
3460,0.2285,4.50534827336595,0.00936058083749855,0.00401045471708222,15417.8027010726,22779.4761377718
3461,0.266,4.07697038967297,0.0101100068238749,0.00622823151959329,13449.2825269029,15808.4361155135
3462,0.124,2.74104323857846,0.0275885946398306,0.0232519808773235,3366.3668659073,3108.18522389024
3463,0.2755,3.73724603146614,0.00680015962757873,0.00442487728574938,17012.8752242319,18715.3757780955
3464,0.29,3.97104451298422,0.0102069899787789,0.00606399665058094,13169.0074492165,16142.3475127829
3465,0.401,4.45162552808666,0.0107702876686096,0.00591866397655124,14549.8243793363,19520.6426792741
3466,0.345,3.11623081926787,0.0114437049434268,0.00986174982384476,9465.53109752389,8607.769255359
3467,0.176,3.67121275498037,0.0112178422913815,0.00819812520647038,10167.9724040015,10299.9391897461
3468,0.098,4.04770729154666,0.0341762467219173,0.0288157043345907,4120.76285931754,3829.3279129845
3469,0.432,3.68141209341483,0.00710972719914779,0.00563134321619599,17323.4919454338,16828.5305612935
3470,0.3425,4.7168121385981,0.00657592635886587,0.00431352249200989,23358.7783200829,25836.454083027
3471,0.137,2.88315519939829,0.0227922912235348,0.0179059516176927,4294.57051210621,4226.20590037
3472,0.273,3.9642442188134,0.00977159807636714,0.00389284787724673,13326.6180560997,21344.7898790913
3473,0.4695,6.61107104203517,0.0120122365429878,0.00706470476125317,20022.6407198025,25841.3996882316
3474,0.2365,3.35953633389687,0.0141733624198521,0.0112562946084857,8067.56740614335,7829.8850770809
3475,0.2295,2.0517040679279,0.0108790830052625,0.0092701292373649,6081.25444720218,5550.84448541756
3476,0.3055,3.4678068029287,0.0176015866024172,0.0137469464517209,7067.75774924928,7025.43947095874
3477,0.1795,4.39990151631658,0.0417385879891939,0.0369140780522103,3826.81945314317,3420.29588073844
3478,0.437,4.61223248370787,0.00787402552082011,0.00431620280685444,20219.2549845481,26744.1792151178
3479,0.279,4.04515993490769,0.00748480633915148,0.00609974540134054,17250.4730394598,16165.8133888341
3480,0.3125,4.11614982459024,0.0088723422763694,0.0058851894427757,15573.8273727565,17265.4108765829
3481,0.26,3.07658302654186,0.00736901961668194,0.00610558100275184,12823.31206852,11718.5052582263
3482,0.142,6.04639533619942,0.0145246230103511,0.0113839839405863,13057.9277782391,12634.6402629807
3483,0.2175,2.36230884910636,0.0666415356985641,0.0455477657451663,1267.00077248746,1508.92852147576
3484,0.2225,2.24441141847307,0.060532213005204,0.0219309011286109,1261.063692235,2873.78217383082
3485,0.097,3.59443056359366,0.0280623595728478,0.0217925564812425,4245.53561201633,4162.88396085001
3486,0.276,1.83051334083992,0.0160730910191278,0.0110444035084714,3919.17323292584,4343.3222326698
3487,0.0915,2.19486422060368,0.0379577660572012,0.0326861142133349,1947.27283947154,1772.30469938356
3488,0.324,3.02579329366989,0.016642700628773,0.00831570642691165,6442.89891527017,9442.2312672815
3489,0.145,4.0994846790387,0.0190715737726845,0.0116570300723305,7113.31574811141,8552.52272415214
3490,0.422,4.16229824433724,0.01109105450014,0.00926613652789511,13409.4818327306,12561.602150119
3491,0.11,3.13669299506116,0.0142722195859758,0.0113639297832956,6327.7870050433,5922.23437416141
3492,0.1895,3.6834740968243,0.00830625765728453,0.00631197777317344,13148.8538451193,12784.5141784265
3493,0.1935,2.87533875549359,0.0223653706915752,0.0159592406003898,4443.69687555023,4798.60337609207
3494,0.135,2.84004593578619,0.0159271819820011,0.0112233851958961,5692.17267593647,5954.36436276841
3495,0.257,2.00691605149625,0.00877328858900805,0.00666759785709062,7195.44892551407,7144.20004854927
3496,0.1305,2.18245345078031,0.0748216799421127,0.0648046871191173,1021.70806380535,936.793346285842
3497,0.105,2.41969652848014,0.0288112127995576,0.0223061167476412,2743.173885828,2756.14730964187
3498,0.25,3.04761207839355,0.00980388596195264,0.00714360085076856,10135.3159190749,10436.2256933778
3499,0.233,5.35353513285481,0.00718327417949271,0.00483505750087521,22778.3950593035,24025.0804205704
3500,0.199,4.41110307182669,0.0105159043133277,0.00651483896536797,13249.2157220421,15115.2646787439
3501,0.1955,3.95657365761907,0.00971561582305875,0.00422647949970518,12675.406109723,18266.9586651159
3502,0.1615,4.35566644858902,0.0131539869272216,0.00749070529469224,10466.9376975746,12556.2900860495
3503,0.1895,2.59379818665817,0.0130406861086245,0.0112742413931059,6528.34261767828,5883.57280894211
3504,0.1665,3.8497652298107,0.0136777434750307,0.0074716297325606,8932.01745599382,11369.7745952256
3505,0.1965,2.15943184220579,0.0612570101062288,0.057334822347192,1272.89227739946,1092.75332687985
3506,0.253,2.61010526728766,0.00639493855643936,0.00363437909279677,12209.5092049428,14486.341327565
3507,0.2855,3.87042210835296,0.019899577688328,0.00642870402312116,6797.02795937871,14725.6432865024
3508,0.1255,3.01827834515798,0.0879191395045426,0.0835704635475381,1185.91420574645,997.419017877545
3509,0.125,1.34289986156726,0.0595388720433739,0.0249956528228427,778.601087105468,1385.96741182315
3510,0.176,4.25311257193953,0.00928937413217302,0.00591591204961949,13795.9156128278,15134.9907921969
3511,0.1965,2.98732439075632,0.059395425551848,0.0535210481507843,1832.8354533728,1614.40508215601
3512,0.109,2.8716602788558,0.040317768634584,0.0376385183776451,2455.83336548301,2105.30643876578
3513,0.4005,4.41963592531572,0.0118050486405189,0.0104312647045986,13366.7574902256,11909.9817198091
3514,0.096,2.05680426916658,0.0406085372937986,0.0371027068465603,1723.59476647811,1501.54454480586
3515,0.385,3.62902361478322,0.0054957145951966,0.00364570873822279,21118.92951365,23029.8875216173
3516,0.282,3.40555102411607,0.00991198952673839,0.00531573369369954,11425.8093451884,14920.756544575
3517,0.422,5.00613380339711,0.01080740758444,0.00507693165185686,16432.838224749,25088.2008726547
3518,0.2945,3.40492581444975,0.0149298985196994,0.00864741750168383,8027.31732093644,10275.3744509099
3519,0.437,3.76522639092274,0.0120880517338511,0.0104563217989247,11191.8373456423,10182.2620715069
3520,0.1345,3.40191173911437,0.0289336538491215,0.0267708603391321,4014.29137101772,3428.08924859582
3521,0.3665,2.30952756425129,0.00744739029826135,0.00672442379793524,10137.0054358205,8810.29055673416
3522,0.1545,1.73446936283762,0.0545946854164774,0.0330672516671895,1117.18757115181,1463.4612248996
3523,0.244,3.19801031396892,0.00697400724711461,0.0043324082090235,13884.2005576578,15626.5332261109
3524,0.25,1.84599065053126,0.0233256501003769,0.0146992736627923,2754.63038722658,3328.71219654223
3525,0.2025,3.65941975733462,0.0119976941270836,0.00926030181914657,10056.269653888,9821.86088160212
3526,0.1935,4.50474617590952,0.0209888035010918,0.0141970327922884,7424.61843850263,8375.26387086728
3527,0.2215,3.49175312591299,0.0162872405551096,0.0116406179413229,7363.57681472157,7789.41730782805
3528,0.151,3.32065268437812,0.0149227015806506,0.0122238027496626,7070.03349796248,6580.65177638166
3529,0.2235,1.62823544294483,0.0276390419903794,0.0148608488905484,2077.30823781063,2888.64589428038
3530,0.1065,5.71391632947835,0.100166450595431,0.0865962431891366,2004.60748570727,1950.68580489185
3531,0.3135,2.60609524519588,0.0138840721538797,0.0117284607419057,6465.70737293193,6013.12621419077
3532,0.16,2.38817703729657,0.0808403467694927,0.0517279796405986,1023.58520703978,1321.75742341276
3533,0.2015,2.72719333368062,0.0153855627809874,0.00953980564805686,6010.52980103943,7136.34274924793
3534,0.2645,2.1843425154483,0.0124962999723481,0.00933107534190664,5877.67750612421,6007.07415395458
3535,0.413,4.35159965459574,0.0408915076788609,0.0274822074541361,3923.43559721118,4695.54477087936
3536,0.284,3.71778950967739,0.0208170819418727,0.00766200498097791,6266.9010688019,12330.7704021635
3537,0.4695,4.86353346086347,0.0140174272089872,0.00733425653305849,12686.9944301691,18309.6744978531
3538,0.2805,1.79883780636142,0.0119586081646718,0.00813116884903812,5024.08967654465,5514.99772272299
3539,0.1085,3.64901531039698,0.0211069821302415,0.0151155196617381,5464.35505854481,5701.77035444107
3540,0.3775,3.57314776902539,0.0149518666613565,0.0031176777335031,8438.49466785582,25042.6181528197
3541,0.2,3.07147890144557,0.035023846831826,0.0291474437107842,3260.27457911449,3113.31812564711
3542,0.2435,3.3908707913547,0.00834659552695001,0.00461937618825226,12875.0204908773,16019.7128899174
3543,0.2555,2.030736319557,0.00933291011996349,0.00803341131054455,6978.51347916354,6257.60495475944
3544,0.191,3.63085566439034,0.0960487482549809,0.0884520506238964,1378.43147703326,1226.13133607014
3545,0.422,3.79386618638899,0.00644669326310935,0.00529272391458444,19412.3181033878,18236.4786288778
3546,0.143,4.22013784693304,0.0154854963020024,0.00829407754690356,8723.1831448016,11319.2911768246
3547,0.414,3.00330521178428,0.016505743853529,0.00539895055624539,6550.23615937539,14182.7898710003
3548,0.3075,4.01911017127243,0.0359077286674543,0.0318039365750268,4168.73399735138,3752.20659121197
3549,0.1835,4.03320393648184,0.0129043686911962,0.00897593173150518,10033.1047258389,10619.7289490552
3550,0.2005,2.74934357144392,0.0153036998966659,0.00666857284834132,5959.1774301676,9291.37782693028
3551,0.301,3.54788403437287,0.00600620548083837,0.00484316637274502,18180.3941772387,16953.6823197263
3552,0.3365,2.34100490004145,0.00974558881227734,0.00768767551094168,8051.67358582092,7855.16052878503
3553,0.192,2.80552517334186,0.0253244643837603,0.013289334420311,3856.74315241716,5492.97112192365
3554,0.1845,4.6012359007772,0.00903885782708561,0.00769845043414802,15454.3372388892,13842.9150854506
3555,0.232,1.67320813312675,0.00759254381811244,0.00436559815669582,6639.23590096286,7804.12646405879
3556,0.2395,3.52047340733611,0.0132021464919417,0.0113700877541091,8969.84306482145,8134.93837608787
3557,0.2225,2.08611730694209,0.0721045756041027,0.0651655948716227,1055.48347148448,942.636459052394
3558,0.262,4.53928942945624,0.010056771447313,0.00523935978637966,14878.6792605754,19831.4786258448
3559,0.1515,2.7312123863602,0.0262545349150912,0.0129606124939181,3554.49190240936,5231.70239593838
3560,0.308,3.92066330611316,0.0078660030314315,0.00492038874169516,16065.0774055498,18427.4493620894
3561,0.2165,5.78231488491411,0.0265985444446658,0.0126256089406778,7675.29643045954,12205.8067162456
3562,0.2035,5.05990768281193,0.0083227934421247,0.00619419741007014,18237.7647974802,18189.4450193871
3563,0.4035,4.43546414302993,0.00862602051097548,0.00748427455936287,17628.9789991291,15895.7444390005
3564,0.428,4.05701867814776,0.0131159104163533,0.0100625723973362,11216.4752869781,11359.6349052156
3565,0.2135,3.27565372700517,0.00612006099141605,0.0045662588570079,15059.3891539302,14608.5912430987
3566,0.1205,2.97000944189443,0.0342520806006105,0.0319176058724412,3038.71655799863,2598.69029072377
3567,0.2135,2.99108038236597,0.0271298256360062,0.0247734019115276,3935.09984798025,3433.18824803743
3568,0.1945,4.27124534789861,0.0222117430981512,0.0143808603896874,6612.64704947921,7730.66301158505
3569,0.1635,2.26031304269249,0.0147700743006459,0.0125030064765251,4826.0828507118,4434.46201280955
3570,0.3455,4.07356613210327,0.0064565487610475,0.00560569766927623,20366.2054459395,18201.1248905277
3571,0.343,2.88745574581983,0.00614348191259727,0.00341875682401118,14738.9525680674,18346.1939874441
3572,0.2245,5.07006654089821,0.0246617986789866,0.00717257618038124,7023.70554738184,16834.0690915387
3573,0.354,4.04196520892475,0.0166764794778116,0.0126778679053586,8777.10704341658,9057.5005009612
3574,0.153,2.20831471194905,0.0296354136895004,0.0146122775030154,2551.53707709731,3802.84475108183
3575,0.212,3.66002174087724,0.00840771805317914,0.00401391193513037,13138.7121605413,17541.5913136436
3576,0.3855,2.57608668370944,0.00666408269718321,0.00431189189877709,12611.2661607915,14137.806424654
3577,0.3615,2.27009338368764,0.00900740290253608,0.00763607464451644,8400.11291853903,7692.43367707006
3578,0.4415,8.61632155480344,0.0126397908206925,0.00962086078008994,24912.8567000203,25526.4498035261
3579,0.325,4.44771319989816,0.00634761538900077,0.00553469288397095,22403.3295948458,19937.8598561139
3580,0.163,3.16037971424671,0.0299889851416309,0.0284965332231666,3655.53845253469,3056.44471963593
3581,0.3515,2.37577297625576,0.00727153938297695,0.00635266685104782,10602.4884764114,9433.66827885839
3582,0.211,3.77806304217662,0.0471476185946528,0.0156384414637169,2656.98395091073,6518.69130092193
3583,0.241,2.40744455437875,0.0297437529502753,0.0229958623889448,2928.82263677952,2966.10706437707
3584,0.23,3.7127071438316,0.00795022527851765,0.00711032912473806,14322.8138336345,12433.4257455372
3585,0.273,3.18065954364285,0.0318232237392543,0.0173428411882852,3620.10314728293,5178.96023981232
3586,0.3255,3.01246635454171,0.0200885330076427,0.0134545391167759,5436.97158353639,6302.82561824038
3587,0.2385,2.63417711655385,0.0975342595855215,0.0741135293255964,953.404539672791,1066.07112226581
3588,0.2335,4.39073695160707,0.0130941260479844,0.0108911766216731,11491.0943625234,10707.8266728698
3589,0.4005,3.39018045793432,0.0117631499779037,0.00983532818574624,10273.8105908563,9658.68343897105
3590,0.197,3.34422774400333,0.0133273958014553,0.00997169722779965,8210.52797203712,8302.83153226207
3591,0.413,4.0694925698321,0.0138734861384828,0.00554303341626913,10637.047460766,19105.5610284949
3592,0.2635,5.31960954410196,0.0146875610023921,0.00484119152194047,12608.3529471006,24957.2806336926
3593,0.3665,4.33122555255802,0.0112068550442253,0.00799810826430569,13576.0273038351,14548.4550569337
3594,0.428,4.77075242266208,0.00655980280429832,0.00470069548002763,24529.7409624723,25720.593378019
3595,0.344,3.80640310903337,0.00914506377661741,0.00528264804283637,14223.6357865363,17779.342557272
3596,0.2175,2.46420478994839,0.0146842002222545,0.00998082414534056,5627.79233731997,6179.5440686645
3597,0.249,3.47016814192522,0.00965870125710494,0.00534424026939558,11700.0272336048,14771.2062173827
3598,0.158,3.58149168263928,0.0164153140698936,0.0119742603396521,7144.86145110021,7392.84028889245
3599,0.394,4.85169386832468,0.00556662475548883,0.00408944901308234,28156.5304355911,28561.5796875605
3600,0.144,3.64046545959848,0.012563683718706,0.0101390175599274,8877.50302488626,8291.55002737341
3601,0.277,5.63142215954243,0.107901621502088,0.0648264441669616,1555.01813681359,2650.76907577351
3602,0.1425,3.43478741237617,0.0125431093870297,0.00682587720946137,8442.20697766377,10554.0624156813
3603,0.158,2.73347300981548,0.012227552204501,0.00857885387930126,6971.78535151029,7266.31840189363
3604,0.1685,5.77720972690835,0.0129880224421722,0.00657893425605506,14035.4865884388,18559.4327291888
3605,0.222,5.09460035973777,0.010522462279474,0.00870006837441769,15698.7754210974,14538.7662018332
3606,0.2175,4.332957170496,0.011799889629803,0.0099511015722797,11978.568707405,11025.8159779161
3607,0.138,5.39350930762012,0.0211655125102891,0.00863595752496836,8352.00110242779,13433.2045523521
3608,0.351,3.01082876455995,0.0135818930443946,0.0122412248002009,7796.82957529674,6829.43587532943
3609,0.3155,4.35319827352064,0.0310472250937477,0.0263941097242687,5210.08452730893,4872.69894855804
3610,0.1995,3.75273276882469,0.0163065714769527,0.0151702891883378,7884.74363882752,6700.90940844601
3611,0.294,2.79957845841537,0.0101185312939833,0.0064377113291365,9214.90558334834,10494.7668090223
3612,0.215,3.90493632457843,0.0329322705828863,0.0177403739646587,4163.25393303639,6024.32498202173
3613,0.251,1.73685417528031,0.00925355833862497,0.00668634613428003,5904.0733132754,6068.87391782892
3614,0.188,5.26286920769359,0.00754918304005881,0.00554459312534115,20380.9372757156,20047.6135771586
3615,0.282,3.38448843424681,0.00595872937019827,0.00444396462221513,17269.5764909248,17085.6813208509
3616,0.212,2.15252882356647,0.012284743760043,0.0102611818031923,5692.63047675628,5264.28082175514
3617,0.175,2.9345745909169,0.0079323541969622,0.00603751704409146,10468.1188669104,10100.3837293911
3618,0.296,2.79514551513746,0.00558238372909123,0.00366613974660596,14980.3370449047,16167.5342408547
3619,0.1785,3.3809644470609,0.0136134217348978,0.0108004142968949,8124.50374871172,7839.79444390137
3620,0.3065,2.51772936761187,0.0289927371944313,0.00964534655208071,3103.83206451383,6942.23109726856
3621,0.24,5.56730537388618,0.0163016245425537,0.0120040689145978,11879.5347736566,12402.4776095084
3622,0.428,4.11364935644477,0.00868548127825316,0.00577576835581953,16469.8693584593,18677.5605976954
3623,0.2045,2.86363884228689,0.00856758125059836,0.00632071384754933,10198.5170587319,10214.9749852395
3624,0.192,5.13612497735033,0.0405519640412633,0.0374754855906275,4638.58711994696,4006.28926910879
3625,0.2535,2.98250106298116,0.00557057343263989,0.00442391375914249,15341.9466118443,14313.1977774783
3626,0.336,3.70542815142182,0.00614176958492395,0.00423159499320105,19140.1433412734,20279.7160646671
3627,0.1895,2.98027823934231,0.0132433434101778,0.00988642263608317,7215.38988740294,7295.9722417973
3628,0.455,6.32779735665836,0.0128395168376504,0.00807643593360985,18095.2382693889,21973.1697836907
3629,0.3365,4.87505733906458,0.0063182071852748,0.00492789816260453,24608.8429382369,23809.796476394
3630,0.1715,2.95145616274888,0.0192898394709156,0.0101161154580494,5157.43651208222,7165.99044027134
3631,0.204,4.2651491856944,0.0120460556763855,0.00635297487056973,11470.7388946434,15000.2703805326
3632,0.136,3.98751549096199,0.0199868887123427,0.0143611249435334,6561.50847917024,6880.07528709505
3633,0.189,3.20727974890347,0.0133596838993607,0.011997366603857,7820.64958791248,6821.81807532293
3634,0.1025,4.10393333285184,0.093867114675725,0.0725350613222207,1487.15515642554,1599.70117179238
3635,0.125,2.93378220355789,0.0660080822697602,0.0542298796067134,1535.87043943217,1521.35475720414
3636,0.174,4.09776153913208,0.00983565063898559,0.00846696278655509,12667.3284436205,11399.0676240443
3637,0.2345,4.19159551374868,0.00647019042625582,0.00525114583926155,19240.992277391,17892.2524881348
3638,0.219,3.81537926130403,0.0076413251306638,0.00614069950180222,15203.6875471766,14229.7986033963
3639,0.2035,4.81231845159123,0.00780919109748477,0.00509994518687064,18486.2346795016,19910.2001706339
3640,0.0985,3.55293717089173,0.0251280859065635,0.0223102639888861,4633.95968130772,4081.53791539043
3641,0.355,3.34991944569234,0.00904762573703519,0.00487377641008429,12575.839923978,16773.2270846805
3642,0.2845,2.79837421146177,0.00711513777424878,0.00428392637969986,12229.701309585,14363.9156350881
3643,0.2195,3.98488754369138,0.0136054794886691,0.00999809606923306,9763.4969801612,10115.002639581
3644,0.204,2.53161003496066,0.0210405958502673,0.0141456137700664,4186.53824233643,4764.68745881496
3645,0.3445,3.32594066089905,0.00750106056952572,0.00671217833857008,14441.0474505136,12608.906789338
3646,0.3095,3.5764688596124,0.018097465719171,0.0150424508807202,7101.49406645042,6708.22539589929
3647,0.3625,2.52791265910576,0.0122783039082694,0.0103012993795511,7226.74389862959,6705.25089463809
3648,0.225,3.72430656634646,0.00795636834917265,0.00415216116736638,14532.2399006582,18374.1324457157
3649,0.237,5.99596918668343,0.0113443531202609,0.00787240975288367,17605.9960103869,18965.5002928813
3650,0.228,3.87964923269474,0.022159773030772,0.005406029974068,5994.22073837769,15893.2923412163
3651,0.2745,2.99306416122653,0.00903019232071559,0.00764748978544078,10884.3912839782,9988.35722447922
3652,0.304,2.29801947181255,0.0172868423177059,0.0153979473174057,4680.46081041719,4142.96527634432
3653,0.298,2.67356159783816,0.0108146057962519,0.00949811779563008,8262.30678638795,7337.20878700281
3654,0.267,2.51063250418816,0.0132042544785308,0.0108566209004023,6441.98647320837,6127.63764003779
3655,0.4365,4.26094456358246,0.0115364679986993,0.00614256988674697,13194.3221119858,18522.5917828856
3656,0.21,2.78271301966223,0.0144304555175849,0.0128911035832673,6393.3853119406,5591.43278539504
3657,0.139,4.00422155991767,0.0223920296571512,0.0196405223233954,6186.48736858663,5571.50834331337
3658,0.2145,2.26860009150233,0.0306055748595172,0.0275085592754721,2668.71237298828,2366.67275326532
3659,0.274,3.41168149528584,0.0100694982695529,0.00838988926647669,11335.5163748448,10508.9032954866
3660,0.143,2.27628955619805,0.0782708575285835,0.0661076361143504,1039.96949708857,988.391554065782
3661,0.2075,3.60388446299299,0.0408913983776691,0.0359366392197146,3245.48455884901,2963.73474725637
3662,0.1565,3.21370114843622,0.0165897666422807,0.0110036051960285,6307.38989705282,7055.24368723908
3663,0.305,3.40455929006296,0.0282323100137654,0.0144628268236178,4303.46999098304,6591.53825908841
3664,0.3215,3.00197744130744,0.00457131175322254,0.0031816639555276,18999.021608246,19560.1638825775
3665,0.13,3.25391370243879,0.0654093893405857,0.0596293652197563,1786.07048238209,1568.88609962447
3666,0.186,2.66819357369847,0.019666917723294,0.0144876498086533,4590.09054039131,4761.77469740914
3667,0.4,3.07282269917626,0.00766878303514747,0.00577484047548673,13532.5556125908,13643.6705914371
3668,0.0895,2.97798398162552,0.114014730864679,0.0839311688499439,890.618232656493,1009.67786316797
3669,0.255,4.99757412086123,0.0100178687794233,0.0065993356901966,16459.4493589418,18415.7403862669
3670,0.356,2.71270039038404,0.0120703341810664,0.0108892703151765,7822.9397503748,6852.15629364381
3671,0.375,2.74149680460081,0.00823095122556068,0.00367704526210873,11272.3592356588,17247.6314690822
3672,0.233,2.53821175644036,0.0628960137873652,0.0575583764286997,1505.38725904389,1315.61741791264
3673,0.2015,3.39867650115209,0.00562043770395471,0.00471157210522898,16278.4637439166,14665.0215935062
3674,0.1875,2.63659799557972,0.0339982972846455,0.0297956586299479,2804.01847126037,2529.04358347962
3675,0.3925,3.92348136640701,0.0199574870488326,0.00526941001685787,7035.97594628258,18636.1220732364
3676,0.192,4.00100092384525,0.011840788061942,0.00927562710022732,10921.9331117948,10522.8447462175
3677,0.208,3.66386854198375,0.0202793994797241,0.0135287891938185,6285.46570933094,7273.5376931844
3678,0.2075,4.32989242694831,0.0199498910375468,0.0141518520242396,7570.66621720518,8152.94683310512
3679,0.3865,3.99354497220545,0.0239037061913605,0.00695389823918562,5921.80534318449,15003.2280861189
3680,0.3855,3.44657651301227,0.00565739454970811,0.00489506782760551,19357.4899488748,17373.4041172879
3681,0.2945,2.13968661015389,0.0152172537590677,0.0135600244822284,4871.4052921913,4287.94041254331
3682,0.4695,10.836796447266,0.0166914508266704,0.0128122603001206,24360.1331241387,24929.6148379714
3683,0.2555,3.20372381477824,0.00861102009384159,0.00579513556793221,11904.6450820421,12901.5226416518
3684,0.32,4.88263594543206,0.00809010775072577,0.00509943956155891,20141.575023747,23249.3180083191
3685,0.41,7.80498794946425,0.0213240465853313,0.00714838941391869,13238.599015071,29586.6021187694
3686,0.3825,3.63091013301325,0.0102870512181656,0.00864783780667189,12413.9242011228,11525.3505465112
3687,0.194,3.38662726046867,0.0137033575568229,0.0112255603522438,8224.56911775517,7697.9996800128
3688,0.1595,4.3702603112699,0.0087623526760642,0.00660603258661702,14388.4100982671,13999.0074075813
3689,0.208,3.01566996472653,0.0272653321060376,0.0252674068269939,3908.19777081417,3347.45769375001
3690,0.1545,5.52090911934039,0.0133437730386013,0.00739288911392978,13001.4075496234,16117.7131360643
3691,0.2215,2.27865760427453,0.062477951331096,0.0490416906023931,1316.00011188748,1348.31427539263
3692,0.325,2.65673423804833,0.00677547599497578,0.00614133818722315,12473.2914979161,10779.9946939278
3693,0.2805,2.02412139680385,0.00560021886765198,0.00453867083385469,10398.1352974076,9671.43888123698
3694,0.34,2.38029920946562,0.0154832002121628,0.0124746282927941,5429.35152204696,5261.6019598273
3695,0.3125,3.06241761956082,0.00644912741559495,0.00465139695335366,14738.5393971444,15059.7609059521
3696,0.314,2.84048117451873,0.00763197146475546,0.0058319103327385,11918.0563057856,11758.2307563803
3697,0.208,3.15372881205117,0.00805038158933436,0.00555970280079869,11854.8110031537,12365.6406355822
3698,0.235,4.47782185520248,0.0266881662086208,0.0213629232644159,6078.50004568745,5985.01424790838
3699,0.192,2.40144198648567,0.0132644220254614,0.0109354254118107,5800.96418555124,5419.21254923936
3700,0.371,2.65750878821292,0.013748569560773,0.0119647581916681,6756.98591031986,6113.7990451207
3701,0.239,4.96102043410895,0.0421757846270945,0.0331846013703663,4278.67074069512,4370.87790308084
3702,0.1995,2.61198566943847,0.0294350988367115,0.0100549312268932,3053.38212190937,6535.43615385492
3703,0.1135,2.2453326310893,0.0700810359733432,0.0533258249483489,1189.3877134292,1270.97375894629
3704,0.222,3.05290391325924,0.00693139074923089,0.00541547486590494,12871.7155741293,12303.4258081953
3705,0.377,6.13479713900054,0.0128019495834849,0.00834974830609447,17266.8314678984,20119.8484321332
3706,0.1985,5.18791111135642,0.00863550451414812,0.00738284948099321,18357.185199326,16384.7729003732
3707,0.302,3.44011765987005,0.00634795803870316,0.00475765931131977,16861.1989271923,16791.4054890427
3708,0.22,1.5064862589093,0.0135164156354419,0.0125501881988733,3608.10480103445,3057.53800081165
3709,0.241,3.64691778016694,0.0172452908458235,0.00602401113841535,7287.17281253469,14006.060468784
3710,0.1575,1.46046561408886,0.0199485833230037,0.0140022535018718,2391.49237472767,2561.15382905687
3711,0.2085,2.51029059902071,0.0194571851855605,0.0150606301965579,4455.32625655332,4446.75898162521
3712,0.1535,4.81682643704304,0.0170097652259857,0.00791409854420633,9303.38849522376,13657.5029915125
3713,0.2865,6.20915226963373,0.0122047248513801,0.01044796730177,17630.5983940851,16090.6809892297
3714,0.157,1.87820149738324,0.0191849995056713,0.0114384024271804,3222.21836489084,3879.53963296385
3715,0.248,3.83473976107661,0.0119739765056953,0.00872016072638851,10611.6834131042,10969.9719534481
3716,0.1055,2.77137533952725,0.0373861216020717,0.0198477329518727,2553.71284221512,3627.04532488114
3717,0.1705,3.55560524600654,0.0100743287623822,0.00579069467377202,10698.850633683,12768.9508803938
3718,0.2625,3.079460901193,0.0180965913480226,0.0115302799297483,5959.74749969287,7107.48238965463
3719,0.213,3.39008108150349,0.0354600852942746,0.0308612527943554,3492.38260741046,3212.0325715133
3720,0.2935,3.99352057270603,0.0110596389745265,0.00441129588333194,12288.3404830504,20430.6801203474
3721,0.128,2.5517315460917,0.0318216395262697,0.0280579282352593,2694.48308999957,2407.6256689319
3722,0.265,3.5072938040669,0.0204782831085908,0.0124466696665309,6051.17605675197,7614.93012611031
3723,0.2505,2.1697134463226,0.0116259912501597,0.00818041830410284,6066.52973568282,6444.85166155935
3724,0.2165,1.51868210791398,0.0180123046060653,0.0106333066842323,2885.82009941178,3563.11135486799
3725,0.2455,3.11747179962879,0.00906148701622459,0.00491540040436087,10979.4489607561,13784.1541539922
3726,0.2935,1.87947167571641,0.0107149316487723,0.00729999507266901,5760.94493128715,6272.06273702778
3727,0.171,3.33040557032949,0.0192539106977894,0.0139011541034146,5816.70649191071,6162.66763264527
3728,0.2355,1.61656216849478,0.00685312158757063,0.0060097186805328,6853.45448340912,6041.37641507438
3729,0.298,4.98772972678492,0.0511917754939136,0.0415005396238673,3646.34950761039,3655.68203165571
3730,0.375,3.04292799724533,0.00476347373067636,0.00400984179748166,19423.5514886687,17654.2605660675
3731,0.3385,2.54280953650813,0.00514701760616539,0.00420341129780074,14789.441772467,13634.993419948
3732,0.438,6.8947120963915,0.0235552230657628,0.0113998030272968,10790.1831008101,17370.7727021589
3733,0.295,4.990195998418,0.00735394597030282,0.00452415970784319,22042.0741989592,25449.7974862366
3734,0.3125,4.05852034327495,0.00664471780222057,0.00364936682353067,19592.4957566201,24412.2706780852
3735,0.213,3.85212125884506,0.0120816605160899,0.00919956594544903,10619.6648524215,10486.5071583922
3736,0.188,3.44292643589469,0.0635091339566562,0.0551938602494169,1985.61082341274,1862.44978393431
3737,0.2145,4.64359628284719,0.0265976098796738,0.00987899354368271,6064.17277751094,11934.2506769453
3738,0.187,3.37977030338637,0.0286889571303473,0.0229339196487508,4259.47952230354,4206.5337517213
3739,0.326,4.23098147471485,0.0146802228806503,0.0130238371781812,10144.4628594225,9001.96674365072
3740,0.29,1.93592801895217,0.00529711085884583,0.00418454974900858,10637.1485044927,9980.2525125533
3741,0.308,2.51750583291888,0.00752105603580045,0.00642907924644752,10521.8869463496,9525.09380811975
3742,0.3485,5.56308402232285,0.00776613904028963,0.00549199909448478,24039.2136998339,25540.340932325
3743,0.3815,3.27518050207755,0.0114109249744328,0.00698072128432193,10109.3979116431,12339.8138995684
3744,0.2485,2.94738489119721,0.00975591481698232,0.00805461047939237,9773.05422914998,9112.74941230413
3745,0.284,3.42890715936497,0.00522425289149204,0.00409078700235526,19312.8877756583,18358.43431522
3746,0.379,3.67555510493795,0.0127750014161115,0.00921487609769171,10222.3576816068,10918.1839270127
3747,0.162,4.13230786834726,0.0127235328886034,0.00871908080252362,10248.786563995,10928.7054984325
3748,0.234,2.37495289941556,0.0459252917655355,0.0345054873638351,1869.13382978124,1985.91728167596
3749,0.456,5.76691810005488,0.015437962210644,0.0123535311986623,13827.9538323085,13608.2504820778
3750,0.2255,4.07187913427229,0.0740353526962193,0.048978948085016,1939.45008351729,2554.26042457207
3751,0.1875,2.68636875696901,0.04768967237833,0.0441088342990273,2037.09808282366,1757.65674850033
3752,0.4135,3.30515498545107,0.00634322723161695,0.00450377531643625,16909.5526538238,17752.367082441
3753,0.317,5.38302381605674,0.0112988505567579,0.0074742298683414,16545.2954567555,18788.4490945425
3754,0.254,4.62972744290612,0.0079961653596791,0.00573130836063372,18017.7681251795,18506.5087722178
3755,0.252,4.40739043096633,0.00692859850929229,0.00553004228049324,19357.8471065417,18304.8499395168
3756,0.299,2.04869454644699,0.00530257304544858,0.00446391561520693,11126.8705689505,10005.3501154275
3757,0.3005,4.20317430111263,0.0077447251442329,0.00417782651772485,17622.6394780691,22721.4483542495
3758,0.1295,2.84644911584996,0.019116311811247,0.0163125828906847,4793.00538721185,4357.86972606839
3759,0.3685,2.39002805722619,0.00686233605219069,0.00473339781179226,11299.9155885853,12097.1218457906
3760,0.2415,3.49702482661121,0.0109348605884719,0.00749255049565492,10633.362648425,11580.2502812954
3761,0.331,3.50952408081569,0.0365460445708937,0.0269854406272938,3551.29719748607,3846.61330308149
3762,0.1105,2.55343239976262,0.0578854383957037,0.0511686882461749,1507.29089348354,1351.16736414092
3763,0.115,4.80309062929272,0.033401761576884,0.0239659225337412,4935.4125315617,5360.96351848674
3764,0.1945,4.51444073180974,0.0130561601735804,0.00784077761131218,11389.8304665274,13627.3808651689
3765,0.277,1.69577984380273,0.00771095160395815,0.00726841679405238,6890.00904349728,5766.74704078303
3766,0.2425,2.79685898914578,0.00761847111971592,0.00525124961855583,11353.7616325459,11891.7598366267
3767,0.3365,3.99491333323351,0.00762613936844224,0.00621453997242785,17291.3674593896,16383.0249806367
3768,0.233,3.34736485856891,0.0149672032870364,0.0083217362433127,7563.41773107302,9938.06618158207
3769,0.419,7.8240352619624,0.0124139392943805,0.0104477640462787,22997.047020672,21446.6250848221
3770,0.374,3.17868401509961,0.0161560845621885,0.0113053909460085,7116.43794147982,7870.35224536142
3771,0.117,2.96092424218756,0.104783751533447,0.0940028753857682,1011.46725524416,923.822040583978
3772,0.299,3.31847791952911,0.00621898275646866,0.00524614781414097,16396.4693641401,14953.3817277916
3773,0.391,4.17906121821387,0.0148580708508758,0.00712438504657061,10151.6013978743,15599.0467693714
3774,0.225,3.53607241794039,0.00678453958865933,0.00465613676438186,15270.6712984225,15888.878646737
3775,0.3885,4.36387867706456,0.00610123602416629,0.00507974507122606,23233.8762582517,21552.1743328342
3776,0.239,2.85654165302502,0.0231728062004263,0.00877270649117486,4253.5446177339,8119.97641627999
3777,0.2615,3.84406116157545,0.00828343298319155,0.00690222056900238,14782.5267701482,13608.4836066252
3778,0.2645,3.71791204497405,0.00728838334916561,0.00549952216502363,16038.9107863422,15915.0392041085
3779,0.1515,7.53298642413058,0.0960116822694476,0.0752874510722483,2690.78394588162,3019.44740223529
3780,0.1805,4.8655129362797,0.0246175064145807,0.0118681807877896,6783.11046416543,10425.814766091
3781,0.4295,2.94248172941601,0.00980374851925327,0.00675880194751741,10468.8927178339,11536.2230123886
3782,0.1195,3.23045041716117,0.0179001251036595,0.0144146948203165,5744.32840634836,5408.10006763556
3783,0.1325,5.87223232029643,0.0118143302420415,0.00796748178182338,14705.4133985726,15556.4102961257
3784,0.436,4.16922295818702,0.0168250556503766,0.0102018519980652,9124.94028201803,11592.0409733903
3785,0.4675,7.7093461489535,0.0600612120004708,0.0503296719043407,4830.35758082807,4675.83209279265
3786,0.2815,4.52491747149484,0.0142032045192936,0.00495284659434344,10983.9304953603,21297.8764254589
3787,0.266,3.27651228106656,0.0126672544951037,0.00360004427227287,8721.7961433589,18725.847359582
3788,0.261,2.61396428292042,0.00823121641299976,0.00382511525087568,10070.4334168045,14009.3810966751
3789,0.1895,4.64557010480945,0.0124964775995592,0.0110590162818156,11902.6048301022,10470.2864743315
3790,0.318,4.6043661207486,0.0218688990541127,0.0115550168431822,7552.55747441564,11006.0992858868
3791,0.3395,4.69047032510408,0.00570652776550654,0.00404313426298691,25975.3144669421,26810.2741931988
3792,0.3525,4.02086711007987,0.00518818169242997,0.00429102771086969,23996.8924709549,22110.691814164
3793,0.234,3.46321480796493,0.00635079583060605,0.00453213736630444,15993.9818557341,16210.9908820037
3794,0.141,4.73663799527129,0.00657808751018215,0.00540016237930012,17835.654233241,15930.6125831821
3795,0.3925,4.61388137248487,0.00953858698298834,0.00643414225172344,16928.7675334796,19010.9475889668
3796,0.2435,4.50489112639722,0.0126103793617078,0.00521046437976421,11998.7207010496,19464.9308908249
3797,0.2965,2.09424379662333,0.0120284973741737,0.00965001796065683,5870.21410608444,5615.48460926076
3798,0.1315,5.64007777103483,0.0374480469114037,0.0312087923292462,5290.12355628675,5006.38224554704
3799,0.22,4.0123130985411,0.00576488215469826,0.00426759045379035,19715.1905920755,19195.8098499509
3800,0.27,2.90039164721343,0.0239548613249225,0.0110181040352678,4311.09137976661,6994.47686472217
3801,0.28,2.40901396855578,0.0131289467665026,0.00573464088456402,6188.0924405742,9872.97896506977
3802,0.0995,2.34118051928588,0.0439450188309567,0.0380473209028503,1842.73142634375,1679.08549052514
3803,0.233,4.34629932171529,0.0248086960792868,0.00994584795206738,6102.36582729238,11216.5279389481
3804,0.3055,3.04916670016906,0.00714713697750864,0.00637273216079314,13580.0172292489,11844.7563651978
3805,0.153,4.56442641844674,0.0114751758553895,0.00923028108741862,12201.790944946,11351.5940996057
3806,0.2895,3.71562345342481,0.0140874350041655,0.00537615364088377,9243.60509995803,16592.5160952934
3807,0.213,1.6225003382079,0.0137447305283806,0.0118558957039407,3869.16324421929,3477.90766119656
3808,0.1345,5.36344040333602,0.0303770234873231,0.0218264564707172,6011.62509929993,6479.88142868777
3809,0.3255,3.5635934143642,0.0095330881070302,0.00715287188625952,12723.7752162378,12916.7265434805
3810,0.243,3.41308432504251,0.0126980872099229,0.0108445020011355,9128.25169130234,8331.44369367522
3811,0.322,2.51020774969701,0.00735602672181216,0.00491128999571075,11018.4904264344,12137.0095217485
3812,0.1195,2.89322681449315,0.0253705554248619,0.0213898604547942,3778.59497905876,3494.25707393014
3813,0.3865,2.75864461346024,0.00611741544447555,0.00530574058145322,14428.9292871457,12932.2151029462
3814,0.2375,2.9001796968219,0.00924595867260126,0.00803665933844688,10028.587509051,8909.64156206416
3815,0.138,3.24423406223118,0.0646422352250753,0.0409218996615525,1741.64523753814,2264.11373434465
3816,0.257,3.44450474816791,0.0344371940549233,0.0302559397052509,3752.00057760621,3380.08006746974
3817,0.132,3.60911685315732,0.104185632854766,0.0657164512487629,1131.64860651388,1600.4114421149
3818,0.1955,3.87131346394915,0.0183709178380657,0.0123044209386362,7164.89065507606,8167.90214888364
3819,0.1425,4.40061238581844,0.00976077368665386,0.00623404434398892,12969.9102580852,13945.6053768019
3820,0.3285,3.64216078007651,0.00513998351318814,0.00371609008949096,21426.2167317383,21483.3213390906
3821,0.1905,4.30092094097443,0.0072727675070952,0.00581951904908743,17090.7038247673,15924.3171953345
3822,0.419,3.59939471235852,0.0148726016391463,0.00546447982596064,8610.43359749677,16865.5891359861
3823,0.2815,3.79063674069924,0.00890005666851463,0.00697337789334358,14035.8521106966,13591.8927450794
3824,0.2435,2.17700040103414,0.014732331696944,0.00819036981596767,4989.89657769398,6511.11951906504
3825,0.144,2.94062518565217,0.0370466173917964,0.0305951916586262,2874.1126349044,2788.05669436368
3826,0.1965,1.67353798680075,0.0204578159862468,0.0165928517481898,2789.81007969056,2663.3918178423
3827,0.4045,2.55548371687502,0.0124599791790645,0.00664927687598826,7148.79178887866,9950.06782797001
3828,0.17,5.53065040344724,0.0494384160425764,0.0459022567253287,4099.68959790626,3528.31952520884
3829,0.2125,2.35901401345998,0.0317725019287743,0.0148548704524011,2596.99599533692,4202.51034857998
3830,0.335,3.64451682874501,0.0141188670568425,0.0123961134106018,9133.59025932695,8185.10612597161
3831,0.3645,3.13758551551953,0.0116262499128731,0.00424317815886238,9450.93863166991,17398.7558188847
3832,0.1555,6.42051194041146,0.0185890782874068,0.0101928903338656,11727.6632211851,15238.8710122709
3833,0.112,4.62668914169092,0.012223061455311,0.0102389553144094,10872.1477846802,9785.13991163476
3834,0.253,1.79419491114185,0.0176126394911056,0.00982211110446675,3480.68170368438,4558.2280431433
3835,0.183,3.27316422540013,0.00751259067405876,0.00598387317922108,12655.5286799987,11901.2382211428
3836,0.19,2.85217242724075,0.0288575657325368,0.0170601240240069,3467.69664753632,4470.73831132715
3837,0.442,4.37095663162484,0.00951369857510149,0.00596924836139257,16102.4946502985,19153.0313998487
3838,0.2975,2.12583683885054,0.0142798188237648,0.0113954701795646,5117.35810748737,4968.98885210929
3839,0.2825,3.53138668142595,0.0100444699922757,0.00853576662621915,11655.3113928263,10688.9441783626
3840,0.415,3.05256704824316,0.0120188519631152,0.00910924006699328,9082.73255340954,9308.41438393261
3841,0.2705,3.29129956791995,0.0103549731644082,0.00408129015150267,10581.0220475542,17374.3270027899
3842,0.2365,3.42002233639564,0.0846111651584156,0.0728191267212241,1482.44618228901,1420.12617326367
3843,0.351,3.4272086252732,0.0100843324859315,0.00852162040150655,11786.6176230475,10896.0133716746
3844,0.413,2.94212838721882,0.0125500760098913,0.0117358423682361,8302.54402932159,7036.56897394
3845,0.1795,4.12851076984471,0.0242388136573319,0.0212296785571851,6040.71491120509,5424.39782223878
3846,0.229,1.65808058003188,0.00682486651682881,0.0055784598309506,6900.9737525046,6336.11740088809
3847,0.213,2.78194163419053,0.0217260182429555,0.020075225317952,4494.9408006807,3845.35313999583
3848,0.23,4.26612550330695,0.0250740859670516,0.00929293494587913,5918.46578040716,11652.8307562342
3849,0.2875,2.59325323443953,0.00786089024666938,0.00593302114078005,10464.8743904918,10358.134426335
3850,0.2865,4.39376517640118,0.0316905494976093,0.0288005496102341,5144.68517877377,4523.07050933478
3851,0.158,2.9779968950362,0.0179993507048131,0.0145487841288449,5494.75590784013,5265.69202424445
3852,0.431,4.26968718257448,0.0132395461629437,0.00762201160709289,11729.1325182554,15336.1678136112
3853,0.164,2.60449197610999,0.0172938416026423,0.0146881576332517,5013.86176041124,4622.21851168018
3854,0.272,1.82887081001207,0.00811132381200397,0.00613543178318326,7080.56308012558,7042.2562520342
3855,0.1285,3.880970711726,0.0199723295664093,0.012089085199516,6222.81785093192,7435.9523131157
3856,0.2865,2.13684845330305,0.0119420118683531,0.00580308943973935,6029.90413499508,8625.44451302242
3857,0.3465,2.58952505606993,0.00593084820589516,0.00319395686419388,13652.4884420962,17176.4950110252
3858,0.195,4.10706810660756,0.0262496466438572,0.020960356416653,5576.17675121271,5488.621685519
3859,0.278,1.91344488941697,0.0133164422877351,0.0115406846085267,4829.30420095096,4347.42354723515
3860,0.3875,3.4004560379563,0.00698361130963299,0.00561999376600972,16061.1615211075,15362.4742606397
3861,0.228,3.44864216033847,0.014375564748731,0.0046353740596668,8076.26566921928,15444.8086691937
3862,0.1455,3.14386281011924,0.022347831981026,0.0119305123307003,4723.51691289229,6393.90939092252
3863,0.4335,4.32764353821748,0.0112500234249368,0.00457143458768202,13796.955893013,23860.8528989883
3864,0.401,7.29685385462789,0.0373869548291425,0.0342272161903035,7406.96384034362,6498.35230455169
3865,0.229,3.09333566747783,0.0146375615460193,0.0123862040711455,7207.54761649747,6614.35016283452
3866,0.2345,4.02765727659983,0.00697918388543856,0.00503225052476008,17526.1567526637,17757.5425930081
3867,0.2595,1.85321286507954,0.0101918410759596,0.00968016184289759,5857.84379845685,4846.90738470058
3868,0.2835,1.93267548449179,0.0173926871580629,0.0103281345789811,3889.42994420777,4891.58482017786
3869,0.248,3.45024344513122,0.0268864816105818,0.00989300755857803,4507.56662993542,9047.11991766427
3870,0.1725,4.12867169363073,0.0947038215055503,0.0617623324962161,1447.15445722537,1949.01089776211
3871,0.3645,2.95919583481899,0.0109457376158516,0.00402260590743636,9313.80632255904,16946.6274100616
3872,0.17,4.511706161591,0.00688734676028048,0.00565943511603361,18019.406117027,16302.8006280303
3873,0.429,5.36143589958987,0.0103495214251425,0.00772832608256712,18631.3736794032,19177.6233722447
3874,0.2615,3.93249798444094,0.00771023746333774,0.00484991912787588,16061.1330951518,18151.3342241741
3875,0.355,4.79927394906889,0.00658203370078295,0.00515480989417184,23863.7299201579,23276.52482418
3876,0.102,2.78354684093478,0.0827603419552083,0.0718897812840821,1181.3921967463,1096.9763682817
3877,0.386,3.00946840115469,0.0112299976412409,0.00657342011815892,9367.06750048503,11890.213437111
3878,0.2055,4.65313580252482,0.00836959492333093,0.00520000427491814,16971.7499828318,19127.6956494357
3879,0.305,3.29756008112962,0.00634174350926125,0.00530343155491677,16281.7477325344,14843.0005074227
3880,0.1565,5.59727408096239,0.0644253181754873,0.0487845330124135,3088.61364065347,3290.40123927535
3881,0.404,3.78994019757191,0.0088006467511147,0.00737425073863632,14852.235504341,13794.5842266184
3882,0.2125,3.84935137118734,0.0180199296303903,0.0074250487999163,7266.78141875724,12284.562761233
3883,0.1675,4.22068469580328,0.0315136215793511,0.00780549766811781,4393.1889346786,12278.7863897664
3884,0.2265,3.66074337326288,0.00655337576682724,0.00496078873389115,16356.8729218096,15891.3498116383
3885,0.168,2.51830159081454,0.0604502960231212,0.0412183819254033,1476.19554424842,1756.4540813646
3886,0.1705,2.59978437604604,0.0185035651347552,0.0143035133799522,4684.9441601624,4620.88206056114
3887,0.1865,4.59537555558537,0.00773364342920867,0.00419652120870085,17334.3429520738,20798.9890367476
3888,0.2785,4.79853479472946,0.0100524192378271,0.00792765968524062,16041.6680462395,15634.583132369
3889,0.1155,5.62497053389912,0.0770978003079508,0.0505296227188574,2441.76672882105,3197.74916568562
3890,0.2455,2.0859123939316,0.0179936447976152,0.0163661072849295,4017.23146801036,3488.46332586955
3891,0.3775,3.19044615264298,0.0113013328164104,0.00661471889179761,9905.51563970373,12504.103897451
3892,0.1585,3.23997176468505,0.0313565440088658,0.0235127028888477,3559.4323145029,3763.15792224014
3893,0.13,1.42903724571937,0.0482303134286839,0.0165764319604066,1023.27673372686,2094.34748815166
3894,0.2425,5.44730954549447,0.0243597863320021,0.0196500307865082,8172.21852277468,8002.52794457002
3895,0.2945,2.45183803002564,0.0224742426756806,0.0165121677441107,3913.80585017538,4153.43375901735
3896,0.202,4.95456345935397,0.0289957460373784,0.0251730588524922,6132.40309720325,5579.94761233763
3897,0.1655,2.53651094806714,0.0523179114626839,0.0478197616809468,1811.70113228641,1579.02884563207
3898,0.286,4.99867621419634,0.0278124830938565,0.02485103649011,6656.48135228397,5926.49294120197
3899,0.241,2.3043109925165,0.0178192859195334,0.00806465752603077,4441.83432839015,6979.89307650392
3900,0.2635,2.57187913526502,0.0143694205895356,0.0112522573192289,6155.89867913597,6073.65280727648
3901,0.4135,3.99637287906778,0.0074874219562053,0.00523977001021825,18225.8528049012,19541.7107652023
3902,0.224,2.18614398159865,0.0172936113525753,0.0128627977623494,4287.2077795378,4429.78524495385
3903,0.2845,2.91281039703385,0.00977973490020898,0.00796718311946658,9820.94068098087,9219.69533287308
3904,0.2995,4.66750015470832,0.00661130720520606,0.0054123199082328,22259.5728630721,20823.4580488499
3905,0.403,4.62068297362543,0.0328385169308097,0.00749622598098087,4918.8310636982,16663.4377329387
3906,0.4045,3.14689874024906,0.0102238438038436,0.00629020202466131,10781.1303409092,13058.2174375662
3907,0.147,2.86128604722202,0.0617176186685131,0.0372314783775015,1601.02965020576,2205.24338714416
3908,0.224,1.51107516158077,0.0126798954765211,0.0103762146006165,3889.32534616518,3643.36450642603
3909,0.461,5.7489790672781,0.0250619646491468,0.0219380255234313,8657.41639014403,7860.69953788058
3910,0.1885,3.69522261964349,0.0110012192258471,0.00917597929352076,10646.6046917955,9773.73462966625
3911,0.1745,6.13868720739955,0.0123429610959124,0.00673127792831826,16122.3326836823,20224.663560071
3912,0.3075,3.64335425243378,0.00660763887040841,0.00427955292493051,17429.2169258221,19367.6380559612
3913,0.2465,2.55163255310936,0.00726193080288776,0.00600355144025761,10731.6534284424,9856.71227679878
3914,0.171,3.69832721495103,0.0301924837868457,0.0284083848731281,4316.84459895411,3645.91887588754
3915,0.196,1.52526896310045,0.0444880037501478,0.0383818966250375,1233.26479736358,1129.94103920151
3916,0.0975,2.19638350988234,0.0419782820768577,0.0365355109902362,1735.25621363768,1563.45883848031
3917,0.2635,2.67134710387987,0.0187946529871424,0.0111607432541358,5001.90301518208,6427.60616274461
3918,0.1935,2.26430995480626,0.0894541794187331,0.0714434196968985,921.839595136562,937.748186858067
3919,0.2475,1.80005941213477,0.00704186307373162,0.00597380250016389,7552.71304347826,6804.31995364352
3920,0.277,2.18379063442925,0.0109420434902059,0.00881328287320839,6677.91643751415,6344.04209573385
3921,0.423,5.30087919320767,0.00757546617793041,0.00609041186109556,23938.8695901486,22960.0771818273
3922,0.1255,3.5639818392686,0.0495198907849259,0.0334977764524616,2527.70837679738,2963.51486635655
3923,0.3595,5.75613849164689,0.0197330007509029,0.00558394821212651,10359.4105420183,26098.8273780919
3924,0.1495,3.27772779224052,0.00855313651263566,0.00694049046940676,10518.2036690994,9742.37366578213
3925,0.102,3.04081974631048,0.0438247138766081,0.041384753296199,2417.08700024076,2039.70694729827
3926,0.1965,2.19710116667303,0.0313358596688486,0.0278550169026538,2474.82330841569,2192.16465275824
3927,0.2695,5.40551203269796,0.0674251872595326,0.054271727457863,2918.08523918074,3027.93317042265
3928,0.189,2.59034690933017,0.0580958700903981,0.0536346357054777,1634.17907770838,1416.67754488607
3929,0.2435,2.21103378567505,0.00862478709734699,0.0071030919530285,7835.95172612024,7316.2928413632
3930,0.188,3.69491135751024,0.0183133417738269,0.0161548843323373,7032.56852204337,6317.68302385743
3931,0.316,2.70038593635272,0.00438440839646171,0.00363137236270543,17739.4420131291,16132.0568622647
3932,0.128,4.04864347390625,0.0163703508143115,0.0124777509711005,7764.030609388,7665.46043105944
3933,0.09,3.2446445068898,0.0993208575565683,0.0925261702981904,1155.85446416448,1018.59853711583
3934,0.3335,3.5687562787008,0.0108571632223163,0.00574822198848347,11362.316730291,15429.5334658972
3935,0.162,4.38211555608238,0.0197082717414347,0.0148950195988147,7399.21767610602,7523.79926946503
3936,0.2285,2.15523094455278,0.0259597722545142,0.0220157017740801,2902.09733969388,2674.3194289182
3937,0.176,4.31891221402733,0.0206082210920904,0.00742909300685268,7161.2198589677,13256.6713125928
3938,0.125,4.00696086787299,0.0200045361607157,0.0153617656023473,6543.12852239562,6490.10031020336
3939,0.2325,3.55435545229308,0.00727028134713288,0.00586409045074797,14685.0065242183,13696.4808528237
3940,0.3335,3.51691663057045,0.0071047822732729,0.00374692665019258,16144.5852728845,20778.025566742
3941,0.234,1.99983286456287,0.0159549914542896,0.0122209186621429,4250.03581338173,4292.97397387289
3942,0.43,5.67144443367778,0.00950325617748802,0.00486403281335487,21048.1372506249,29916.7668571708
3943,0.296,2.64616218623943,0.00720449536866238,0.00618927856977217,11398.3835395977,10224.6889843364
3944,0.2605,3.54488768450777,0.00935023113456331,0.00749162715635413,12361.8121935586,11870.5971446076
3945,0.3475,3.96962028730546,0.0122761407016743,0.00767770993674451,11394.1093941026,13695.2026540045
3946,0.165,2.18568673656034,0.0162296539585471,0.0106759618634298,4413.26071194494,4949.00964411602
3947,0.255,2.06580152184746,0.00666080268894765,0.00532637709717025,9382.15048655629,8814.14756314639
3948,0.127,1.84687919294219,0.0576534358791755,0.0548417327674681,1144.30543643191,967.258494989722
3949,0.301,3.56169363705932,0.00929342370656562,0.00524729754063763,12823.2389111437,16186.5215106818
3950,0.1225,2.84754629558827,0.0585896836903367,0.0407379168123839,1719.7217489595,2011.41795555818
3951,0.1665,3.35831937311965,0.0104512077081444,0.00728692409791066,9855.39150690579,10275.664425249
3952,0.3845,4.92766917066858,0.00671585758484268,0.00506463164173148,24413.8943480868,24544.6068791759
3953,0.269,2.0797517201278,0.00999003028371991,0.00806221075113888,6812.32492609047,6474.95194467117
3954,0.394,3.58576016057942,0.0142348296202687,0.0105183022055134,9085.77123962669,9615.10788626442
3955,0.342,3.41018845666003,0.0169849877791032,0.015311611481279,7256.25206425076,6380.17112240649
3956,0.3045,3.01260961856985,0.00515274069807474,0.00427137951016711,17363.830220983,15855.3411385532
3957,0.1825,2.15118040463606,0.0161753764228095,0.0134729786868383,4470.0074543909,4162.09726911201
3958,0.1975,3.80187205314436,0.00914372240176453,0.00504860662883493,12822.2246141493,15769.0917266075
3959,0.338,4.02839814338278,0.0134694679839265,0.00826907893299843,10572.6625830318,12998.4400542905
3960,0.241,2.84468871939819,0.0139633730983769,0.00868293574484957,6866.21385460576,8166.22518145697
3961,0.237,1.63641618736311,0.0178333975595595,0.0125694673541994,3160.11461172054,3392.71418871537
3962,0.288,3.57206826723199,0.00512030743040728,0.00380774805336635,20502.6808057865,20072.200118027
3963,0.445,3.84162492912219,0.00691665607396942,0.00599133191381226,18741.9990244144,16900.343512728
3964,0.1395,2.91189701264546,0.0198652894001492,0.0147491939469913,4792.00990381868,4867.56726094003
3965,0.1565,5.76164964247269,0.0105048108444171,0.00880670221996017,16611.9435221932,15065.390077787
3966,0.3025,1.9284203654845,0.0132173118877073,0.00464600242521836,4999.02084110364,9388.03579904132
3967,0.3435,3.34640342789725,0.00979868224981754,0.00685356559616231,11750.2639396971,12662.5668741129
3968,0.394,3.26500319545965,0.0168959921581101,0.00902405962860362,6955.35201669761,9864.24409016221
3969,0.1615,2.42129074116933,0.0146000719090357,0.011640865703745,5301.1526949852,5054.81057461219
3970,0.166,3.69199979859859,0.022457021419802,0.013915600813654,5689.80644931093,6868.74647382651
3971,0.3885,5.13425947567493,0.0119243498017362,0.00971429453234719,15403.3969361769,14703.4667822938
3972,0.1645,6.47826066256757,0.00921522178468802,0.00702795839721422,21151.4049074522,20394.6090586389
3973,0.253,2.5052906984553,0.0325405681164673,0.00921383843587086,2638.78062013085,6921.97531799144
3974,0.2045,2.48347649535882,0.0946155334499737,0.0800485422710226,952.092270165443,919.906672423908
3975,0.138,5.98720116694383,0.0152477093590752,0.0105992992977509,12414.3815673531,13115.7543924049
3976,0.206,3.30594060020773,0.00957198118149667,0.0081059298639477,10759.5599291158,9705.18871687593
3977,0.237,2.97667840055949,0.00679002206761037,0.00576214286794965,13087.5067362672,11823.8371935219
3978,0.4215,5.01780281991588,0.0217304961372742,0.0145493425261932,8617.48410334806,10112.3907113661
3979,0.154,3.78665365987504,0.0806633925123188,0.0727899105302073,1696.60649362389,1515.61081769349
3980,0.1815,3.50292452974408,0.00966697009388787,0.00749403817634424,11031.0618755257,10644.7484363731
3981,0.456,5.37998992905807,0.0295621995275098,0.0227645813876796,6879.61199657762,7109.65234010889
3982,0.413,4.99045538691051,0.0166994122154172,0.00451130783205404,10700.6133496889,27396.2133690182
3983,0.1945,2.67474280864033,0.0202625672987203,0.0177281612063759,4541.21820092486,4073.25371934057
3984,0.207,2.37231549070828,0.0179720071103892,0.0130525772422366,4505.73460621574,4759.54450271272
3985,0.408,2.77307340648071,0.00869941018247243,0.00504636860326676,10854.8573787658,13713.626979738
3986,0.332,2.15248758382031,0.00607806259549231,0.0050765534273798,10856.8717922024,9928.23752396092
3987,0.418,4.83022985341271,0.0122721437117456,0.00905950516483441,14288.2468755977,14947.4863043828
3988,0.4125,3.17681417065646,0.0158710164306835,0.00438140375719679,7146.66277841519,17386.2999670757
3989,0.384,2.71330608349981,0.00891812771440412,0.0036614227102091,10298.212435674,16832.4412074412
3990,0.2855,2.04837193872565,0.00915263426314139,0.00758337092010556,7146.97474206461,6613.56278546198
3991,0.4465,5.88366893867818,0.00973116236326989,0.00617690093425507,21613.7632468992,25703.4708869881
3992,0.21,3.75415007459351,0.0106160701684187,0.00669573138826972,11306.9576303425,12761.4528277756
3993,0.225,2.59228693502656,0.0859073567719185,0.0735673563344417,1104.35100509138,1055.67834655933
3994,0.2245,4.1414976117496,0.00605138517102806,0.00518056116541492,19799.4854622672,17687.5280547945
3995,0.236,2.66009317158096,0.0261195500938311,0.0198214676058461,3617.16896450428,3725.16077446574
3996,0.3035,2.19066580322182,0.0311692546986563,0.00899959942439636,2526.62710328195,6355.20946765014
3997,0.4145,3.28882854755698,0.0110662372683239,0.00531838588723497,10563.1413611021,15841.7570204549
3998,0.267,4.01871549236595,0.00781164352153947,0.00680692443964241,16380.2673570347,14552.3855920756
3999,0.229,3.73661586369328,0.034249886769556,0.0180339792033097,3840.71038714117,5830.29624637908
4000,0.264,3.14945237756537,0.00773497852368272,0.00584764957449738,12855.7387951928,12652.655228102
4001,0.3385,2.60415761827936,0.00602156168258102,0.00490749428294912,13270.7300403254,12434.3192570058
4002,0.12,4.11731774147745,0.0118642884595961,0.00988301971499882,10038.9122653963,9195.64793209674
4003,0.451,4.84374215120981,0.0219234425529251,0.00736726043288331,8092.16440169616,18080.3850569763
4004,0.1335,5.52935794852007,0.0337049888164489,0.0278949689175863,5781.77677280835,5643.74445066058
4005,0.149,3.32671133891429,0.0268122684704085,0.0233324568194914,4325.99794875502,3901.77333444035
4006,0.377,2.40646409008789,0.0202978017530584,0.00973971952558238,4270.76975160128,6711.52161763482
4007,0.2095,1.84085525833922,0.0225332336874531,0.0192893070197383,2813.67517847499,2572.85385965732
4008,0.183,3.15480491410217,0.0213474577176877,0.012138541465313,5086.23405688406,6652.50761951448
4009,0.2895,6.99661475012067,0.0191896007102202,0.0177312718031649,13204.4961619829,11364.0227594368
4010,0.244,2.97173159926428,0.018971563834924,0.0138471293875793,5533.53721751056,5827.17867083995
4011,0.1595,3.3117871871298,0.0194817861732009,0.00838837482194187,5644.2269826378,8904.19559707333
4012,0.4465,4.85552925836569,0.016390893211531,0.0103392128840456,10938.9951441388,13348.3674014762
4013,0.319,3.06735885840223,0.00472510319081988,0.00401760602594566,18791.0695156968,16777.2375845299
4014,0.2045,1.9512776577334,0.0123823699359846,0.0106706653651016,5059.60794876767,4554.28544140081
4015,0.245,2.03680174917048,0.0109112011023095,0.00863149299438386,6008.93091661482,5805.54654265135
4016,0.325,4.24788315747015,0.0465111079634515,0.0390606804103282,3386.64520736571,3210.17239009991
4017,0.235,3.4808582631506,0.0104096276991773,0.00541226339339394,10922.4757498033,14572.3846280265
4018,0.337,5.21773631760322,0.0169859960591671,0.00774682418051718,10933.7479211355,17600.2091790149
4019,0.4355,5.15033864509109,0.013009232506845,0.00589522204386481,14355.2506926003,23251.1139096021
4020,0.174,6.67834549864801,0.0271078712905729,0.0250249059975392,8849.2908087353,7568.44334953281
4021,0.3325,2.12962526058794,0.00556036194172032,0.00412861613769183,11560.6189571382,11513.5523900998
4022,0.2235,1.74722096491677,0.0195617493081306,0.0132850390020982,3101.53000029018,3447.42952839549
4023,0.2265,2.09160298491086,0.00885964492522431,0.00686165441079468,7249.71966954736,7024.05008845159
4024,0.3265,5.32495299888673,0.00696943902878084,0.00503904766566151,25020.8926777839,25779.1362972831
4025,0.229,4.1589751705111,0.0147611449482277,0.0113622936285296,9708.38441363295,9738.84412784458
4026,0.3755,3.88755243286134,0.00540080701253717,0.00366016569732587,22740.146230798,24448.1301058645
4027,0.096,5.14128457592258,0.103569295693059,0.0872963819496389,1722.7619418299,1711.26208547732
4028,0.2925,1.8056287366633,0.0113636779640612,0.00685407144171933,5356.10977670254,6503.47239003769
4029,0.263,3.93377898233438,0.0104177240394559,0.00648747710287933,12534.2357406438,14617.1628997076
4030,0.3175,3.27760286223627,0.0134773086938688,0.00607635210557184,8548.84555920017,13477.4503732375
4031,0.2465,2.50662368484235,0.00872880004410351,0.0068186771097192,9045.49416058132,8826.08571804198
4032,0.217,4.12237479648064,0.0291252849830832,0.0243640516491541,5085.25840970411,4822.82450281792
4033,0.2255,4.49783267954963,0.00707743858089137,0.00517333189308714,19151.7947637716,19201.9663312802
4034,0.1155,3.51212024893826,0.0729670464052331,0.0454768272045988,1578.08362523243,2077.79597627791
4035,0.3835,3.05938252115565,0.0102421509424588,0.00796792655188726,10417.5910962002,10347.6830539446
4036,0.437,3.16914310412139,0.0166485842330449,0.0101881126565455,6959.25634817685,8746.92536426927
4037,0.2275,4.42839529339226,0.00619532156012812,0.00486792021387117,21006.7316493184,19847.5902570866
4038,0.447,4.04821837088641,0.0126042008232452,0.0057365555970855,11524.8253604734,18485.6003126353
4039,0.2625,2.71264300562967,0.0153862702217512,0.0126648577278919,6061.20586570646,5723.77868948746
4040,0.4325,4.82970629461183,0.0170617694608203,0.00671692350442439,10335.8258129142,19477.7611851907
4041,0.3065,3.54913805576348,0.0061905679375213,0.005196859659516,17844.0043471487,16311.9355915985
4042,0.311,3.31579466061878,0.0149682919258902,0.0129898405068143,7883.75246343811,7165.81687219564
4043,0.2215,5.09401710861536,0.0082022207059449,0.00535787364068781,19146.8647533955,20954.6781975181
4044,0.3865,3.84907232455411,0.0207619198323691,0.00520332871156234,6659.31407256537,18682.2149317074
4045,0.388,3.96553172153337,0.0129234398018676,0.00867809384875426,11054.5838131282,12625.6292679757
4046,0.186,2.07669890398401,0.0243612795220081,0.0195925781777883,2934.31843656406,2830.31567664874
4047,0.378,3.52124639569408,0.0060542873875162,0.00500192724642218,18813.5978241467,17523.5685520072
4048,0.298,1.85384141559325,0.0100314095615673,0.00944986833246195,6037.61333656433,5055.26205427727
4049,0.443,5.33461480747706,0.00893761814294985,0.00598251520335469,21030.7179227059,23734.5913668448
4050,0.219,2.90591197178704,0.0319475853492386,0.0246629535143679,3269.00276822829,3337.10992630659
4051,0.253,3.97066307992655,0.0102661747851371,0.00870149479267733,12813.6793800569,11754.0515890481
4052,0.307,3.84373527870274,0.0096602888397528,0.00406054072786783,13358.3405646745,21097.6353491572
4053,0.3115,2.12224257161896,0.00563774700118993,0.00482898455160215,11209.7162807614,10065.4565231086
4054,0.1845,2.89639100333958,0.0908509958157329,0.0839581463749765,1137.06441511682,995.174916570771
4055,0.2325,4.0341397547339,0.0140784073406695,0.0128111631625625,9658.98602661518,8376.17476255702
4056,0.291,2.75853621872316,0.00771179151452968,0.00442019493714946,11453.9435330869,14037.8787674176
4057,0.2305,3.07895865167814,0.0141975879705209,0.0120492763968934,7333.52761249438,6716.75138481492
4058,0.3955,5.43001171605743,0.0268061462757655,0.00798022708653427,7323.0742205579,18749.3098332935
4059,0.222,1.48242137613474,0.0402383162314246,0.0289244102091348,1323.69529388567,1456.80293457188
4060,0.281,4.5663761325048,0.0130515347633554,0.0117399577101002,12057.7102833659,10581.1952308424
4061,0.23,3.9199766018686,0.0360715453139291,0.0344037731017746,3923.64645612241,3280.58484424366
4062,0.3545,4.33156237455919,0.00839894788550805,0.00607510656393917,17253.3912274858,17970.0985113075
4063,0.2555,1.7234491870094,0.0112135885955304,0.00340046013703248,5033.6892973614,9831.4577040766
4064,0.3135,2.55916493504181,0.00634787349215186,0.00563092353094063,12577.6420018111,11004.3542544078
4065,0.239,5.92080734074374,0.00941348994360153,0.00721137909905031,20490.4995116187,20202.8014406398
4066,0.424,5.82263342297167,0.0102166403178461,0.00876126726126289,20411.963927803,18687.7614648919
4067,0.3865,4.55084559876238,0.00910329391242924,0.00627161487342757,17186.5242218803,18878.2901980744
4068,0.132,3.35511329434423,0.0519769495070118,0.0480202290980526,2359.8759539355,2048.51069702785
4069,0.409,3.01443128033659,0.00855322297052586,0.00427834008179071,11907.0854829773,16666.6150784749
4070,0.232,2.90336572225427,0.0115249058156833,0.00970618062971121,8164.11012977107,7494.39520042689
4071,0.297,4.47275091373899,0.00809410371363445,0.00507997443552689,18036.4852216319,20883.2703930398
4072,0.321,4.31769949401344,0.00997657909272398,0.00523745250303683,14741.0691112054,19996.2413276216
4073,0.2445,3.42702764486494,0.0100077809028775,0.00536824951143947,11159.0213617485,14280.5865022022
4074,0.234,3.18157539972318,0.0127248231769658,0.0115388242623055,8159.07172749335,7072.89177902118
4075,0.1255,4.23068664495659,0.116268323809053,0.0945256085103749,1222.0717010817,1323.66016608796
4076,0.35,2.55291169026078,0.0110355155683394,0.00879968652190086,7904.87132407521,7684.74711784379
4077,0.367,3.55164960543825,0.00780605915617923,0.00537575891989064,15135.4742803411,16397.1303019584
4078,0.2065,3.05255433784199,0.0195592384470744,0.0175856231401066,5393.40350636369,4759.23699571617
4079,0.161,3.31798515794492,0.0175663291587829,0.0154733850788229,6248.10252857253,5528.31811087346
4080,0.218,3.99244495219788,0.028905764186978,0.0267608517689404,4937.05041591924,4267.09965019032
4081,0.301,2.49752992268262,0.00588991217664973,0.00349461478807297,12725.1118915621,14810.4628853837
4082,0.1785,3.23994914486461,0.0069677551664322,0.00552069587725562,12838.7240642744,11881.2307819266
4083,0.2645,3.7778713969241,0.00792297854498258,0.00543589644795476,15328.0171193426,16406.9485715736
4084,0.25,2.10511812411666,0.0543833641742644,0.0480783109563587,1418.24015979098,1285.78714372827
4085,0.2675,1.91017286885376,0.00857558645922793,0.00649015650075834,6819.33118051232,6771.13024836849
4086,0.177,3.59796674118055,0.00990527460234959,0.00790253956457282,11250.161034927,10599.3964473896
4087,0.389,6.02393060449242,0.00869070290131112,0.00674034257622389,23872.4559637433,23657.7389849546
4088,0.363,2.30887090843716,0.0150426990128586,0.0100575499966157,5455.40915047813,6219.02197929727
4089,0.097,7.02727402815773,0.102330278390887,0.0930406943922581,2366.11203674024,2138.11692410258
4090,0.285,4.7082559938388,0.0502514747761844,0.0377285756538248,3438.44021904988,3742.76784449332
4091,0.2135,3.96442218551387,0.0057473145679976,0.00474768114553276,19289.5090168368,17487.5087166424
4092,0.379,3.55232398230192,0.00600431568245839,0.00391683225747721,19017.6151614031,21218.1560419263
4093,0.1255,3.47065773847548,0.0410169604172196,0.0372640744937512,2995.24648255607,2637.62800127047
4094,0.416,3.83926198240387,0.019101318513235,0.00752347297935892,7273.60311891049,13867.6755882104
4095,0.1475,4.33183457983339,0.0271845599352881,0.0198369307641088,5526.29855050293,5873.76940023936
4096,0.2435,3.15828865077629,0.0118804551896705,0.00860145128800849,8938.64226317292,9288.36909552228
4097,0.439,3.57528008825431,0.00913171706429375,0.00560694231689178,13748.9511235741,16672.51860293
4098,0.3335,2.48450728343602,0.008707839467235,0.00671896285575162,9372.12874158959,9237.01641680373
4099,0.144,5.13856201124607,0.008178443263591,0.00676539995880505,17475.0189877924,15845.5918508617
4100,0.217,2.99560122758536,0.00752139924207168,0.0039733908684041,11970.5973424191,14836.7944351883
4101,0.134,4.36721544870551,0.0315782028448143,0.0284772563408396,4983.19291963807,4362.31150795815
4102,0.1885,3.36355978608036,0.018720772881507,0.0159948257360287,6242.73700975637,5668.06074182622
4103,0.2475,2.18797012965823,0.01980279849927,0.0114500196018048,3841.53889396885,4987.9592050466
4104,0.3125,1.94688845939005,0.0197147796269968,0.009584285363187,3505.46420593227,5338.9022561195
4105,0.248,3.533165314042,0.0173975118503963,0.0066057399881385,6921.03764631612,12731.5486525531
4106,0.2475,3.56094114132413,0.0172448244169692,0.0142321004495214,7333.32469418697,6944.10891759608
4107,0.168,2.90442679769833,0.041696237458039,0.0349992594249258,2480.44618312662,2340.43007883981
4108,0.1355,2.0738054730684,0.0352299203489572,0.0309508519070206,2020.86684224469,1813.85578960355
4109,0.297,3.26236140655436,0.00819827753531429,0.00437124655861445,12957.1425286599,16783.7621611679
4110,0.078,2.29601457492719,0.0355163101356859,0.0317722420170025,2053.87962604365,1795.73446661013
4111,0.253,3.92120847324563,0.00998959613339165,0.00910293751548172,12946.414748607,11146.6028295674
4112,0.283,4.9981771394679,0.0128354993826304,0.00662219069222431,13416.3511980037,18528.9549528729
4113,0.331,3.18357986451735,0.0103924862425364,0.00887871972285531,10427.8118632176,9507.38813135335
4114,0.3415,2.5015716364238,0.00706094052268398,0.0057897873235209,11391.000078911,10646.6942085416
4115,0.454,5.47547959168339,0.00741864787113806,0.00507267742646021,25456.1058407096,28085.0600292826
4116,0.337,2.80318412028635,0.0116406138047257,0.00941211923266884,8314.24991703865,7966.63170197811
4117,0.172,3.15736614819062,0.01654590065398,0.00998839184710668,6217.48147477332,7456.27533053716
4118,0.3775,5.30990439262107,0.0205189437927867,0.0164074103318789,9767.1256273495,9639.61075036037
4119,0.221,4.45670251374082,0.00649675062263256,0.00477359212911844,20006.2670216653,19845.5729292719
4120,0.211,3.57516393364073,0.0451623645193851,0.0418542031993213,2871.30042426161,2468.78502868426
4121,0.4675,4.35365354389973,0.00967012516136603,0.00824713745136979,15851.3929348271,14580.9291250889
4122,0.454,5.15644377848645,0.0204987430282033,0.013198275019794,9416.11948648489,11478.8785266085
4123,0.351,2.18770335630561,0.00718403316225161,0.00421694431534616,9808.16445168418,11895.34376786
4124,0.176,3.31422841914845,0.0154601591754719,0.0130059272018522,7028.45734696506,6513.52760999491
4125,0.348,3.46683405621061,0.00611925150106326,0.00471263645754886,18048.7941699802,17597.5097999123
4126,0.2165,1.61176437139215,0.0127969720520636,0.00997769441385916,4069.60104076323,3979.66811491253
4127,0.1495,2.91500587678784,0.0127160100835923,0.00941869038578354,6981.93229704293,7036.71249710178
4128,0.2325,2.69925932672448,0.00907471292195979,0.00517365359562787,9423.11997643576,11391.5667732499
4129,0.153,4.48615231459541,0.0144179804487975,0.0094674621929402,9929.06146244084,10940.654386382
4130,0.165,2.10038956075019,0.0250976037146409,0.0158340432201835,2895.64889969087,3397.52324048129
4131,0.3625,5.21146914472035,0.00690528320882581,0.00557869399083311,25023.1275350397,23731.0532379103
4132,0.2535,2.1016008735407,0.00714206699204699,0.00614713046031254,8903.94028542043,7983.44305163045
4133,0.3,3.657905156428,0.0160027101157809,0.00702033584740379,8096.27946584877,13236.7324736049
4134,0.2295,2.91620933245497,0.0242245918363571,0.00690869395730955,4170.05923217501,10024.6705253427
4135,0.166,4.75410768719266,0.011513970416399,0.00699579244634142,12883.1852167856,14951.2189573274
4136,0.2945,4.24850193048336,0.00726535767382713,0.00584705492071472,18793.6198310122,17846.6151672537
4137,0.1875,4.16466898808518,0.00759756286223697,0.00612734443086303,15886.8276122766,14762.0990210864
4138,0.152,2.98179263127144,0.11679401246162,0.102361345607729,909.892810097182,856.208042865323
4139,0.241,5.00197947771544,0.0148484053561629,0.00663501661350235,11576.1339142236,18121.933993123
4140,0.1485,6.50421567845593,0.0614203171531239,0.0537755574751354,3907.51601206896,3634.78975427508
4141,0.1505,3.0364716999147,0.0704359243940517,0.0604495432476544,1575.15701074193,1475.61899429269
4142,0.236,3.53187141637365,0.00677152909252981,0.00478130861123862,15728.4543625341,15976.9998126639
4143,0.1675,4.6536821418775,0.0159711877335966,0.0115234060270754,9703.02418353666,10076.4778590994
4144,0.352,2.39818887715845,0.0107978280383054,0.0039879735160882,7555.5069280805,13435.2159077519
4145,0.3785,2.98443170394643,0.0187542698724831,0.0082105535539966,5706.66796692781,9804.81001027338
4146,0.2575,1.84769803947531,0.0082169122283999,0.00612201830709957,6987.58969586305,6927.40349352266
4147,0.4135,2.94119718468658,0.00630700228314163,0.00515556854023443,15146.2826068926,14272.8994284858
4148,0.3015,3.01543441063437,0.010461094935982,0.00622616978479414,9766.52632634171,11922.9060815865
4149,0.191,2.91300638789409,0.0779938068178392,0.0537611104949963,1323.46153713284,1615.86708894061
4150,0.288,1.79993735278556,0.0229924077712668,0.00967750215321373,2739.06241628934,4752.81285553761
4151,0.424,5.21608616434043,0.00762941607015922,0.00480109877189821,23614.8320765982,27557.5300381096
4152,0.245,1.79427692770978,0.0068903555668034,0.00436028204664506,7642.19031610606,8376.77479904224
4153,0.139,4.15990823980872,0.0112556307116574,0.00943706004271689,11023.0165674301,10023.6665575484
4154,0.198,2.73975201824141,0.0203343193461782,0.0069480570592025,4577.36128362286,8871.97148924728
4155,0.088,2.75463898164654,0.0388456500128335,0.0346352054182252,2390.63144133409,2097.66403125
4156,0.426,5.25180468594541,0.00760580429994389,0.00616491677909663,23576.0721553934,22519.5750125862
4157,0.1555,4.78073928547439,0.0207634237456005,0.00978150907546644,7620.05349945845,11537.965044836
4158,0.321,3.03261718125969,0.0092598248216615,0.00312288995529075,10800.8710546313,20208.699516757
4159,0.216,3.93994577202551,0.00610642298994049,0.00487376708406856,18289.012989569,16949.8874272336
4160,0.2425,7.36987406552581,0.0417705368124975,0.0402971486193444,6529.11068388067,5405.61962397035
4161,0.2375,4.0431797407103,0.00657569634156271,0.00496277525278142,18089.7179279922,17666.7477083855
4162,0.203,2.49842393815475,0.0166008547370711,0.0144942775781281,5111.31938318049,4601.07664990772
4163,0.255,2.23375795867404,0.0113415902643443,0.0091871118918003,6448.78669190909,6110.88505707957
4164,0.211,3.16303737290508,0.0222333255274293,0.0201597095908696,4942.43750009256,4322.19023327746
4165,0.2205,1.84481676246581,0.0213877200628925,0.0174646154949415,2934.86990757121,2818.71990978218
4166,0.2735,3.92037860592055,0.00828994897242061,0.00558403739718822,15170.2479410373,16461.1439728436
4167,0.459,4.26277519164776,0.00754373525950051,0.00635978843528904,19528.0408656241,18023.6501348661
4168,0.157,2.81476545560849,0.0473023913385792,0.042140734213223,2185.33220106579,1957.97958691193
4169,0.129,4.24328296694918,0.02704517872468,0.0244994080021603,5349.14099579969,4648.47974553771
4170,0.2775,4.01172829521577,0.00622555426345868,0.00402747876206209,19778.5125979588,21574.3462049377
4171,0.2395,1.89924806437649,0.0135746371026954,0.00990322942193174,4682.1262034938,4882.17668385651
4172,0.3325,3.28513189799152,0.00680313629592895,0.00561353981941052,15478.9017174523,14342.647857586
4173,0.239,3.03782307755658,0.00928783380883154,0.00737733642078743,10335.109973835,9925.58517405979
4174,0.191,4.53875109087071,0.0109127687047136,0.00914938669387526,13012.8854423819,11922.1937712656
4175,0.3245,5.00090936896992,0.00957281209256835,0.00780602434333481,17679.3001231559,16773.68029596
4176,0.2485,4.5979585862393,0.007556660147073,0.00549442099475773,18837.6279595724,19091.3480368152
4177,0.292,4.52932142926228,0.042640958166528,0.0279458925426059,3884.23708367371,4793.57063950476
4178,0.1885,2.35236675106411,0.00785676396732366,0.00688248556145478,8747.3247458721,7666.1462493881
4179,0.244,2.78929509599637,0.0116560932067744,0.00525720793853642,7905.09818295724,11729.8665352039
4180,0.1275,3.94753459022132,0.0397206058802168,0.0205859984949302,3358.66705867643,4984.46690352124
4181,0.1815,3.46441950655368,0.141465728323634,0.119586777179396,859.174160100343,854.199311774751
4182,0.4635,7.79113635343812,0.01127632836553,0.00699960602344904,25213.7789675791,30895.7818434203
4183,0.1165,2.78183809488392,0.0621453772887319,0.0576033713012743,1572.95827546646,1359.65402240326
4184,0.3375,2.42887766168427,0.0130615348130801,0.00878255601185936,6505.83726744162,7351.12452263271
4185,0.2885,4.82370767186279,0.00707923451524882,0.00572783556097119,21766.2811898421,20462.7789892888
4186,0.4,4.37402176868216,0.00885451217653957,0.00711185942028525,17173.9471727652,16475.7175778271
4187,0.273,2.76903379367198,0.0817749864891888,0.0733076344908706,1256.65406507355,1141.65737303638
4188,0.2795,1.82195057652075,0.0182180727057103,0.00999989533028021,3440.45986183367,4633.89626749743
4189,0.092,2.08956649240464,0.032868579427142,0.0261853673586669,2077.36131207647,1984.05867680834
4190,0.303,4.0634121830828,0.00900658827122749,0.00650797254193757,14989.5067771578,15600.4176058469
4191,0.1705,2.06894396844148,0.0234157796505757,0.0213757028705967,2989.16918985772,2584.43434285904
4192,0.235,1.53600401603745,0.012497626452475,0.00681060674158547,4034.42175439287,5200.19190503912
4193,0.4485,4.64375067621163,0.0131219608498095,0.0065812692555505,12850.4423114188,19076.9269853225
4194,0.3395,2.63125831073796,0.0222956475073892,0.0103961982653863,4285.05042470928,6885.30091570053
4195,0.2285,4.01714607436398,0.0219837457084646,0.0203151562715037,6488.93627876883,5540.44016823638
4196,0.221,3.26098501080174,0.0339940144708635,0.0305640669311607,3463.84229491125,3051.83544259241
4197,0.1975,3.31370820280547,0.0155820931601035,0.0119632487326032,7023.6574900641,7011.82258780208
4198,0.3255,3.98280523402463,0.0299025828701773,0.0276879848208031,4959.58282765263,4276.71777698832
4199,0.2265,2.88664309765864,0.00758734590661318,0.00632521722268477,11228.9699973911,10234.839885603
4200,0.172,2.46283451012847,0.0357145420418783,0.0302982749854417,2449.73718902679,2290.86545027688
4201,0.444,4.82578332702118,0.0183986729033285,0.00951646602072682,9650.29998502169,14280.3821127901
4202,0.359,3.96160697056064,0.00582864625566582,0.00473313116748159,21269.3222895466,19923.8315641619
4203,0.1185,3.18745925023582,0.0480772028397005,0.0447837974717343,2321.7453051742,1981.27939379125
4204,0.194,3.53853369040646,0.0264906121516806,0.0245270556095471,4768.78623859691,4077.03532415946
4205,0.431,3.85745456575879,0.00803736068735058,0.00642787945415171,16534.3948140185,15944.6024743936
4206,0.317,3.06443212126208,0.0104017372223475,0.00369916288827879,10031.84242557,17894.415290469
4207,0.3,2.53444218245228,0.0088078038987966,0.00662253364058286,9290.79509913004,9367.5351552145
4208,0.1675,1.58557083263441,0.0286707773022822,0.0200982727356471,1909.81897596014,2106.1984103472
4209,0.451,4.85374400834516,0.00841201067481056,0.00545897922242998,20246.7073588228,23255.2957898942
4210,0.3115,4.64314715155097,0.00939557918932966,0.0073597100230721,16709.5089300844,16366.7796097934
4211,0.2955,1.8256287270721,0.00639577076551061,0.00533286604768272,8635.18458320664,7910.63599596883
4212,0.247,2.22381967025545,0.00913729646290673,0.00806893800542713,7591.21908843626,6711.77140753418
4213,0.2895,3.15688461029802,0.00628797363873749,0.00524664171876635,15490.6082522473,14214.3891188646
4214,0.107,4.95326193461246,0.03689416656176,0.0334005596568023,4531.81594291948,3975.41584362317
4215,0.2235,1.58650908604243,0.0139761033335193,0.00919936550657976,3736.24855096541,4180.75969871224
4216,0.157,2.87170302460363,0.0232368031978489,0.0193585560254171,4180.00780600462,3960.41346889737
4217,0.3955,3.43943755079227,0.0108698187217092,0.0067280851625488,11085.337224124,13429.3352499264
4218,0.199,2.49786165464704,0.0438448190094384,0.040417849339404,2091.79221344229,1816.87090711009
4219,0.222,3.51808157997559,0.0143607818254061,0.00760468154212502,8298.17457044004,11224.697870082
4220,0.139,5.58081578993355,0.0338266796499001,0.0309726350898504,5800.34070662134,5006.27514832668
4221,0.1695,2.18153613388556,0.0398790516472564,0.0358347194031144,1999.09445053037,1776.30861350401
4222,0.1625,5.67805646969345,0.031637854082721,0.0294597229697311,6363.33135648299,5438.44376700243
4223,0.284,3.06643480212277,0.00452045510936594,0.00372969074909498,19036.5560522022,17327.0807349901
4224,0.128,3.417543975815,0.0136302645201616,0.00952612117316219,7594.50475964096,7950.04166666667
4225,0.1245,1.86157974821048,0.022041058067789,0.0199942035174975,2742.36550088008,2395.20895244016
4226,0.135,1.70732046771528,0.0345814589713469,0.0307595458722795,1696.07670516985,1513.04160213038
4227,0.3295,2.66224287361367,0.00387885595718304,0.0030955472148862,19122.4957411813,17717.7389468389
4228,0.135,2.32920219057251,0.0274858443119194,0.0139721023682507,2831.62165511318,4064.02537478097
4229,0.427,5.3583319339155,0.0100156026513415,0.00629006168927735,19075.2658791574,22860.219157805
4230,0.357,2.23435927837861,0.0148450760306311,0.00781052136185335,5330.13142369924,7495.60665963636
4231,0.2175,2.46711742058962,0.0195720463542992,0.0126938936059285,4331.23660765166,5097.08779240458
4232,0.349,2.45296228984476,0.00461833548934023,0.00333661422392093,15650.590852719,15729.4541023278
4233,0.1995,3.18201470434248,0.0140214762799862,0.0112283873351291,7464.796840684,7192.16483799516
4234,0.2695,3.84128072734939,0.0106938487558932,0.00709907507884117,12113.3034989331,13460.1050499144
4235,0.3845,2.77706598499312,0.0133109678131158,0.0074396933374085,7377.74751106981,9815.11024981075
4236,0.2595,3.47471352178863,0.00798774570105829,0.0050676006517072,13532.2642983142,15175.0205286806
4237,0.1505,3.81072760709878,0.0208131837022076,0.0108165334081935,6082.11457033918,8478.11851382266
4238,0.3575,2.60273678676867,0.00799049717226502,0.00487445333774483,10742.9893473501,12641.4219873756
4239,0.3125,4.01823718345752,0.00652598549227019,0.00483683479190269,19669.6107146961,19693.9601141452
4240,0.324,2.39532971150086,0.00382263942131075,0.00297038486393828,17293.3424610849,16234.9235550031
4241,0.3595,6.54083482664021,0.0212870803917913,0.0171166639603524,11370.4678081006,11162.2370442865
4242,0.131,3.08210464519868,0.0420325831766882,0.0379462100454612,2585.6234128674,2265.82303513592
4243,0.236,3.4468601793664,0.010707823026867,0.007510194244777,10517.407447994,11207.0008411338
4244,0.265,4.05267170370485,0.0162969695277244,0.014571099889289,8715.04323755046,7703.00418954968
4245,0.412,3.34490300754705,0.0132914514875612,0.0118102401239536,9027.17199802314,8024.48804921469
4246,0.2735,2.84422410634161,0.0206950580910791,0.00778479942003823,4847.95193435463,9209.51741326865
4247,0.096,3.29803790852573,0.031682796632577,0.0167701071710506,3427.00771188099,4715.39537620412
4248,0.3425,2.55639228923394,0.00671641786079403,0.00602130746872729,12028.3962289463,10458.1834916658
4249,0.2995,3.54232173455874,0.0498173482061955,0.0430820675668216,2687.12371590123,2499.83454115479
4250,0.1805,4.54721676946944,0.0766820090800626,0.0482088737829091,1957.93171734125,2816.67389229185
4251,0.4595,5.13263672786332,0.0230016440624044,0.00698217967614625,8111.00534769294,20180.8149867314
4252,0.3285,2.37646168568878,0.00420221658789601,0.00351662615094841,15963.9258150726,14447.7546407985
4253,0.1535,3.42013523236325,0.0195178561269943,0.0165341938033731,5858.38446972422,5376.07546494257
4254,0.103,5.23383113758769,0.0559017213514484,0.053069181648785,3229.26419235445,2717.14863128434
4255,0.376,2.8447508694724,0.0139553597939788,0.00995362245749959,7259.69775468824,7877.21048011752
4256,0.274,2.65103717204925,0.00647185366574482,0.00566921861045469,12116.483149805,10670.7338238785
4257,0.221,3.92142616882581,0.0155169890376588,0.00714847011281701,8615.47684275512,12852.8971434267
4258,0.398,3.77868670433405,0.0132238756039741,0.00884572091023302,10306.2365278057,11798.2538541011
4259,0.1345,3.19118531239893,0.0195552498537576,0.0163195148293628,5400.15538971176,5013.03799247516
4260,0.202,5.91349302366531,0.0268013035532037,0.0143237878865814,7803.22081213501,10955.1370077418
4261,0.356,3.84858555346398,0.010106403741917,0.00740194703697193,13189.486443147,13787.4270488969
4262,0.266,2.21419771336899,0.00801333121457624,0.005444740713426,8645.18330766211,9225.3341924073
4263,0.268,4.51549295559976,0.0172231032955119,0.00565568078835588,9167.07815973881,18850.0375161333
4264,0.212,3.33175359022892,0.0104647254255047,0.00819546549415892,10170.5634672802,9839.69396253801
4265,0.446,4.69354472745497,0.00699866325989664,0.00492268897296691,22823.1912543916,24396.5620636776
4266,0.2775,3.35102442125991,0.0679638324851021,0.0523097390748413,1825.65792636416,1923.43876092253
4267,0.3395,3.26820976886,0.00668902703363264,0.00339950765712455,15751.286233862,20861.5061434907
4268,0.433,4.83796496651434,0.00803190428141111,0.00672502966335645,20805.1952433709,19385.0992413675
4269,0.2865,3.00010860552614,0.0218297986955871,0.00480971088111323,4744.7808254008,14024.3817605156
4270,0.2125,2.9066600358602,0.00578246058041057,0.00440347052914807,13777.1708746687,13141.2155037358
4271,0.374,3.01757246828217,0.0106417681662003,0.00703951053725609,9866.43165700524,11206.6875326989
4272,0.169,5.78489566609289,0.0125421663341958,0.00896759654993467,14778.0144135009,15319.3147447396
4273,0.1355,3.22123907373612,0.0266234641266144,0.0148645818613488,4086.87704538928,5360.49833770779
4274,0.374,5.2028041448102,0.00976861598287786,0.00565642263817154,18561.8599091147,23489.3044044754
4275,0.268,2.59492559420676,0.00736094933464897,0.00367581951731154,10956.3534918027,14551.2753988245
4276,0.242,3.84021216134578,0.0119043965316366,0.00825785231207677,10867.649734679,11680.2833378736
4277,0.16,4.74014100733839,0.00741514405394669,0.00627334495116627,17594.59798755,15733.0893853433
4278,0.433,3.90612024024929,0.00548939580105497,0.00374498571577885,22988.4664294138,24791.9047412733
4279,0.3925,3.3001938784403,0.00952221063059237,0.00720589249950368,12154.1132892983,12339.0085407065
4280,0.3035,2.13157606137922,0.0259210351392442,0.00653305746288449,2876.31416513007,7960.10108265395
4281,0.434,3.74046733425846,0.0113517256552305,0.00870723783889607,11730.9273317105,11933.0592896662
4282,0.272,2.8388620615088,0.00866402467532201,0.00543061948260558,10494.9334127043,12084.3054347972
4283,0.3825,2.96352725167786,0.0149137555315966,0.0115144221017242,7132.12219375345,7241.25695297076
4284,0.315,2.51694032763449,0.00576248082151997,0.00486584608451275,13198.7804622351,12005.479213689
4285,0.1,2.09502898487286,0.0497853653304548,0.0441427638226034,1504.53051806873,1343.45757711099
4286,0.31,4.86767642194225,0.042959448517724,0.0268858280809538,4114.90845231008,5397.56682663486
4287,0.3105,2.77201834886854,0.0151782702170468,0.0137491467275941,6448.38415030255,5633.31700335296
4288,0.3035,2.05181621589438,0.00773103506925295,0.00617401647736809,8448.55840815027,8063.28363868789
4289,0.302,2.07273715927111,0.00544830324296025,0.00368098007197368,11241.7349137556,11762.8119555935
4290,0.2375,2.66462436709987,0.0108582460757136,0.00848713977658517,8119.61698898835,7918.59224523701
4291,0.2555,3.56136617536341,0.017010252988626,0.0125934473321058,7334.9117302528,7654.23981306945
4292,0.212,5.11042237823819,0.0349864721074006,0.0306022493996215,5274.95966956708,4816.51486760567
4293,0.351,5.10619696738439,0.00559527581858674,0.00427822976421404,28979.9680918953,28348.9766747023
4294,0.2515,1.93083228230417,0.00957708082435621,0.00786339105567896,6294.40673963471,5877.0756571708
4295,0.2755,4.85045990480647,0.0102804320524879,0.00611503458851682,15709.0247329252,19005.4909571968
4296,0.1465,3.64365726609135,0.0119874308992508,0.00944373408482013,9164.8412465336,8719.08050392373
4297,0.3845,2.90257575753084,0.00866215587545518,0.0052625331862065,11464.0200078142,13758.6126149568
4298,0.3555,3.79677836848137,0.00655178455558828,0.0041857071385299,18871.5915244155,21323.4124008228
4299,0.23,5.78350364290281,0.0370890756011127,0.0327157066901759,5753.79455082459,5237.10673500937
4300,0.139,6.47022475808162,0.0236323074956403,0.0186361162739765,9347.29875468361,9222.81167331514
4301,0.283,2.4288411994829,0.00976939534994016,0.00812543321814316,8243.94194233736,7649.30646596069
4302,0.1355,6.55951136365635,0.0167327539372661,0.0136138856164953,12526.5996975482,11841.8322205642
4303,0.32,4.70056616998036,0.012203163104405,0.00832253172787724,13449.9260625142,14929.1757347016
4304,0.3015,3.34615995663021,0.00406513073506069,0.00313525419621571,22802.9724837205,21514.409439391
4305,0.104,3.31051902711799,0.0432975832038386,0.0237892497308211,2559.97450737557,3571.59096762141
4306,0.1715,2.35514572537325,0.0390670478097131,0.0362685567944717,2111.71234394622,1812.29454191308
4307,0.326,5.19559412279004,0.0300583636298154,0.0250256256539347,6495.80103606897,6260.17537820783
4308,0.307,1.99310549767366,0.0191967115067157,0.0148839047316768,3659.4433041628,3678.80678444474
4309,0.3405,3.45912645634965,0.0128620390992721,0.00430131543855689,9396.327012691,18651.5260207547
4310,0.443,5.90305905229979,0.0175670565958087,0.0147004488316461,12441.4418230283,11781.4009823382
4311,0.2925,4.1184723558717,0.00999020048131103,0.00611283401004622,13961.0621767151,16585.3890273053
4312,0.2875,2.00703803929124,0.0275809351850143,0.00636498137760569,2563.19305806802,7584.96264629763
4313,0.185,4.81820301731522,0.037856735227623,0.0316762341707551,4608.32053553524,4366.31699067373
4314,0.1355,2.68120149593147,0.0183519011175242,0.0136951687322076,4784.54057271626,4843.11937714809
4315,0.257,3.55923502876623,0.00513027931253479,0.00370215819928113,19787.2391403812,19704.9030164798
4316,0.2155,1.60043803697961,0.00469493282646139,0.00381969636245777,8642.37546451707,7780.48464901744
4317,0.2505,3.49122505953635,0.00810298703307501,0.00571498344338471,13503.1605159441,14029.3964809812
4318,0.2025,1.75749472971062,0.0275664805060801,0.0105386407224052,2233.90362179532,4153.80858968043
4319,0.2765,2.33806077795261,0.0058891502087649,0.00355393486078518,11596.3178192042,13096.6738465247
4320,0.346,3.61022923116743,0.00579241918132957,0.0044067146191838,19550.7282738961,19262.3295107159
4321,0.1275,5.529072837394,0.0228143061377644,0.0094354844321124,7882.78675718892,12996.4025622529
4322,0.3015,4.07618457668668,0.00482752487680853,0.00370372033979405,24848.3590016282,24002.298952807
4323,0.374,2.79227220416308,0.0168872962161846,0.0130951892157133,5909.33890297471,5924.14317901297
4324,0.1625,1.69230882299646,0.0264064431988362,0.0150306642689146,2201.99032728236,2885.5540714561
4325,0.235,3.50650528425189,0.0099203888733017,0.00804185088727408,11356.1605644194,10759.2361417263
4326,0.124,1.81739266236543,0.0427676631401134,0.0352852883625237,1463.72498194976,1389.4746687254
4327,0.4375,5.02131989647322,0.00756082533491455,0.00585541450647849,22721.271974022,22492.9191185631
4328,0.142,6.78491247589535,0.0247227267941887,0.0174116466060861,9448.39390080565,10179.4888830024
4329,0.368,3.6702082384702,0.0258210113659268,0.0161095564683834,5220.48899942003,6581.05419423573
4330,0.2875,3.4101838475319,0.00663114971625262,0.00510134837355837,16051.8810737176,15596.7494543314
4331,0.339,4.23824418545659,0.00814158959267423,0.00576359991646891,17387.2653049942,18328.1665961013
4332,0.1005,3.89065742040626,0.0156429669872807,0.0122026430390928,7321.27943643678,7004.20867252502
4333,0.353,5.37453594886788,0.0138521774066889,0.00738230104907115,13907.9708583202,19325.6696690374
4334,0.133,4.68381519201621,0.125916095902566,0.104237934206571,1275.41311374043,1320.44884356778
4335,0.165,5.25920772319771,0.0262959654846481,0.0239832149932083,7160.41393803583,6234.45445099012
4336,0.3175,2.3175266722147,0.0230595001363186,0.00980335098301512,3591.62557097269,6255.32137239743
4337,0.3075,2.11606258315176,0.0075674096395466,0.0057201048392419,8903.95110227392,8876.54800778765
4338,0.2475,3.57811993398663,0.0209711596875576,0.0130841770634357,6088.45195539774,7482.77414701615
4339,0.2085,3.94113456144257,0.0137742249571768,0.0047257090331418,9532.87564224548,17123.6879396677
4340,0.2695,3.24806308826929,0.00941062269086396,0.00721677837826992,11197.493525947,11016.6457791177
4341,0.116,4.72672091767737,0.0130739740403675,0.0102791458147829,10458.266450441,9909.44600847091
4342,0.3795,3.60961307763842,0.0277457221832988,0.0126530653398949,4701.23543653578,8097.80368786832
4343,0.226,2.91893240754826,0.00963905457820764,0.00669129999447572,9620.93178763237,10184.2301088503
4344,0.314,2.00456531210226,0.00730271780669289,0.00555429875362761,8582.87446992827,8440.73241669477
4345,0.1295,3.52625349394576,0.0189947474381189,0.0115363698863403,6007.02075453171,7099.17439873834
4346,0.1325,4.54111318849469,0.0131296614063296,0.00993693088761177,10636.2840025907,10433.5204086693
4347,0.249,2.82683046110651,0.0101904400496023,0.0037588672642789,9014.2349088561,15090.0893865654
4348,0.2725,5.18636633062982,0.0215838291512797,0.00598093891139352,8399.54214402594,20971.1244222545
4349,0.315,2.33285058770448,0.00488514627125601,0.00269422205674352,14011.6309647764,16533.3220233287
4350,0.4305,4.79526077200369,0.0258374843773334,0.00642167602685501,6692.23376136303,20064.9878922959
4351,0.206,2.27635150980626,0.00756041437967235,0.0066672458042953,8825.38984730843,7726.34732212619
4352,0.219,1.74546849794864,0.0100839942404938,0.00767171716874505,5319.22236518113,5243.12007256283
4353,0.45,3.8664416221241,0.00629122870523292,0.00477815720039486,20498.9896234527,20485.2973309616
4354,0.346,5.4769008218346,0.0289313411020544,0.0219620200177234,7134.88028825682,7410.96871264355
4355,0.2235,4.12575498646796,0.01120940578354,0.0044762227383756,11972.5582653946,19079.2149267284
4356,0.4035,6.00791747625671,0.0141223473971049,0.00790487136075575,15364.3864845274,20743.4444211619
4357,0.243,2.73559655308088,0.0413480226417934,0.0337028599444377,2445.14181282697,2376.63410201565
4358,0.2985,3.95584277194044,0.0101623641283058,0.00634892269092955,13094.3587172187,15392.7553666871
4359,0.3105,1.97823822214081,0.0197424149160686,0.0157499932571899,3563.66048231092,3492.87235678755
4360,0.2785,1.93289661688053,0.00643678938288519,0.00541191711753161,9143.40181112673,8354.74535823693
4361,0.232,4.35932400865954,0.0177394899539384,0.00671659481159615,8439.98793695703,15367.8064176749
4362,0.178,3.5724433468736,0.0164198674997304,0.00849803330802352,7165.26513153346,9852.02197848689
4363,0.1885,5.66111249093469,0.0164170590511957,0.0136235856585715,11636.8761787111,10806.2987639116
4364,0.363,3.04576834823941,0.00628683591347221,0.00328808653828416,15645.3804996862,20469.4897235487
4365,0.1755,3.90431014488925,0.0140654672257302,0.00345629994068606,8780.97492357992,19151.7084598698
4366,0.272,1.62960752257011,0.00993612476685127,0.00737541838795173,5284.04995746655,5349.72571945504
4367,0.1645,1.93563703243918,0.0555703303019617,0.0375989131244846,1251.65499660548,1463.77659408291
4368,0.109,3.28597766263208,0.0140376789489235,0.0119873191693592,6948.90546592645,6205.81897716914
4369,0.454,6.36992431065728,0.0115422912266266,0.00601693590399348,19886.3585836423,28474.6903064805
4370,0.293,3.38988505624163,0.0137569122303987,0.00919187783568842,8617.30043162184,9730.13650818326
4371,0.146,2.34521054537399,0.0435090354300862,0.0333083683745371,1940.5574028042,1994.08818318114
4372,0.1335,2.7819379364063,0.027572879007925,0.0177287073843526,3391.58587510825,4028.81385960124
4373,0.2945,2.14026144695132,0.00889833745723086,0.00368702217447262,7718.52107475574,12090.7165093719
4374,0.1935,4.58870370950949,0.0167549302371638,0.00672792829038207,9284.53820918369,15740.3445138493
4375,0.381,3.03073111477658,0.00460838325637566,0.00394975952771329,20118.0682564652,18047.4378826639
4376,0.282,2.88466749029099,0.00495401784430606,0.00366323466237817,16645.8977894714,16351.6763787604
4377,0.2415,3.59072138695857,0.0602642612547767,0.0569729136814062,2197.21535972233,1863.83944379582
4378,0.1445,2.84879760233343,0.01468901920794,0.0123275023589618,6169.3374122008,5652.72793266065
4379,0.295,2.40707447194441,0.034649904449732,0.0110020425660824,2435.40636235066,5805.91819449694
4380,0.2585,1.84810175925624,0.00584515949605332,0.004131605927881,9094.56530676973,9192.51436183186
4381,0.1835,5.47248526689682,0.0163172580341477,0.0111026986017372,11191.4383999414,12387.017566655
4382,0.143,4.0059724731167,0.0117726669610683,0.00933309036524345,10282.6746055649,9697.12655092758
4383,0.2775,4.31544559917573,0.00605790045989881,0.00475851380945186,21787.3233433046,20796.1114449833
4384,0.153,3.57110332017671,0.0385713170897041,0.0351651467237463,3308.70346718423,2862.19992672474
4385,0.093,2.68336563604566,0.0441375360121169,0.0396822119545676,2089.48482543687,1832.90048195078
4386,0.211,2.42499656698075,0.00598324784001543,0.00468603771927203,10953.8833163286,10341.5794379485
4387,0.1465,4.31943079771636,0.0156018161903288,0.010461016202828,8703.72660045498,9611.72375102868
4388,0.2145,1.86733734950671,0.0120927007759972,0.0085651625490502,4928.57128720691,5180.09766203914
4389,0.3615,3.04053526797609,0.0116194536275554,0.00969826092424607,9115.28838472615,8504.06236005865
4390,0.1255,2.21067114359387,0.0116524922625603,0.00973874465291354,5549.56188375314,4999.76715568207
4391,0.297,2.06816661647952,0.0070869921402074,0.00579728121147722,9218.31961593262,8605.24224669268
4392,0.265,3.21291313435075,0.00646139010854146,0.00335870354536075,15192.8949686738,19294.3010967284
4393,0.2035,4.0741572780895,0.0119171278350445,0.0096509309254304,11197.9647025334,10627.1526897636
4394,0.205,2.96779265117556,0.00529482175955901,0.00457627023659834,15080.4015725337,13324.8884169606
4395,0.278,1.74531360596007,0.0147559963430738,0.00779284781477158,4018.00801346115,5575.63126970075
4396,0.317,2.50578683642864,0.0135582906651166,0.0119493594249844,6440.9709919089,5721.14498475228
4397,0.117,1.94414820254611,0.0495976505767684,0.0411382422604478,1375.01929153366,1313.20632097746
4398,0.235,5.40637320670419,0.0102057246201643,0.00774798416806301,17427.2188143371,17414.1065284537
4399,0.1115,3.30839920700625,0.0296710908476365,0.0161025904722898,3691.45313553111,4977.8258694156
4400,0.3145,4.59322980680567,0.0119995575360788,0.00719048176322604,13326.5685235441,16605.531453347
4401,0.1945,2.20469339783897,0.0141424437352162,0.00618221809238537,5119.61650900279,7657.31517462866
4402,0.0885,2.30522250335395,0.0462600350696764,0.0403599152265758,1705.75847765931,1546.91939347502
4403,0.2365,4.23427739645583,0.00731143301047171,0.00367828365194744,17907.4774137317,23075.42424909
4404,0.1835,4.13903797506493,0.00722176620512082,0.00433905648801952,16429.9536534619,18356.1653064606
4405,0.358,2.84291984198313,0.00408842593026723,0.00336022891472345,20108.5145773269,18420.5323069929
4406,0.181,2.75570125076117,0.0305347952447172,0.0257709716960507,3197.87124040599,2975.3302026087
4407,0.102,2.91495169546996,0.0305820750854272,0.0176931732669525,3136.10839283847,4003.33558236606
4408,0.36,2.25474483114353,0.00860398557438858,0.0077126443092605,8589.34401914243,7480.92878416281
4409,0.242,3.12301444021786,0.019346458598571,0.0045492025023312,5618.89859024858,14539.7921867255
4410,0.212,4.79965195148633,0.00698988345711491,0.00605568056120788,20262.2871534777,17931.2161300606
4411,0.201,2.71473581097981,0.103282932540889,0.0767022326060544,901.578131527861,1043.90728261207
4412,0.3875,2.78977405568727,0.00579543529989366,0.00511862183405725,15266.8953455536,13386.9298693409
4413,0.4745,6.27394612920933,0.0369446706190978,0.00751734208518168,5939.19105204898,23367.0618814776
4414,0.3915,3.38951361951218,0.0113643969656826,0.00852047803500358,10542.0141754138,10849.3849645704
4415,0.2635,3.86673199669812,0.00954544510620931,0.00735440072591613,13392.0459680134,13201.7351448382
4416,0.3795,3.0946961827912,0.0117944274518177,0.00878916809025384,9296.16738242915,9602.59814276556
4417,0.3375,3.76560664030164,0.00757335563151542,0.00436729562704979,16333.190630374,20121.3588322575
4418,0.2995,2.2223340836342,0.00974172170779739,0.00733922131382664,7479.91835521617,7563.47221640396
4419,0.399,3.09279984620628,0.00740161124857978,0.00620171741002693,14077.8954023661,13035.0675911485
4420,0.3435,2.93040940927969,0.0110707583886935,0.00737100627459792,9107.52303941173,10310.3919158272
4421,0.327,2.49140076412408,0.00968132662933405,0.00541782152039449,8562.78890426611,10951.1938256896
4422,0.21,1.93081711647376,0.0379574515323946,0.0189513809531916,1806.914807605,2773.64436017049
4423,0.259,3.27839657059973,0.00580079806835536,0.00363405555834651,16427.3853622249,18039.0487599459
4424,0.2695,3.06530237880921,0.0304890454528836,0.0262433670142222,3677.89300599322,3404.48856276042
4425,0.337,2.58311795029735,0.00432893226810698,0.00270282776759258,17185.7089585991,18756.7580575849
4426,0.2275,3.7919932080669,0.0595133130870148,0.0508954414742856,2402.64818541018,2269.03454708224
4427,0.4205,4.90478729965686,0.00823162071081769,0.00700645733160956,20455.0381778705,18679.0858768447
4428,0.212,4.91383991474826,0.016352838224574,0.0127173678049153,10336.1240864106,10293.04889614
4429,0.186,5.49475745076231,0.0208327430875943,0.016669817242539,9242.13287206585,8980.52626489409
4430,0.142,2.8420218275746,0.0619720676671009,0.0565549443505645,1640.93996376826,1432.11623255553
4431,0.4125,3.88470874215079,0.0139587070492391,0.0100360343732458,10053.9984635266,10858.5116071616
4432,0.358,2.36406320472049,0.0081048037019878,0.0062876199544574,9620.47911213547,9429.65329130804
4433,0.317,2.32254001373572,0.0200107599354302,0.0120651484829444,4155.7275970843,5286.45747025218
4434,0.207,3.58442458457378,0.0057921513528206,0.00493841708680678,17058.9995919377,15174.4493643086
4435,0.3095,3.98981258226986,0.0307113653064509,0.0236163614098038,4831.18768502857,4994.73529180476
4436,0.2155,4.95829704425514,0.016662008825231,0.00971463996441678,10215.9312300764,13053.0283253007
4437,0.379,5.17039811197914,0.0464554573355078,0.0368474864764104,4190.56549913646,4299.09382632407
4438,0.1425,1.93800850174883,0.0685530928255508,0.065508291154212,994.276196203206,829.950538297745
4439,0.25,3.90809091257697,0.0347950873903106,0.0307639217063253,4078.16752845014,3710.58607360303
4440,0.194,2.5620039975793,0.0165030496597371,0.0129811874759065,5165.52841470389,5052.20266350859
4441,0.2795,3.84521096164907,0.0101071447758702,0.0083983063841056,12733.4629132638,11870.100003035
4442,0.207,5.20403568559423,0.0196158726003163,0.00526774684937102,9010.86825496595,21357.0872317105
4443,0.095,5.36744102883675,0.0370780923543924,0.0314884318824771,4953.28474817328,4634.18918328364
4444,0.2295,1.81224476385366,0.00798275580113256,0.00508272583944705,6813.63078232327,7496.24407798929
4445,0.2615,4.77587725470353,0.0075266770037211,0.00634141823618294,20081.2904156287,18278.6581125443
4446,0.2425,3.19929291002471,0.00753536453521262,0.00643202316689771,12954.6071846474,11642.9645743105
4447,0.13,2.5056979546257,0.0970985960879193,0.077320567512425,917.845254200046,957.659564886623
4448,0.225,4.43903451968485,0.00878721029782428,0.00734930788085469,15831.0042391952,14517.6383301079
4449,0.306,3.78141052395275,0.00632496448584349,0.00489057883514048,18771.8173268416,18207.3036005527
4450,0.4605,6.46769129572977,0.0465748782848594,0.01177277531921,4766.06015765047,15969.1161351649
4451,0.182,3.62625435964192,0.011855841494249,0.0105292973644542,9624.22904304798,8448.5463471635
4452,0.1545,2.18031537837655,0.0188925005023279,0.0147015224234864,3776.30247419055,3696.21726382091
4453,0.353,2.55551903847579,0.0062430429519041,0.00414882039157411,12882.1853292746,14026.8022603255
4454,0.307,2.15655867712922,0.0313503081174283,0.0244476332150373,2476.75680081499,2522.36090882921
4455,0.3685,4.33156498455196,0.0103929265405978,0.00526452930278452,14549.9926659594,20616.2639928596
4456,0.1755,5.56158533511267,0.0159410779123644,0.013359099552682,11668.5434982933,10810.5888103816
4457,0.131,4.87695205944003,0.0955315054703443,0.0817664771817104,1813.05044740473,1709.35338559813
4458,0.13,4.57776172348775,0.0449262006856888,0.0235994969595519,3451.31993953996,5131.31792004406
4459,0.397,2.81394268034081,0.00567850765550777,0.00441491891045159,15800.5732922144,15306.744184643
4460,0.301,3.86027389773231,0.0088394543776924,0.00673526851072886,14515.8095935915,14417.4006406766
4461,0.272,4.49318673076551,0.0382952102561306,0.00964820753249315,3984.18428029287,12227.3074061819
4462,0.317,5.06412598312063,0.0362434012928318,0.0225033308935167,5130.62100530839,6635.6086828814
4463,0.405,2.76445799073133,0.00562851310042312,0.00413823231435385,15667.6478982014,15818.5790772976
4464,0.336,5.13475361751811,0.00961852967025951,0.00674420101059079,18461.7857873542,19896.3621881358
4465,0.204,2.8808374657055,0.0209673572727356,0.00614999562404576,4639.57603424339,10238.291210435
4466,0.265,4.20548551424046,0.0245286258561595,0.00747656658007609,5951.3802304407,14032.4211396739
4467,0.155,2.90654164937698,0.0207688065131395,0.0179785724537491,4671.99765679945,4207.06253073577
4468,0.24,3.58684162142434,0.00648995283116825,0.00582539825875955,16365.8936819866,14160.7530093842
4469,0.2815,1.76911659153595,0.00971589740312479,0.00845104087615694,5901.62818595328,5277.80134990195
4470,0.2775,1.87121028790327,0.00567478833533614,0.00460543343227415,9597.85893717676,8886.09520626817
4471,0.277,3.75543035135084,0.00976247295011969,0.00503610476457981,12846.4465937043,17293.7044454107
4472,0.2275,2.36688296696398,0.0515116819487698,0.0466746150936681,1673.71438871388,1480.71551645422
4473,0.3525,3.71033843105476,0.00951994809260068,0.00639597604052523,13248.4858455624,14722.8693627306
4474,0.279,3.03058338350855,0.0144675087861081,0.00715985979622852,7205.78256375528,10367.0602905293
4475,0.1525,3.79075869373159,0.0235053485694357,0.0211352922982788,5487.31948002637,4794.9781275492
4476,0.1915,2.8707701628154,0.085798032588176,0.0754885701657131,1246.42726780769,1156.70905097712
4477,0.1945,5.28715232808145,0.0195672958163976,0.00648321876801981,9054.28092315671,18086.6256300926
4478,0.3235,2.97432571368651,0.00507867855140625,0.00344756699350257,17712.5807915047,18664.0403948226
4479,0.233,1.74078003848861,0.048846740962756,0.0134109943899385,1241.82203603011,3381.79975439868
4480,0.2695,4.27575714671831,0.00747865177727271,0.00466290914056528,18274.1372343248,20689.2558869039
4481,0.1815,3.98466274210089,0.00734224558295778,0.00466723776121881,15614.2298326399,16987.1911929616
4482,0.1575,5.22962165067715,0.0240574491074309,0.0128992165059444,7493.6594069798,10284.3417061989
4483,0.1335,2.50071432303475,0.0353868169661315,0.0278131365514175,2459.50113830393,2438.27801755074
4484,0.318,1.96814031553826,0.00750178202483608,0.00629333249985842,8414.37329860002,7719.12570517655
4485,0.415,5.35731406025214,0.0132818835020713,0.00427126661670387,14343.9759599246,30909.853378248
4486,0.2775,1.80100334305616,0.0114937710199598,0.00969887042310775,5205.2101979149,4802.85200723533
4487,0.3215,2.39118114299153,0.0154625048601533,0.0120284239089587,5448.07729158647,5427.51796953271
4488,0.2905,3.52903381145088,0.00610278832431544,0.00439194046458524,17834.7295062087,18108.8417188422
4489,0.3255,6.01044424858491,0.0134732659324532,0.0066427650989922,15809.9201766058,23362.6159092655
4490,0.3035,4.46757316946195,0.00822586166475449,0.00620975219319098,17867.4105909724,17943.473643812
4491,0.217,6.42127385775127,0.045432825429428,0.0340111299694271,5209.39279021882,5572.14557726141
4492,0.2695,3.37158404826518,0.00833745899751217,0.0049140510964654,13034.2867051487,15470.5421466082
4493,0.297,4.77012514091431,0.0185178812007592,0.00435085874820632,9014.87353781617,24961.8583063412
4494,0.3245,3.3055629904304,0.00756413573138673,0.00478742537632735,14091.3378116719,16099.3632035089
4495,0.4455,4.22495874117471,0.0101420192505943,0.00736904604448054,14861.0216129859,15710.8794112125
4496,0.205,2.40116228968308,0.0207393563565357,0.012480156111746,3942.12936648563,4894.77550033227
4497,0.279,3.06795817814945,0.00753666702195548,0.0047416293083656,12839.9237214478,14595.0902154255
4498,0.29,4.58531937758291,0.00728697248375156,0.00474695354490802,20075.707037207,22333.0641261122
4499,0.1365,1.85192936011457,0.0416610389279925,0.0381534147188075,1590.3021371519,1381.09579145729
4500,0.256,1.72398733541652,0.00797207672600866,0.004887779341911,6575.70422505353,7495.47373287704
4501,0.264,4.02439764903157,0.022691529139575,0.00528070996179002,6141.93805367787,17466.3144987893
4502,0.426,4.72468529767575,0.0103046898564582,0.0054652066277428,16188.468012969,22299.5189444743
4503,0.2485,4.2995042351942,0.0221323033791519,0.00625334519709276,6786.82651138763,16458.263106708
4504,0.2275,5.90479832924959,0.00796905944535784,0.00615287489257873,22970.351470199,22130.2387512396
4505,0.189,3.87266059793149,0.00774896490656842,0.0065500241732416,14454.8559125538,13006.719777855
4506,0.256,4.54280310017571,0.0127761159687267,0.00908661445951054,12083.330816432,12860.8394294008
4507,0.449,4.945912602651,0.021693788286607,0.00437909326084333,8193.09648302154,28318.7180547764
4508,0.2055,7.37533683388532,0.0302372743160847,0.0214474714137921,8856.25312402216,9834.00439438746
4509,0.1165,5.17246119633412,0.0149917969852096,0.0126152714139045,10341.6685972595,9457.58868784274
4510,0.291,3.32040851335633,0.0093703499697356,0.00753317040067634,11634.9416947321,11030.0631830583
4511,0.1925,5.46830523672145,0.0131731000324625,0.0106129056808877,13710.1013201059,13090.9349928831
4512,0.315,3.25086168532989,0.0228437373245535,0.0142924103889302,5151.43053247959,6346.01734709892
4513,0.2385,4.16036518334013,0.0129316028223095,0.00494466143308318,10732.1883910387,18863.1401444921
4514,0.2125,2.2836683460718,0.0691457588101022,0.0668217462206951,1203.06084863749,1001.28574024341
4515,0.1225,2.25648937444609,0.0897469658796846,0.0814284761731464,910.755607241897,810.409892808082
4516,0.4445,5.36180258260847,0.00775736778808284,0.00635572487750128,23964.0356112124,22735.9078852209
4517,0.3115,2.915705907823,0.0125315578331604,0.0105407921625945,7989.36421139148,7399.03126870138
4518,0.1955,4.899482938665,0.0279884031729128,0.0252686736613101,6231.5179481176,5493.69550752612
4519,0.1035,1.31476326814714,0.0444350449756149,0.0142520518083486,1030.87493068701,2103.04167047985
4520,0.2945,3.04133730473829,0.00862700946186741,0.00321569696019954,11446.1408686654,19201.8250080638
4521,0.2085,4.29153233476481,0.00660085258669479,0.00523970640155705,18894.207565038,17658.8960469113
4522,0.253,3.52470127297525,0.00869758809894289,0.00492757774955636,12853.820227644,15908.5938567737
4523,0.4245,4.0083007621372,0.0148538383825031,0.00783264712369976,9791.2239890059,13902.6932283859
4524,0.3575,2.98983201758037,0.00694042706884741,0.00604162281836091,13983.8928398826,12550.2501831343
4525,0.1225,2.74078598130665,0.0967184126215714,0.085953820495637,1009.04276980893,932.541081019312
4526,0.3,4.13024903086477,0.0123173688623487,0.00822887692388239,11450.3567996951,12905.3897806727
4527,0.295,2.75519081236499,0.0113048218249883,0.00851209342399656,8305.7408268658,8458.44621369446
4528,0.456,5.23036741502762,0.0129570631464186,0.0113974384390953,14770.065873002,13250.233612153
4529,0.15,4.48622435453481,0.0881834914662369,0.0553614284371534,1639.36677145356,2369.40215790861
4530,0.163,3.69486077364845,0.020432030863371,0.0167426668851395,6217.791056047,5906.25316440049
4531,0.3755,4.72751414527392,0.0113467761940146,0.00899361836767154,14746.4245240254,14466.6527182105
4532,0.4125,5.02546208301709,0.0174635544642539,0.00721396149212823,10446.593622958,18851.6849617491
4533,0.092,3.29833149160797,0.0792890246630016,0.0734418577377991,1457.18654557347,1254.4314916049
4534,0.299,2.3262662243038,0.0529159200430976,0.0358139013652693,1600.69752313816,1903.82602018144
4535,0.3505,3.26098491373195,0.00669979401490642,0.00522642329397566,15739.1693446075,15249.0887576358
4536,0.2385,1.4989566083836,0.0165277344544764,0.0124916541819706,3075.69600225357,3109.9078963618
4537,0.2035,3.68260112718444,0.0187770857683788,0.00433430943177545,6638.34548417765,16879.7585526183
4538,0.4375,4.18372304542801,0.0159828223772549,0.00872015313563543,9546.95163477282,13307.6566950968
4539,0.4215,3.87791438676969,0.0129658816117214,0.00960268553313002,10786.7219905554,11283.7868935055
4540,0.3065,2.04427691069898,0.00793120655795101,0.00475672000523066,8243.67141310003,9679.75290213573
4541,0.189,5.55018397862259,0.00747786753628073,0.00630788442616267,21552.3210230219,19460.0529327011
4542,0.2415,3.05603333304892,0.00966090737581812,0.00653276638428219,10173.6950449061,11068.1029236277
4543,0.1745,4.34428859393645,0.014650374808362,0.00626135000203584,9597.18908667881,14732.5262635436
4544,0.4055,3.05874169472629,0.00639557347987126,0.00544551396388916,15733.3747359842,14307.5066340714
4545,0.2375,2.49813700700422,0.00784130708134476,0.00715552870399078,9621.0134255602,8207.75160082469
4546,0.4095,4.65794882088135,0.00702173345154981,0.00516288993525669,22383.6428891022,23038.1559580461
4547,0.181,4.63458272517338,0.011845484391787,0.0105267842847924,12350.2334670432,10748.1405109815
4548,0.324,2.81031053497772,0.00719192127739951,0.00631741835099774,12429.9630211251,11030.9832840151
4549,0.4355,4.02181866455168,0.0101504970277967,0.00726709795903175,14062.7743449284,15112.1020019689
4550,0.1895,2.86075829320422,0.034850133701978,0.0276116159653912,2920.83554366117,2905.81630702836
4551,0.419,3.55844105466435,0.00967648053543998,0.00837013757612653,12937.0086582482,11709.0773364143
4552,0.1875,2.79016153449144,0.010887910421863,0.00889429614133669,8049.56689275242,7492.48656066863
4553,0.1425,4.1036497513013,0.0207536284348168,0.0143171023946314,6633.61242609911,7247.13279855758
4554,0.278,2.22575720692888,0.00778151528827429,0.00525657878777523,8917.93467671341,9629.57735444307
4555,0.3675,4.30314043372682,0.00935150465544497,0.00700947410171972,15872.6525432295,16144.3997021763
4556,0.268,3.97497410198444,0.0106308564721364,0.00416271876326987,12430.4637208935,20459.0078012679
4557,0.302,1.77387478749316,0.0100943432256193,0.00758377136202505,5788.6883430249,5784.34709932151
4558,0.269,1.71844162769466,0.00935910418222627,0.00617839102375902,5796.33255937946,6380.06586218226
4559,0.329,2.44683769205431,0.0158127977913173,0.00674303693016973,5443.87546985862,9031.08619676246
4560,0.209,5.50438548435504,0.0183661130300442,0.0171647414036853,10659.8262035551,9075.05408361058
4561,0.476,7.5600011126936,0.0085153744469186,0.00653832624110204,31580.0477087741,31754.4172985936
4562,0.357,4.39626224118995,0.00957943003839907,0.00444027044201829,15694.0045306451,23687.9205232319
4563,0.269,1.98546598337941,0.0169233832008971,0.0113442114399738,4067.46051503402,4632.49407891797
4564,0.2995,2.15700384026054,0.00557625163112925,0.00287445981631847,11391.0261925992,14182.5740227045
4565,0.306,5.90565210648153,0.0720551573603295,0.0488281138136299,2800.74205673667,3688.20706611971
4566,0.279,2.80366489415734,0.015120774287606,0.00869658000943619,6390.24675176174,8230.83959452107
4567,0.3815,3.29110589946032,0.0188539549632916,0.0125098624366032,6319.83559592125,7403.51662966081
4568,0.1385,5.84570673626473,0.0658489151608109,0.0508284118978687,3073.77349896177,3322.15858336377
4569,0.186,4.6093071462936,0.0439084679268173,0.0399215337137184,3800.33318785588,3341.40872547417
4570,0.1975,3.32550939526372,0.0197558335625285,0.0100586385416633,5807.91309438092,8285.05079718048
4571,0.295,3.64141604355927,0.00720243236886098,0.00461800033901044,16137.8977784673,18006.8549994057
4572,0.2755,4.27709926076556,0.0139583053425368,0.00684738947058676,10643.8322902302,15500.7862043376
4573,0.2925,3.1320931207219,0.0196646012649487,0.00873249369999733,5610.19788575971,9280.40509394321
4574,0.181,3.83111717653031,0.00996514242816933,0.00872587443620217,11707.7605899305,10270.3472091492
4575,0.2245,4.76428550621903,0.012491455020149,0.0110651498507292,12759.5435435435,11316.1040769994
4576,0.177,1.91911254298918,0.0231772075380337,0.0179404783269265,2779.7649722635,2769.9738003671
4577,0.4385,3.71427309858615,0.00632875012782457,0.00375351724353241,19699.6463506994,23740.8835475018
4578,0.216,5.41291482328097,0.0357087814807568,0.0309590558297018,5515.88574275651,5096.77526669448
4579,0.337,4.13614904005277,0.0537030639859323,0.0490436593107699,2920.42740662271,2562.77713011137
4580,0.34,3.99454574491291,0.0169045925045734,0.00817435755046741,8443.8837749661,12813.5945920512
4581,0.287,2.14068901272822,0.00864949474474686,0.00553790652979085,7940.39096412225,9047.6311841852
4582,0.379,3.2045573507222,0.00592392346001712,0.00488648373791154,17146.3423356144,15885.919138145
4583,0.3855,2.88986168790746,0.0107113010683275,0.00947075695392443,9338.25707940033,8319.58468808686
4584,0.3005,2.96697055128806,0.00519138008069673,0.00405169381167386,16734.3452506215,15862.5542361132
4585,0.3115,2.94333760396091,0.017747014337178,0.00770144248215671,5897.67811648074,9784.98760679903
4586,0.1355,3.88682385281887,0.0945096137933236,0.0651363065594918,1382.13649488213,1782.47261180448
4587,0.155,3.75234468100473,0.0189565789979101,0.0130159427083117,6559.75816869008,7227.60442827939
4588,0.278,3.51953583258097,0.0134598017722904,0.00982298656173906,9085.06533843213,9518.10639286437
4589,0.2495,1.87181086905779,0.00791249251946183,0.00629237996024127,7142.73050872596,6782.47999734625
4590,0.2695,4.70378739937609,0.00871416492097039,0.00608252178938431,17629.6238334059,18651.4152102531
4591,0.1885,1.9011365534272,0.0211453246121828,0.0185539656514374,3057.7596825721,2730.09486897431
4592,0.2455,5.62203151503935,0.0363037824545142,0.0336154014061136,5684.62392101837,4910.49266631689
4593,0.205,5.18708451583378,0.00931298973005923,0.00486991649682879,17266.9304816097,22025.1707443143
4594,0.1655,5.1877218658558,0.0288902583057568,0.0215746172899758,6411.29430402836,6731.45794504487
4595,0.29,3.11585257952851,0.0305991749911763,0.010820341748246,3577.80782931709,7750.5772468532
4596,0.383,2.61142940323252,0.0186323439494781,0.00574296486274288,5006.27283311855,11417.2474049718
4597,0.3425,2.29406435830589,0.00495118753305573,0.00405819624613555,13992.792673668,12927.6541821603
4598,0.14,4.14329690659566,0.0926971099606955,0.067228729257724,1528.96792212421,1824.58140832496
4599,0.386,3.05943124611182,0.00940244458218459,0.0074885038510644,11165.5964789634,10823.3495205199
4600,0.1285,3.91727334044645,0.0182773971312946,0.0145121373500681,6797.66765182572,6502.53744756016
4601,0.346,2.26736322228996,0.00991087355425081,0.0079210079890172,7791.64636958602,7508.39212883359
4602,0.249,2.95432645276777,0.00766690007531529,0.00516766483280143,11967.8072777652,12842.5782001779
4603,0.2305,4.42220240834079,0.0399522211423951,0.0349621271072745,4098.88603246531,3764.20033289235
4604,0.393,5.82555053897251,0.0117423474589103,0.00556407079042881,17753.419334959,27083.7003412828
4605,0.3785,2.3280646077489,0.00329605173423102,0.00279081216363064,19448.1036139926,17304.3136245114
4606,0.2115,3.66174473703859,0.0244958013141419,0.0137130723554259,5312.15318459774,7221.0982591608
4607,0.139,3.59076175031824,0.0783906429848607,0.0598194424496702,1588.03224534121,1754.37644341116
4608,0.2445,3.66165529081495,0.0169989668578627,0.0139407389712632,7458.60059800976,7129.14979664412
4609,0.1155,1.91991010656732,0.0235516712205721,0.0179357411129631,2654.86498743642,2663.1291036873
4610,0.206,2.47145535991655,0.0118558624184137,0.0093565072850957,6778.34554837524,6522.61680210465
4611,0.2095,2.28244230164861,0.0106565603406724,0.00961886606091887,6829.24553759663,5911.79329755048
4612,0.275,2.14095524033891,0.00775587233604282,0.00535315556564647,8583.22259948341,9029.06733719638
4613,0.19,3.61096329150048,0.00762468504771716,0.00644798826245323,13768.8272036127,12437.1231248434
4614,0.153,2.41147401185531,0.0193239562003868,0.0147514749287506,4152.68788431956,4126.63106522338
4615,0.2295,2.66995556165885,0.00732205606865391,0.00394597239481309,11059.9128250855,13645.398403095
4616,0.174,2.75462023401223,0.127579837395512,0.0812821662715627,686.936008281883,999.059846551329
4617,0.2555,3.87035490029342,0.00763533899005865,0.00533328202128621,15849.8225727956,16684.2528062896
4618,0.145,4.16705218390328,0.0363653165655597,0.0332701646977095,3992.27234024828,3459.73187532222
4619,0.142,2.75848115452315,0.0266007131068078,0.0245181598340473,3494.2185941328,2998.77671400007
4620,0.1945,3.92467284239282,0.0163498952655572,0.00589227868236303,8056.07871389971,14574.7392132595
4621,0.3885,3.72768163234865,0.0125965015799184,0.00751643446866637,10569.9870773522,13305.7604224615
4622,0.3515,2.59472919910776,0.0148670675097804,0.00442370819764777,6136.77135675718,13656.4429242696
4623,0.4485,6.49933569965147,0.0100682082399941,0.00759279716101071,23130.0969536972,23834.0931417077
4624,0.208,5.28858461015418,0.0307301537032822,0.028301837715774,6205.7443011859,5361.98534117362
4625,0.1985,4.01540348617321,0.0126392593366261,0.00746998701843547,10310.7420229058,12364.0939945136
4626,0.3725,2.73636032123379,0.0125783013059425,0.0109827188356999,7596.69660694897,6867.04272819776
4627,0.244,2.96590673237283,0.00623458570218696,0.00357967254883046,13916.5291867336,16098.4892068515
4628,0.177,2.33709807467918,0.0100633207143811,0.0088323057928731,6941.31279583241,6155.32891484706
4629,0.2875,5.58552574531346,0.023226633382967,0.0214189376374505,8871.50194655055,7699.05954150398
4630,0.249,2.60881935533628,0.0804562102227179,0.0709788362626717,1206.42272880976,1113.08328239447
4631,0.3965,4.80343250401127,0.00870686254602488,0.00603877782882483,19119.9058294153,20909.4537869022
4632,0.4,2.73076323181695,0.00529301085763896,0.00443736126753867,16287.7223761431,14951.0077476512
4633,0.173,1.9360469713629,0.0487620502940036,0.0193386743524674,1386.04238190888,2705.03949599192
4634,0.114,4.78596067654097,0.0289097368238503,0.0240180641796665,5691.28512437271,5342.4016862992
4635,0.294,2.56062289097092,0.0257971616438104,0.00961716148243475,3517.23822425879,6972.11313736518
4636,0.094,3.12778720325852,0.0575789112706209,0.0514602401439398,1945.05709704995,1740.19934446928
4637,0.323,4.04318542162455,0.00773738694943595,0.00474924138205492,17140.9271840798,20131.5062692526
4638,0.069,2.16121622362469,0.0689327019937622,0.0524293621188072,1053.08412986808,1100.63988319618
4639,0.28,4.38225502382648,0.00704361344483768,0.00432237485723864,19559.3622056423,22474.8183665016
4640,0.281,3.79826567379246,0.0073315596309812,0.0054286852515295,16354.3319692075,16463.9963776896
4641,0.2105,4.91147359975043,0.00743662774778397,0.00598632402896664,19778.2016071911,18460.1387594093
4642,0.184,4.33738569652931,0.00661242680697939,0.00463705458064731,18137.8447860876,18188.0803093753
4643,0.267,2.09373796813338,0.0453422271726781,0.0413956132411099,1687.81183756218,1467.70881026727
4644,0.3955,3.93162126990074,0.0153812276047021,0.00944375525043782,9205.34464354833,11435.2204806367
4645,0.205,2.40518082345292,0.0140902551971237,0.0118169831539348,5530.93440472725,5109.56277626801
4646,0.1515,5.53505388303082,0.0479035344984068,0.0458543785939132,4212.22545161599,3502.01183466967
4647,0.2435,2.96702816159318,0.00689218930502149,0.00521306356651334,12688.3156944514,12358.4872744432
4648,0.1685,4.54558021848155,0.0079069613194254,0.0048095576043469,16446.4020110273,18092.0893767126
4649,0.2735,3.58314115588171,0.0080601447423704,0.00722497334412964,14262.4722659224,12386.6553401139
4650,0.226,5.15952335297201,0.00882556039241736,0.00653616146917289,18386.8756883543,18383.1765836974
4651,0.3095,2.70422893244307,0.0159654010085251,0.0119117299613167,5941.44085208881,6116.10919868465
4652,0.1,2.64334260166318,0.0636807085660647,0.0576630165853888,1469.71737865598,1287.92037720124
4653,0.289,4.54024875459573,0.0131161094264329,0.00801375094274285,11976.5656587343,14603.2019919252
4654,0.149,4.02404843151608,0.111324671694584,0.0663912908047093,1103.62556716653,1788.02166312125
4655,0.425,3.84763557316021,0.00548804558144193,0.00397866696692315,22655.2091322907,23226.1294776207
4656,0.261,3.03845357596634,0.0100385413898092,0.00891673586576056,9914.52062342501,8715.50119496969
4657,0.1395,2.44676267868673,0.0329686497249643,0.0304113486373157,2599.92741001107,2234.75854404001
4658,0.325,3.54097867683095,0.0336506498478427,0.0308177719087492,3902.78348775452,3419.79566856325
4659,0.1735,3.10024917999917,0.0194167201415095,0.0101763551494122,5372.45475374073,7367.3277269258
4660,0.164,4.0982425080998,0.0279115517570853,0.0112095269741517,4989.11070048715,8947.18195926285
4661,0.2355,1.70641681496626,0.0190885915587762,0.0127812388308299,3093.40912841701,3492.99733162997
4662,0.2005,1.6566629275249,0.0585260828510065,0.0476000629032592,1014.65549329888,994.854621935631
4663,0.4305,5.99567041726917,0.0277351229503237,0.0120880578514972,7909.51902878393,14423.1770462209
4664,0.158,3.78480966337069,0.039768612542938,0.0309916358831407,3421.16189957734,3516.29940956218
4665,0.1695,3.21430256174997,0.0448549208032493,0.0424353176948652,2645.10828869992,2218.35675538134
4666,0.1785,3.37068635991608,0.0087287573196174,0.00697685258237172,11401.4685775686,10722.9084230797
4667,0.174,1.96542215287088,0.040821415090594,0.0298305473130631,1718.45312616574,1849.98211286409
4668,0.2345,3.4789791711241,0.00916722173357768,0.00753303432041714,11788.309193599,10904.3155376428
4669,0.2735,4.38679763940711,0.0194131286593045,0.0173282906055445,8215.76898013797,7298.2201477361
4670,0.2215,5.18347735525344,0.06423828839026,0.0449238044403726,2803.67389431182,3470.53908314522
4671,0.1175,1.95211980081171,0.015167094928513,0.0133279549234655,3881.96464153598,3400.04723019201
4672,0.4625,4.89490585520232,0.0326196629448203,0.00730402360792097,5346.19639108532,18484.4856956634
4673,0.268,4.75600769525636,0.00989014043053581,0.00528084347148551,15737.6169804396,20695.4653516092
4674,0.279,3.98843035858595,0.00493028822029691,0.00342704410686493,23400.8082334578,24100.0236491917
4675,0.4125,4.38265860266374,0.0067111714416141,0.00552345669629504,21901.1881154912,20539.3679686093
4676,0.229,3.20486912138456,0.0846799484774218,0.0747075967335501,1375.95995601499,1272.63127545224
4677,0.1765,7.23090605242102,0.0181691990064032,0.0112352610702772,13485.1867304544,16020.0308813331
4678,0.3155,3.97235561889501,0.0142880150106712,0.00788303453226711,9724.12644446536,13102.2810607999
4679,0.3335,1.95750139349566,0.0150784419248224,0.00540020000580467,4543.05036208808,8699.73516989922
4680,0.3485,2.14815177151381,0.010692712793977,0.00765083846364644,6820.77345105654,7223.19346668245
4681,0.236,2.97777191714648,0.0133156341276668,0.0035580422323855,7521.19113828475,16273.4637462588
4682,0.1425,2.73603358626646,0.150013145602547,0.101461228617142,585.13832718309,788.559145041793
4683,0.139,5.37047786587535,0.0743573785655494,0.0458941947269289,2268.85828430602,3328.40970132318
4684,0.3745,6.49615714868033,0.0247576178341553,0.022870208227137,9793.57485512878,8471.48617653327
4685,0.3245,2.39552186642289,0.00917990564104606,0.00657487151903683,8599.88984422628,9002.14244047083
4686,0.127,5.48810830906248,0.0679106849468064,0.0619598206796468,2938.9368067097,2604.48291023824
4687,0.204,4.26796317603122,0.0554520542438671,0.0352271491651612,2754.35357687758,3607.7432046144
4688,0.1925,4.24708407609817,0.00777029012431435,0.00609508343518205,16154.51603118,15379.0425677654
4689,0.3615,4.49560261570502,0.00938452777492594,0.00754816805105686,16418.8909276445,15742.8205188947
4690,0.273,2.39905558088829,0.00737613124800906,0.00563235224693115,10126.1302752294,9904.66079988404
4691,0.317,4.32815704183327,0.00858411664230722,0.00699721478031587,16726.9204685487,15792.326195083
4692,0.11,5.90945380118788,0.0192705577506007,0.0180161747644543,9559.12689943657,8041.14232692335
4693,0.2345,7.07985143218334,0.034776431604366,0.0313960639856801,7479.81355921872,6633.21563859925
4694,0.2295,5.33698338274532,0.00627686067981376,0.00508475684307659,25140.5236893476,23249.5634375129
4695,0.347,4.10605468523392,0.0083454475279007,0.00690828991213756,16658.0889936967,15514.7242466215
4696,0.293,3.09228238652632,0.00771264449959061,0.0066120299022087,12823.5921016125,11625.3236920341
4697,0.231,1.57098888290993,0.00954656082329593,0.00674742632449769,5177.37041515518,5417.13395215846
4698,0.2525,3.28342213934278,0.0101314695720663,0.00746892848134236,10623.4657088072,10848.0098056081
4699,0.263,4.35736885642228,0.0267474706172857,0.0239191417463011,5935.56533897705,5277.59379787396
4700,0.1835,3.19495070043851,0.0719388758156853,0.0382042961321266,1490.6258109777,2417.27965258473
4701,0.211,3.65104163018566,0.014253870912446,0.0110932957616134,8508.39112516376,8448.10979373269
4702,0.153,3.92860181034264,0.0412069041103464,0.0359389938505582,3403.92152828041,3107.97873990446
4703,0.1955,4.96763123471797,0.00897576234946045,0.00605969103293665,17199.3019835824,18308.9781097057
4704,0.2025,2.39004878974058,0.0137788061235435,0.00786800408990553,5727.74250208149,7332.25741374085
4705,0.161,3.64674481330568,0.0445612458818681,0.041382340272719,2967.82845829636,2547.11486677451
4706,0.191,3.70657359490832,0.00794261361781603,0.00674876282772041,13619.1397630384,12207.0138420567
4707,0.252,2.11611763499389,0.00917555476078041,0.007659802251555,7285.44639456181,6769.10918071788
4708,0.2615,3.02011901371479,0.00535460330707119,0.00398539359827228,16199.2542887777,15869.7422974787
4709,0.4285,4.71750876988464,0.0105145499185808,0.0079143590461214,15940.7357145639,16374.699392888
4710,0.302,3.52537397731752,0.00974267774492468,0.00722675882025635,12121.4689082682,12389.1089164322
4711,0.286,3.84377422987878,0.0128793484826171,0.00483179851375109,10346.011515231,18398.6647287706
4712,0.283,3.86695987433425,0.0145494903766523,0.00919328849277847,9385.15431795517,11221.3253026576
4713,0.2215,3.24439686567037,0.00830564531279417,0.00537624965065009,11862.1679325382,13027.7592832255
4714,0.1335,5.84610294085124,0.0264165820998743,0.0228064165689395,7610.8647774293,6895.29974928208
4715,0.3575,2.41224950303347,0.006986620130426,0.00629285892817157,11054.1238476193,9592.78303355469
4716,0.2335,2.01286786439971,0.0467862411504865,0.0406135425454866,1568.50575894162,1439.2425988749
4717,0.343,3.667156175973,0.0078225949515845,0.00604311989235584,15642.7340004335,15393.8923302088
4718,0.2735,2.59988141121509,0.00615995847653965,0.00397027473381765,12733.0435681675,13736.4517702062
4719,0.1205,2.79237527425977,0.104120682737477,0.0926126687638929,962.518617770742,889.182239577087
4720,0.2405,1.85040487113685,0.00504978900830421,0.00450957843719759,10041.136716702,8670.8165713913
4721,0.439,4.14730200807906,0.0258668477905236,0.0149143637580493,5943.24283526921,8118.52103301372
4722,0.3205,2.05386897874732,0.00777782613781399,0.00387557789507651,8438.93946205183,11364.6010996464
4723,0.2645,4.28360043613613,0.0117648334325677,0.00462324252775904,12349.7516258908,20515.9376435614
4724,0.2485,3.41031965079563,0.0112770018748823,0.00916898345004339,10033.0684535918,9473.39785846831
4725,0.312,2.17011941555544,0.00501564936559192,0.00391093054672547,12631.7171540587,12067.9365762417
4726,0.359,4.29521598405319,0.00515684960805932,0.00393275614130816,26045.0768165528,25481.8941770441
4727,0.2185,3.026440370828,0.0157255253235358,0.00608570600603023,6484.68461490046,11155.9460358822
4728,0.14,6.20730920116131,0.0509718423882647,0.045210435789374,4405.16596875115,3978.70349482514
4729,0.226,3.86185100229056,0.0100574648952433,0.00569194093424321,12271.3109134228,15293.5466854725
4730,0.286,2.60719456826776,0.0104501745641111,0.00500121257684237,8272.31869344319,11822.5044712994
4731,0.1185,3.1564750042248,0.0290190795383604,0.0232802672180077,3734.40256503006,3586.26967306621
4732,0.383,3.21660021295452,0.0292553254843561,0.006152225007078,3898.87785982432,13549.2486688008
4733,0.26,3.14403957764546,0.00513047792814745,0.00437592887847502,17517.5561588263,15597.9013044943
4734,0.3345,2.16921242280789,0.021309368702449,0.00500092701587744,3639.44025908881,10312.1923857564
4735,0.316,3.37015179237483,0.00694528332615562,0.00504264155733787,15505.7017358864,15859.3037936741
4736,0.183,3.90189937976699,0.0233548782480142,0.0214429610181152,5764.08202853783,4935.01058719237
4737,0.3005,2.642512458234,0.00976063591938671,0.0071985124339479,8935.07847271516,9203.77240494382
4738,0.156,4.07839268836139,0.0252104690676442,0.0100701360914197,5473.14426693809,9620.71629042396
4739,0.3615,2.49374363387821,0.00682967619534609,0.00553881741134286,11881.6141049387,11229.120198542
4740,0.2195,3.72814741172801,0.0122046935543636,0.00752094260714979,10093.3320663938,11881.9775148283
4741,0.2165,3.46440050552019,0.0112074028480166,0.00621883803402439,10108.2600912729,12750.3941828766
4742,0.331,5.08811247108696,0.0329274006966567,0.0161031163228218,5615.96271681512,9285.36065486089
4743,0.1985,4.60874678783416,0.0157648099119315,0.00571040960062721,9780.89720474085,17617.6851117398
4744,0.165,2.99283465121171,0.0113575951021953,0.00925472095319911,8110.32205043308,7530.34740311137
4745,0.1975,5.27324929164388,0.0401673235968642,0.018240921595584,4577.23127368735,7975.6381338402
4746,0.4335,6.19944903672297,0.0093384377825527,0.00769355829306605,23597.1223895973,22286.6625723864
4747,0.3115,3.78781445049941,0.00836784289453022,0.00714294969553647,14741.4155781793,13382.9760006886
4748,0.172,2.7119876654666,0.014950574625841,0.0121086626691175,5974.92615631584,5660.06673817185
4749,0.3245,3.09346993058279,0.0105848225401304,0.00351607464894873,10045.5384342111,19144.3329778937
4750,0.3555,3.60406278242847,0.00683648104071207,0.00517943300839462,17164.9700624931,17112.6428284489
4751,0.4355,4.76042720678455,0.0221145032244379,0.00656114627364099,7733.40511160159,19401.9305761038
4752,0.1655,2.7176041569513,0.0637561988626111,0.0537703574156583,1531.85563481572,1472.79223344701
4753,0.15,2.93292651628141,0.0486473595303748,0.0437086255148426,2090.97621325701,1876.14216783488
4754,0.14,2.64494714760333,0.0618632560504351,0.0347185331436694,1468.37908347964,2099.41167512035
4755,0.432,3.66796065819492,0.00512728147065091,0.00401128457419421,23098.249773303,22345.8342147646
4756,0.211,4.34606371335418,0.0445858757551774,0.0431949300812574,3526.06884721206,2907.0991283528
4757,0.401,4.04816054165258,0.00667473616725115,0.00480387191836892,20208.4465015701,21103.0866848477
4758,0.159,1.82085917874876,0.041015578108198,0.0371267289525557,1593.30160742839,1401.57499759703
4759,0.2385,2.95064616135281,0.0122058629737414,0.0107659989572817,8074.75346021937,7141.90212594636
4760,0.2345,4.10796788930427,0.0149517843310788,0.00909728202270216,9542.34389565816,11571.0455452564
4761,0.2375,2.60698994324551,0.0406614757022981,0.0236221598182488,2280.22077018847,3105.28180389263
4762,0.144,1.81607804015342,0.0295751149811549,0.020578431132317,2094.51049954846,2324.91238783339
4763,0.245,3.05306722762702,0.0094213353166815,0.00660258642944864,10382.077680976,10973.6065544295
4764,0.354,3.06680657624089,0.00855321969614799,0.00701682058942057,12061.5347254337,11357.3190997813
4765,0.332,3.59627290368908,0.00769695277992439,0.00575526641026512,15493.8934543064,15638.3880663333
4766,0.125,2.6544909859589,0.0241264953002039,0.0209080258718497,3676.61104173762,3346.53223069256
4767,0.2105,3.71179585611231,0.0291208061202417,0.0261047684731937,4516.5887325955,3975.99178062192
4768,0.171,3.66258937605728,0.0105781208828041,0.00521583733107257,10642.1875741383,13784.3922193394
4769,0.1925,4.2153773302419,0.0168791966161259,0.0127139103174755,8439.35368032883,8518.80777175863
4770,0.283,2.55737937193652,0.0338180273144803,0.00729036157944201,2534.95484185975,8738.91029088336
4771,0.2485,3.06258368364842,0.0178324401387572,0.0042897898016088,5932.57826209934,15091.926252291
4772,0.254,3.73167317379496,0.0163288613670717,0.0136766286995737,8014.19599415835,7495.2337615655
4773,0.327,1.91774734745623,0.0177364088814421,0.00987197275195832,3842.59824041132,5158.48183456299
4774,0.2585,1.67193935876786,0.00800714287958549,0.00739602101651631,6462.89597638452,5504.67693490299
4775,0.1175,2.93221352182909,0.0164595478375093,0.013349765113765,5488.35544325121,5153.4282478816
4776,0.1195,3.01471278716348,0.0758398030527126,0.0684776841206293,1452.37296701881,1298.57755764173
4777,0.278,4.53440598835521,0.00750190837026681,0.00550693730917871,19398.2557231447,19722.2826072003
4778,0.382,2.8892171220311,0.0157430279595591,0.00562609653553871,6568.6596403111,12950.4811589721
4779,0.3245,2.91757509391644,0.012167328407914,0.0067827149886392,8242.90325985669,10971.7201805718
4780,0.2955,2.69631685027736,0.0103060047095073,0.00819371440553388,8832.02342586772,8520.3310284516
4781,0.1345,3.57578806318153,0.111125262279555,0.0854866717293072,1094.72344786755,1217.96675463081
4782,0.2105,1.61160465979327,0.0256232986359189,0.0137635642217981,2147.0535621599,2951.26749911537
4783,0.2385,2.7960012746486,0.0216549948199751,0.0177651352419273,4565.73968253968,4370.07984297468
4784,0.2295,4.04667467300435,0.0101302359542019,0.00847148203401589,12850.4769187317,11804.0328476536
4785,0.325,3.25547529024014,0.00939053901668372,0.00720113200908352,11718.3303600963,11671.7750939833
4786,0.374,3.80694911625231,0.00581792369304019,0.00360817168676472,20910.7423374387,23920.1981097547
4787,0.242,3.75369744301883,0.0058002604618326,0.00492258151531934,18729.4403802954,16829.0169697409
4788,0.2785,2.81614829952896,0.0103856522844486,0.00896004147120415,8867.43123419277,8062.4358104204
4789,0.348,2.41098335384373,0.010891859137887,0.00874470012889787,7490.38737409131,7237.47578715387
4790,0.2695,3.33967599847339,0.0134615111843247,0.00369020839130384,8381.95765589467,18506.6731016103
4791,0.192,6.06967454751309,0.0834335146901818,0.0567105121766838,2513.82875100629,3200.97114818824
4792,0.2135,5.17658355366333,0.0400716072304833,0.0348415133688071,4816.25602132084,4409.53150254585
4793,0.153,4.316073367182,0.00991688223245137,0.00637446014720687,12960.9404152029,14155.2166606726
4794,0.4335,4.1330099118239,0.0193492408988127,0.00974564148359299,7910.57402216091,11993.1394182147
4795,0.297,1.95936491277959,0.00762027865438863,0.00595056916425774,8098.66257541394,7796.6842772873
4796,0.313,2.62558262463344,0.00910389846400412,0.00552911821035463,9576.82181367562,11331.9500049934
4797,0.3505,2.38882483913315,0.00602346184952011,0.00312196685101962,12409.9246190858,15936.7338266091
4798,0.2125,2.74537373393005,0.0267048047417733,0.0169064976997363,3635.53780400117,4376.78072889948
4799,0.1465,3.05971603091399,0.0950566312901823,0.067273670975711,1098.31980459158,1366.23749487052
4800,0.146,2.27524242720724,0.0525735815020409,0.0396666406815158,1540.63359690414,1600.14233458214
4801,0.3,2.42577360135631,0.0112331542354356,0.0061702071527119,7180.27913725565,9401.22803865353
4802,0.1185,3.09423466049573,0.0308171855850319,0.0285358147768221,3444.4229513581,2952.06469131858
4803,0.2665,4.6008504472163,0.00757275809010503,0.00558745893009818,19461.2947493213,19589.0068803569
4804,0.195,2.01196204514316,0.0128351644426088,0.0104804662232315,5002.12043203061,4682.22269067486
4805,0.138,2.90433212238195,0.0257107005222242,0.020598665691966,3812.49817812955,3695.02128654971
4806,0.15,2.3647788457635,0.0840075995251787,0.075772788479822,1003.50227658193,897.629679582984
4807,0.403,2.93832510991758,0.0254918341935831,0.0102769666085471,4197.38603576996,7992.181428695
4808,0.247,1.84961045827922,0.00755598991480213,0.00616873742474308,7341.03278758718,6845.45004475231
4809,0.356,2.97257861360194,0.00926620859695241,0.00699659649260171,10896.6673474001,10996.9908912541
4810,0.3005,6.3625502544733,0.0316154892201786,0.0232995645046072,7525.68164583207,8048.30697474937
4811,0.305,2.97859363314265,0.00438918998615655,0.00383733779018671,19013.3613191802,16740.3735926399
4812,0.319,2.18036098517148,0.0105673765825883,0.00881573888337422,6923.33083101806,6456.2868239338
4813,0.248,3.68258290782947,0.00550825180165432,0.00365603675713141,19255.4014505176,20048.9570247934
4814,0.208,2.85279877974256,0.00890244541251008,0.0078950971287072,9681.67303940694,8493.76653712008
4815,0.4495,5.34038435323217,0.00933213991598296,0.00611041903136975,20215.9205975928,23304.6339186905
4816,0.2945,6.02049944182091,0.0213604165241385,0.0193399551301652,10329.263870709,9046.08285854469
4817,0.2135,4.79112361945378,0.00865319649453204,0.00648424462058974,17154.2844298591,16979.5864736849
4818,0.3355,2.0821978712507,0.00504205311128795,0.00439428442957012,12005.5516524226,10574.429183075
4819,0.277,2.45889320731725,0.0537474034044839,0.0470935684000588,1678.64966937039,1543.44740272381
4820,0.2325,4.21463277405431,0.00838333601875897,0.00577498454446603,15854.4564724135,16703.079773453
4821,0.119,2.49800857355679,0.0697558288745325,0.0540500910435597,1264.78463347203,1324.51780585684
4822,0.3605,2.25023043840373,0.026419970007617,0.0110622466342189,3087.21494816926,5620.84935530159
4823,0.1785,7.03181922754317,0.110865605352619,0.0612032572944304,1695.85939736822,3476.31814361117
4824,0.1465,2.80280465336945,0.0271095853187523,0.00910114032611075,3432.23510108673,6935.90103058188
4825,0.339,5.12147669742895,0.0283892207799166,0.0216031049264632,6726.13620788954,7047.52344439418
4826,0.335,4.07500056889872,0.00958925191554599,0.00526931422832494,14525.1581789068,19054.4322989929
4827,0.381,4.42583078710201,0.0100307644794267,0.00584815147916341,15402.6496642317,19534.9099784968
4828,0.1695,3.0087606779545,0.0328908244341518,0.0119200662227222,3063.59420135656,6177.55756943539
4829,0.434,4.56962670878038,0.0119283348216749,0.009831013499046,13835.7753686167,13125.3826783703
4830,0.1415,2.54400110729904,0.0377445908122925,0.017891313628135,2279.65647120097,3653.31609476964
4831,0.367,5.82580871265696,0.0347903925911787,0.0301825516004135,6277.06170804983,5786.45957060054
4832,0.1155,5.93481195555011,0.0339873311641247,0.0304161345831318,6030.73255309926,5362.14313395471
4833,0.1505,1.94485322165912,0.0465779324781397,0.0408762428951636,1448.37519376373,1311.55996041205
4834,0.1645,5.59765132875955,0.0166290931245674,0.0154529586743038,11372.1740270662,9715.99939909962
4835,0.4185,4.99118925013455,0.014924277521178,0.00435794540920997,12054.8689025988,28298.6073189187
4836,0.152,5.16232706719328,0.0107504014172096,0.00806903597606368,14483.1744798433,14205.490966126
4837,0.2285,3.26367747872899,0.00882303123111224,0.00475900940682228,11488.8004665567,14410.410667565
4838,0.276,2.33099281101475,0.00511088303620136,0.00309750291307717,12901.8697311362,14352.1160854771
4839,0.4115,3.0699938334987,0.0100711863773664,0.00704954035721757,10594.7038708128,11488.0050449446
4840,0.1905,3.01715367999563,0.0616517957822916,0.0543505333170493,1803.94500616302,1656.6426672944
4841,0.128,2.45634000960149,0.121481822487182,0.109695325603823,712.30166329179,648.361946450952
4842,0.1135,3.30521815939806,0.0298825868638138,0.0145635932223784,3694.84027731036,5479.62617690192
4843,0.26,5.6072404443261,0.0293655851887167,0.0219373026501893,6989.73599274682,7409.71921446158
4844,0.3405,5.73107240718864,0.0150677337103993,0.0131464600196433,13736.3497194012,12387.5171391542
4845,0.215,3.78666044486054,0.00634439859673958,0.00486246552241552,17194.4239858065,16451.1160995043
4846,0.217,6.85972755997633,0.0214501339996549,0.00763721151330572,11017.0881742121,21986.5172515582
4847,0.2005,1.51320302749461,0.00605935346399551,0.00408292546390927,6875.81254127791,7107.65509460163
4848,0.2565,5.0432448025242,0.0288358279008185,0.00517459209463612,6018.28765512887,22146.806550509
4849,0.2595,2.57583760407667,0.015181611623447,0.0129454187328627,5860.43147003395,5383.21019640507
4850,0.109,4.80650569027802,0.0232640744007,0.0207161879064832,6796.29727863796,5975.56444002657
4851,0.254,3.22172180112242,0.014967409112756,0.00489353692327387,7306.68758256379,14561.7233576071
4852,0.207,1.76956551273545,0.0083658041431443,0.00736893109862492,6343.70635345957,5551.27366461406
4853,0.289,3.33092730445931,0.0132604065549831,0.00952538706703773,8737.38431779006,9252.51612164094
4854,0.316,2.63959327481719,0.0116796688356193,0.00975606746561428,7725.32495192471,7230.88000188486
4855,0.248,2.63079143508894,0.0110074158324675,0.00841713690899032,7675.67285694252,7633.69832637287
4856,0.193,4.50707591332329,0.0126318494973216,0.00784739472212783,11604.0675183118,13424.3923312895
4857,0.1215,3.12878724366442,0.0565325020309399,0.0333091153877813,1897.87513391263,2545.01789357045
4858,0.2325,3.33600179306972,0.0107838834785898,0.00819650024430268,10143.8798925322,10090.9071910656
4859,0.304,2.08102826008494,0.0311444674387446,0.00807341560917052,2354.35954022448,6643.03572669003
4860,0.2425,4.5398866810974,0.0688695839808769,0.049590767295126,2299.89571670532,2750.36970503479
4861,0.1875,3.76713506460585,0.0666985091805727,0.0624424107004236,2027.41825584089,1734.59579919467
4862,0.216,3.47433362704656,0.0114384878096434,0.00580472573884957,9808.84731904884,13314.9806673121
4863,0.176,3.84625138378208,0.0151744550995501,0.0108252021190468,8356.63683559951,8735.2082696501
4864,0.124,2.53168912224262,0.0240583505327273,0.0157844684167454,3518.10364379565,3993.75308281116
4865,0.2105,3.4199284835497,0.00500592756095473,0.00388076902395588,18053.8720495811,16850.4107812378
4866,0.4095,6.34416497565514,0.0458246166856892,0.0168307348789935,4831.18225356483,11121.8569999147
4867,0.158,3.22861397211494,0.0197915414768903,0.0169019675762482,5385.96772579722,4911.82663697839
4868,0.295,2.94878417860802,0.0203383518891869,0.0100254560154064,5213.90240534845,7872.13944292813
4869,0.2375,3.19519087086498,0.0622709897888821,0.0527082060473996,1907.45305664353,1811.68779359806
4870,0.313,2.88430782088467,0.00729148015578101,0.00312201333635553,12677.0202919772,18924.518756867
4871,0.3165,3.38322143514851,0.00951541175602255,0.00438387902411864,11978.0122233764,17748.0395405361
4872,0.2055,3.78004448521548,0.0118257551619733,0.0100069086319707,10367.8220084641,9372.47485973386
4873,0.1665,4.44479997247369,0.0098109206714221,0.00644361139053748,13728.7205454686,14831.8911659607
4874,0.3265,3.20938296910736,0.00549701193777689,0.00395192063743794,17843.7493262519,18062.7382997517
4875,0.1815,1.7728720423963,0.0324300294111463,0.0174207256208282,1892.3928669545,2626.23931902109
4876,0.153,2.61112586274082,0.0465103879015762,0.0409768685039112,2052.56777456278,1852.17630425195
4877,0.3615,3.49573160298007,0.00911980548273498,0.00830755903899909,13084.8837446505,11341.2395888876
4878,0.3295,2.20139659751174,0.0108087137408718,0.00730373448180064,6876.97818840202,7612.45679855393
4879,0.198,3.79004325365358,0.0254684617524871,0.0192136172910931,5202.79229594167,5386.66856540085
4880,0.311,3.9863732995495,0.00584987142158107,0.00454412255625314,21069.7157313961,20278.7562681075
4881,0.2145,3.39906747526484,0.0247048228558816,0.0221650066252187,4878.81428699586,4311.81477032651
4882,0.416,6.14081856075162,0.0667606985952382,0.0487257389800414,3428.29878598202,3912.21793586546
4883,0.3775,3.4283268866191,0.00847235394337266,0.00539396203791501,13826.8643164883,16035.8283152501
4884,0.3225,2.15444205302635,0.00706424123046099,0.00586424019296434,9657.23734576556,8941.34658528119
4885,0.128,1.52827370017282,0.0200120169557727,0.0163638883815193,2447.15264797508,2290.21075828457
4886,0.241,3.14095591754453,0.00847863088313477,0.00664868476024793,11609.5379849535,11155.3860484187
4887,0.178,2.37989637426361,0.0254774847052155,0.0220057794631777,3209.38890616507,2927.37629207263
4888,0.247,3.90222051226454,0.00838946751174239,0.00698340132280534,14600.0620979394,13491.1724466844
4889,0.2985,3.28048566580451,0.0227594243432559,0.00596554131453906,5008.65205304504,13417.3789196247
4890,0.1355,3.33253180321948,0.0304579137771033,0.0229864020698883,3794.50829176662,3908.9418956139
4891,0.165,2.86250915184324,0.0130534012717913,0.00831107144254139,6970.15182543639,7901.66479540298
4892,0.2665,2.38882708758434,0.00646359427884498,0.00524710632700965,11122.5972803434,10375.8705756774
4893,0.122,7.10582928725454,0.0303192416638246,0.0237499883142075,8083.19596612212,8112.41457252191
4894,0.362,4.90639199446326,0.0115877586193659,0.00901401757244526,14881.9006726698,14756.6733432774
4895,0.2505,2.53359944749015,0.0762910034661848,0.0379981372562008,1135.28442255953,1929.30551923731
4896,0.3665,3.47390625162674,0.00996187544156678,0.00810806552352556,12028.4759245676,11518.3488513562
4897,0.149,2.29559730848014,0.0635499860411048,0.0497704790911933,1277.71929525004,1289.86710672549
4898,0.392,4.94170593315615,0.0112713322193203,0.00731473876105944,15537.7828682783,18055.2707142662
4899,0.3455,3.55090271763802,0.00709441208049349,0.00544936781199103,16231.7514751766,15963.999890475
4900,0.356,3.37414169525987,0.00701438841387085,0.004868752587485,15772.1571013523,16862.0805521672
4901,0.3455,3.11687510969782,0.0068354132967942,0.0052662389371609,14774.2278704286,14551.7835971825
4902,0.13,3.30700760473128,0.0917286996990814,0.0825096733074545,1303.57932985965,1173.95364975684
4903,0.2395,3.93756044876042,0.0121145942839341,0.00388928975932224,10683.254420345,20681.5301682654
4904,0.272,1.92240701906875,0.0343277334366066,0.0161991739382453,1998.01934678132,3293.16603741448
4905,0.235,3.76463250643864,0.0160210953328134,0.00426409287915562,7949.74186975864,18244.7330902028
4906,0.1675,4.45092222503965,0.0106714374173986,0.00735042476271881,12825.6705019741,13494.1914994462
4907,0.27,3.59981810308373,0.00785252806545061,0.00660340532807478,14533.9559480931,13256.578240013
4908,0.1895,2.31697622951315,0.0603896194539674,0.0556214963439141,1392.24980055593,1213.75499531304
4909,0.1955,4.72768113337819,0.00896033584777185,0.00712763013386554,16053.8412279046,15173.7388540513
4910,0.2205,2.19998334746753,0.0395836283350007,0.0338737016858044,2011.33428181542,1873.79947391495
4911,0.063,2.29938442145709,0.0675830113042269,0.0222669497712892,1027.65085182593,2243.59714238791
4912,0.3265,3.98838019894463,0.0302741507344279,0.00801587232556876,4609.81603689771,13095.6961012956
4913,0.199,4.75692080392515,0.0108672298508279,0.00760767099311122,13819.3513200852,14563.2474594196
4914,0.2495,4.33790330237109,0.0158655985603877,0.00642109376778612,9461.19088331442,16110.1296405221
4915,0.251,2.53679945268572,0.0387303520573991,0.0241265929012972,2422.17677764901,3132.80763923633
4916,0.3265,3.61649203059993,0.00872521010393269,0.00741143868780982,13955.3764721481,12815.5264506573
4917,0.2235,5.28176508663324,0.00742258340467822,0.00587200150664761,21578.1077506203,20417.8155440049
4918,0.291,2.58681790782651,0.0111168521787481,0.00818615352062398,7844.23804283367,8111.80583141909
4919,0.4105,2.63848713791182,0.0102185401944387,0.0068783194976563,8976.09102187886,10133.5416381341
4920,0.1795,5.21144030819548,0.0547080610855578,0.0417247663769265,3438.9238563327,3645.93285980519
4921,0.1315,3.76483753757134,0.017254795327746,0.0110448773809319,6927.40386199651,7831.5104299672
4922,0.3095,3.39957744675297,0.00711038947230767,0.00433366056840755,15389.6756376116,17841.7143455078
4923,0.4385,4.61598358808029,0.00665703301180649,0.00541503651506684,23278.834391521,22032.8806485978
4924,0.3225,2.07038436821443,0.0147681611998403,0.0131815652319435,4849.69779999733,4298.30926178159
4925,0.2745,2.15536854373591,0.00466539426452731,0.00399142667394661,12720.810022789,11266.1816161356
4926,0.211,5.68281460951065,0.0131633697589257,0.0108234562124598,14417.138485866,13564.3763382948
4927,0.3795,2.42245352883208,0.00870331685453945,0.00624136166570401,9421.3015941545,9928.82968013766
4928,0.3105,2.61126486275978,0.0243645656420787,0.0098122165788418,3870.72046159799,7130.01403704968
4929,0.2605,2.25287339151555,0.0116847608165533,0.010334014234419,6424.35634827006,5678.08298747323
4930,0.315,3.69799715992101,0.0060853102361941,0.00458478391621418,18985.4827048871,18881.0572797719
4931,0.2945,2.49540177893411,0.00771004231575662,0.00461608501599638,10280.475812311,12181.6130704109
4932,0.379,3.55022963755526,0.0184759896916609,0.00748368307525589,6946.25694614342,12705.4879579725
4933,0.368,4.14405183819514,0.0077694022883462,0.00467451040911617,17861.4887216489,21544.5932699972
4934,0.2275,1.71967133315012,0.011808296939429,0.00656143603807868,4654.66506931371,5872.87400221928
4935,0.3045,3.00050224661027,0.0208391027384901,0.00771891920476148,5112.99383661912,9972.62496424564
4936,0.2005,2.42492620584756,0.044231714092604,0.041996586282069,2096.57281251304,1769.63735350621
4937,0.1895,1.68389698414648,0.0195210061116739,0.0139257647240252,2933.09612901222,3110.71315236376
4938,0.271,3.97929586300651,0.0079222763962188,0.00609860914500234,15873.6107738271,15558.3279579243
4939,0.1965,1.60647315474235,0.0283119633810677,0.0231473233829828,1952.21603419083,1870.42085404228
4940,0.255,3.93469465434467,0.00748398286722007,0.00364473542204074,16525.6170600029,22018.611823012
4941,0.3115,2.91308930780832,0.00971255751765797,0.00707430611008606,10042.8225334735,10456.6610824341
4942,0.1685,4.20226041767023,0.0122022151838142,0.0108771411187834,10641.231949753,9329.91786316896
4943,0.2935,6.15742831717037,0.0516831349993521,0.0479098001429668,4486.73816433742,3910.01103844271
4944,0.288,4.34601693707933,0.0118863636215793,0.0104534889218111,12510.4222026737,11190.7706391871
4945,0.122,5.55143167780916,0.0235321200849261,0.0219616550894332,7948.30268066505,6742.25636389247
4946,0.3085,2.63926974529163,0.0045648322158389,0.00341414876048436,16183.1361446056,15721.298762258
4947,0.204,4.60135307398279,0.00988667213177275,0.00697577596785089,14547.4526675349,15048.3192399378
4948,0.1955,3.98697334522684,0.017004969930203,0.0123197825572192,7904.46370534313,8288.47446551822
4949,0.1405,3.84153599270388,0.0688744593454185,0.0466553817695223,1976.49359864208,2414.25789955634
4950,0.318,5.26679818117384,0.00765199431663706,0.00629113291708073,22630.2641199636,21123.6960720426
4951,0.091,2.19133699194446,0.0658768373990172,0.0557582291176581,1171.42493299905,1100.99365622483
4952,0.375,4.52061673498803,0.00968112311347231,0.00626171848700392,16151.9536390561,18723.0643548496
4953,0.307,2.93019775588692,0.0120419475022978,0.010368110104603,8442.07055553645,7682.74834884676
4954,0.389,3.07674685127459,0.00758138659346238,0.00540001919079016,13430.8150208117,14151.8618427956
4955,0.315,2.09561786210735,0.015929909862532,0.0141037513217554,4564.40006454593,4077.3524449705
4956,0.2455,3.82875509226314,0.0130594102137482,0.00513566636119765,9896.88833623834,16523.6725857181
4957,0.1685,3.32554986600574,0.0367832068872375,0.0292764766517566,3215.04666451081,3200.77288858265
4958,0.2945,4.00810629313544,0.00983815495504394,0.00343068395991238,13608.1351633882,24575.4733653158
4959,0.3515,2.77668141099647,0.0484912185165331,0.0437309117008538,2119.00047374533,1882.21117682419
4960,0.197,1.80615988112904,0.016540160658894,0.0120330563213261,3619.31390453497,3776.92138511932
4961,0.14,2.31471225036163,0.0152083846544763,0.012841014509131,4843.19699172627,4410.57601876501
4962,0.195,2.21205311119762,0.0859582729578114,0.0698013767508368,926.952829430533,925.343195916748
4963,0.3285,3.84548399656409,0.0125475026126365,0.00464232228450357,10749.4162486839,19675.1299230763
4964,0.3055,4.43243517293664,0.0104692919635771,0.00750497298023075,14374.5495963227,15168.0220184109
4965,0.3525,4.06668726287455,0.00966160948892172,0.00515578563346362,14474.2519965595,19389.5842530773
4966,0.289,5.32082962838661,0.033834704273213,0.019648393195786,5762.11967956723,7809.46570498271
4967,0.36,2.50332535361536,0.00576364227879162,0.00458611519187497,13596.3726721003,12927.4266116634
4968,0.2085,3.59904908047872,0.0389882670302822,0.0325471013250693,3339.1324022524,3171.72088239712
4969,0.311,2.80835659807774,0.0274282706461684,0.0201985377162196,3738.65001236293,3962.38728276974
4970,0.282,4.25333994467201,0.00586409632334388,0.00477932589546191,21727.5360907642,20083.8623185199
4971,0.16,2.7607164010776,0.0155610182912613,0.0122675587864886,5741.56820582046,5548.4850547177
4972,0.17,3.92912326195867,0.00720317455067587,0.00610054210682417,15267.3235995932,13575.8817360749
4973,0.2765,4.84818359124686,0.0163427303076557,0.0143419389685324,10623.1811408247,9547.42192677439
4974,0.2635,3.98688013307887,0.0141001508776136,0.00524891474803885,9636.19827788576,17158.0063361152
4975,0.128,4.53531212730567,0.0775076843335199,0.064853294278573,2075.1082542637,2048.08996479596
4976,0.247,2.97408469674874,0.0144945304358788,0.00483876865312449,6986.41719266437,13467.1529322334
4977,0.2635,3.91054397357266,0.00656663483039484,0.00493403766163573,18175.1912710506,17817.7652126163
4978,0.245,2.54813654771911,0.0155815577524093,0.0122222556702541,5592.6718580148,5512.16548978488
4979,0.368,4.51705140622439,0.0132105346968139,0.01188844903065,12135.5488472917,10665.2810600314
4980,0.207,3.82548964201611,0.0109687106101654,0.00568178721183938,11272.6246011719,14819.7060644346
4981,0.23,2.55533698705236,0.0167671280391653,0.00523675342553816,5177.48103203425,10564.004217762
4982,0.311,4.15981796688865,0.00737434164277052,0.00374886157841848,18396.880552015,24513.8465880351
4983,0.27,3.91575244026142,0.00724756141117438,0.00511158298567489,16952.5674395583,17709.3167459974
4984,0.358,3.92761279345763,0.017401242744598,0.00795133295380048,8144.47169194434,13160.3788257619
4985,0.2465,2.70805747620818,0.0144840689012577,0.00689965117726991,6396.83599384905,9322.26041216039
4986,0.401,3.42701013646865,0.0123701735189437,0.00889398082498775,9950.7051417266,10634.73131852
4987,0.187,3.27461608272842,0.015295886212063,0.0119172963897134,7165.25299043686,7054.30987226873
4988,0.173,3.48536264709871,0.0181210763214625,0.00933514405575767,6387.56584247022,8799.79346719301
4989,0.1835,3.94784133193898,0.0182400357205157,0.00975471541685781,7336.51965566491,9957.63517330763
4990,0.1155,3.20022230571053,0.0161968743154737,0.00882612133617751,6032.64790643386,7440.4291004263
4991,0.255,5.14843288970723,0.0276846109114232,0.0081672654476137,6543.66603305013,16058.9220877751
4992,0.2155,4.73363461726215,0.00870466641806983,0.00685310548387476,16919.9084723241,16341.3933349318
4993,0.383,6.13157211206418,0.0412402920402314,0.0376056756155764,5611.73440012609,4903.97846386079
4994,0.3665,3.44523484324131,0.0568861918430215,0.0464720366471401,2271.90650419938,2269.66354755621
4995,0.21,4.52604648845398,0.0268446893390114,0.0222059205050337,6153.46074936283,5921.97088817465
4996,0.248,2.81740231650801,0.0167601564467232,0.00804008496802215,5736.24865777384,8604.92992890814
4997,0.1775,3.81750168070575,0.0216077398670684,0.00885765690897326,5863.61573551215,10016.4198745102
4998,0.1915,2.95187840037755,0.033768029680049,0.0295475356021883,3085.19559886546,2813.79379732298
4999,0.133,3.78086705545129,0.0736950645527447,0.0563432475330857,1792.82803956435,1920.82563432255
5000,0.4165,3.73424361662319,0.0143082474986486,0.00608370734548667,9347.73429780398,15990.5322697297
5001,0.223,3.04955652931776,0.0424212534856471,0.0272406854512342,2571.05937817467,3200.03213810716
5002,0.173,2.53833372009225,0.0178148971378109,0.014212923316603,4688.11853667368,4510.8244027527
5003,0.3035,2.54807755920928,0.00773863982034664,0.00514576608988359,10565.4198265349,11479.4470749528
5004,0.2425,4.41130970734036,0.100950673790595,0.080262179543806,1529.52562922003,1650.25618258825
5005,0.1515,3.45557082239703,0.0298212786308637,0.0165264462108609,3990.97042714511,5457.35344288941
5006,0.1795,5.08147551667365,0.0122123147692004,0.00997262719251584,13304.8417812515,12418.5428497403
5007,0.361,3.14026639408234,0.00538029914291957,0.00360605205425873,18288.266062535,19747.2546125989
5008,0.1935,1.49641392998204,0.011167425568503,0.00915912504716434,4162.27239962061,3919.2765445801
5009,0.1395,2.53403257098891,0.0399363193573135,0.0189152349377937,2176.20633146292,3524.79641621739
5010,0.2485,2.56719258455803,0.00738521082317984,0.00606083532378876,10648.6233644546,9883.19574615438
5011,0.261,3.49797466724547,0.00447001304877069,0.0036320523065091,21299.4741890502,19529.0387670445
5012,0.279,2.44468286032948,0.00759490395120905,0.0057852064274179,10194.9764232523,9999.30351838005
5013,0.4135,3.39461346165331,0.01445726414503,0.00463440120945387,8403.00774703449,18186.8253292225
5014,0.149,2.09444366958815,0.0393960464882581,0.0352692629786205,1809.24742784921,1600.89410917989
5015,0.105,3.08749338808132,0.0303044433244894,0.027202614174782,3418.6507299349,2993.5473763551
5016,0.1475,3.01118537002706,0.0748118494684498,0.0688316433694481,1434.42260031382,1264.25711867615
5017,0.372,3.0676346864983,0.00401755542314403,0.00312051595929506,22055.7128968612,20980.7559283022
5018,0.2575,3.48490830586772,0.00779836779540181,0.00323504327534313,14166.2934450333,20939.7965980096
5019,0.419,4.44839507938765,0.00903582643685154,0.00503975061287921,17251.3431567526,22457.3153928396
5020,0.1185,4.68112066711654,0.0444525927603482,0.0285947669578828,3749.05593395687,4663.76972478224
5021,0.241,3.78251060092648,0.0225084764676049,0.0170354765251949,6043.47050279936,6233.79943329275
5022,0.317,3.14992861469436,0.0064381542477001,0.00427549596882321,15431.8995968372,16706.8127546839
5023,0.2015,2.30729816187989,0.0253472894390334,0.0204768679068012,3275.84186468621,3172.90446408736
5024,0.32,3.85518467189962,0.00630659618969246,0.00498031727284523,19012.0700676173,18118.8800893744
5025,0.4205,3.56551347667822,0.0115475691756519,0.00582350649489563,10995.2414731727,15897.8796598867
5026,0.1245,3.54179633874337,0.0625672998911034,0.0560249082305116,1997.82808311471,1804.89300396424
5027,0.238,3.68832533624155,0.012748699130172,0.00851808199432548,9849.54847472945,10999.9132274869
5028,0.1935,5.58811855893395,0.0114009589760311,0.00626046225685378,15709.9447341715,19941.8878102079
5029,0.1855,3.72886533009553,0.0102857714466684,0.0055365388501165,11153.7115431101,14084.2206860012
5030,0.218,3.35601049199969,0.0164296744560676,0.00619292623816437,6975.51495513459,12462.9445413778
5031,0.31,1.97694263267172,0.00666335182348267,0.00494137584409132,9246.38714337844,9286.66809833517
5032,0.232,3.30892218647709,0.00722099829568402,0.00603205924591401,13681.1539691574,12427.4718974245
5033,0.2595,2.22781710396729,0.0145764591116943,0.0128484129061262,5196.01010205855,4630.83155865267
5034,0.2665,3.49266283500925,0.00882271664533312,0.00560841115050677,12886.142102701,14537.8238496532
5035,0.405,3.53952615081224,0.0204954934635147,0.018064766105764,6386.02995298712,5753.69281373977
5036,0.2635,3.74749961516861,0.0103702008397592,0.0037245430268628,11979.7452210031,20978.3056305091
5037,0.2335,4.82914905268075,0.00933314999346301,0.0066557966679068,16658.4050078198,17365.9823969589
5038,0.216,3.61449733996935,0.0153919857004305,0.0125458509520277,7907.75899848196,7510.27738153549
5039,0.2625,3.3937634962748,0.014663720378577,0.010526939290201,7932.80717986347,8422.32912020507
5040,0.155,6.04570808032862,0.0645445678720155,0.053335799721826,3416.67055617076,3381.88920689031
5041,0.173,4.60505449318865,0.0100280940848125,0.00592443081106184,14143.7335484603,16529.9048488874
5042,0.1685,1.93645463521372,0.0289433593310492,0.0251279404403894,2400.78217504206,2169.12717969434
5043,0.3665,3.33342353629308,0.00528670990245955,0.00362167335939666,19680.3136949346,20923.1921358439
5044,0.2355,1.80420714194692,0.0197371029752933,0.0161996206480102,3176.06267672008,3008.44034430293
5045,0.2075,5.75377709933034,0.0287476460316939,0.0254524975255266,7206.65014617318,6502.80395819736
5046,0.425,4.6589959107056,0.0143008886096707,0.004640410778274,11588.9352601051,25186.3118231344
5047,0.104,3.10553704813839,0.102141553212487,0.0912810275039386,1080.78120582036,999.839666107257
5048,0.343,2.65470885983527,0.00503384229070048,0.0040168320480351,15798.1227426532,14928.7079202101
5049,0.413,3.31125500569426,0.0101092798691179,0.00912338577127059,11518.7029277964,10059.6954740206
5050,0.2975,1.92462322751875,0.0178207067035538,0.0102966675282067,3745.66817472618,4884.39706097434
5051,0.0995,2.30500811645098,0.0949708802666303,0.0872268399876038,831.044811768628,722.609199765347
5052,0.21,4.09401285962933,0.0340029893205677,0.0142095294893593,4163.49679277923,7682.25092285487
5053,0.2925,2.07671506187597,0.0109580418446801,0.00947218170615592,6207.91495571532,5586.81803480727
5054,0.4405,5.49321734679887,0.0208591232189357,0.010838848874192,9724.03405483997,14548.0499489678
5055,0.2,3.31374200667812,0.0933228873756051,0.0757879965052232,1270.54790472045,1288.37492492178
5056,0.212,4.20901242668036,0.018060578163036,0.0135303857293495,8042.6819884402,8276.69510780731
5057,0.374,2.72623574935483,0.0137699570736713,0.0124922904619631,6984.19157374586,6078.23315412118
5058,0.3025,2.7539105818078,0.030866869739782,0.00846787077279879,3154.26623691316,8478.68698361766
5059,0.1825,3.57097590291185,0.00504460271051388,0.00399722469449677,17974.7436828531,16437.9248498394
5060,0.289,3.05753261109668,0.00914622423420583,0.00782291574006992,10957.7684461985,9928.79392900017
5061,0.2035,4.03664030143812,0.024315989298333,0.0102345818833906,5762.70713874783,9867.37721183052
5062,0.23,3.18817067271778,0.00809153143294174,0.00654114739308268,12155.3496124881,11368.5429854839
5063,0.254,3.89648598783298,0.0723030919720527,0.0401820694762997,1843.93899177689,2842.59037295385
5064,0.3635,3.01681322845788,0.00398627920361346,0.00345022931930684,21584.8287364233,19042.449279608
5065,0.3255,3.01840394484642,0.00720963231430057,0.0053938944300421,13454.1055667832,13459.7446060625
5066,0.4685,8.67326732368874,0.0107204127630126,0.00810034133122126,29258.5025577462,30112.6659015553
5067,0.2965,4.34445790768586,0.0089471740626536,0.00565420051320478,16258.5204504869,18696.0378744532
5068,0.257,1.87909469505024,0.0174035054857194,0.00701649038769502,3674.58985660145,6377.29313923886
5069,0.402,3.55225957141203,0.0157932753052635,0.010295092132253,8185.17957579131,9676.27240859137
5070,0.246,1.83594852780743,0.067523511687018,0.0632157129970449,981.028170530217,838.854626335194
5071,0.275,1.79493743748962,0.00936696293237266,0.00848595763216653,6174.31248577941,5341.84167606489
5072,0.422,3.88932230246534,0.00987792895562867,0.00831189456727143,13896.2838504363,12853.6751115817
5073,0.144,3.27205662740039,0.039384470798166,0.0335242794192162,2924.49651337336,2706.06947202638
5074,0.163,3.44942442221869,0.0128978312797138,0.00966223528249621,8291.59313470404,8309.62431245667
5075,0.323,4.47621020031886,0.0474463412495675,0.0365897683985606,3495.36277673084,3641.08966459091
5076,0.1795,5.43960374249688,0.00662973284667793,0.00467202079266481,22936.7555499591,23058.8922031543
5077,0.2095,3.585723020611,0.009164677545734,0.00698813843363772,12205.7909594342,11941.2612440146
5078,0.438,3.9121746770933,0.00832419341693736,0.00671855582035403,16274.1710063874,15531.0375520455
5079,0.35,2.58791062690696,0.0178729288223978,0.013500922482345,5191.34454524299,5385.01633648641
5080,0.166,3.86623609066756,0.0164952423893541,0.0119599646529471,7813.12374928057,8122.90944786465
5081,0.345,2.51302169687638,0.00831913208796548,0.00561125254425411,10115.95414904,11094.8375106981
5082,0.2445,2.68571321168703,0.00859760266756068,0.00633712748952316,9945.18613374008,10022.4505683794
5083,0.158,5.83227480228757,0.118359623142433,0.0886036842764994,1549.44866903279,1983.79133550775
5084,0.0935,2.37404761072542,0.0607783911007451,0.0495289702706094,1387.73217800857,1347.66917438738
5085,0.1925,2.6759551928366,0.0133339925172135,0.0111986252327088,6437.89847540954,5942.09067488614
5086,0.211,4.39139251508743,0.0354063212569935,0.0342043170842914,4470.08145734517,3684.00865281925
5087,0.4,2.6434812155873,0.0122739005620844,0.0038367924472705,7537.35004363222,15985.92330711
5088,0.36,2.36737383938494,0.0102433610184967,0.00301302153332811,7869.15524534482,16408.7846698737
5089,0.36,2.29951411697092,0.006397768677518,0.0034023807826842,11504.5537893869,14861.640248451
5090,0.285,3.01801469495613,0.00535030463441225,0.00432698500618828,16664.0905214867,15445.2607690929
5091,0.1455,6.55409201877747,0.0178002396503369,0.0128082925297558,12214.8774161887,12747.2182897366
5092,0.2765,1.70049336000898,0.00598006724732807,0.00503188567742131,8342.51856060606,7539.57170967986
5093,0.169,4.62687910560768,0.00943849799855978,0.00772456641384417,14687.3814598067,13546.2864264297
5094,0.3485,4.29676836885032,0.00835616899349402,0.00453125699351941,17320.312300699,22613.6712074276
5095,0.1775,4.9472234178824,0.0269383125369686,0.0215210080227996,6508.71836257255,6432.79662472221
5096,0.192,4.53430596040103,0.015603899357842,0.0111923424370154,9722.90759727029,10244.4065776829
5097,0.3255,4.28835920615078,0.0115154182513129,0.00655718572873265,12949.7076536903,16700.452752585
5098,0.3165,4.17265087199417,0.00889024624369746,0.0051098746576206,15698.5461745018,19574.6877087893
5099,0.2545,2.09417397023008,0.0138742830601261,0.00888862137875272,5123.92263523806,5905.04521628105
5100,0.1985,4.16131293727255,0.00722804213776702,0.00604805034815099,16653.8550057537,15137.1455274468
5101,0.1365,3.12730321125529,0.015097250519668,0.0110299246177594,6506.47572288065,6526.11576947435
5102,0.1845,4.89849821749741,0.0173350289725791,0.00722408218906987,9515.54450042697,15395.9599359478
5103,0.3645,5.43841596512596,0.00756419865571057,0.00584827728796337,24109.5496252514,23908.1438802224
5104,0.3685,3.36651441151409,0.00515739102920052,0.00413005520856715,20250.0005302036,19171.5972015615
5105,0.4345,3.20767885543831,0.0105245417295806,0.00566846248135697,10854.0240840479,14839.3554959636
5106,0.2345,1.79644929194849,0.0258407236576424,0.0210776653169802,2458.16229200146,2352.06797402688
5107,0.2185,3.55312989246782,0.00895646589624484,0.00787146193684448,12370.6234012902,10889.6962694164
5108,0.219,2.20899711135288,0.0126644672966375,0.0105941861936223,5670.59968372861,5223.52047218645
5109,0.375,3.86230199687812,0.00855750860829782,0.00609229740393845,15441.2313686322,16293.1123931057
5110,0.347,2.52709565900577,0.0136652921190517,0.010837344455906,6431.92479395089,6335.90595999321
5111,0.128,3.02921666785211,0.0351039469143378,0.0279292234042848,2967.72801123578,2935.58745763546
5112,0.2865,2.41215272635833,0.017561999583794,0.0143170810615942,4833.6346512249,4610.52763768186
5113,0.1375,4.93208646954554,0.0130122870796469,0.0110222455284011,11362.9519872814,10327.7003842149
5114,0.1755,2.210647234561,0.0558024530498253,0.0287976356056026,1396.64496599908,2139.5341132417
5115,0.3335,5.27052530389946,0.0109668387232436,0.0057235655272873,16753.6789470682,23171.8462196664
5116,0.3285,3.41694266723046,0.007128053374947,0.00518706930768313,15486.7791023531,15914.0587334102
5117,0.1785,5.84870332589771,0.0193609738583654,0.0178341233522511,10307.8299560959,8870.36728713747
5118,0.1935,6.35345481951879,0.0462343213469636,0.028377688205267,4892.92893928065,6558.87404850577
5119,0.2195,1.79135084644739,0.0151667329553948,0.0130351838685763,3943.64437433095,3590.87299923396
5120,0.116,3.09145463165829,0.027583221367638,0.0253922643150594,3788.5004127047,3248.76484250575
5121,0.3265,5.50820835578052,0.0194302459056783,0.0181428613665892,10353.9662857148,8821.23425795298
5122,0.3325,2.12408922700949,0.00727801105101268,0.00538658324478557,9412.43754478624,9539.65210352318
5123,0.285,3.68040330505796,0.00975748919192401,0.00539266110330114,12711.8773534158,16270.1222640693
5124,0.102,3.62664288616533,0.0329705672379589,0.0207016707951815,3667.17271670327,4388.31402478096
5125,0.222,2.82067459674703,0.0190487388995565,0.0165208653115403,5129.23655855758,4660.03050352141
5126,0.242,4.88744246350662,0.0696599773385131,0.0422296230610035,2309.053216623,3456.09038121471
5127,0.139,3.42847238729055,0.127706911666198,0.11311598991886,974.908665752471,906.156924547595
5128,0.182,6.98205579988956,0.0199676803206258,0.0178074250480882,12398.3442771188,10954.046207777
5129,0.1845,3.50079312317261,0.0214933323568583,0.0158842143445366,5553.2283568719,5773.62585678948
5130,0.1765,2.61263419743999,0.0172434258226363,0.0150264743037679,5109.24232258787,4574.49189749667
5131,0.2595,4.48707841832116,0.0128922615473049,0.00568741581691467,11901.302292302,18544.5813213355
5132,0.109,3.30623202759802,0.107511617470896,0.0955484160140686,1067.62971607297,1000.37406504723
5133,0.2975,5.36961600110313,0.00712393692734199,0.00588186069924562,24019.2844196873,22280.2741735586
5134,0.1985,3.29654336075684,0.0157466584152411,0.0133032442036232,7080.97943595485,6527.67225920653
5135,0.1895,3.28555276166817,0.0318198963752338,0.0282485388069169,3756.42445547284,3366.07378954608
5136,0.301,2.52293438427382,0.0151888956544285,0.0115478977832683,5857.04392727448,5945.16020242964
5137,0.1955,2.72399757819906,0.0783118083687303,0.0740364039531696,1285.36512720837,1092.77768886415
5138,0.3095,2.68974439214419,0.00571016390576446,0.00373671711198012,14255.3835456207,15448.0941782622
5139,0.381,2.65782420714596,0.00575651326826358,0.00340297284842522,14602.5687310192,17350.5969066557
5140,0.3735,3.34595167571621,0.00852349105777386,0.00698974285513963,13345.4429031538,12564.8415821836
5141,0.4545,4.63460566219384,0.0109333699270018,0.00457244026561355,15148.8727775494,25815.4454410504
5142,0.3135,3.40451028264237,0.00787085266652577,0.00417347430319555,14050.0515151725,18243.5570508656
5143,0.202,4.13906148349725,0.053318690812868,0.0418496541524419,2772.11055960138,2867.20941938983
5144,0.2065,2.25899535609977,0.0224944741275771,0.0100713489827429,3468.91754988064,5604.11139880478
5145,0.2295,2.31556116519208,0.0216758788862178,0.0177684937453245,3747.89737567929,3562.13846987467
5146,0.1315,3.23980124083306,0.0189482842478179,0.013121741878587,5582.7220587262,5988.92755981077
5147,0.254,3.3795657934744,0.00910113842652544,0.00810441229750254,11831.2249174703,10399.5311850377
5148,0.401,3.40568189544632,0.0110831328325964,0.00554124903383331,10822.8023869726,15674.9789837783
5149,0.2185,3.0213763396261,0.0209619321068335,0.00632184566650755,5010.93417498445,10887.7815179369
5150,0.3035,3.71090934882252,0.0106975489499343,0.00471075630682354,11741.9527914441,18228.8157321042
5151,0.2965,3.9001358482855,0.0290053600436135,0.00617360950702665,4675.23829011789,15630.2088083006
5152,0.4535,4.83690048145662,0.0212079566460692,0.0155700360410228,8542.51098111571,9169.92696704075
5153,0.1405,3.72210847254348,0.0275227612957444,0.0156728337023969,4632.08112353493,6186.63097974185
5154,0.428,4.11427194595961,0.00748562361600249,0.00526229502512246,18863.4814116316,20177.2456485133
5155,0.1415,3.82567723206887,0.0580845449919105,0.0540842683221239,2365.07719017226,2041.90429694554
5156,0.393,4.9597068807293,0.0100025851075381,0.0050956997511607,17371.8053953323,24576.7168603066
5157,0.1245,4.84439606345583,0.045141516247187,0.041636076082975,3761.87400250031,3260.33912519494
5158,0.237,3.65928585346402,0.00581908293404511,0.00483372695665298,18213.5330766736,16523.1901875031
5159,0.1785,3.80636775169412,0.0167351790189259,0.0141806897396947,7507.42631728518,6937.05796293355
5160,0.098,3.12826075117231,0.0151574820416941,0.0126200771024772,5980.69618208001,5461.34280312453
5161,0.3345,2.23455486579378,0.0183700499743147,0.00867621225267271,4319.48926579058,6729.01249082357
5162,0.402,2.73244576405724,0.00875501268762164,0.00529220638143827,10619.0916593763,12841.2227048943
5163,0.1015,3.8567080396905,0.0236733024245325,0.0131573442481335,5192.14304712977,6536.14493169865
5164,0.248,3.58997963866702,0.0103105105940148,0.00782582454985217,11340.4202135318,11266.7065339608
5165,0.273,2.43987690149567,0.00707373742363912,0.00551030978045289,10563.9788452689,10211.3948451457
5166,0.207,5.66256863142729,0.0104259444472153,0.00596874224655693,17456.1401563748,21351.3810086578
5167,0.2345,3.21304237403328,0.0111465162508708,0.00880993036924207,9444.48218174219,9107.81938642462
5168,0.2085,3.15185594578245,0.00989075388698084,0.00638675959659123,10012.7768030874,11038.0162362122
5169,0.1985,1.55217635469315,0.00929829028341011,0.00569884550192944,5067.18302952865,5738.85510954271
5170,0.421,3.70576333827334,0.0140951241138531,0.0122857415990366,9471.71418227272,8569.54039875586
5171,0.248,2.24944361336712,0.0115637044532806,0.00912707395026943,6346.39789856155,6175.1795557623
5172,0.288,3.4368053063266,0.0150840784555509,0.00889407058649289,7898.27064881804,10015.7710427172
5173,0.192,3.44242824354623,0.0436437509290975,0.0300973278069496,2843.42040472022,3294.41705543698
5174,0.1645,3.12900036252257,0.0315880697511005,0.00884883582092908,3308.0468660281,8167.70568657905
5175,0.389,3.1655451579182,0.00692529943773742,0.00432965223735173,14972.301119425,17267.5927837566
5176,0.26,2.02476730343625,0.0132229581359642,0.00472163754635137,5179.49796870488,9210.79230697005
5177,0.2,3.59200375168291,0.0103337347511481,0.00877508123516836,10964.8777560895,9981.06270347702
5178,0.1585,3.89156989047878,0.0173827797168482,0.0115726331376753,7423.53150625809,8293.05959252971
5179,0.2035,1.5148440424575,0.0188617381244416,0.0127191426736572,2682.09449952614,2980.21606733825
5180,0.265,2.15613098074904,0.020797383484802,0.0112425090093992,3647.36825508291,5012.4300407419
5181,0.3175,1.98090642923871,0.00391400841920636,0.00304272458142467,13963.8173301082,13091.7379504888
5182,0.28,3.10623819384322,0.00595167850911903,0.00370871567611797,15695.7715678236,17417.3939302244
5183,0.3775,5.15367837367535,0.0131272986227458,0.00479973896061942,14025.0335957314,26544.7943746541
5184,0.201,2.9350555033125,0.0176557823476727,0.0113535349208652,5698.07647477544,6658.99889445049
5185,0.2255,2.61702909153437,0.00820521437364367,0.00618023164294837,9640.88890529268,9501.03815057314
5186,0.2415,2.66529312776157,0.0157944064010642,0.00924740306174437,5741.95203302309,7266.57697293825
5187,0.455,8.63633884867761,0.0304448976107495,0.0227447125730402,10784.8285342434,11551.5981991978
5188,0.363,2.16355459208982,0.0304625102997339,0.0118334782552256,2564.7218900425,4998.68460401212
5189,0.191,3.23812089313039,0.0282846701775192,0.0239420582189425,4066.23630012803,3806.75720885704
5190,0.276,3.11802739999141,0.00869567352098939,0.00466849834529718,11739.4807734173,15064.6056612707
5191,0.2215,3.00704209785509,0.0153527062540841,0.0136201898313475,6632.55434668072,5872.97003660562
5192,0.2995,2.90156866591744,0.00700103057661668,0.00560681825479857,13088.3834349135,12376.7714775889
5193,0.262,2.29192800694219,0.00496031654401785,0.00419487750163782,12826.2468061318,11437.7293105433
5194,0.2305,3.32524938456787,0.0425670932694879,0.0228675254016458,2792.28550619329,4105.5819399441
5195,0.266,4.978352122319,0.0574976834143592,0.0510991024296216,3246.91911768867,2956.64729201573
5196,0.1775,2.37797680875201,0.0528687968109758,0.0412255075379227,1621.60633132748,1656.37427726567
5197,0.1845,5.18136923251703,0.0104290317227352,0.00704916524784261,15471.6303213976,16385.6981137578
5198,0.33,4.44831910516846,0.0342205575045752,0.0279056582917601,4868.86796813155,4807.06351408662
5199,0.3525,4.53703438709887,0.0114273734027314,0.00622205760462761,13955.5824478808,18826.5235519886
5200,0.438,5.48879791521797,0.0118864747006798,0.00473666009383441,16564.7174904399,29499.5625043489
5201,0.307,3.16950592156123,0.0130723346412894,0.00551104327076611,8285.41561140208,13597.296287497
5202,0.397,4.00206217645853,0.00907322881002778,0.00632749919586525,15329.1619180248,16653.3007933669
5203,0.2335,1.75893557223709,0.0177008351505421,0.0134922617089336,3345.83416760465,3380.10202603173
5204,0.2695,5.55180474731535,0.00859754863197766,0.00654616026625093,21155.7515126399,20966.055270797
5205,0.0985,4.42781210771787,0.0667332937993662,0.0587963290023348,2474.59206209406,2267.4583819423
5206,0.308,3.68995749340249,0.0327780288554796,0.00751522868926905,3883.91469131939,12719.1498284407
5207,0.1755,2.90701497100924,0.0114464638363559,0.00870271425971368,7844.22985807508,7723.40014808547
5208,0.231,2.7446008685288,0.0144039403236569,0.0107487725880187,6454.32097653428,6611.59846367162
5209,0.188,2.76046405963238,0.0303699426328347,0.021117178573072,3219.41010964619,3601.56124503717
5210,0.252,2.3012629860606,0.0162323297036721,0.00682216312278191,4861.07749899766,8014.1254384245
5211,0.454,3.883359878524,0.00891800314471558,0.0049508270383096,15371.8279687889,20218.324344612
5212,0.2685,2.69086267176916,0.0225929444497382,0.0139132303539886,4265.9042004048,5297.77381133152
5213,0.4155,5.50390480045155,0.0111691134392055,0.00600941766403713,17461.8885797063,23937.0500374249
5214,0.2725,2.05235454778615,0.0119488594581926,0.008014064049772,5767.3011365081,6374.57608419241
5215,0.262,2.64343571513236,0.00933552309454017,0.00745442230434643,9203.14894629128,8804.91686078505
5216,0.162,3.91164714249706,0.0218464987414097,0.0162790823054451,6013.60588333205,6169.20232283124
5217,0.325,4.16405072052593,0.00615792897423202,0.00455862545285541,21607.6095801998,21723.5130949135
5218,0.4285,8.46669932565562,0.0565047635146272,0.0465632460404018,5668.92395575054,5581.96456936496
5219,0.403,3.32468660927138,0.0104781983433771,0.00640132659563362,11078.4197095728,13577.5184663191
5220,0.327,3.58598692711353,0.00635826382190625,0.00405075306979042,17790.786744335,19989.46399335
5221,0.258,4.17574975842533,0.0307907148557757,0.0206013907481471,4962.69026605484,5908.37980527601
5222,0.2865,3.11261247029081,0.00560513176776144,0.00473599972657193,16545.8327802163,14991.7551217049
5223,0.108,2.6437224255016,0.0361281941920265,0.0245341792279453,2478.3380989148,2787.24567958202
5224,0.3475,3.68328366791068,0.0154436499951395,0.00732280831786645,8502.58485255655,13132.6448663438
5225,0.2205,3.32777873913537,0.021394142139712,0.00835186964850814,5350.12266553233,9747.01535274867
5226,0.3355,3.37101043488713,0.00445948927127619,0.00370975950042186,22229.3138662857,20175.1046080423
5227,0.4275,4.40354305858166,0.00899358739660336,0.00755318146236466,17011.4737728304,15744.0973216469
5228,0.3025,3.25213853142395,0.011152419156558,0.00931262876359465,9871.50039292362,9188.70422443424
5229,0.2355,2.93416450988968,0.0801450779762808,0.0697650001543298,1322.95299881242,1246.05398347392
5230,0.4325,4.82533364297806,0.00934753945142464,0.00729322011956553,18205.3860584808,18034.1360739528
5231,0.4325,3.95937027965131,0.00808986924106629,0.00662362933036378,16925.2517389122,16011.101638172
5232,0.1205,2.67482144523131,0.0953309205510662,0.0824896391032203,980.200531182276,911.90611999813
5233,0.219,4.96124292078509,0.037108635000736,0.0343654272790171,4929.406506655,4243.5273183843
5234,0.376,4.45697221778504,0.0282610827031418,0.0108935918895921,5759.93733812481,11550.3030827198
5235,0.187,6.65892996976936,0.0343666724982895,0.0288549460921233,6992.89808308816,6698.38587394841
5236,0.302,5.09805580841667,0.0141819169999322,0.0121801959935315,12769.1718086907,11748.5681864216
5237,0.157,5.2810089745522,0.0328186074139582,0.0296727168336478,5697.08139549518,4984.75037436078
5238,0.3155,5.19350068896354,0.00695030300700804,0.00594073160853778,23915.4673789796,21563.3034802231
5239,0.12,6.11361509746351,0.024409833144346,0.0135942329459186,8340.97873306438,10860.701426656
5240,0.366,4.03278562877891,0.0094991013676095,0.0078570635865849,14547.0673970586,13713.2288571353
5241,0.1805,6.65331809366581,0.0421888067519782,0.0351449280950853,5702.43901698522,5520.32281084556
5242,0.2145,4.73030368894041,0.00565377405744702,0.00448313844065879,23211.8670511972,21702.1114599543
5243,0.296,1.85401130062432,0.0132745631419491,0.00395041994646239,4771.7480065666,10123.2125111022
5244,0.299,2.85922450521007,0.00754721562048298,0.00611862554219665,12236.7395531569,11564.5963049112
5245,0.203,1.8449621091832,0.0296560913789481,0.0152798022853903,2184.39669471518,3096.24448539316
5246,0.3015,3.15348091245297,0.0105355396175693,0.0095430839031099,10030.3418511504,8694.52539452493
5247,0.2525,2.79159161864358,0.0152456793485525,0.01249705837798,6349.64331814064,5990.55253409555
5248,0.256,2.44675266946403,0.00731283630630026,0.00560793565594675,10230.179028133,9950.32327840758
5249,0.44,7.80668391017544,0.0232563898855215,0.00936982701595077,12360.9486716081,23744.2492433914
5250,0.3565,2.63312904838686,0.00786519685632022,0.00470644335819866,11120.8167488297,13381.5362060631
5251,0.349,2.54718871000835,0.0106797646384232,0.00836841447112002,8249.32331443868,8139.72769137279
5252,0.388,3.60200110299404,0.0150059026702694,0.0102861173196076,8690.86786765052,9799.97468062472
5253,0.114,2.57111978000425,0.110993418744549,0.101038100743711,826.116649767404,732.260437937706
5254,0.3265,3.07560458437552,0.00938141047633538,0.00620682910806374,10966.4789814632,12302.8873510842
5255,0.1975,4.48352723766613,0.0143938873845895,0.00722309882339316,10338.2280297264,14486.3211568467
5256,0.2705,3.04456932949478,0.00801149192925162,0.00640969591443297,11928.064160097,11268.0749966991
5257,0.2465,5.52849020272183,0.0069526577742968,0.00484000224056761,24296.9885341383,25289.7113176583
5258,0.335,3.02348264518996,0.00933722063854252,0.00470244412423985,10970.4688791341,15252.6641178838
5259,0.234,3.66903654727521,0.00901713143640775,0.00751779741711637,12838.0089253606,11865.8800005394
5260,0.175,4.5648684810191,0.012518273505006,0.00883689556448943,11662.0066296729,12233.3044291354
5261,0.349,5.44269686237215,0.00725184745793698,0.00565819413475057,24897.8895504721,24262.2238648196
5262,0.2355,3.12768057571526,0.0662843478354393,0.0599153919178734,1763.11065670316,1575.84892403259
5263,0.1865,1.43696973563175,0.028014041036583,0.0153957672409127,1765.26404461936,2399.26108884347
5264,0.274,6.71443931527421,0.0293976655712097,0.0254907736623282,8387.87548264951,7642.16588806611
5265,0.2305,1.70156215042798,0.00508631899846283,0.00397419442313436,8910.5410010266,8405.1533703577
5266,0.283,2.07990110440262,0.00764999719735287,0.00697930180103203,8458.37023564764,7257.66669888275
5267,0.322,3.52704463079851,0.00577696197786247,0.00467086053079927,18946.8992286001,17681.9354168026
5268,0.46,5.42295152401339,0.00902277625070157,0.007005026895787,21263.1083290968,21149.562539649
5269,0.337,3.15566049555744,0.00527954418871507,0.0043802734840117,18217.9947705025,16650.4032610733
5270,0.262,1.88312649843737,0.017042684368043,0.00965145067372274,3861.96468158147,5071.53925943555
5271,0.464,6.70176612483355,0.0152905014439101,0.0123157988033815,16326.2827652485,16007.5453006265
5272,0.2665,1.78920483841692,0.0195845570959176,0.0092337121832449,3197.20793902034,4941.04781035909
5273,0.218,1.6883502388858,0.0042968785702206,0.00378845999038439,9699.63214839436,8396.43018119535
5274,0.276,3.03605412693543,0.0101739894329314,0.00882611885659263,9884.88886501509,8894.80545090203
5275,0.3195,4.23644869265216,0.0076814600935432,0.00620045683611435,17940.4972745176,17053.0032110303
5276,0.182,4.31918797200269,0.04210690845539,0.040607810411691,3686.12742395594,3036.27284674416
5277,0.307,2.15471730164547,0.00628772042809113,0.00326664458458214,10650.98152342,13613.1995490667
5278,0.2345,2.04737178715062,0.0113097051515476,0.00543203621949348,5916.38333637858,8210.81183879311
5279,0.1935,3.92199144379267,0.0107440714249644,0.00703331692878465,11540.7437554155,12891.8513604721
5280,0.338,3.7184894246326,0.00526654043557102,0.00382622513484976,21778.4184669784,21990.915252254
5281,0.197,4.59050689920894,0.0330443368494024,0.02971270311149,5069.29691686514,4453.60242669731
5282,0.2615,3.23783908940832,0.00461313053773942,0.00381405786481871,19558.4130100482,17737.2559065775
5283,0.296,4.20671648849862,0.00836641583263661,0.0062120283040593,16592.8171886142,16750.0744180067
5284,0.2225,2.97989399754112,0.0131305216303822,0.00996957333804172,7637.46507232248,7644.3901418633
5285,0.1185,4.11157286855369,0.0245032195260181,0.0206594000925719,5575.55283958183,5126.02669845054
5286,0.236,3.78480639407326,0.00736804050762292,0.00517965202480877,15701.1380644628,16273.1897010515
5287,0.184,4.44061770592794,0.00962993132999867,0.00653026964672026,14225.8736787855,15162.8650387609
5288,0.422,3.76023352681969,0.0433971519588154,0.0335603759227473,3254.53831265795,3362.28926976107
5289,0.444,5.4973004740168,0.0105475197108042,0.00884749628662049,18839.5531431936,17593.5472903014
5290,0.126,3.28000534118897,0.0494704797431862,0.041343271106102,2371.7403039565,2254.60671192533
5291,0.278,3.65085406718353,0.0110049506825682,0.0064359204511398,11113.2732849989,13754.0187860181
5292,0.359,2.75305572916737,0.0109214033443599,0.00910360974326029,8704.94423939514,8085.8532927094
5293,0.4075,3.93811266523627,0.0120722831847171,0.0075708134832968,11617.32638233,14055.9297116436
5294,0.163,2.73920618218653,0.103607186035561,0.0859261705230848,932.939623996303,924.592877623487
5295,0.2525,1.85505579948793,0.00744830908726512,0.00577207325013998,7462.22686400811,7183.54506463513
5296,0.2095,3.71335453382781,0.00922288203327867,0.00651403313219908,12758.6892965725,13288.4595926101
5297,0.23,2.51868344351094,0.0408580293130827,0.038014431384755,2245.57039222415,1932.71336013906
5298,0.3295,2.39909507854992,0.00812504677630773,0.00412910537184582,9644.44031591165,12980.8937032576
5299,0.3315,3.04262667287031,0.00619726241544997,0.00434613039689791,15411.8054008959,16039.0319112191
5300,0.2815,5.61854519671259,0.0181800742524216,0.014033667834257,11176.2475631181,11251.6613363464
5301,0.317,2.73611955992346,0.00883548446053601,0.00700427821563509,10239.0905724496,9842.29814064431
5302,0.176,1.82136499470432,0.0229740931565257,0.0163224503408226,2681.24259407526,2899.78511948228
5303,0.22,2.22948638717783,0.0114188106204032,0.006970845111429,6322.14271353259,7489.4659108847
5304,0.3235,2.82627163758682,0.0119695188075751,0.00604016801697451,8104.44266307544,11550.2626649813
5305,0.3375,2.06417266009341,0.00770303120230846,0.00461806076782738,8692.59336426123,10352.363725778
5306,0.1445,3.98820800460281,0.0222362153534311,0.0136877368579124,5962.09076260186,7286.38901205208
5307,0.2675,2.28126626081833,0.0141136840101455,0.0106984258745815,5502.53766156268,5539.8146917365
5308,0.3175,3.08913324942605,0.00788717488653972,0.00475526070413517,12842.3950565146,15266.7574182434
5309,0.4475,6.88530662156019,0.0095981141346166,0.00700720690072133,25726.5110297365,27098.4754084867
5310,0.2895,3.33968828282921,0.00886671866464587,0.00757391851005212,12274.939456614,11115.9168071993
5311,0.366,2.870220113506,0.00442979283938862,0.00349270414359594,18990.1873372919,18052.5135891476
5312,0.2255,1.89535670884848,0.0156134250073803,0.0116484552176609,4084.02096529051,4177.70646003573
5313,0.2405,4.41800210803559,0.00624902055544039,0.0052779775052719,20800.021873618,18698.4419026807
5314,0.1005,3.29258014615654,0.0560793806514792,0.0519116166614883,2074.70119227931,1777.93431239576
5315,0.3265,2.67539447810353,0.0644123697690499,0.0536308734903776,1522.08771156676,1476.62997635797
5316,0.408,4.09365058229369,0.00965768718360172,0.0086462661133714,14756.394040585,13002.9310174781
5317,0.4495,6.92767032607239,0.0130892255537235,0.0116025386697101,19380.4843723491,17251.1209710922
5318,0.3405,4.49043121949083,0.0113670796440738,0.00663423484186819,13712.0284457758,17352.5570443726
5319,0.23,1.71537456960648,0.0125886950969098,0.0083201217257434,4471.27357893185,5025.93147274033
5320,0.3145,3.11341051074657,0.0183221825332867,0.0157860906528068,6076.18909255291,5574.78362753042
5321,0.154,3.07710347836213,0.0151915350302152,0.0131550564225621,6398.81893932557,5723.56579654551
5322,0.2015,4.62738060057253,0.0314934759521384,0.019269292431301,5188.25599739379,6606.96154100371
5323,0.3365,6.63499528944507,0.0568775758498034,0.0402070651640175,4259.15781392551,5034.98117551615
5324,0.369,3.93701348239822,0.011631081614064,0.00420340793776885,11921.253054835,22262.6870841615
5325,0.365,3.90228134532656,0.011407443234729,0.00405955579649933,11920.894355488,22706.1877453189
5326,0.1135,2.5228940960591,0.0586386182195799,0.0519964057828796,1514.87401425178,1359.03667611623
5327,0.1785,5.73323042082067,0.0401673928067971,0.0379032833559469,5205.57067360289,4386.17037561627
5328,0.1735,2.73617544313086,0.0441225682930014,0.0237740675088135,2196.73938332453,3270.79906569572
5329,0.246,1.65001463602709,0.00824654807123057,0.00658731909396884,6123.57267695893,5789.45448804533
5330,0.1885,4.01716338810318,0.0137282113327998,0.00525251517673184,9550.16175147161,15846.150039636
5331,0.1715,4.56616672337629,0.0349380058210289,0.0320663186189303,4703.90220521995,4100.56009034576
5332,0.239,1.67338372534423,0.00695113266531604,0.00365690163908194,7123.99806416317,8813.89555497933
5333,0.2355,2.66903447873263,0.0469186489852379,0.0176720911461037,1958.63977384288,4173.47752537458
5334,0.3635,2.58634909563116,0.00819386938305698,0.00386003513259298,10475.9662501216,15210.4559610165
5335,0.361,5.38015976317375,0.0217068868058709,0.0192089921779681,9212.92833139885,8264.78544306195
5336,0.268,4.32460982529392,0.0101411271326401,0.0072217717262905,14238.3998441736,14943.1194316034
5337,0.142,1.79574497726946,0.0280456293384667,0.0239252656935438,2154.92463346539,1990.08213021575
5338,0.248,3.12706142125766,0.0368843341474332,0.0116393950218421,2927.71776964102,7060.97112897038
5339,0.135,4.38319351472295,0.0356900039618076,0.0263783006981231,4374.35187140171,4650.4549774136
5340,0.2725,3.3836986307832,0.0540325988658188,0.0490677911129051,2323.95565924888,2068.47563703582
5341,0.282,5.47855148944623,0.0443165310905792,0.0331584348994262,4522.36956699638,4977.56428901438
5342,0.4375,5.57768964152303,0.0190436549412184,0.00826378394824045,10849.9080065545,18866.2278761296
5343,0.13,4.51147473834691,0.0383733567524735,0.0294007133710419,4157.95155765781,4239.16641109722
5344,0.2375,3.10101797535712,0.0124907781528014,0.0104814824703456,8343.52128656188,7693.49383978513
5345,0.433,4.17498337208265,0.00545121473423419,0.0044369740263177,25029.3500848302,23518.2512392051
5346,0.323,2.33903656870245,0.00600824391763085,0.00333671329987179,11988.3573927375,14698.1473444248
5347,0.263,3.06814988482658,0.00776847901714691,0.00482829756317424,12420.0359217905,14192.6505997069
5348,0.2465,2.31560710498195,0.0795733902179832,0.064355688970543,1050.12669753337,1074.32359969471
5349,0.2935,3.56637836613216,0.00592630427594412,0.00479344192116012,18239.4255901271,17114.1538216687
5350,0.3035,2.32534492135412,0.00932135729421359,0.00830565685523215,8294.82389351929,7268.21683475956
5351,0.249,4.34567151173311,0.0147996667688363,0.00587949847377454,9979.46532174489,17205.0660318726
5352,0.284,4.48421119406268,0.0117568045022108,0.0073422546044488,13029.8694294163,15484.1771300814
5353,0.1865,1.50483866873164,0.0251271826056274,0.0227571967700539,2077.78170547136,1806.65674817026
5354,0.216,2.51872411450236,0.0270057343485673,0.0232056038991578,3304.81100874518,3023.64275437879
5355,0.2645,2.42101234350913,0.00684054293616376,0.00497917445787588,10749.9806424618,10930.2227269025
5356,0.099,2.02704027137917,0.0678319406260534,0.0475733630904367,1035.69990835292,1179.88731273348
5357,0.247,2.590074881091,0.00773340897862218,0.00662113474607924,10158.7925044245,9127.20624102773
5358,0.2235,4.2466157145337,0.00942234603653872,0.0081571753701917,14331.4166203656,12763.7595906473
5359,0.347,2.77950351767444,0.00502766059478685,0.00386019180784982,16554.4964376713,16025.7221855442
5360,0.297,2.42458069818279,0.00730679506048537,0.00563291135484831,10529.8038238059,10226.9168440895
5361,0.107,5.06088306790731,0.0346718063941543,0.0318025110847163,5167.31866805049,4431.75445215304
5362,0.1675,3.27246929548693,0.0248892635958969,0.0175993038118762,4568.95953132876,4964.47540519999
5363,0.304,3.43085773664041,0.0249172382169532,0.0208748897790899,5017.06072217907,4743.7905580677
5364,0.2845,2.66458242353528,0.01262698397683,0.0110602790286127,7214.14274256345,6448.84328412976
5365,0.273,1.73139670217869,0.00540089878143641,0.00455055943727417,9019.89306996389,8138.23604857048
5366,0.178,4.17037756481864,0.0269454197662849,0.0080536915398838,5325.72783967459,12104.5685807151
5367,0.2765,3.08072475227408,0.0151253427273619,0.0104104610034048,7148.09523102828,7909.04129490585
5368,0.1755,2.36050164439494,0.0638708619871805,0.0442398941839263,1345.76231420035,1582.09912813294
5369,0.316,3.67414898426232,0.0051776216343772,0.00407985516253998,21090.8927345532,19986.7327445332
5370,0.4645,6.39834689426058,0.0111324398488867,0.00912087597100331,20867.5286890038,19935.2112687929
5371,0.3295,4.21330703804312,0.0147701115617048,0.0131301709914365,10199.9841282481,9047.32995310486
5372,0.3555,5.05642759682091,0.11349377816863,0.0643813360764845,1344.26437657597,2401.00443904506
5373,0.292,3.47634168014524,0.0150810752092427,0.0126455005156084,8086.08413738024,7544.00034842612
5374,0.2865,4.69649025148284,0.0147726188086336,0.00822460467594451,11126.7474564647,14695.3482846503
5375,0.0875,4.05411486916483,0.145062884552629,0.105253593878826,887.19899369477,1076.43753409067
5376,0.333,4.41784657719544,0.00630342425969439,0.00497872113743617,22496.0815390503,21524.7763528328
5377,0.1265,3.77404131231473,0.0194834337876493,0.014563728761714,6195.83571186096,6266.77398440529
5378,0.3855,2.48892481726704,0.00607298586607129,0.00380363773385798,13197.012242408,15227.5784452059
5379,0.2725,2.25467503992498,0.0133988016531482,0.00836521266745999,5790.23652901549,6856.24338975503
5380,0.1875,3.06994195889655,0.00855691824596489,0.00716355346790867,10738.3402142561,9697.74727270317
5381,0.311,3.06839053657744,0.00723432528364707,0.0052580570778885,13494.8979591837,13832.6395463933
5382,0.098,3.3903041589648,0.132679958049814,0.121202137279103,863.297825318246,775.599289264444
5383,0.3525,2.58863761829334,0.0117169936436681,0.00935062715967567,7596.53699458358,7394.56425494392
5384,0.318,3.18304585812335,0.0173199063013084,0.0155752487689968,6580.6527280213,5799.58764426237
5385,0.352,2.52904633574266,0.0389371290063972,0.0142844334461777,2311.05421697218,4971.32577624515
5386,0.137,5.88051153640297,0.0148877627575479,0.0110294710635277,12483.8610465584,12649.9311687032
5387,0.177,5.0047803343466,0.050032662981806,0.0448530290041431,3678.15211489335,3302.87590740017
5388,0.407,4.17092976038787,0.0169241519601142,0.00792538687150009,8955.58987018075,14332.5956821243
5389,0.3235,2.05830369272437,0.0367919483547559,0.0163010052360071,1994.990456735,3484.32421847422
5390,0.247,4.85004728508882,0.0116271914522441,0.00859610833979984,14017.8103130707,14307.9454231179
5391,0.3015,2.10085876044369,0.00508143259667871,0.00450551996476184,11911.4569956143,10391.4738769229
5392,0.3395,4.59821614766234,0.00798560211152307,0.00668183426189763,19254.2412552858,17849.8604421487
5393,0.388,3.65121547860631,0.0087408031398256,0.0064982015999752,14395.4432656064,14721.1429671092
5394,0.1615,1.39844276101609,0.022625700297073,0.0131073192567524,2112.76530415899,2638.97467538571
5395,0.1395,3.45891203979044,0.0173314994574857,0.0114994112070844,6435.20940079584,7120.24985477734
5396,0.142,4.84535503165672,0.117554239583989,0.0930054598281606,1361.03134837837,1546.87756074858
5397,0.1725,3.75063764987461,0.0203192982399107,0.00790917724165866,6137.54460902786,10786.1694197627
5398,0.1025,2.45766116612484,0.0540718572549053,0.0468219403011764,1595.12901136598,1472.19666913093
5399,0.3235,2.26715430990115,0.00835813139334123,0.00691957083295785,8773.91698363275,8203.06272186614
5400,0.3855,2.98991642667389,0.0110877287564513,0.00816710912643995,9470.6330148908,9867.42940571391
5401,0.4185,7.19463367228838,0.010484386850138,0.00582493823247813,24606.2341806819,32780.9171739738
5402,0.36,5.71350324626057,0.0296002670664853,0.0268538239147869,7327.13701130424,6458.85270230215
5403,0.2015,3.08783936580982,0.102828929855565,0.0895059042576984,1067.69805471772,1026.39491269327
5404,0.384,3.03265260730839,0.0103738957038399,0.00405724171553521,10090.8241750938,17306.848480167
5405,0.2165,1.69295065954273,0.0112334020860862,0.010100470485503,4770.7061354431,4141.87485430298
5406,0.3405,2.22627738858639,0.0108011691162853,0.00670387410327495,7008.51359407127,8382.8873776219
5407,0.291,2.96539267056674,0.00942117787299073,0.00758484139618557,10413.1256928947,9878.10722972269
5408,0.3635,4.26810364779963,0.00838660587864846,0.00631205023334306,17206.8163328729,17373.1276502752
5409,0.28,3.55416399372052,0.0050669688059668,0.00340175922902467,20359.5142597378,21295.359906924
5410,0.2035,4.74171806117059,0.0193159030159161,0.0103379893220599,8387.69778117827,11666.6590986685
5411,0.179,3.47453758191413,0.011470617197334,0.00891065233637372,9346.99093217618,9034.87339614928
5412,0.3375,4.80935000423182,0.0136657113640143,0.00590529998302639,12354.6613915628,20481.6390843422
5413,0.287,2.17191415570217,0.0109010376629392,0.0082415414662405,6650.45109649966,6723.71401535874
5414,0.255,2.13268078455433,0.00664688315017163,0.00541062632218129,9568.5096023764,8864.07004863218
5415,0.4465,4.94213656429948,0.0118013573924361,0.00663437072212672,15071.3084305955,20028.9917866335
5416,0.198,3.40204968365079,0.0600814475249452,0.053529849109891,2069.27955822088,1872.90103330824
5417,0.289,4.12467043973035,0.0113712934778899,0.0101269714459942,12538.6160346278,11060.2510548386
5418,0.179,5.89768443946217,0.00947081985500722,0.00831214640051246,19361.5659766986,17048.2498344853
5419,0.275,2.9364064536273,0.00532807380636135,0.00441416664023944,15998.4020714746,14554.9090060372
5420,0.1535,2.69087757863032,0.0253497203085188,0.0156247664654934,3618.86638252402,4358.93064731067
5421,0.2975,2.79097603476696,0.00755434377053368,0.00605608804539911,11746.4861170287,11171.149024392
5422,0.442,5.24325079250871,0.00712742366236766,0.00413933230748788,25351.6531057924,31602.0324878917
5423,0.232,4.64710710183819,0.0215132175834085,0.00860590163229946,7372.79540705646,13365.4155008988
5424,0.2985,2.76957202443831,0.0795726253773612,0.0623087936069996,1269.05528376674,1333.50514881249
5425,0.298,4.13137184285093,0.00640115825012499,0.00476873259348478,20018.3641903629,19945.1409648947
5426,0.3645,4.99871468758434,0.0164630012810392,0.0127904323266308,11025.9532618876,11106.5917106054
5427,0.345,4.21338902283592,0.0312673286620194,0.018394776252426,4930.95065507404,6585.18947278448
5428,0.2305,3.16283750584589,0.019742909730562,0.00439249542031929,5529.50905522814,14999.3775972383
5429,0.216,1.45000089664542,0.0163773391878577,0.0118694040417309,2978.77894222309,3114.65454020036
5430,0.2775,2.03621868266021,0.00780325062841181,0.00470771069562996,8145.30935920983,9495.4728475301
5431,0.1745,2.83871571429227,0.0137951254526251,0.011901658253465,6635.34674559792,5980.54753516477
5432,0.3895,3.2347531229096,0.00796353974307939,0.00657310599128756,13798.5106401854,12933.1669952826
5433,0.264,2.34353702031267,0.00559040227232139,0.00453473789371332,12180.9686826883,11224.6733747761
5434,0.1555,2.41170965334769,0.0356709075944036,0.0309113557942906,2404.46564825423,2193.03875346909
5435,0.2145,3.76250195083905,0.0269497212864489,0.0166431470203486,5013.03436031995,6239.45768016019
5436,0.1485,4.00129464782839,0.0116558093064902,0.00949423099305655,10358.7100851056,9585.40940556104
5437,0.2765,1.905496375204,0.0109496088431061,0.00769387072758487,5743.49293866919,6123.58439559281
5438,0.289,1.8864052785788,0.0107438442207442,0.00825110514111415,5848.87529783844,5854.70984778178
5439,0.265,2.99732699450836,0.0146031407942001,0.0131459539111088,7002.22102011223,6175.39810819029
5440,0.2585,2.70506758491027,0.0212676014428908,0.0126548265016067,4484.60022954013,5736.7534963834
5441,0.3935,3.50973878865958,0.00674449110933435,0.00524923150477051,17207.1486011813,16845.2478542323
5442,0.335,4.06146338880275,0.0149719285673228,0.0103741095175601,9703.51252054762,10758.2378976342
5443,0.3245,2.04514297682293,0.00756061929826715,0.00505282593479439,8667.83941125583,9520.60076909086
5444,0.103,3.44218605519861,0.0470717840831075,0.0434867927372163,2473.31217526719,2121.31277989866
5445,0.205,2.93001950017208,0.0215349740132529,0.0164907467379242,4748.01562039035,4848.04342411391
5446,0.196,3.80736353739513,0.0084429096576731,0.00471341382724169,13610.1449433367,16333.7058368767
5447,0.342,2.99048979043664,0.00855420271923892,0.00580265206181798,11749.2109894886,12889.0006970584
5448,0.1835,3.49783950127338,0.00738091452536572,0.00587537247701726,13402.7649791998,12545.2470171692
5449,0.267,2.47887097426359,0.0130854634698368,0.0103510364865329,6441.2880003577,6299.27050994748
5450,0.4505,4.5932465903077,0.0117012166519421,0.00662971894948701,14239.6894474812,18827.4915828485
5451,0.149,2.92823546226636,0.0169303300596464,0.0148309011796527,5640.40664998824,5028.6054826542
5452,0.144,3.44814897291043,0.0496806284464104,0.0259999029176131,2307.47140290368,3587.66368342762
5453,0.157,2.73941757186169,0.0299569463512343,0.0147745531786584,3132.61950096309,4728.26996578875
5454,0.2095,2.81333763946835,0.0124264116386598,0.0104085319691086,7418.07814757134,6845.7639401911
5455,0.3145,3.0979585534836,0.0171723014689466,0.00825052970967776,6400.61258910124,9800.1640777327
5456,0.2745,3.97146565046808,0.00794001013104088,0.00531226673391737,15912.4967920751,17215.2961871443
5457,0.32,4.02908116966913,0.00678000834895107,0.00472760702354248,19207.5673197371,20275.5140013286
5458,0.3995,4.96934676166232,0.029721892345046,0.0144128078690417,6080.22565585946,10033.5058507986
5459,0.3095,3.97107738290608,0.00467935823412228,0.00348153821053079,24886.2586051213,24472.7691676597
5460,0.3705,4.77194640435227,0.00776068377614059,0.00611561863767732,20839.3071696354,20235.6824209949
5461,0.1265,3.19742868360404,0.0428904192070277,0.026905682110479,2524.42462498826,3164.90888340506
5462,0.2405,3.94317674739814,0.0137212246845208,0.0111148012596887,9849.765454473,9376.66366953839
5463,0.409,3.11970071717099,0.0123739074750776,0.00952767996077034,8963.27781944866,9032.38213499193
5464,0.145,2.0669307067169,0.0166891111350821,0.01518130806258,3921.24470843712,3417.2725071767
5465,0.392,2.64992183357231,0.0116522579347563,0.00840624764877874,7983.04772810015,8480.22729094131
5466,0.1595,5.98308934419965,0.03515962945335,0.0293537350142209,6128.3821942535,5820.32332632763
5467,0.2165,3.94531944545276,0.0314116530563687,0.0260454275641159,4489.20521343373,4263.79325481189
5468,0.2395,2.46510261957978,0.00834255962187954,0.005436879677268,9229.47044477299,10020.4846245693
5469,0.3455,3.48105568677838,0.0130187273996773,0.00754732301963371,9386.62664918237,12077.7674801268
5470,0.2445,1.92484883336667,0.00817758110014485,0.00562221050331288,7209.79386477483,7577.3668694356
5471,0.325,3.08231212943348,0.0171466139780797,0.0043348855201404,6348.91748227747,16431.0807799546
5472,0.2465,2.32951293316344,0.0121653619849195,0.00935041888594759,6232.49668031729,6231.70315678353
5473,0.235,3.24623860202241,0.0108636168681458,0.00817121749860331,9889.49491640141,9974.03622194852
5474,0.317,2.91788149140806,0.0438442812761451,0.0111708275503984,2264.61594704418,7190.20192716182
5475,0.2755,2.09727019228131,0.00819401328077546,0.00724847584491244,8032.71545597495,7037.54707211582
5476,0.2885,2.6174952761409,0.0122556853596948,0.00820581908405439,7313.49989791095,8188.04967446425
5477,0.327,3.30492101704683,0.00477056175931099,0.00405508150848811,20353.3838445593,18193.6459025499
5478,0.1665,3.64099682427059,0.00877382059326051,0.00709600352618137,12087.7457259135,11193.3148260114
5479,0.1575,2.47866999355844,0.0452680677184774,0.0311778448484076,1966.30901619077,2261.27997346747
5480,0.349,4.73444783741593,0.00787093349777183,0.00428946657615406,20148.5560367981,26199.8405058727
5481,0.3585,2.94409577763672,0.00616937106176103,0.00552241918725204,15250.500215143,13314.9283957882
5482,0.2925,3.37813793902024,0.00896002522751987,0.00683313343957342,12462.6341992437,12315.6676244048
5483,0.3615,2.41452905847401,0.0259213008422517,0.00883113223511317,3325.90112142793,7292.05422469823
5484,0.2075,4.5893538364526,0.00720458244856124,0.00519844715253073,18711.4059626269,18873.9427560339
5485,0.391,3.2278246781046,0.0273469072159777,0.00673592983970726,4251.29384162165,12594.731845019
5486,0.4155,3.95520314392028,0.00697191501735736,0.00602964931887715,19071.2084308599,17132.3392536581
5487,0.1915,1.62061199101407,0.0292016469608569,0.0135467870159839,1938.56259299657,3011.38989697574
5488,0.1695,3.41509150779283,0.0170165325431417,0.0100634982081229,6606.40787863529,8155.42681320421
5489,0.1895,2.9007368349101,0.0894330054910923,0.0699949042092128,1146.22311629899,1215.93937690829
5490,0.3135,2.7703183749503,0.00446411046236657,0.00320999479956008,17665.5209097125,17744.4848615684
5491,0.3595,3.11436176711013,0.00970084987281136,0.00518505433654004,10963.7479734236,14748.1338273373
5492,0.4535,4.44597844540842,0.00853399109188884,0.00678439872940628,18346.4218490171,17849.1181641388
5493,0.1,2.09017853684391,0.105120599401987,0.080232087616026,673.962027893719,730.056033074338
5494,0.322,4.06610507361368,0.0120153598601984,0.0105866781669401,11700.0200565124,10438.8893187728
5495,0.322,2.22194974806195,0.00907533344513606,0.00652785208609187,8091.68634505197,8446.32292915267
5496,0.1975,3.10455730231242,0.0114610171895277,0.0101279797966054,8456.82081600197,7441.08346215755
5497,0.2135,4.61844137399876,0.00642134751582789,0.00510167012364169,20628.8099987308,19221.6941458179
5498,0.203,4.28816024884413,0.0244656945725867,0.00476410528923303,5782.08333039973,18834.9093285859
5499,0.395,4.53664375405737,0.00617440143163554,0.00508350610896348,24240.0688637202,22575.2988185284
5500,0.316,3.15647537523056,0.00808050664685708,0.00675575383848442,12753.7014221712,11789.3485201869
5501,0.26,5.12968506907954,0.011940487745319,0.0104127434227708,14758.0022812515,13251.3447602032
5502,0.3655,2.57384297425815,0.0094255432036363,0.00844336698745396,9308.82522490244,8154.80110362109
5503,0.2775,2.89250559123264,0.00668500335024175,0.00465666762435011,13407.5577291065,13984.2915753646
5504,0.1945,3.37541211058892,0.0116423656028372,0.00930570817436606,9390.27761594138,8908.25665548497
5505,0.186,3.71746538352563,0.0113446227262548,0.0104693757106624,10481.7444740555,8927.83408776484
5506,0.2315,2.45044383345335,0.00767872351607851,0.00639821177595374,9520.31654396165,8688.1041
5507,0.23,2.89289990870066,0.0059465480798456,0.00510790118632531,13878.8503613761,12373.1840908808
5508,0.194,1.78620452735235,0.0237541904883272,0.0215573728345347,2563.32439930227,2224.90058408053
5509,0.4105,4.90679534154716,0.0100802752575592,0.00713402043961891,17138.3430400513,18503.8448739358
5510,0.4775,6.74803176307089,0.00932459222547556,0.00735837431663268,25894.4195746199,25567.1862425244
5511,0.223,1.59529595959434,0.00512729144498112,0.00451598184271319,8143.34125796733,7004.53768228877
5512,0.2045,1.80281962297844,0.0294002424830812,0.0222897256521442,2125.68368762329,2182.9134073704
5513,0.2365,3.65226368041249,0.00475377019382546,0.00394631951641542,20760.7229020519,18743.6810638079
5514,0.152,1.42964579712964,0.0214922521118141,0.0138283327081937,2219.02917455537,2538.06227916961
5515,0.3185,4.35758410997491,0.0108674943584755,0.0077734056207032,13898.8492822396,14806.9199245304
5516,0.253,3.30350027278906,0.0901715123354566,0.0784865133805123,1334.61669219394,1267.41389202516
5517,0.3565,3.45103575668998,0.025756998362686,0.01244973846155,4915.0726372587,7833.15576513396
5518,0.18,4.52655789892251,0.0246435334340544,0.0186834822322969,6358.42246330568,6576.10575840745
5519,0.2525,3.25350043339641,0.0237157027386577,0.00644073283228107,4789.46200669907,11775.0902835488
5520,0.2285,4.69425686024092,0.00607795842776373,0.00442116827809476,22470.8909878815,22407.2863553689
5521,0.3005,2.0298391212576,0.00910373324065932,0.00678442613554307,7268.3470616009,7369.79767580311
5522,0.2915,3.65036284532384,0.0153763617253617,0.0107662040727923,8375.32400208695,9206.04046693568
5523,0.264,5.47966410684762,0.00733502789871999,0.00556858379752774,23541.2798532833,23240.232472553
5524,0.2195,1.71315799756163,0.0102638009808859,0.00956836396892062,5099.86131832324,4310.60977122133
5525,0.2065,4.08333309247569,0.0567776959369591,0.0507052947918945,2692.70735874283,2448.05561035028
5526,0.221,3.7870560580101,0.0116961830393274,0.00838730633557332,10636.325467711,11147.6285806642
5527,0.25,3.24101343843832,0.00569787066095273,0.00380879713678127,16482.5040416948,17232.5114297626
5528,0.4195,3.92395961296597,0.00882858096618178,0.00639566763381682,15315.0722666093,16134.9715578357
5529,0.382,3.44162600871772,0.00954715885769758,0.00489402961646984,12477.777140053,17350.1488901417
5530,0.274,3.09183260075861,0.0123321379305626,0.00969516003063926,8277.16035340781,8110.53795009267
5531,0.1165,5.87532717648238,0.153338873045686,0.121612600175539,1226.247243133,1404.02683483877
5532,0.1375,5.62594499574634,0.0082728823067038,0.00548426460265673,18815.2669445054,19621.835363486
5533,0.325,3.3930513233427,0.0109239350315823,0.00682926667057545,10716.7120946582,12759.4214445477
5534,0.1775,2.35594964513533,0.095084741696572,0.0840240621040498,907.831916241353,838.666442909508
5535,0.4315,3.80919358817986,0.012455638199277,0.00720496873503072,11012.2140683908,14400.7475541687
5536,0.2365,4.67708180299125,0.102114049425232,0.071018278229098,1479.70004710639,2015.15947033413
5537,0.178,3.27188287229817,0.0682857836247923,0.0327637407476972,1585.33404596331,2856.43048191774
5538,0.215,2.80462848428777,0.0118273222346689,0.00987347015716059,7678.01610015779,7058.69080946366
5539,0.177,2.47772214324109,0.0248708392702773,0.0138009256199466,3390.01725489279,4492.72740305877
5540,0.2,3.51133873405041,0.00781511430373046,0.00600890554849854,13301.8580054613,12824.6703038618
5541,0.233,3.11563059275923,0.00785147074620135,0.00641741044037939,12208.7731025621,11387.6691034693
5542,0.262,3.1566017295457,0.00711291731686018,0.00482809774104759,13573.2872708794,14473.3013400102
5543,0.2555,5.24666964644864,0.0299367674546317,0.0220493805598207,6358.93324500116,6811.75219945177
5544,0.126,5.66594259620824,0.011871105591591,0.00957036600516978,13917.3222255292,12934.7714650161
5545,0.3875,2.94000620607198,0.0122771353069436,0.00322239535080753,8373.2414853515,20294.4737416346
5546,0.206,3.2049419295934,0.0118972750535442,0.00870694874916586,8841.75299092024,9094.5655136895
5547,0.3005,3.94802134240642,0.00493173527513412,0.00389907776878672,23413.9705506789,22163.2765782467
5548,0.35,2.94605409823491,0.00699829827643879,0.00504830033172236,13664.7523821348,14090.4013987334
5549,0.1555,3.37830810920249,0.0728147437389322,0.0658183051218402,1682.13012405789,1513.27371389979
5550,0.1545,3.02287321585097,0.0352868352183749,0.0280894760000371,2986.40523634736,2974.85659643325
5551,0.377,2.71016755482178,0.00804861867087018,0.00647368825663512,11189.8022768133,10689.8676520346
5552,0.2445,3.35988507509538,0.0236614307175392,0.0177272695905567,5092.14733693564,5304.36833001405
5553,0.2935,3.864791943028,0.00768667117775644,0.00537700607216824,16045.0766635902,16774.694541877
5554,0.343,3.8078617526895,0.013320636875436,0.0106194396432725,10118.6109756644,9873.44517969496
5555,0.189,4.26791802444672,0.0139513453908434,0.00923558495267609,9990.68896460937,11156.8166187464
5556,0.3585,3.00693868294001,0.0188328654047053,0.0085155033410744,5765.30073312565,9471.19777166597
5557,0.2185,2.84952750617138,0.0122810074129272,0.010103679877436,7601.08660407068,7096.02700647224
5558,0.4535,4.76515032501253,0.0154614418824967,0.0118656896912168,11414.9670503694,11667.6093285183
5559,0.206,2.29726282295477,0.0182548093357569,0.00768764221569123,4268.09914966868,6993.30559868749
5560,0.1185,5.2905940254361,0.0190953556750791,0.0149807815069216,8684.1891370608,8382.39960399005
5561,0.192,4.44937345901904,0.00965595353853401,0.00435526140409866,14360.4928257996,19998.7253454619
5562,0.303,3.47669034695962,0.00664579811439938,0.00558059556218668,16359.1482990603,14896.7335177227
5563,0.3485,2.13987377423349,0.0104738763661329,0.00933684692739206,6950.55133017394,6130.38090384845
5564,0.2155,3.77649899277605,0.0139993498260681,0.01122761045559,9006.26766284637,8703.87586245124
5565,0.2935,3.9322754971744,0.00547299587388071,0.00444757050597049,21203.8099770113,19708.9727734195
5566,0.3885,4.26608677155548,0.00698418786309381,0.00568030192687719,20441.4755936557,19268.3777909777
5567,0.145,2.46884866283207,0.0294873748303903,0.0261381218169855,2944.73081087584,2619.53985870738
5568,0.2535,5.07723032133326,0.0378036807516526,0.00847361047935681,4428.91360051353,15330.7274089045
5569,0.453,3.3898295985351,0.0257017185364492,0.011944248224662,4842.03638828008,8097.93362269019
5570,0.4085,5.41722564547241,0.00913089530737155,0.00697572394217589,20771.2236536942,20839.2874737817
5571,0.2645,4.10522590918597,0.0144647626783165,0.0132510170506917,9895.78993074592,8557.01481790236
5572,0.1775,2.33995452371676,0.0249003200845356,0.0219257088550155,3254.56649713058,2898.45622663183
5573,0.399,3.51542199947729,0.00927081198209814,0.00757684624824666,13140.2952548728,12468.3789494795
5574,0.2565,4.21197203664574,0.00644644966609596,0.00527667714189072,19740.1810876291,18195.0887252499
5575,0.191,4.25926607621264,0.0104534734822081,0.00494582333503861,12887.5448676529,17705.09801476
5576,0.2925,2.66826441562754,0.00566027439413248,0.00447226723178085,13966.6760971292,13262.9465905274
5577,0.212,3.4721185579175,0.00908995014105106,0.00622964483014964,12005.2984957759,12707.2972896291
5578,0.2415,3.14631412499694,0.00743754276996642,0.00437190761383899,12974.9418855106,15126.3903996299
5579,0.232,3.27018001663942,0.00764382152132146,0.00591947659928926,13008.7413752443,12574.6576718902
5580,0.1225,5.38221921239615,0.0810246195811584,0.0737609397941438,2337.61688170407,2072.47032359361
5581,0.2545,2.48488204477823,0.00968997281245295,0.00834715953731465,8242.41030544539,7468.82887837659
5582,0.1175,4.98066324973063,0.0167272786969869,0.0144632065493307,9392.2667996409,8460.44550500316
5583,0.1535,4.17015406120127,0.0444032253190056,0.0208163529775065,3234.25551762645,5455.1003661066
5584,0.272,2.29171748881253,0.0767742994899129,0.060519709358804,1078.01051303988,1112.68329580319
5585,0.2365,2.97390426514008,0.0106112640528899,0.00729006813059528,9120.85390027817,9809.91401124441
5586,0.3655,2.37721539152125,0.00550591900214729,0.00305508906512215,13367.2995987306,16258.1608359404
5587,0.1675,6.14579187055792,0.038308521830109,0.0314868476774807,5740.17265906702,5576.35117375957
5588,0.1985,3.72606273817726,0.00710170668003556,0.00536565099588194,15078.8107255762,14676.1741945259
5589,0.4285,3.94465830607535,0.00522876013808155,0.00416972221869386,24272.5749892038,23319.6160511892
5590,0.144,3.06926962930761,0.0192919233460248,0.016270686864123,5275.09120012852,4854.98976259818
5591,0.394,3.77337613292635,0.00764768033958914,0.00665467717165018,16645.9397339877,14911.4993558843
5592,0.1955,3.91414329202227,0.0126110494095793,0.010884240274818,10057.1389116145,9075.05085505116
5593,0.172,5.19374159340838,0.0220013062704466,0.012928224928345,8069.26531704605,10178.0685762835
5594,0.1965,4.82330811580187,0.00734840343248993,0.00478984592224068,19294.8918040757,20656.7928759894
5595,0.2565,2.79741214247105,0.0125346965006748,0.0105724219265382,7417.58985611215,6866.92618250308
5596,0.285,2.78148641829777,0.00958366357272261,0.00687650338927136,9553.77521074309,9990.66111376476
5597,0.275,5.49926831839021,0.0193616755291438,0.0179653240456819,10196.895391763,8713.66108025816
5598,0.3695,2.86666884494995,0.0163589848229985,0.00710029397088862,6198.81576241439,10336.7289074641
5599,0.2045,3.11841145086501,0.0172055841217574,0.0156897493825257,6110.38112356812,5285.30433096771
5600,0.16,5.47533759899464,0.0168466838718902,0.0153146666778331,10756.5555534097,9282.26047252621
5601,0.1705,3.73960127305355,0.0131100926283803,0.00862531498070141,9238.30511729463,10240.9177390837
5602,0.179,4.00163861170631,0.0216813335264966,0.00537114179337709,6257.88994764599,15036.590051489
5603,0.2015,3.21028129563032,0.0209778503359007,0.0105000777279323,5306.37436051375,7741.61619545201
5604,0.187,2.21920378184183,0.0164155065905106,0.012971618035883,4485.18563924298,4342.0831241695
5605,0.1825,4.00121347517031,0.00974120795925099,0.00518139296047003,12524.770560659,15668.4797888706
5606,0.3295,4.28861710762235,0.0261388666153219,0.0108373265393054,5875.48146311763,10822.3555945317
5607,0.243,2.68784952350874,0.010108425886191,0.00705461213046686,8581.90665635596,9078.65765008822
5608,0.2045,2.36975824609894,0.0390132583688408,0.0200106514549527,2158.75699124514,3233.93621297019
5609,0.3345,4.66938035270879,0.0243374489836609,0.0086192751079885,6864.57762447979,14520.9105394386
5610,0.4135,3.02168397164319,0.0174364628097547,0.00974669600150818,6303.45918072182,8558.598060751
5611,0.3095,5.11974063026466,0.0194659162301646,0.0170821930364529,9668.48287972245,8751.79330316593
5612,0.31,3.66191268622017,0.00550130993570486,0.00352687764520736,20164.9668015877,21927.1899441733
5613,0.239,3.31297904380053,0.0106127697792779,0.00669217414215753,10198.3023368908,11692.5427734174
5614,0.209,3.54925981474436,0.00898231646968486,0.0041420260348913,12162.9846819969,16820.0925143596
5615,0.209,3.32766442103647,0.0104623305768583,0.00816474791472709,10154.2129353853,9886.92620805217
5616,0.367,2.832524618407,0.0733908836493189,0.0589790383568752,1441.283938951,1457.17125031606
5617,0.273,2.64028858045919,0.00634452638284475,0.00384824841024145,12483.0916982734,14157.6639754405
5618,0.2195,1.86647422079679,0.0270350096300045,0.0183462977462556,2448.47112264763,2779.41223419841
5619,0.2075,5.38305790012685,0.056955283787425,0.0527855996851648,3526.40384168278,3077.51717821939
5620,0.2795,3.22367208691886,0.0101422539499232,0.00608088118504062,10423.8846593694,12554.2600195196
5621,0.3935,3.83856154357416,0.0176248839298353,0.00481295500611079,7834.36032647421,19925.7496159463
5622,0.3035,4.69114651432348,0.0122607221099948,0.00501536614871881,13322.3888756521,22165.1307638075
5623,0.221,2.05287116518966,0.0120876046451608,0.00821562719716108,5546.85683734522,6051.85869025211
5624,0.1075,2.0423951377748,0.0384229969105489,0.0330271106415028,1864.40657687838,1716.39162050427
5625,0.309,3.47588613928561,0.00524956932182549,0.00402229887540835,19814.7451200953,19140.5766051611
5626,0.3245,3.71501162184005,0.00726744223755497,0.00510162572793409,16632.9631811512,17530.7347663976
5627,0.153,2.02722536705069,0.0425919792128921,0.0386689298499584,1679.52588922269,1462.71718065477
5628,0.151,2.00552179852383,0.0352450386144759,0.0325560685561427,1987.6608883725,1712.94443321449
5629,0.4575,5.79829851675063,0.00915141977945673,0.00636151682568729,22432.3593588438,24617.7047096063
5630,0.2415,3.92992832408526,0.00828182823315914,0.00511294242137074,15086.6388416509,17417.7217264809
5631,0.264,4.58484814350205,0.00612338222172543,0.00513228213160695,22431.4339007265,20383.2279424948
5632,0.409,3.03493585557262,0.0142972527853217,0.0091507839240231,7620.45905231499,9065.33093669842
5633,0.3125,3.57451012867533,0.012468592511554,0.00853184977000763,10024.5718029271,11094.1136327747
5634,0.3815,3.54125812078302,0.00818989453636901,0.00521899192061766,14735.1315480144,16964.9845495445
5635,0.2935,2.18545700224833,0.0146154416088908,0.0060398769973661,5136.01489890032,8716.58391551252
5636,0.1815,2.91866986915116,0.0444397095895686,0.042757569909361,2352.29608146472,1954.45910960129
5637,0.2885,2.89433083551906,0.00707863374363965,0.00624233734154456,12749.0060512229,11261.9292050221
5638,0.291,2.54360072567711,0.0109532961638629,0.00547922915872408,7739.41520021017,10761.9004508251
5639,0.2265,2.2192784729224,0.0249087780524546,0.0185688301858217,3189.78151254362,3339.69233468602
5640,0.15,4.51448209384244,0.00923350131816048,0.00743747041036383,13992.5812455292,13060.0870003317
5641,0.2575,3.84885760738499,0.0234101669113731,0.0124239069639276,5838.79064736466,8303.62682626329
5642,0.2495,3.15613291605477,0.0100099928926322,0.00331168835025593,10256.8397756084,18370.187178554
5643,0.198,4.84297638252953,0.0144857886103775,0.0121829873167136,11291.48607137,10407.084412991
5644,0.3275,3.87057108450651,0.00963294215581281,0.00714918207358492,13646.4457620824,14003.9135915559
5645,0.3955,4.76241520013467,0.00766519234285165,0.00557196882813635,20937.488032988,21832.9232482949
5646,0.282,2.98641495897853,0.0158716383270903,0.0132617539699747,6566.24402308219,6187.90213919752
5647,0.332,4.48558058054041,0.0185198214847738,0.0163427705813434,9051.09936109748,8128.46251427763
5648,0.34,4.51925513607963,0.0101445115748692,0.00638876374970523,15349.050380857,18077.3903218233
5649,0.323,5.33961549622336,0.00632578033835345,0.00510943600998996,26912.2045365473,25309.9276706413
5650,0.427,6.21692436719838,0.0098731970899153,0.00592314160656579,22318.3103621357,27798.9722013225
5651,0.205,3.07955885829696,0.014019122352879,0.00873520420276341,7275.15417344715,8451.39340649567
5652,0.2465,1.98918257711226,0.010221323945729,0.00851220693141951,6215.47650874779,5743.63985308692
5653,0.297,3.27452382096456,0.0103824008269349,0.00928537040359209,10593.5646919122,9280.91363696023
5654,0.344,3.16906912259614,0.0241343378984447,0.0151626881761126,4778.52153821639,5912.05533301287
5655,0.2325,4.55957053778052,0.0101658537342934,0.00721170554031677,14582.884702067,15291.7818607495
5656,0.172,2.94974084731954,0.0136368898416404,0.011245531813906,6933.49831357001,6441.06647466169
5657,0.2845,2.05704185981682,0.00590975383096516,0.00472331272475461,10333.3025120257,9709.70451913452
5658,0.1585,3.48393475612181,0.0437924395714414,0.0381968082129484,2825.6479836049,2576.47099182592
5659,0.199,2.37644174046771,0.0120683575491322,0.0104416019629582,6280.51847574593,5611.37284885131
5660,0.2735,4.2003480283308,0.0121083113463947,0.00720080718501379,11784.8774628574,14522.7953363229
5661,0.217,2.74915243993428,0.0982527763160161,0.0728023232131729,970.495422564194,1125.50745205041
5662,0.3025,4.10776176283623,0.00618241684706409,0.00463943811867065,20718.4549639784,20500.6357644007
5663,0.2045,4.08888011151211,0.012193198333701,0.00973837731254562,11064.5739391496,10592.8061294184
5664,0.2105,3.57784881857807,0.0103110924642724,0.00697105175086696,11011.1684606958,11872.956871032
5665,0.171,2.03324609468197,0.0273443513651402,0.0116074165351149,2496.09321118907,4179.82626609442
5666,0.169,3.07719675035737,0.0424149887302802,0.0366946869209985,2565.71022014856,2375.00604303725
5667,0.466,8.22495446617306,0.0169181579140542,0.00619929454303136,17878.8803783626,36244.9139016882
5668,0.3305,3.32735329349177,0.0148299484317137,0.0130903123916343,7904.00204459033,7030.95865565372
5669,0.137,2.95361251559184,0.0238186906486033,0.0164333841855109,4263.32026821091,4746.17433433327
5670,0.134,2.53890092508787,0.0397343584051482,0.0141077394897199,2162.73398248938,4357.95151594698
5671,0.3335,4.56910124596932,0.0159152942717114,0.00651667155098137,10246.2578846651,17754.4583123864
5672,0.3335,2.57289848980974,0.0151197322114828,0.009229691950129,6026.79336532138,7423.47386956369
5673,0.382,2.63872850927472,0.00519952398901755,0.004043367174013,15712.4939391759,15136.8909591037
5674,0.121,5.91383456538496,0.0794694055727865,0.0703422319583819,2646.16648485914,2480.60627658599
5675,0.2115,4.32306794975807,0.0533633843473061,0.0467965505343287,2970.47045881151,2736.03626542215
5676,0.3225,2.26017777861306,0.0140765513137468,0.0091304249192286,5595.38834465173,6525.82541436464
5677,0.202,4.56077611085705,0.0204468876881727,0.00785849855908533,7502.58297753389,13614.7187898442
5678,0.3735,4.52766194131564,0.00657882736841182,0.0052995997845682,22417.8979972609,21414.8291608826
5679,0.2185,3.49394180948405,0.0095675611102561,0.00686304939128236,11513.7920510132,11838.2198765687
5680,0.2115,6.30501776472231,0.0220860615973468,0.0197112968596869,10135.4266112681,8946.77218005469
5681,0.366,2.46483128515878,0.00806860559933668,0.00737320888392445,10084.328270494,8712.18164839388
5682,0.26,3.59337108626092,0.0106185263317951,0.00870128784552032,11206.5669853019,10578.0027823837
5683,0.127,4.25046208751907,0.0166122267900009,0.0134354110212053,8123.9181572423,7657.96787936837
5684,0.2025,1.45002151385476,0.015653238137722,0.0113451282011676,3041.82348455519,3166.41272916408
5685,0.1335,2.49594936522121,0.0249184554163799,0.021521545006529,3400.40590019093,3088.94418315028
5686,0.293,3.89585567753632,0.00880590309604504,0.00695878539457667,14609.5278452317,14133.7248172391
5687,0.106,5.17430534715083,0.0689549949386549,0.0617907476433886,2564.2192524416,2378.43081507989
5688,0.222,4.16714548096971,0.0157069335587211,0.00656847349130254,8944.68800139852,14854.5125652692
5689,0.442,3.49033914421211,0.0112683271006065,0.00358033185177519,11009.6530141333,23214.7471658527
5690,0.24,1.89121386524247,0.00810047218712367,0.00732836726140828,7028.41993581352,6051.08086717627
5691,0.3445,5.60919660534538,0.0293591550515016,0.0218218991606198,7078.9536958423,7567.80178268172
5692,0.4145,3.58207863365309,0.0102781846346586,0.00689346934549565,12306.4274243074,13922.7371732817
5693,0.2665,5.18214548975745,0.0082809833225365,0.00669939532604445,20166.9948571953,19042.9017392956
5694,0.228,1.99659087795786,0.0120291825444203,0.0105796618649978,5409.64056989924,4798.45653428001
5695,0.094,1.86551902026983,0.0507931342797738,0.0478974537738749,1263.0573059442,1058.09244368585
5696,0.2575,4.04215832407683,0.00559282581560095,0.00405034374619156,21259.3061498714,21160.5916496988
5697,0.2925,4.38862829541013,0.012132467758637,0.0045717437723621,12400.5836215814,22014.6868802702
5698,0.186,4.01061752790364,0.00961105297132515,0.00446263815384548,12869.9794922389,17680.0199510421
5699,0.289,4.56414579717221,0.015915328487466,0.00891587748435057,10137.1677823839,13539.4075696479
5700,0.287,5.92321485058883,0.0124362740605412,0.0100636522439132,16597.2305135751,15957.4560858664
5701,0.124,3.9083365208508,0.101095568796567,0.0729912197206724,1324.07680465795,1567.31870830195
5702,0.3475,3.26809342176383,0.00638356331270862,0.00360290260426432,16512.3237504892,20371.6802405116
5703,0.46,5.90356384596311,0.00944730112924325,0.00666978935439629,22475.1275464586,24343.2781774932
5704,0.3675,2.52506550459715,0.0186745108943283,0.0112403586557244,4806.66703988353,6137.91874058668
5705,0.271,2.13861092073771,0.0178267073454227,0.0106452789166494,4160.90820808786,5226.49858906023
5706,0.182,4.608792880576,0.028213157862619,0.0220570229791649,5829.75022718678,5817.328774313
5707,0.3115,3.99512596653898,0.0139348841210462,0.00368274905628289,9959.89315774218,23754.0843460663
5708,0.217,3.35136253928025,0.0250182420836114,0.00934717621040612,4622.7049252561,9025.49276323311
5709,0.2585,4.60021206395105,0.0057742098493281,0.00426393064664861,23910.0122070431,23640.6095249978
5710,0.1525,1.71970435183355,0.0412696572004435,0.0378097872143473,1461.52227981913,1266.02828893161
5711,0.2135,4.51419407663318,0.00785072955081194,0.00649356444646874,17403.5660826822,15972.4349642789
5712,0.285,1.84553656305296,0.0255665037321018,0.0131586658705854,2578.40576552807,3765.81687413113
5713,0.1865,3.74292921518593,0.0804115357213898,0.0651945419722756,1682.74262448912,1712.55378303815
5714,0.2815,2.48731487731493,0.0899202850919081,0.0781871601792525,1026.49109963584,960.042830314928
5715,0.2025,2.52771642352666,0.0282255381148993,0.0163131560277178,3119.84645286515,4147.37075919508
5716,0.211,3.44971783830976,0.00768225805803321,0.00520155952686485,13566.4355820769,14337.9607877616
5717,0.3875,2.92053514463002,0.00844193180389413,0.00694999601636624,11752.2856826533,11047.4677287415
5718,0.3555,3.64675132354518,0.00735234196772835,0.00595257702738527,16522.0292126985,15756.8304039638
5719,0.3615,5.91212093764987,0.0123232854483936,0.0095704220403228,17061.5856026279,17021.6006377986
5720,0.2665,3.13659495053783,0.00823459201022596,0.00331280868824452,12152.490800004,18650.0875938462
5721,0.231,1.65667035654094,0.00700761096538598,0.00503215327067038,6926.8147123976,6976.16393653767
5722,0.379,2.56104634492679,0.009146674329613,0.00635598155089515,9534.09832074468,10345.7331236204
5723,0.414,5.42609204460796,0.0164702764411815,0.00998237553388048,12039.2530110663,15283.7720010802
5724,0.327,2.72476050385297,0.0197784148990498,0.00928091940336564,4929.65101301252,7831.20680295452
5725,0.316,3.43378355213276,0.00928314981017499,0.00702116007193221,12313.0150729017,12431.5629837156
5726,0.2515,3.35248164450738,0.0209793906305204,0.00479067607007024,5505.43934651716,15433.110275193
5727,0.2665,5.12247805458135,0.0189723154192324,0.0154209431387732,9616.83918120573,9353.47066583934
5728,0.2075,3.37287593332959,0.0109567390823911,0.00469899835743055,9867.30759341861,14567.3629646733
5729,0.129,2.4864315392483,0.0173039389083198,0.0133847073077207,4525.37805257575,4425.27830559045
5730,0.278,3.37345879823276,0.0121130199780485,0.0067152276306063,9468.84283105967,12472.4185014746
5731,0.4135,4.34882786330583,0.00871666610095497,0.00475789191339634,17391.995664582,22899.8373869481
5732,0.351,2.74902082017474,0.0112756614652629,0.00334203528388957,8468.62376133674,17890.8094988192
5733,0.353,4.08721812286605,0.0105885885331714,0.00602199042321651,13485.9300879657,17425.1951892604
5734,0.303,2.45798429765661,0.00798298558143109,0.00730373104174393,9823.59003290003,8426.08488008881
5735,0.154,3.70459980425533,0.0138636544306695,0.0122163395161391,8472.5401940377,7468.02744318887
5736,0.191,3.26875954078146,0.0188735358115237,0.0161509279823295,5944.29880040531,5423.1600523059
5737,0.2405,5.2977569617686,0.0164526229509222,0.0130429013555311,11243.8748673385,10999.1422396846
5738,0.104,2.84645506527182,0.12418571926191,0.116352040689531,790.970976363532,685.53885954072
5739,0.3765,3.21177746784033,0.00947143763679236,0.00560391441687734,11543.8673385119,14277.0171184554
5740,0.2235,3.45255153797237,0.0110517897903198,0.00859192998365449,10165.9525526344,9861.86249995504
5741,0.324,3.49237474316037,0.00548794979606005,0.00394128395344802,19451.6510658637,19769.4954492266
5742,0.245,4.32707479319112,0.00671979143514515,0.00511721763795041,19600.5362140443,19088.6655006109
5743,0.104,5.83017177650067,0.0539662751104238,0.0476550905870436,3754.89633432572,3418.36771720613
5744,0.2875,3.69372675886888,0.0106911904072399,0.00878600136017284,11697.7600309847,11015.8082692954
5745,0.367,2.35256417188848,0.0047219824889892,0.00377952980003271,14755.4480076431,13788.7716365904
5746,0.2135,3.84876196136621,0.00985353735827962,0.00563210319966972,12189.701951542,14873.6085818871
5747,0.171,5.05919452173114,0.00886471177091518,0.00695528907240407,16653.8673517671,15865.7594226432
5748,0.1695,3.59792289669056,0.00672271538845454,0.00460430075591091,14466.4577384641,14578.0274547717
5749,0.408,5.48888779586358,0.00976687062135164,0.00776079402467839,19607.2259470229,19159.2643465754
5750,0.196,4.4302019166028,0.0117819853643821,0.00874612310795055,12041.6769628035,12171.2968047852
5751,0.312,4.48990081395088,0.0262093859346426,0.0232145903375082,6367.32418717213,5692.88305530507
5752,0.2435,2.96964174716926,0.0165430961437905,0.0108499733961212,6174.39415780963,7101.95276872457
5753,0.445,5.38420933018136,0.0146786277023513,0.0127531769328989,13551.1097378418,12298.7635008055
5754,0.324,2.26812464457615,0.00934608114773546,0.00529544225624757,8109.5741579056,10225.2010028019
5755,0.292,2.84939901368059,0.0176125113399511,0.0076349648852646,5677.29608809903,9387.51987306714
5756,0.345,2.26168082221034,0.0107473515812773,0.00734034348414885,7227.45728008315,7918.95675518882
5757,0.1725,4.1752962454408,0.015922302887814,0.0128271558967026,8574.73346095092,8216.55519183801
5758,0.1345,3.80379795546892,0.0235243472188588,0.00766750557811662,5228.1233309317,10302.2886422153
5759,0.2895,3.03142638758615,0.00562499140972348,0.00448102203154333,15987.3702938411,15067.0591310152
5760,0.2915,4.22606495024809,0.00977176331364493,0.00617324388436664,14611.0049408325,16934.9360244323
5761,0.256,2.92769568101702,0.00721993652233449,0.00628027632012912,12290.9220295597,10904.87311168
5762,0.2935,2.05498736113748,0.0219365548026511,0.0132106675113297,3317.41715003372,4191.8037608066
5763,0.205,2.94474532508009,0.0203628349219158,0.00734152039283167,5018.14198473282,9342.45100309102
5764,0.209,4.24460733403172,0.00753434508590039,0.00518652145333389,16795.4111475312,17415.0347175313
5765,0.4335,3.85569542053981,0.0175301137190458,0.0057754549898422,8000.50286303668,17508.816586563
5766,0.2035,5.22349226734681,0.00784192147886119,0.00618356587202231,20193.3409498322,19174.750000945
5767,0.412,4.69755214949709,0.0129648933405727,0.00844673708463275,13068.763242957,15370.5094716514
5768,0.3105,2.18804121167945,0.0424499073439664,0.0134756667109768,1780.33194898241,4439.16090849107
5769,0.2305,2.05391651930432,0.0291751235818999,0.0090792220674374,2456.229429499,5552.69065453592
5770,0.233,4.09347615974571,0.00998626040255507,0.00591989727467939,13077.0034561069,15420.1958944445
5771,0.109,2.7086109436865,0.0611818268356261,0.0487375846534597,1513.41143357662,1495.32610245732
5772,0.099,5.37142034654856,0.0558793148285541,0.0509222646862385,3343.57940184612,2924.75536504226
5773,0.435,5.6236592180841,0.0214227750474747,0.0118202443726465,9734.26008907087,13789.5301452096
5774,0.1685,6.05291500523071,0.0492364534445186,0.0439264995644128,4489.52143735973,4010.84782192634
5775,0.2065,2.41329482565712,0.0215179143746878,0.0179636561084354,3852.35005484707,3589.62246676401
5776,0.1695,4.30062478011717,0.0539829497120499,0.0422061587575036,2867.61154281587,2966.63968332871
5777,0.343,3.53463530787927,0.0251367206445506,0.00626958898623055,4979.04951632275,14142.125535164
5778,0.2285,3.8450411590224,0.00683198733709042,0.00524609991781461,16839.3635940175,16206.2696944895
5779,0.205,3.60077974966379,0.0104952860992612,0.00872928522702002,10886.6336960265,10082.4282185555
5780,0.416,4.75307616237554,0.0362468297952549,0.0321046200034062,4915.33902107532,4459.23105324699
5781,0.2845,5.02015100466746,0.0328008162129943,0.0219250270201268,5589.46231309403,6659.93276148351
5782,0.2805,4.86684673279375,0.0130029433606936,0.00694019634907854,12824.2866485942,17391.1014158598
5783,0.4015,3.99883332996196,0.0158093882347635,0.00383175471971426,8988.76166398678,24555.9256721544
5784,0.3,4.50795077827645,0.00855545883096683,0.00588247068414487,17339.7681872116,18723.4621910135
5785,0.258,4.68042909776468,0.00757793736066221,0.00514227038545908,19306.130741604,20643.168138363
5786,0.2885,3.43212852291885,0.00535160806946871,0.00370556643328927,19131.8008739293,19720.5756575068
5787,0.305,3.57761360131883,0.0131198153740672,0.00964915171928795,9555.70756004854,10002.543493743
5788,0.1965,3.40244674495216,0.024875832344836,0.0185249460619184,4811.18287104309,5011.19191043482
5789,0.1705,5.46282540653729,0.0221747975454347,0.0203009846556176,8538.74804523991,7355.74909867898
5790,0.265,2.62391597206881,0.0232272655362467,0.00944091714793377,4011.82006409126,7158.51839862318
5791,0.1795,3.92424670804561,0.006264298228248,0.00504069660724813,16895.9684312454,15524.2512202552
5792,0.426,3.80506945235971,0.00941041581427244,0.00689034807170483,14176.1204462701,14879.0544176618
5793,0.327,4.17204816209101,0.0133936947379357,0.0122969918502278,11081.2999442261,9568.22684507456
5794,0.1795,3.68087798133827,0.00836843408982285,0.00530897839571255,13066.068159003,14265.6114313811
5795,0.226,4.37145133711356,0.00874423048829884,0.00647421047687501,15638.630403629,15683.4351585014
5796,0.38,4.69576468294624,0.0155800286958299,0.0115931365532262,10954.7533070996,11495.8878765967
5797,0.337,2.83803718993856,0.0116660054528003,0.00901581130852284,8378.51597433705,8359.9039057078
5798,0.1425,3.4772559770006,0.0335862059170236,0.0252057815136963,3670.23979709105,3883.38507088462
5799,0.267,2.69955080528116,0.00654123661614722,0.00551652295651902,12387.4891044447,11244.998941091
5800,0.149,3.61832349922562,0.0166458996128142,0.0137838783927886,6982.24497144276,6533.5150853215
5801,0.309,4.54926070675728,0.00844591766348719,0.00637550556077454,17818.672355208,17901.5935684783
5802,0.1415,3.65653810600983,0.0198278906539094,0.0109555808821723,6037.33427499105,7878.07390387079
5803,0.3455,3.08765293240879,0.00509208774750202,0.00345225388062943,18443.4522130039,19523.9368435401
5804,0.2935,3.1208403625669,0.0181666994561411,0.0150700260936058,6145.40114946419,5805.6257401494
5805,0.247,3.63754534532327,0.00599504620384744,0.00387266810380565,17951.4706192971,19352.1614268311
5806,0.3875,5.50372676236457,0.0303526891107321,0.0220686482783958,6826.12001148435,7486.92012560108
5807,0.198,3.28432159253016,0.0194557432787831,0.0124011136929923,5763.97523147206,6786.25638309634
5808,0.332,4.11461458570962,0.0118612791018423,0.00744851614303546,12108.6012614587,14385.2591573416
5809,0.18,1.9419322656681,0.0904284299257185,0.0505562077860572,740.467817016752,1100.07757415131
5810,0.1345,1.9628552701761,0.0461153111843435,0.018282851605147,1466.16407373513,2752.29354404842
5811,0.113,2.49192109493102,0.0498473785297901,0.0352173929108957,1775.13794779723,1988.67887368684
5812,0.4035,3.14633175404894,0.0112147270288602,0.00841606593091845,9911.61867733498,10152.2357226069
5813,0.3425,3.04354098735577,0.0750029837105397,0.0637344248991672,1483.50538864958,1434.84844425873
5814,0.2535,5.66772595083788,0.0567983420319983,0.042204109504942,3608.51880508401,4063.93873000547
5815,0.2515,3.44623720923358,0.00690487277048749,0.00443077124201535,15162.1353043642,16581.3070475806
5816,0.2765,2.48233729910193,0.0188930682060016,0.0129060616636208,4651.17530133486,5235.46126232596
5817,0.2555,3.01983262789153,0.00460872623429401,0.00357917438055471,17629.1722456811,16581.6997245179
5818,0.2805,3.25655357775342,0.0313424104405824,0.0277768873581992,3787.04529443661,3389.00967992865
5819,0.28,1.81247337585698,0.0108110661539112,0.00962400432800523,5462.64206640894,4819.62881447062
5820,0.1535,3.24026052964849,0.0458821988888659,0.0271300217790276,2479.29685600646,3290.86303674421
5821,0.3245,2.33016581082907,0.00547109403377502,0.00398210167353654,12744.2685546424,12766.6365415379
5822,0.3495,4.33257419054871,0.00740029944080148,0.0045360202938868,19510.4728581504,22919.1931931496
5823,0.1535,4.41525744764534,0.0780537616761526,0.0612963854882669,1995.33940052157,2108.92634220103
5824,0.285,4.11743739246542,0.0060829475347004,0.00475667043561051,20805.7866363377,19898.7387908715
5825,0.445,5.51144003974144,0.0544352066156598,0.0403489631291059,3761.76639911995,4132.35887070495
5826,0.3095,6.16904624773899,0.00844008099046653,0.00655926459813953,24662.7888157702,24154.7253493893
5827,0.371,2.74244926386891,0.0137756386234578,0.00581178924697177,7057.93273480043,11862.7366237576
5828,0.3495,3.44804152667921,0.00750428422374577,0.00502796778454437,15185.9082147578,16645.0907972622
5829,0.1305,2.80834518062602,0.051656168400122,0.0239149670653633,1819.79166110767,3173.96913682308
5830,0.2085,4.40079196060888,0.00807244573461107,0.00621707869179064,16568.9091028332,16023.3756587369
5831,0.413,3.24400627315931,0.00715578160277091,0.00536021076034224,15211.7346650764,15409.4727193438
5832,0.247,3.36015695655286,0.0184641743534414,0.0130519662600641,6377.60674621988,6975.73871484325
5833,0.157,3.89946630411957,0.0119506197339236,0.0101756034646342,9971.2183111738,8984.14178558539
5834,0.1335,1.47098581236809,0.0334512799664949,0.02910218462978,1507.68750039267,1366.37681952304
5835,0.2655,3.33490843317229,0.00745443239674789,0.0057913530320869,13973.0535892146,13489.2512900756
5836,0.098,2.1277576468986,0.0681587584760085,0.0627970964150976,1098.75799164886,951.637557452396
5837,0.3755,4.08867180188827,0.0237712129458103,0.0192965678286169,6558.22716128696,6425.81673849536
5838,0.235,2.14889726227088,0.0134749951193287,0.00997279636587988,5422.4306908904,5546.54419630606
5839,0.2635,4.42519654429107,0.0238251318142032,0.0139429245780524,6655.70113249188,8825.7959363727
5840,0.175,3.39468085349585,0.106806207252088,0.0889735572607443,1145.09060957334,1145.29552619472
5841,0.3755,4.42182261513953,0.0170200451511004,0.00428258159355605,9403.20648253066,24635.127065977
5842,0.4385,4.75528916355788,0.0156297732851834,0.013357812350537,11178.9089662213,10328.0210916343
5843,0.3505,3.98507030442626,0.0472694461227076,0.0378582856252643,3178.99346403538,3229.4132796561
5844,0.2275,4.61711344648946,0.01260067511809,0.011033024803359,12236.0857671405,10917.6950763196
5845,0.195,3.1857690640714,0.0364978839351344,0.029577896362292,3144.83446425352,3083.54932790664
5846,0.1995,1.6177936894723,0.0357161957179661,0.0108253337731757,1567.04772241689,3623.98997033479
5847,0.221,3.08133692879233,0.0275337532683117,0.0174972990979297,3956.61534542126,4812.13652932296
5848,0.3875,5.28433275236011,0.012261723875087,0.00937410096523645,15518.1773372698,15752.7098534279
5849,0.284,4.00131143928906,0.00587945245729444,0.00414454096194965,20410.5900390856,20933.9808113166
5850,0.2715,2.0921182420221,0.00539575955070213,0.00359670955577181,11265.0267105349,11900.2764089669
5851,0.1725,3.17056551110006,0.0198995006010543,0.0132605405966027,5337.04258964133,6016.30860407606
5852,0.1915,2.75983427429328,0.0313884273828644,0.00795260292354213,3020.83727271786,7977.60311842879
5853,0.2765,4.26217999345161,0.0061218846456061,0.00504875532295142,21303.0684491979,19565.0408237155
5854,0.295,3.36028300583189,0.0088399015910932,0.00740885359898651,12500.4020545842,11519.973909686
5855,0.238,4.39898547280232,0.00974148214373373,0.00696354441624177,14539.6702018146,15136.9461186217
5856,0.132,4.23553583475097,0.0116913649274185,0.00976139096057039,10829.9274970457,9859.83314269965
5857,0.2975,2.45465812806304,0.00418179936702378,0.00347017415481353,15845.7961824846,14456.5901448879
5858,0.376,5.03930133807951,0.0102149041084951,0.00545833231914717,17342.6399762916,23592.750734314
5859,0.1835,4.13585082595159,0.0110615139010761,0.00721775077825315,11723.6368950086,12905.3961900358
5860,0.183,2.69399162403616,0.0232117034513583,0.0117491324982305,3974.1491038425,5757.14629201551
5861,0.3665,3.08559458508477,0.0185957727900988,0.00708466630418786,5979.71442366966,11486.0978940641
5862,0.148,2.97358247001363,0.0567395085982063,0.0446106040750394,1887.20871914535,1938.67851622194
5863,0.2465,3.78250436150969,0.0149402563348199,0.00593052943434209,8675.75182351944,14771.9018847253
5864,0.2225,4.63287425852551,0.00827890073069738,0.0071479138225264,17171.920895052,15387.1632326307
5865,0.29,3.95408792918211,0.00803435212685937,0.00625953173744641,16077.7018318563,15644.0702524928
5866,0.1445,2.15775819288266,0.0288239182352074,0.0201585299072958,2540.84256599644,2797.5694692015
5867,0.3945,3.6401021566594,0.00716445667412959,0.00616689298559366,16834.4294783514,15207.6922012478
5868,0.124,3.6852124178601,0.0698243347501295,0.0590549531828733,1874.89440181024,1815.74023150025
5869,0.1645,3.16088744968634,0.0167858272070746,0.00837521008496925,6102.88363332493,8608.94270299355
5870,0.1005,2.5237905756984,0.0220555034253244,0.0187781726497368,3625.70888492872,3287.80038757481
5871,0.283,2.58376736229826,0.00779422937810723,0.00376908967267001,10529.0676543722,14396.4774989451
5872,0.1375,2.76699373081116,0.0275882216384781,0.0210214388082104,3440.84330179075,3482.66798896903
5873,0.4195,4.77929178072426,0.011768276540599,0.00859990177505511,14511.5347322135,15280.7476233738
5874,0.3205,4.79360516198963,0.0117748100691232,0.00877802122861515,14259.1242477816,14701.5277459186
5875,0.2055,5.68415467729668,0.0160589168329799,0.0124768587490231,12204.4915078561,12078.6192559107
5876,0.273,3.78991404261703,0.00529267980060089,0.00350374858383698,21031.95937609,22298.018186707
5877,0.2675,2.17036415587753,0.00667662974778431,0.00561024750581028,9838.5679647187,8958.78923803996
5878,0.339,2.40419106741444,0.00699474128991884,0.00496374605151609,11002.7640628738,11416.0008073165
5879,0.2355,1.62895451881181,0.0077305920320793,0.0061412597541951,6346.95479233441,5928.15554895261
5880,0.296,3.68303727228359,0.00647581997617216,0.0053699525726588,17881.271307146,16505.4818123151
5881,0.317,2.37257180595157,0.00690306646316956,0.00541107820092332,10806.0778031021,10455.0964982625
5882,0.325,2.4061631730295,0.00536472185443938,0.00386218231351265,13290.0368394139,13462.4368622706
5883,0.287,2.40098848217293,0.00535638549787055,0.00436524952520059,13148.5920403864,12172.7212170395
5884,0.1815,4.60446334820598,0.0166700356296022,0.00992819335973168,9214.82835422169,11240.3165689244
5885,0.198,1.75838679528436,0.0223520672532594,0.0098962547383378,2670.04001689925,4269.99234264978
5886,0.1965,2.80871224518444,0.0117136968290235,0.0100914718265199,7616.0925076205,6836.33488605745
5887,0.153,3.22768943033316,0.0120679310305101,0.00987435666281709,8125.25722373691,7603.25262795106
5888,0.238,2.8867965392409,0.0122961090205089,0.00955784629332854,7799.24952070238,7684.11919363916
5889,0.0915,3.35299203248394,0.0355802915592766,0.0315527158928119,3120.45415201738,2789.49336809236
5890,0.2545,6.20577714196976,0.0151041935939165,0.0111538127417055,14319.7509308329,14910.4565836465
5891,0.4355,4.16041187708723,0.0194772595211384,0.0109897769899253,7874.06807156421,10766.0470771613
5892,0.2805,3.15639583918329,0.00739025269916947,0.00538005688774702,13546.3825858471,13787.8389345588
5893,0.227,2.12757569635025,0.0223289581628506,0.0120638087544508,3346.60629531657,4539.8545868109
5894,0.1135,5.25165028349432,0.131744985777604,0.109924784523251,1321.33763472148,1378.14018996033
5895,0.188,5.8444037241424,0.0304163191379402,0.0239489278103414,6869.80059120332,6864.51395030664
5896,0.416,3.15136526599025,0.0126806349848313,0.00496095969645812,8788.08861982905,15832.876262088
5897,0.257,3.20240445361563,0.00965826346519969,0.00743311047252946,10888.8994162218,10737.9634622384
5898,0.2815,1.7714197226961,0.00970299366727511,0.00785897767429906,5936.79633947265,5590.97268835616
5899,0.3105,3.19672445614309,0.00541620834097529,0.00439380898059642,17823.9831595498,16603.5925651933
5900,0.363,3.15891791796011,0.0108439634230523,0.00782492838719889,9997.16433234864,10591.7725497385
5901,0.3165,2.87465665613838,0.0136630867255678,0.0125454871362764,7329.31228932724,6307.46931054989
5902,0.2365,5.3991758416457,0.00908970196675883,0.00674586512622884,19000.932163503,19163.3643393334
5903,0.2135,2.79611278917606,0.0155760526518637,0.0102806410986145,6118.53390953026,6894.19306661839
5904,0.158,4.59825848285914,0.0116835834042266,0.00839363035688718,11828.3397082667,12002.3137671239
5905,0.1315,6.30436402641665,0.0196274259079161,0.0161307783294912,10407.4199745975,9738.89503330926
5906,0.281,2.19223884578132,0.0101958952664596,0.00460676426803728,7092.10746265248,10531.3528337348
5907,0.188,3.66988202734726,0.00821365785755776,0.00751927616912726,13222.0016438739,11291.4065007818
5908,0.436,5.57244075975781,0.0119105357541351,0.0103856171138643,16876.9637695567,15267.8628529435
5909,0.333,1.96943608886772,0.00593708079042709,0.00476793074875765,10282.122178108,9692.41530630834
5910,0.2135,1.91102649884858,0.016244927731683,0.00930648122360023,3927.74942407028,4961.69529996286
5911,0.2285,3.79103552697221,0.00705145410311894,0.00498294344400308,16214.6626275626,16486.1975852266
5912,0.162,3.90033892365315,0.00729860275067982,0.00599316363622157,14693.3247474992,13342.6088219999
5913,0.1675,5.74016138086893,0.0455201539198253,0.0391465472593918,4572.20473234592,4301.32177122904
5914,0.2265,1.62677680909482,0.00944230969019401,0.00488009752676006,5325.24339718451,6867.88263977187
5915,0.3,3.85296741138411,0.0150957930711672,0.00853490048246447,8982.99869276497,11824.9413700072
5916,0.207,3.93672412854455,0.018923122028296,0.0137810456365515,7170.09468580663,7607.57187693618
5917,0.2925,2.20074418240121,0.0197438255144963,0.0144097075625628,3934.18229973715,4182.5980517663
5918,0.194,4.06031159805817,0.054995109544404,0.0505177376735014,2702.75525100455,2358.27910931387
5919,0.1535,2.16202664214361,0.0609517657505563,0.0458341797802692,1248.86550938448,1324.60687670427
5920,0.1555,3.76815690060849,0.015041367023704,0.0111854939906785,8142.17398617324,8183.81350056399
5921,0.098,3.5796394081342,0.0493584836938366,0.042652525497894,2482.09622037022,2271.41637814803
5922,0.103,4.0430469561523,0.115159889570271,0.0988539953858037,1202.04461928007,1152.06118487182
5923,0.417,2.89361208665388,0.00639542768282745,0.00477606151365768,14841.2126903793,15025.5990977799
5924,0.21,4.38676709044043,0.0152457168069855,0.00724273913180018,9678.4492978744,14313.2767723972
5925,0.215,2.97176320008676,0.00859067812363223,0.00656632549247705,10623.1234758276,10368.7906717506
5926,0.3335,2.55997699110509,0.0102422377236493,0.00596678752694246,8498.26372991402,10653.2281043308
5927,0.187,1.93661454445543,0.0198379523497884,0.0152588365759709,3303.64151376849,3294.47244553047
5928,0.218,3.41985944039664,0.0799356181330507,0.0461636404790436,1405.35739465635,2194.91548424401
5929,0.2765,3.05856663779675,0.00687881349747761,0.00590988164388404,13650.1389591143,12177.9007588017
5930,0.443,7.04929076387914,0.0240191073033493,0.0218689772902445,11027.1099402671,9632.17486228275
5931,0.3365,2.16300991465393,0.0154639494784971,0.0142792215129133,4934.3891505628,4211.17588865032
5932,0.4435,3.88053435051449,0.0176940381426929,0.00643366845144064,8058.91826528613,16161.9348406108
5933,0.2465,3.10966138884961,0.0589807673973287,0.0508005260156055,1928.68657351687,1794.24583051886
5934,0.2015,4.76150097343706,0.00810082167825566,0.00606655340943908,17661.0196284279,17407.6026322135
5935,0.3355,3.8527379628168,0.00749699934226541,0.00573086089604865,16837.8321901417,16668.8857834804
5936,0.231,3.20763746831066,0.00399399713739271,0.00333495317465372,20184.9685036809,18022.4944703187
5937,0.206,4.33276525636038,0.00657807886510096,0.0049342875335757,18908.7454412936,18509.8111250851
5938,0.1555,3.45657336106341,0.0114692206653759,0.00846876488941564,9217.00766939849,9303.85932027989
5939,0.199,3.51719995151555,0.012939160044623,0.00937041511743837,8986.04817408665,9267.89943410377
5940,0.315,2.89008544828516,0.0103170707964671,0.00622101703044403,9508.67763752511,11406.4633753044
5941,0.3985,2.87047484308523,0.00725946156585252,0.00558172287065077,13167.9149734087,13001.3257889823
5942,0.121,3.04616440245283,0.026483349063589,0.0130365704785509,3731.43536245014,5378.62441986853
5943,0.235,4.0607823643056,0.0149248905586965,0.00835987156534833,9343.47702839965,12260.0410457061
5944,0.208,3.3837747709101,0.00914265768934081,0.00593963579713881,11394.8168408609,12495.5081920493
5945,0.268,2.98568669649063,0.00630539823524584,0.00537470240364407,14282.9084458139,12853.496350365
5946,0.273,2.01007167158889,0.012504638384278,0.0109473679589383,5448.12158431708,4858.73817997145
5947,0.2795,2.19926767336697,0.0120095042182442,0.00669562134329202,6152.76446977442,7883.98421060615
5948,0.3455,4.38337171025343,0.0115923372030892,0.0073505255696882,13164.1078235705,15607.3686685363
5949,0.2495,2.59777638464305,0.0194652176533238,0.0180703217603948,4712.82622971059,4023.88390595128
5950,0.187,4.74504367812815,0.00803534602233775,0.00603033849206705,17559.9314733124,17162.3559117955
5951,0.392,4.62501293064696,0.00760233600982031,0.00447913315131793,20631.0479181819,25300.4078460597
5952,0.324,4.57111682459298,0.00852435535675529,0.00716345504487943,17967.5085195544,16463.0011521229
5953,0.0975,3.14150199134096,0.107540147650853,0.0973700890644625,1014.35281549704,911.275533073281
5954,0.1415,4.610168083419,0.0142461294658774,0.0121019453424935,10176.9936908517,9299.46839663268
5955,0.1835,3.08767281340777,0.0539247443476862,0.0496440334574511,2078.49219885385,1816.26639493189
5956,0.294,4.23092003861796,0.00675614343716985,0.00539058903751097,19646.4338937668,18658.4856970349
5957,0.2415,4.53060634536567,0.0214922234166485,0.0195878186104226,7607.64339661047,6633.17227122016
5958,0.286,2.09252806242292,0.0043473665114662,0.0033217008603725,13092.870495982,12508.5530991619
5959,0.1275,1.91171164786492,0.0487679694908189,0.0344470504639418,1342.01426649077,1490.67421095272
5960,0.376,4.34657123381688,0.0356537852603715,0.0286679381768022,4547.24851251038,4491.0177831058
5961,0.182,4.21689073390735,0.00866650260441234,0.00763246960740298,14474.3848148636,12682.6822710276
5962,0.2355,2.06209516676893,0.0167692842556604,0.00867310779528537,4180.56972082264,5867.5772275753
5963,0.267,4.21424307174562,0.0164431873713761,0.0138871531843253,9165.80653522881,8525.22390828003
5964,0.212,4.63996713760799,0.0274438773141583,0.0154978683078093,5933.48323213292,8197.532809956
5965,0.283,4.38698093999357,0.00843473561290871,0.00714789743154004,16918.8237181242,15404.0453727843
5966,0.3465,1.9366644215452,0.0149288470634587,0.0117291970230734,4574.86522102775,4493.36687593423
5967,0.103,4.21009093419454,0.0288546185884342,0.0236140410172876,4805.39308435497,4542.34519668183
5968,0.109,3.76344763725294,0.0828117105176508,0.0693715408939168,1594.72121795778,1543.43063075436
5969,0.2175,2.00047596722785,0.00849114753383889,0.00690958097216269,7210.88543539102,6724.59327301436
5970,0.27,3.36619105184307,0.00857769431284895,0.00542984740948632,12686.9599793699,14518.5605048433
5971,0.1425,5.83227419401596,0.0242479357209773,0.0186996118214812,8254.39717739469,8248.9675819784
5972,0.148,3.17327509135303,0.0460871269574537,0.0398188748351075,2415.6412171699,2222.60501067203
5973,0.227,4.33833426403478,0.0179985576963406,0.00434030501972769,8255.10181382426,20916.5543202311
5974,0.1915,4.27018216948356,0.00878692596485552,0.00574746804365451,14633.2797602874,15815.0824005038
5975,0.1115,1.77166817577567,0.0227938668371573,0.0198723518406138,2509.6460981126,2250.25599370415
5976,0.1365,4.62033766762836,0.0145175142127023,0.0112848222377763,9960.27085348405,9666.85139432658
5977,0.198,2.03804728981139,0.0998756360959943,0.0826658123681019,732.062393509556,721.22120343138
5978,0.446,4.27737896594383,0.0082935756534488,0.00625667306183646,17947.4929992386,18221.1600182729
5979,0.419,4.83447562389471,0.00546514803935379,0.00437515422998621,28854.1385705096,27472.7346514617
5980,0.1995,3.40978426245801,0.0376048413302813,0.0348477235800909,3324.22001078188,2867.36013431595
5981,0.224,4.9749331066844,0.0124477068902932,0.0112631537036599,13271.0011408791,11519.6423988215
5982,0.198,4.19803365581297,0.0116737663940502,0.00625416320170747,11617.6569844298,14937.6375800302
5983,0.456,4.83186080097629,0.010273929774271,0.0074932985574785,16927.3013999205,17861.2194145842
5984,0.181,3.6301052192156,0.0178870454269974,0.0112808763978579,6897.32830568469,8117.2021472652
5985,0.465,7.22858078075871,0.0216186308113324,0.0166209805063189,12605.900106995,13006.4548662257
5986,0.383,3.07101382041502,0.00514927590879712,0.00421846981179958,18690.1731610342,17363.7489396721
5987,0.3955,2.92683755180574,0.0193061799858861,0.00596736110100099,5400.67261121442,12585.8612103031
5988,0.1735,5.47917718883212,0.0151502908242644,0.00936737853484682,11849.9092566136,13948.4116174197
5989,0.189,4.38352314784629,0.0101004723016038,0.00750181791980928,13674.470748172,13799.9366438053
5990,0.2025,5.31176602753906,0.0106779447347594,0.00800424758418933,16026.357156559,16075.8048959126
5991,0.129,4.58985590872744,0.0410804982388994,0.037218744784915,3973.05742020267,3501.89174467861
5992,0.353,3.50049121517375,0.0107537847347352,0.00919491796725937,11394.5902024414,10433.1594600425
5993,0.308,3.60781494741313,0.00945653472431998,0.00678735242194703,12817.6807487006,13525.0049010535
5994,0.1175,5.29856869378799,0.0338290864116092,0.0270908061459626,5362.847682644,5315.445316952
5995,0.3455,4.10197682130737,0.00680241737536701,0.00507661775015107,19523.2811396633,19699.2423324595
5996,0.2775,2.36590547943947,0.00837577750428058,0.00747675347252358,8951.42228139762,7837.79268737402
5997,0.2315,1.55295504064913,0.0120113415678271,0.0107345526363469,4187.51097224544,3664.87091483285
5998,0.289,4.14960645404882,0.11238038207317,0.0799349704290288,1231.16027773756,1582.28394197803
5999,0.1955,2.78073491900622,0.0140219482453478,0.00829734958395371,6580.7445053861,7923.25993644133
6000,0.133,3.02588021790456,0.0165688371005273,0.0150181008249451,5750.66178225972,5012.24727701115
6001,0.2065,4.02360986030433,0.0108484681027466,0.00559091804254646,11978.8201099125,15841.3101394799
6002,0.2255,5.02641752103345,0.00934657399574902,0.00798430824328244,16917.6283348347,15321.2852326016
6003,0.13,2.63420680447419,0.027599602928379,0.0221490178345551,3358.33314856092,3241.03697279316
6004,0.453,6.07879386155283,0.0135704135647478,0.00947867835571468,16503.5152755472,18310.9535455946
6005,0.1435,2.80355033038558,0.0370264096627854,0.0301935772034689,2665.96598734575,2596.17673681529
6006,0.236,2.7374138744094,0.00659776082500334,0.00331322330415976,12147.5037409498,15439.5511202184
6007,0.3895,4.86380810836129,0.0126876277496236,0.00490964984917395,13677.2198331217,24886.9131207372
6008,0.416,3.72753038344207,0.0129733912158691,0.00389533779450358,10259.7385917475,23008.0440991068
6009,0.268,1.82851931702254,0.0124115352124505,0.00995985212940785,4912.66500726427,4690.87894824776
6010,0.3775,3.83078213196012,0.00977162713294901,0.00796075293877004,13591.7674072173,12937.0905074526
6011,0.3315,3.20016637490653,0.00857240819443567,0.00332520641418337,12421.1492981433,20751.2223673483
6012,0.146,4.57643475780313,0.0203528329284389,0.0184123962531561,7497.97361751399,6555.09301808652
6013,0.173,3.17801495570393,0.0399375377523168,0.0335621115463366,2888.0022307018,2718.37464651464
6014,0.301,4.51351963218515,0.00623026069084637,0.00372446955188024,22621.5526112513,26333.060918463
6015,0.106,2.47735853283205,0.0283625192934308,0.0253051589288419,2896.8967967523,2547.37003298511
6016,0.1005,4.83515834983391,0.0176288247612769,0.0129518240332532,8434.19992676675,8495.66733276506
6017,0.26,3.7442987845157,0.014392330510731,0.00409423813669404,8788.93820613552,19039.0394460486
6018,0.209,5.7264075490348,0.0188640297900171,0.015313531128332,10585.0909931111,10186.264775521
6019,0.3755,2.78856328791635,0.00524636229568546,0.00354437936353146,16523.4153277277,17579.1956174235
6020,0.458,6.08182317093001,0.0137071421985172,0.00914345018932244,16256.5803119337,18791.6541905767
6021,0.2735,3.24205777999008,0.00902191892556004,0.0073648570926655,11784.1827045022,11054.0550394391
6022,0.203,4.15294335379196,0.0164937359866433,0.0100305577574593,8521.2469810139,10350.8184629244
6023,0.3965,4.17828390935447,0.00868936348021706,0.00601164868356723,16525.351087754,17955.1725500178
6024,0.261,2.80019294102091,0.0109778912078556,0.00875943833054602,8504.18715904419,8161.68400242571
6025,0.1475,1.9632656611755,0.0274110132601621,0.0239584553249804,2477.69919683328,2225.44609997211
6026,0.4445,3.57642967695525,0.00974040173257922,0.00522417132891088,12877.6655300539,17702.750034671
6027,0.11,4.41245756031383,0.0508925167837621,0.0450461323000123,2966.66101590214,2657.1417340439
6028,0.207,3.76336628830982,0.109825867422012,0.0902700343814393,1209.82212525955,1275.306029553
6029,0.1885,4.07324357439023,0.0109359531248665,0.00938092577803546,11636.9737269037,10405.9018379205
6030,0.444,4.20621009571312,0.00716277439949817,0.00548403399315183,20104.3287760417,20193.9405383578
6031,0.2835,5.66921114019137,0.0105911264867875,0.00696175780429078,18177.7937504061,20606.318897994
6032,0.137,2.41449484860591,0.0888459044655042,0.0750097114464115,975.34737231307,929.102661793638
6033,0.3225,3.56262129381035,0.0101592627374564,0.00720683953901271,11813.643699968,12635.639665179
6034,0.1545,5.71496802731037,0.017598239915937,0.0140280553514858,10845.8616043528,10422.4983954083
6035,0.18,6.64455332866041,0.0362202442727755,0.0345056057850143,6689.42775768854,5603.61230519065
6036,0.233,4.79366723035265,0.00661021298718414,0.0055755938922794,21530.0208566423,19434.5520810545
6037,0.169,3.25871008336462,0.0673990582181732,0.0617505651408601,1818.47733886026,1597.15342058867
6038,0.2005,3.5244370496711,0.0162116213646295,0.0145889913767898,7354.06207923441,6383.80173144604
6039,0.243,3.84902494034324,0.00518644196302096,0.00387728980564428,20964.3231437829,20226.8276456063
6040,0.37,4.33745704064029,0.0140342159346396,0.00749790061634054,11035.7020517253,15387.4111170026
6041,0.4395,6.21575182558708,0.0830723365507609,0.0624794878708524,2721.28902191458,3070.15454768802
6042,0.224,3.7386125912771,0.00809947414668877,0.00521299130461713,14297.2080532167,15789.6568621468
6043,0.273,2.19000567436845,0.00777841832648332,0.00637026855105433,8793.13108686748,8186.57189066182
6044,0.265,5.65031510909871,0.00639922308475236,0.00481432568198146,27027.2714663165,26560.7419383922
6045,0.4615,5.24415290112394,0.0206972329133394,0.0179662305970489,9460.59823144952,8672.91834784031
6046,0.3505,4.29402561264644,0.00668480731803403,0.00460071048387338,21057.3737837142,22468.9862625236
6047,0.1155,4.59755557477297,0.09061640554876,0.0791427617535694,1814.6194424291,1705.89895809758
6048,0.2655,3.17259132758247,0.00863727257914511,0.005630042066481,11785.2884126034,12985.2747054375
6049,0.2225,3.01350468926111,0.0189680618530808,0.00484447087085488,5424.25488615196,13326.4893161392
6050,0.292,2.45559775549681,0.0375555581515048,0.0198994580277627,2345.97995122317,3483.54882519389
6051,0.2205,2.14207791518589,0.0570074232348474,0.0526686185907817,1349.20188148368,1165.66043961467
6052,0.2555,4.57648107468451,0.0115085376284403,0.0102129863350482,13398.7727928486,11806.2696941146
6053,0.1495,2.07578847876936,0.0631568481549546,0.0580866883172565,1188.94723635905,1039.53276827394
6054,0.225,2.74306517234659,0.0130195700827549,0.0103173939638097,6867.0464056154,6699.69070696307
6055,0.414,5.95852199386965,0.0288608945338864,0.0261942668381481,7826.58675423808,6857.18954984639
6056,0.301,3.56817348118819,0.0287732744444034,0.00668703180477503,4350.30007968521,13475.2659666589
6057,0.286,4.02271000222918,0.0102365150299574,0.00822710301649048,13389.6393804459,12806.5661184903
6058,0.395,3.59212588958102,0.00647421945656822,0.00432824779019908,18102.592473667,19764.0445786402
6059,0.1345,2.97290205751024,0.0871306952291542,0.0811669037148879,1269.4654970585,1111.97524502843
6060,0.177,4.5314418188105,0.00923870159800971,0.00743752876586391,14807.5926687516,13912.7612518007
6061,0.3645,4.52846796350188,0.00557658816853853,0.00439944951001566,25954.4742466428,24784.9682434297
6062,0.4055,3.3413112098861,0.011080804645085,0.00848560259362651,10671.7747270337,10797.424694446
6063,0.3005,4.18430792854876,0.0218559766245952,0.0165752847164498,7162.90550317476,7419.89091121977
6064,0.3895,2.87486120074261,0.0237926478117404,0.0163901974087624,4434.56104578542,5061.29396086696
6065,0.308,4.16819878290762,0.0106364081351893,0.00756766816802799,13318.0806229586,14199.6347915468
6066,0.319,4.24460318056322,0.00746867075969229,0.00557124209520701,18593.2936062893,18716.3409419223
6067,0.419,5.75731059052764,0.0141281568426784,0.00525975879303753,14797.63504443,28292.3573407681
6068,0.187,3.38124264486306,0.0221212235995763,0.0177741064752894,5300.23802951928,5178.71406705246
6069,0.306,4.0110891664818,0.00951674112793958,0.00777529728994469,14165.398968486,13444.0009592989
6070,0.333,7.66844513590182,0.0109916283397798,0.00916694116753223,24588.2506802708,22968.5719833302
6071,0.2625,3.82636616258238,0.0136263834490179,0.00882398917134368,9702.93476366965,11290.8120929823
6072,0.3365,2.51669543123745,0.0186077295292989,0.00818323241648394,4813.57664539533,7990.46091779131
6073,0.332,2.98878655916343,0.00820348157184779,0.00361753235851204,12049.7762973683,18020.7250943087
6074,0.301,3.59700972624487,0.00973876642018573,0.00797477856539048,12326.285535331,11650.6048690357
6075,0.177,2.77327256366289,0.0303864366553025,0.0213268360403675,3205.41492337192,3583.21596585917
6076,0.324,2.50178712380621,0.00824386042962298,0.00590834070153714,9951.08204367183,10349.4205283861
6077,0.326,3.14253456522999,0.0110390751804232,0.00962710702250604,9799.19131985919,8810.27530250376
6078,0.374,2.33630719897085,0.00768570830563258,0.00347991306485558,10165.0891396846,15074.3072079536
6079,0.1455,3.63257187763681,0.0239117228192007,0.014016677950347,5107.06190292794,6468.83240476388
6080,0.1455,5.51255079040804,0.0631066393235951,0.0457674600356338,3065.33635149983,3384.92405968363
6081,0.214,4.3419974493966,0.0562834368154356,0.0478503508307718,2819.79121116124,2701.77258643252
6082,0.217,4.87702963285423,0.0153886379225564,0.0139538171251699,10874.0964411111,9470.36464186201
6083,0.3685,2.4985996546105,0.0142884596141836,0.0106545222310067,6185.62501000655,6462.29645137095
6084,0.1805,4.12946599041429,0.0215687837321532,0.0185047691912496,6664.7986286517,6071.78829488346
6085,0.4405,5.98384484361928,0.0244750941973107,0.00925167494667442,8958.13546689892,18324.2824115548
6086,0.359,3.81203438858417,0.00538088449038442,0.00420020202165435,22084.7903000686,21336.4144475335
6087,0.182,4.46477956287822,0.0201955180843322,0.00538943795787154,7362.625841377,17052.9134003002
6088,0.1935,3.98820780045135,0.0164011149803274,0.0135894265444968,8204.67974375575,7705.18419741054
6089,0.3925,3.24316863557641,0.00599274633204996,0.00505138309081213,17377.2206603378,15890.7971981803
6090,0.2955,3.99456153044649,0.0180118386156652,0.00782767879165743,7757.80728253476,13146.4821966852
6091,0.279,4.14913524190476,0.00904157204697902,0.00682802256993802,15156.6112850116,15126.1830021157
6092,0.179,2.74710579647544,0.0115278454324048,0.00778111906272573,7546.41836590039,8057.08401438126
6093,0.1875,4.81465383111278,0.0113955816915251,0.00512690655352018,13493.3476427979,19413.7939813447
6094,0.1505,1.89370206692758,0.0312401336531686,0.0260495146790619,2115.97135832921,1971.6622048885
6095,0.105,3.25774577228034,0.0318142383194582,0.0224609700779604,3459.76253708034,3733.75669873135
6096,0.4545,5.03096358415533,0.0120673251803212,0.00949323629849785,15099.6182612297,14929.520550577
6097,0.1545,4.54506330442357,0.0187031253559025,0.00786191422217847,8013.11896298463,12696.5242336415
6098,0.456,6.34496225513914,0.0220716439289913,0.0190454736290035,10776.4215508778,9951.88624530625
6099,0.408,3.54614210866075,0.0136131703384922,0.00628192113345192,9220.33093326947,14656.3720109798
6100,0.157,4.70892199319531,0.0270321423982602,0.0147573869822552,6009.97218240547,8284.51688035671
6101,0.42,2.90806034329467,0.0178831029415383,0.0100551224976267,5944.73184152441,8161.09660473168
6102,0.357,4.35894108402579,0.0156329165073106,0.00428926531421028,9896.41641686633,24206.3363458525
6103,0.1955,4.4134686013322,0.0104192727870319,0.00755200321643271,13319.6748509974,13734.1652702976
6104,0.212,2.26527428525541,0.0192222705147341,0.0105230257233821,4034.33261029631,5436.45260918111
6105,0.117,4.19567111285601,0.0211584217826405,0.00868546963152214,6276.23477733348,10144.4108172451
6106,0.17,2.0139275095901,0.0231586239555266,0.0207008708186084,2970.52561191938,2593.71583139266
6107,0.358,3.03395706806841,0.0179037272960997,0.00960002545031812,6119.69006341559,8587.94644678049
6108,0.132,2.10533041043879,0.0832317108225098,0.0766972227893905,893.744552726898,779.519848882919
6109,0.2035,5.30904865454555,0.0186171192473929,0.00787780095113068,9719.11622027755,16100.5315016702
6110,0.2955,2.11197296525942,0.00541154045496622,0.00389754882605402,11476.8890120628,11514.8679995582
6111,0.4425,8.59796706138448,0.0176914136550585,0.0101360399301686,17915.7713723861,24176.4604600148
6112,0.203,4.20196842468234,0.00871934826831195,0.00574331165705159,14683.3942073919,15890.7105280594
6113,0.0895,1.57726355552384,0.0353624423105852,0.0312438403295266,1484.05393833624,1318.42130456982
6114,0.449,4.83884770631629,0.00873142193624656,0.00710246319119148,19513.0485140923,18673.0581462612
6115,0.1795,3.68399553607287,0.0342605570014947,0.031428051772487,3960.51148009541,3441.68588107782
6116,0.1225,3.84468790783617,0.0173655042997696,0.0117098643173583,7143.79464013901,7811.8126124829
6117,0.374,4.52698753796844,0.0483903833944978,0.0457988688918535,3528.69040212697,2991.91129828888
6118,0.2815,3.01444635796966,0.00767445204698705,0.00664857939323377,12441.6435903077,11092.6400596805
6119,0.307,2.52393220300816,0.0051132891956535,0.00358832947339227,14482.1474544267,14809.0219392045
6120,0.277,3.38639291890034,0.0114590257497604,0.00406031005172543,9985.21779562982,18038.7002247273
6121,0.259,2.54297413500815,0.00924493477122178,0.00432551268784877,8922.55307803255,12491.4136661745
6122,0.3885,5.1421436400314,0.0336843587527293,0.0305188718080326,5713.96096624894,5045.18810738725
6123,0.224,3.99379978751986,0.00590298509499792,0.00437058056678083,19194.2057169341,18718.6955640233
6124,0.4385,4.25455981150829,0.00747146435300919,0.00464189360755285,19540.8457095776,23210.9510457899
6125,0.2295,4.22187866040751,0.0124599511052816,0.00892610708138982,11228.3893830361,11766.2455954127
6126,0.2345,3.41371899079568,0.00915919849776469,0.00674617312455285,11828.8378701339,11968.2701700262
6127,0.286,2.41911143262545,0.0127644878351487,0.0101387742979251,6460.36907060275,6311.43539492556
6128,0.134,3.96452709322886,0.0447798812084312,0.019060198232632,2939.79655915002,5353.80940608984
6129,0.247,2.91238809676863,0.0280727055181232,0.0254027389488781,3728.78617592653,3285.92605422295
6130,0.1565,3.43769438927973,0.020339251285356,0.0125549607285759,5626.86620058447,6671.9066172092
6131,0.4545,7.79233149575365,0.0154627111164794,0.00922030445210241,18604.3348005709,23965.5382949912
6132,0.272,3.96404042690769,0.00961362566764608,0.00775710656316372,13564.708743454,12840.0420631929
6133,0.368,2.44404833128187,0.00434881932811581,0.00283798293471083,16500.4736596902,17717.4197457023
6134,0.367,5.02787733864223,0.00764579004676863,0.00574812821634084,22209.5494487313,22441.8799392278
6135,0.283,3.32104896187165,0.00622949239950345,0.00548006795006848,16170.0589213985,14237.1663006327
6136,0.19,4.39964237876446,0.0232910198496126,0.0204472269433067,6505.24114451991,5900.16349062892
6137,0.2615,1.84847387096818,0.0126706296262247,0.0118670341832743,4836.66842327404,4076.3259617105
6138,0.2875,5.6593653621946,0.00770099451185197,0.00628535024693356,23572.0045357814,22077.7343050945
6139,0.113,4.68596525694298,0.0609295288314423,0.0533427012354873,2686.11050767092,2475.27623470455
6140,0.3595,5.74505814742577,0.0222625810535817,0.0133633810388467,9486.10266235799,12292.8734792861
6141,0.1855,1.51764212885877,0.0232437399743395,0.0192617178389285,2219.73367603631,2089.6486420373
6142,0.3135,2.87910996372415,0.0130997725198302,0.0118372274952278,7646.67637736368,6692.4160192631
6143,0.1505,3.50373286013839,0.0773787491878832,0.0581872582656967,1613.88013112559,1807.97821270923
6144,0.3135,2.30434495068147,0.0103468318105493,0.00752325985716189,7436.9750299505,7741.53408873383
6145,0.1585,2.36349392572431,0.0210177158348041,0.0145498522123262,3858.15513602827,4234.58618351824
6146,0.201,2.94891719199786,0.00778635273529204,0.00663938531528743,11246.7612388767,10054.2058093671
6147,0.15,4.17221989870494,0.010244208661001,0.0080241140138959,11937.5476477684,11291.2300824566
6148,0.207,3.75044403127143,0.0110598840704982,0.0056708239112826,10853.9001165773,14562.1621511719
6149,0.3275,5.07735439526059,0.0336190539469469,0.0288483361158554,5656.98365500775,5256.4059549611
6150,0.295,3.76919397617727,0.00587488610668169,0.00383818473804535,19408.8261160582,21066.4152559355
6151,0.2715,3.39997964117337,0.0223870413378677,0.0103373650819511,5416.25117326706,8700.81852749267
6152,0.3625,3.36295440716477,0.0116667166861505,0.00815118441414184,10137.1770974999,11042.4532325977
6153,0.297,4.62024210861716,0.0272181110040163,0.0247650971047197,6355.4148115707,5562.29054941094
6154,0.286,4.70851943308076,0.012195789568085,0.00638165432043344,13371.4758247167,18406.5121002883
6155,0.4155,5.64536522338489,0.0327143764037571,0.0283439842027918,6515.91855570917,6013.13463269048
6156,0.249,5.09439834460352,0.0129348224078828,0.00991006581448865,13521.5303772446,13511.5731573334
6157,0.1125,3.92071747977241,0.0253895041136083,0.0182708149479068,5055.15496754219,5345.98606091895
6158,0.2045,3.87961060125824,0.00974379033139494,0.00441088068338651,12405.7772952783,17773.6882664141
6159,0.351,3.09590148487005,0.0124316512187735,0.00525811459175636,8660.91849949488,14379.8686891419
6160,0.337,4.85449833482224,0.0248902483533569,0.00544623786628089,6795.81446313107,22184.5388716014
6161,0.3195,2.91676094792274,0.00456803890949565,0.00341647525222644,18497.366179828,18090.1052500072
6162,0.1635,4.75956609369501,0.0227812463259868,0.00889852182534436,7092.09662528738,12291.6302325581
6163,0.3565,2.39023564708773,0.0158637473864004,0.00634608162731993,5309.08836403429,9321.00873179402
6164,0.1945,4.12122008130994,0.00669245389035555,0.00477124099658573,17290.4697226116,17330.5337900325
6165,0.2855,4.8938238671044,0.0255586167429986,0.022933725330044,7105.52573648659,6347.29228407883
6166,0.329,2.33911824854012,0.00707982077022136,0.00559880538738484,10477.7569349409,10016.1674332473
6167,0.26,2.56035512829318,0.061921866675945,0.0503651979294922,1501.67787743182,1507.49604080566
6168,0.313,3.61122971824931,0.00762554871237993,0.00506742323235961,15516.4518412488,17001.1815002516
6169,0.3585,3.29569535900673,0.0118458059160485,0.00649472199047862,9646.72716591643,13025.6408444844
6170,0.139,2.86454858883861,0.0408306267555047,0.0270053881965362,2462.38423019322,2950.11298659281
6171,0.376,5.04945928692061,0.0103938938056977,0.00544828623611945,16836.3208324789,23238.4779101395
6172,0.3725,3.5176498686269,0.00570354766469232,0.00425463958837987,19526.5462857949,19432.1237410551
6173,0.4035,3.30577811999433,0.00663034834266459,0.00499970890898384,16558.7658121619,16666.1749638067
6174,0.2235,2.43689231259925,0.00570331906468814,0.0037387492371622,11788.6423700313,12431.2992556353
6175,0.183,6.09630510559436,0.0412517479652943,0.0276929522966418,5285.24693825079,6209.10738997238
6176,0.248,3.9304182383882,0.0318615539686573,0.0290592576017399,4577.9888976913,3984.0345708179
6177,0.335,3.3375058692182,0.0601561935550563,0.0276112469621387,1904.18320014822,3551.09807174021
6178,0.2975,2.1587344895925,0.0068322154773972,0.00622138150525044,9635.35535946283,8270.10428863408
6179,0.1635,4.0578147050111,0.035014276465428,0.030507155374701,4267.92820461102,3889.30123350991
6180,0.197,3.63444570957138,0.0261098900753516,0.0236718624179062,5004.54092410788,4364.26521351127
6181,0.389,3.15576164873174,0.00747256965149457,0.00451871324990841,14147.7764027949,16857.9635462522
6182,0.256,2.97464709408696,0.0579366652322812,0.05455389440755,1879.60183882496,1603.24844658698
6183,0.17,2.49133091772909,0.0450781718035263,0.0362338406748862,1981.81982806096,1959.58919720014
6184,0.3375,2.68558401050678,0.00848710246480932,0.00630685651904009,10587.3221407804,10818.0028250975
6185,0.3215,2.9865206765583,0.00569662383276152,0.00429691751050119,16197.8984463163,15922.0719427809
6186,0.4005,4.68875187741457,0.00735142843490354,0.00460606833947831,21613.3973991384,25197.3720881873
6187,0.272,2.32147909752512,0.008152046616076,0.0062476313060507,9018.85251408196,8897.78950310063
6188,0.296,3.78720695295238,0.00873006623846003,0.00614025038401813,14112.2115682066,15002.1761949599
6189,0.431,3.59358303185057,0.00788920514459632,0.00646849944773598,15709.7609944605,14874.8062883045
6190,0.291,2.7247332522756,0.00405914060263028,0.0028724926784091,18148.214364555,18173.665164992
6191,0.275,3.38253702490005,0.0123472377042683,0.00916534541444696,9346.83967424765,9636.22723055001
6192,0.2625,4.1873771791627,0.0150967919261354,0.00412164623414767,9705.87291097912,21935.1203226676
6193,0.2025,4.13806908926446,0.0207458839575032,0.00805612759250069,6869.7726227929,12118.0987585458
6194,0.2255,5.19503961985554,0.0483056958791256,0.0428397280900813,3948.37282444265,3590.38935702915
6195,0.3715,3.60557697426751,0.0058602300144257,0.00461324089919283,19597.6039854012,18870.0856061134
6196,0.4215,6.83367757626057,0.129669195941077,0.0639154535166639,1168.84058599423,3340.77641845145
6197,0.3,3.01893239915562,0.00547414367435648,0.00486939392232289,16390.7141881257,14214.9554461414
6198,0.404,4.95847153250912,0.0223189360426937,0.0151125076716987,8310.41489903385,9718.62949073316
6199,0.339,2.82369522214127,0.00893817366624372,0.00797434582640783,10589.4934704779,9301.110256738
6200,0.163,2.71422141019301,0.0814763687368923,0.0730257152994081,1231.68273261553,1115.46529840892
6201,0.112,4.43554587153642,0.017001134004623,0.0145938281178835,7957.39634106272,7127.24608099382
6202,0.2895,3.9330725608707,0.0128122055076802,0.0060180745778018,10578.1985961851,15954.548401632
6203,0.1815,3.96711265366817,0.0340202225795561,0.0118141730491311,3966.10575711095,8485.22020917043
6204,0.1165,3.37381002919108,0.0548867569443787,0.0175632239143066,1928.35711241029,4850.95733049678
6205,0.334,3.4974423744083,0.0054097588482911,0.00338667793433828,19814.1351493752,22261.6438319354
6206,0.3165,2.38486158769125,0.00616249953831966,0.00468756220491451,11869.3340214257,11688.0351756906
6207,0.394,3.36580632152828,0.00527363883133864,0.00408056148123125,20189.3458629503,19698.8297333976
6208,0.258,4.011493600261,0.00798564057835251,0.00416896965928735,15875.9207697327,20620.746361837
6209,0.385,2.74584674610286,0.00832507903158949,0.00677899424151781,11184.445646322,10651.4626158929
6210,0.392,3.47139843848548,0.0155651325085331,0.0135803790348522,8058.53336637161,7284.39033034362
6211,0.1885,3.17430986129102,0.076026883862086,0.0694416380887561,1520.20834838745,1338.60320511258
6212,0.39,3.79503983393691,0.00747777726002234,0.00624665955303728,17004.359093558,15766.0943302678
6213,0.3395,4.06556606561106,0.0128839902840264,0.00947981162531926,11180.7935320315,11606.5884255775
6214,0.3625,4.77386973375756,0.0198535418902338,0.00831247686634468,8593.14929480154,15527.416675153
6215,0.24,3.6597934078682,0.0076846221066984,0.0044819085343279,14805.0322679465,17482.5532910525
6216,0.281,3.23742470020543,0.0213332402363229,0.00923495112354383,5424.3833109457,9106.1653979443
6217,0.195,3.36841908533008,0.015709808729133,0.0134292173817429,7164.85297934033,6538.35972320468
6218,0.2605,2.66184278449082,0.085766205725589,0.0647264734203019,1109.85631873963,1234.45942887206
6219,0.2655,2.62773707241306,0.0113260207132776,0.0100404469193431,7715.12256737789,6821.45254234213
6220,0.2545,1.97694062643944,0.00786198605536994,0.00431393444322354,7807.30890399288,9545.64780662817
6221,0.3235,4.39331931550379,0.0139928916737106,0.00540496750944613,11028.1191432585,20037.3168757552
6222,0.258,3.5508825978112,0.00730114870776731,0.00428274695600188,15147.4410156515,17700.3795827416
6223,0.458,10.7623814247356,0.0124646336829831,0.00870021908739331,31850.288394627,35326.9784246323
6224,0.3375,4.76333089861907,0.0129377310280885,0.00648277890929345,12952.7809730721,18728.7105787808
6225,0.376,3.0490578279622,0.00983638766535792,0.00616160589823072,10716.3748083584,12712.9098289047
6226,0.2865,4.97378786606801,0.0121404754812243,0.00820842412581024,14156.4172806549,15751.5314933164
6227,0.276,3.15849345688225,0.0179073291756043,0.00664052101468782,6163.78795276791,11567.2000553212
6228,0.176,2.50199751323595,0.0638009900737086,0.0594066936308927,1416.81149143656,1230.37095661169
6229,0.148,5.21306846390426,0.0620762240133694,0.0581135187692905,2993.53172890749,2566.21977328168
6230,0.284,3.20704363516125,0.0106851134989331,0.00855203914327249,9965.21082530546,9563.34443206526
6231,0.398,3.45791648871357,0.0498637138329522,0.0339038597934296,2549.31881703215,3055.8406949028
6232,0.177,4.67295436252592,0.0305082629475179,0.0228026025190778,5421.87959268767,5683.25945581442
6233,0.401,2.94097917107048,0.0098709626888891,0.00745818424699891,10368.659693462,10585.7636311817
6234,0.197,2.31047877461115,0.00947184789838298,0.00732118494202045,7410.11466843862,7083.30707386947
6235,0.2635,3.31331465474121,0.0137459605346695,0.00443465692355441,8250.68022107538,16330.9387759183
6236,0.227,2.92714900223161,0.0158935791908804,0.00908481731271243,6283.59361574014,8097.65408594331
6237,0.279,5.91670892722611,0.00739774308032479,0.00617624314641959,25479.3789666733,23489.1002960323
6238,0.3165,2.7047237962666,0.0089674690907729,0.00400084018820864,9855.58389265456,14607.0045712416
6239,0.252,1.9061873372837,0.00958079383628894,0.0074865911722331,6340.85569909634,6170.53849993105
6240,0.305,2.8196305240335,0.00467973412858194,0.00318351574543323,17456.2698158364,18102.5199387099
6241,0.2525,4.27065276743951,0.00730069266482758,0.0046487422180913,18165.2556338721,20099.8302436309
6242,0.4275,3.92937657911357,0.00739523564088912,0.00611091885750337,18100.3232589036,16971.0867259978
6243,0.24,3.68712227043974,0.0330475350783457,0.0302006726502421,4061.53740591492,3528.38465863595
6244,0.3905,2.86445026898103,0.0101419280354754,0.00655436373732138,9719.45355843723,11270.8154394808
6245,0.14,4.35657298127251,0.0233675085464525,0.0179743600116526,6320.67372484983,6332.76473069329
6246,0.129,1.99347038684946,0.0349497756223302,0.0286641040459999,1980.01358066757,1915.94580440389
6247,0.1705,4.4971869471526,0.00749357138582774,0.0051912837537197,16771.2473900788,17195.0715489956
6248,0.277,3.6430902038237,0.00989680322716288,0.00684128430800858,12165.60929818,13239.1879287047
6249,0.3025,4.06464784004024,0.0324344523067186,0.0197325291385005,4622.19869840875,5938.88628496035
6250,0.329,2.32508882677244,0.0121505651884892,0.00520373911941488,6567.53183595087,10516.7273501916
6251,0.197,4.41953410072206,0.0120312272168026,0.00991306537483349,11857.2995426718,11080.5902244834
6252,0.243,1.9377441037622,0.0382305969125694,0.0347875633699461,1800.94623220018,1571.67567877115
6253,0.414,4.93802940835197,0.00774667164312956,0.00610421441887333,21878.752714444,21329.4755021764
6254,0.1775,4.49062853287006,0.0134378812304891,0.00947946729547645,10928.8857297218,11458.8551820619
6255,0.257,3.83807504175878,0.00811866744402525,0.00620281676375814,15088.1758205801,14887.9979620652
6256,0.4645,4.10712101663495,0.0123676498340802,0.00803918245743288,12027.8535777771,14146.4359764916
6257,0.365,2.27502861595275,0.00830367447044981,0.00675482416865329,9028.19444335654,8579.95014674687
6258,0.267,3.13656504600425,0.0112917468341936,0.00908570876196177,9246.31614059831,8897.3698431663
6259,0.137,4.61975499962481,0.0213538577931732,0.0202251390020657,7145.41464774096,6010.95115458964
6260,0.157,3.80993348946979,0.00974075748238277,0.00783613569690788,11597.7666019058,10743.0759481724
6261,0.3055,2.70888950757025,0.0119096122910257,0.00991326462572738,7767.21341381279,7250.47182699374
6262,0.313,6.36055975298902,0.0499044356900896,0.0317837860050842,4672.40182522682,6166.1513489792
6263,0.1495,3.43722356576319,0.0153700073132336,0.00861376980119711,7064.91696978891,8771.94503315786
6264,0.3265,2.62378566488653,0.00683717324577175,0.0058770303171499,12218.5279346868,10989.0122407532
6265,0.179,6.79351820216429,0.0420175043917175,0.0346972937904235,5851.35902214377,5648.66248894827
6266,0.205,1.94828303797821,0.0340933924516032,0.0138059412398196,2018.05021301499,3644.72299462924
6267,0.105,2.20765118854412,0.0834710552342277,0.0774312959027618,953.627497937788,825.879590529357
6268,0.407,3.20769499762698,0.0186380092081328,0.00603112520899634,6211.88868719579,13795.8344017681
6269,0.251,1.68686960958099,0.0206401459636061,0.00666410743935722,2830.90453724102,5963.99468688243
6270,0.1645,2.5043487836753,0.0528162135168347,0.0453655599765716,1724.17506115904,1594.94098427435
6271,0.2685,2.41928582759104,0.0139959540634882,0.00818832861002051,5835.65068008646,7315.99021702115
6272,0.2805,3.90937437227824,0.00727168301639503,0.00462658598619705,16978.0438868343,18990.0048200015
6273,0.375,3.42013232567865,0.0328284785501416,0.0126471724905936,3770.91613765498,7735.19122919507
6274,0.4455,6.13412782754171,0.00998618778396466,0.00566275819942821,22002.1275167785,28767.3671795959
6275,0.3635,2.43220991166197,0.0122395766766472,0.00976849932468863,6995.64961090429,6825.0893872304
6276,0.322,4.54920526957322,0.0072794544550149,0.00530440291302086,20360.1500535573,20851.465654428
6277,0.209,3.16141295086379,0.010020580477147,0.00813782218429676,9807.46655947712,9238.4683725752
6278,0.439,3.72423656434263,0.00680794418264105,0.00401998488870539,18525.4809782814,22638.4581895209
6279,0.268,4.23175299846445,0.00907394238655946,0.00348396309337353,15262.0457252616,24817.6078288227
6280,0.443,5.94646052375133,0.0361203699116753,0.0271468111518081,6244.50277045391,6663.43461821736
6281,0.277,4.27447776616989,0.00653755112573915,0.00530456414530594,20440.8627097271,19087.7768461067
6282,0.426,3.31887864288751,0.0131321991086635,0.010286484353951,9102.24481996132,9035.66150327548
6283,0.425,4.69389923069617,0.0367995749481951,0.0194828687057186,4710.06664636191,7120.11617494753
6284,0.385,3.7531117727994,0.0279617680361719,0.00581499418245705,4704.8235047824,16587.8672836561
6285,0.266,3.24095827165558,0.0158772892395655,0.0140828080675403,7084.44079735469,6319.14189536605
6286,0.256,2.28727019718844,0.0105849674200785,0.00844058604067979,7047.0373624782,6767.92028330864
6287,0.236,2.54796497275384,0.0162525691737677,0.00742309624016125,5340.48387403201,8198.12386968847
6288,0.2895,4.92434074245462,0.0106732048863758,0.00763539148207318,15723.9441141975,16626.5238510008
6289,0.3245,4.59914989618468,0.00691600465036924,0.00457512371657347,21533.6713008491,23627.5848848571
6290,0.3375,4.37868473356425,0.00646769078655731,0.0053765132819568,21931.6567736402,20299.6875771079
6291,0.4355,4.6147344093102,0.0109268425669276,0.00603396422734569,15029.9671042835,20098.484739181
6292,0.1885,2.0709148974252,0.0427732148206779,0.0298925083497539,1683.15526461792,1882.42877914881
6293,0.251,4.93959329854664,0.00801326933450439,0.00534123192219543,19231.6630269451,20929.3338024676
6294,0.2285,6.15839525067692,0.0134555776483643,0.00961691480868051,15521.3782885927,16332.7951860362
6295,0.353,3.57124178090291,0.0215758434854249,0.00422932313236437,5891.54180896259,19827.7039066919
6296,0.353,3.58977530080084,0.0134306951413998,0.00453501852866306,9415.28637962642,18729.5291236504
6297,0.24,4.46807914118908,0.0188466812827785,0.0174977470961595,8308.71648894963,7097.22422992328
6298,0.1725,4.08717178475147,0.00831585960638616,0.00636548424254217,14181.7465896191,13645.8607816851
6299,0.3255,2.98259792190848,0.00400126187805357,0.00309097265345578,20802.1204551444,19749.2549543983
6300,0.354,4.24968246869151,0.055723094500688,0.0453101805525778,2838.58095794809,2852.03675954303
6301,0.191,4.17957597853829,0.0763800556552541,0.0691244593428292,1980.55883462715,1797.18630643786
6302,0.33,3.8943408707383,0.00888619316250067,0.00724836621993459,14813.1409537677,14019.1776449637
6303,0.3115,2.24705025464119,0.0142176412860888,0.00810884063500017,5473.55709422501,7051.97695568084
6304,0.2265,2.66843735285849,0.023055483207156,0.00662245344739307,4002.44087961568,9423.28576385876
6305,0.3185,2.086007721397,0.00895145543480219,0.00600930249166656,7658.50114246408,8388.85740976762
6306,0.2745,3.98685070618147,0.00829454807641938,0.00725747257997061,15360.6887975782,13653.1208892731
6307,0.3155,2.48701805032397,0.00469360895944039,0.00368685900438488,15203.3873410247,14426.9006455545
6308,0.095,6.03123296422507,0.0461665783044381,0.0215835442084885,4283.40409576753,7152.03440542331
6309,0.3735,5.18324381679136,0.00933954077244246,0.0076608437992595,19321.2035214397,18314.5984695509
6310,0.275,3.88816362584902,0.00588309482984027,0.00487765214941398,19891.5049581617,18217.2536059477
6311,0.371,4.18250929312835,0.00631429149525719,0.00411274999958888,21384.2169545173,23744.3905556139
6312,0.249,1.67449207901835,0.0111183915694847,0.00970466758742905,4862.90276160191,4314.92250922509
6313,0.236,4.74482553155292,0.0236169116336517,0.0064893913090435,6921.60784338127,17284.7252891219
6314,0.448,7.01922563429283,0.0113226392119181,0.00646406159757114,22411.2816549255,29525.1789947756
6315,0.1495,3.98707892747541,0.0145283133266186,0.0114641253970851,8576.6160516758,8243.30071422525
6316,0.2705,1.89948655155232,0.00443813915288078,0.00337162313063097,11566.1856316427,11088.0407955176
6317,0.4565,5.64181157955593,0.0256342598793583,0.00776727069628426,7998.66248314579,20195.2549228059
6318,0.1425,3.99146817544814,0.00940646325834499,0.00590417699881973,11886.3155707324,12909.3735706246
6319,0.4365,3.54852390121549,0.0137108647961259,0.00930384308027234,9354.79121132185,10703.9031063903
6320,0.1135,2.43555310776301,0.10834019161788,0.0973893238455436,799.785532105537,720.669585226354
6321,0.2415,2.80344112466867,0.0087374948855999,0.00779716689371496,10047.7085252261,8735.6710053047
6322,0.306,4.48462040165021,0.0252514948845147,0.00973146145133148,6308.44643559217,12395.7614295627
6323,0.2955,3.45792265902777,0.0446737604957537,0.0358113393506123,2859.14571665281,2887.50371487116
6324,0.2445,6.12627011957841,0.0447629626027237,0.0352190452605959,4987.47965435209,5200.48585906093
6325,0.152,4.49086114214956,0.0109574587635475,0.00976706331085094,12488.8326352841,10817.5123870012
6326,0.2285,2.95858649669581,0.0197026004253655,0.0178585112523813,5296.71389352149,4613.29506369741
6327,0.1865,3.08086176121573,0.0131804344589608,0.0098452559602966,7533.63757063816,7638.6728250944
6328,0.185,4.30635511608986,0.00995672790796618,0.00718967358176385,13388.2065014518,13576.3516354188
6329,0.4635,5.38749684213216,0.0106292773504213,0.00665003995004752,18293.4891433771,22129.0000362042
6330,0.168,2.63487200536233,0.0233746977478884,0.0174758361783947,3853.24642766861,3957.86405173503
6331,0.2665,6.25611697272057,0.0107591928701419,0.00587125181716575,19730.8950073538,25605.9026409161
6332,0.3025,2.91832268969325,0.00723151828624554,0.00509201602434429,12690.5502761953,13356.6050589056
6333,0.3525,2.80244897297955,0.00469996428228721,0.00401179418592718,17790.1738129056,15975.6925168727
6334,0.313,3.55216376578791,0.0163598408348834,0.0132650173660683,7743.17178355544,7474.01955063762
6335,0.251,3.59641015497084,0.00709403757522875,0.00458409015374335,15516.5628316416,16962.5253826019
6336,0.2945,2.63307770244455,0.00554767619879466,0.00454409000972895,14104.2375651664,12924.0915208614
6337,0.2595,2.12375156556536,0.0100856492237261,0.00454798232334258,6854.0376386941,9910.97420951167
6338,0.2345,1.85419830824069,0.0181023504482329,0.015425982876402,3498.35302609231,3223.32267510283
6339,0.3465,3.60347996558588,0.0188517801214731,0.00426414485111406,6780.82056704479,19728.915140322
6340,0.114,2.33687981694596,0.0270765793370421,0.0220966157728212,2819.75640404108,2705.97279165114
6341,0.1855,3.25200251900877,0.0159427931077484,0.0133100002461263,6802.82631402165,6336.48875934089
6342,0.27,3.16641867721451,0.00977693688889065,0.0030679785609829,10612.6749610198,19898.3479279855
6343,0.282,2.14932099962108,0.00741372555169672,0.00524496830667974,8881.13452438139,9253.75683376665
6344,0.155,2.36705816548,0.0175874089465036,0.0144307216593245,4428.20781371785,4136.79461231267
6345,0.3705,5.1421549874095,0.019700787096289,0.0145812793916552,9610.83821102639,10184.6570203886
6346,0.2255,3.63145411563158,0.0195601278106979,0.0124169937962962,6473.12090751079,7791.91744852372
6347,0.217,3.65524854792241,0.0191425673708003,0.0106630957340306,6695.74420080802,8877.91802072551
6348,0.187,5.43360030924002,0.0453949634582817,0.0421954042510337,4357.15694592169,3766.95512192793
6349,0.326,5.25376391162317,0.00615730912722844,0.00493679704734332,27118.1789275981,25614.8960196484
6350,0.468,4.27987815078195,0.0191929923305328,0.00971071962784919,8215.63172977535,12489.733134948
6351,0.4395,4.27781489021101,0.009493962704465,0.00602245602681738,15907.471424761,18785.9972843058
6352,0.3115,3.82902057947333,0.0125283310934915,0.00960984483102126,10708.7394860233,10766.0420154575
6353,0.2955,3.00158282271068,0.0149210088697523,0.00651682187115277,6962.98073561153,11203.985323475
6354,0.213,4.45116856087502,0.0103711883121793,0.00863003882807882,13759.9159957998,12650.5348946494
6355,0.4585,3.9365402932847,0.00676660656599866,0.00544740265190778,19760.0443550484,18931.8861720255
6356,0.257,2.97778627073983,0.00976660323509983,0.00685391628396082,9965.24373748133,10574.3028408635
6357,0.2285,5.03378374244995,0.0128637582524712,0.00497481534918832,13022.1391990045,22028.3812344748
6358,0.2635,3.51771811386185,0.0825956117276062,0.0705005084048618,1563.18845009375,1509.07090927002
6359,0.3095,3.90461247131387,0.0187686177779802,0.00823572897139668,7424.43642151434,12317.6114447342
6360,0.2195,4.64124100042935,0.00949326824955984,0.00688110274469922,15696.1857505616,16003.107752939
6361,0.0865,2.81292194516278,0.0442411463236787,0.0351702345966131,2117.76512075426,2084.79798008235
6362,0.268,4.23512762710635,0.0159837781000121,0.0113205243383694,9335.09160151404,10066.9348248962
6363,0.335,4.59215140863268,0.0185016943496795,0.00829383695013884,8831.91306387955,14815.9351246789
6364,0.1665,1.49300340284567,0.0133563643260771,0.00890265156522762,3460.65576710089,3767.37185387279
6365,0.227,4.35717164361287,0.0163180707056061,0.0111850999194127,9318.65682907514,10258.6869396012
6366,0.3075,3.52460116751486,0.00512352293596641,0.00407060386588859,20489.1991317728,19280.0657707987
6367,0.4515,5.84179854244066,0.0102296348036868,0.00817725679144678,20559.5073593313,20011.3129239626
6368,0.223,5.1965225910853,0.0413493942293227,0.0378105479530388,4628.79702197224,4025.38943863764
6369,0.4275,3.82001159973488,0.0148851361008445,0.0133423543773399,9326.41022016565,8218.23106636815
6370,0.1595,5.93966543862078,0.0279634449623601,0.0250954974740565,7629.39580274204,6722.86433756592
6371,0.3255,3.47326371782498,0.00497281074577533,0.00416796905920461,20914.1456580211,18963.8214142232
6372,0.1485,3.97816025727467,0.0230465010778399,0.0141118257986605,5755.23443183456,7004.24377821895
6373,0.3875,3.38232825502009,0.0124099775081445,0.0087534117904894,9650.20299239971,10456.8025042344
6374,0.1925,4.8228363311959,0.0510024635302301,0.0407125504513025,3378.52593911372,3435.01655871577
6375,0.3615,3.46922478334796,0.00880354646086348,0.0045057651313785,13336.1545522468,18332.7154593137
6376,0.338,2.73804730530803,0.00564476295435676,0.00324150765082342,15167.7229799106,18045.057967992
6377,0.3595,5.22021046766931,0.00609442055865196,0.00414660965768638,27788.3501559772,29959.8598053794
6378,0.339,2.60959048350981,0.00493523565315114,0.00391408022088012,15741.1486896166,14875.504058388
6379,0.274,5.5557368112272,0.0381366268827278,0.0276724938679494,5353.96433472493,5879.64265174117
6380,0.373,3.2851040679359,0.022752474097828,0.00485366462941809,5083.92189476492,16518.9205441888
6381,0.191,1.90628692038307,0.0382515067187949,0.0318077889411067,1758.04815628138,1657.71585551618
6382,0.3065,4.58123969994131,0.00981739018428461,0.00564314599715922,15762.4788485055,19752.7536846579
6383,0.354,2.85943227077479,0.0139255708466191,0.0107238423644103,7272.71351773886,7313.492347891
6384,0.245,4.26008853715701,0.0339022524874207,0.0297739600101249,4592.71222760945,4147.71222165071
6385,0.324,4.5842057834604,0.00720138514948952,0.00596875648054938,20775.612037881,19253.9476217413
6386,0.154,5.2028618871497,0.0131232572733056,0.0107272139734305,12652.5565771527,11874.5084006961
6387,0.135,2.49652099053818,0.0236536036098687,0.0208752549690415,3583.5067523395,3191.62741747573
6388,0.125,3.20527893260801,0.0738077729245359,0.0602063575950047,1551.89697252239,1560.98414338743
6389,0.3315,3.12385639200885,0.0121439403619164,0.0103004498748332,8895.61192978251,8226.91003003601
6390,0.431,3.77381414899983,0.074010036806863,0.0576850656453625,1879.2288394187,1975.98696546507
6391,0.3765,3.58245666516058,0.0112097317583004,0.00447269791987035,11141.0672663028,19170.0370191728
6392,0.097,2.76580122336929,0.0826850279052127,0.0576918132895865,1150.38094050489,1315.12021643782
6393,0.2325,5.34480473503755,0.0194398375632505,0.0133277876784114,9723.93091393289,10967.5835442505
6394,0.358,3.21765921125925,0.0172637729752867,0.00741626548182228,6688.67131793039,11344.5493850863
6395,0.148,2.22710737935265,0.0257429418015299,0.0215025692639646,2926.53759445064,2766.37663483731
6396,0.3005,4.04700450310732,0.00997468798994095,0.00794728378974862,13698.420316566,13247.5985045308
6397,0.2815,2.82442865546284,0.00475270196343845,0.00414870523879704,16924.7953504807,14831.9490669984
6398,0.2675,4.26926305791922,0.0481158022412957,0.029220144010212,3119.04500121729,4315.21409761298
6399,0.351,3.48035240872149,0.0136315384139332,0.00461410582025189,8923.84087312766,17832.4520262779
6400,0.212,2.08272637082371,0.049462869482081,0.0467910273726921,1564.54261528284,1334.60126169881
6401,0.2115,3.40819772438004,0.0119440910859203,0.0105729368462464,9422.96235814389,8296.24721866337
6402,0.46,5.68706540276751,0.0112886684648633,0.00822053511247237,18305.0135895859,19460.1165486948
6403,0.225,2.95590135011097,0.0208632999269893,0.00558265721944337,4853.23196681417,11758.3585776069
6404,0.1875,5.84533076210673,0.00871198442395075,0.00597563930189875,20430.223524444,21533.0138214821
6405,0.2405,4.66884370656373,0.00703404353235955,0.00557679826522867,20166.339369896,19064.8914642523
6406,0.2655,2.56396625180135,0.00447807017996572,0.0035499103122562,15307.8137631293,14159.886590627
6407,0.306,2.03235274100774,0.0422491368591906,0.0350558626067283,1744.1773323215,1662.87779551832
6408,0.1145,3.19033269904813,0.023910915280302,0.0216983624663066,4388.96237539375,3802.09449145662
6409,0.1505,2.00184204381896,0.0224899250655862,0.019997282721222,2950.54359893472,2607.48621604676
6410,0.369,4.1730015096467,0.00876513247335449,0.00657825666529643,16256.4692923501,16494.9830018797
6411,0.411,8.16741915743266,0.0426134040995748,0.0386384096403838,7291.35364214059,6466.90550194809
6412,0.302,2.13233051763071,0.0163413829755341,0.00863195690961665,4605.76988563534,6420.69251956323
6413,0.3895,5.12524661753194,0.00890561890616159,0.00586144660454778,20081.800869127,22852.4901680643
6414,0.224,3.60718501124574,0.0229234063797143,0.00530702687621568,5362.53856804939,14957.4506852117
6415,0.1385,4.1331182790632,0.0190031794220801,0.0170582559394363,7083.64887354584,6213.3139619352
6416,0.2765,3.43163924129929,0.0224985226384846,0.00801836342753883,5354.50791694111,10790.2486908599
6417,0.204,4.66207895871901,0.0114586780532087,0.00472451470123498,13122.7656838596,20043.9524782543
6418,0.336,2.51711209953727,0.00867381167816753,0.00327915041020426,9599.97709055237,16080.812790692
6419,0.2795,1.97272274723702,0.0202358334959878,0.0184302963345539,3407.83718012961,2968.34008437674
6420,0.179,4.22716433201497,0.131079389270908,0.104504629156171,1091.08073410864,1228.44121618675
6421,0.1175,2.96871305506404,0.0438747019732334,0.0211276630332324,2275.60979834464,3565.69980119284
6422,0.461,5.32092913206996,0.00890460475713002,0.00663556755759053,21317.0456460898,21940.4632378458
6423,0.1725,4.70479682929532,0.0128365096202713,0.0113647467161303,11618.2763988689,10252.2052745372
6424,0.2045,4.72407670011604,0.0608340556370427,0.0367336607037165,2737.62322317858,3789.56397649635
6425,0.357,5.08908117015733,0.0130299987558999,0.0098121201944836,13847.4792813567,14270.7613181747
6426,0.128,1.742272111898,0.0194042720041427,0.0162520034492148,2807.51956181534,2581.48151058231
6427,0.175,3.60600103941949,0.0593545285677348,0.0513143760183662,2255.26949484438,2118.79403349254
6428,0.3435,5.59080979495604,0.0292019718755313,0.0126641555419995,6851.51147880401,12496.511077794
6429,0.3265,3.35380153480125,0.00884276152361726,0.00777724378988724,12723.0471748507,11288.4111823842
6430,0.1375,4.65408474405074,0.060775010976004,0.0352371827257764,2593.289763874,3698.81974095675
6431,0.3035,3.0093610688897,0.00975743030838056,0.0086319696997785,10277.6926604551,9093.68249726825
6432,0.2555,3.0891019593174,0.00758547105689766,0.00388173909361058,12689.2892818507,16388.1061976949
6433,0.224,2.91708756030516,0.0392771081082782,0.0328616502664668,2725.44904864187,2583.17031502272
6434,0.2415,2.7711000948449,0.00955364602471996,0.00841196386223938,9255.88610197612,8208.42925066722
6435,0.2145,3.28499177289761,0.018389492573106,0.00936039058965037,6012.55091777805,8715.70377618377
6436,0.2065,2.20435662466649,0.0710725046295713,0.0565971380032694,1128.63368037892,1157.8211323618
6437,0.1425,3.56269601890256,0.0195967135704035,0.00855763596148991,5920.70954560043,9110.25580355717
6438,0.094,5.25831369255939,0.103648513636897,0.0958390794026928,1823.09216143679,1595.23168698039
6439,0.1275,2.24761413446192,0.0296083233733441,0.0271781613155066,2578.67980048036,2223.56259074945
6440,0.4555,5.92502887321999,0.017106835393661,0.0094313016235041,12831.9328762008,17824.2059483463
6441,0.203,2.43695067958931,0.106288034079407,0.0671333834819877,770.037303310846,1069.82193950143
6442,0.1665,3.37758970664657,0.0102009873379564,0.00711927580469206,10184.7460075196,10563.4411058517
6443,0.266,2.96273149256625,0.00779203105358524,0.00460464165509746,11912.3723530172,13961.5030365457
6444,0.3675,5.60408335564216,0.0163917670525859,0.013233419877327,12541.5096250585,12172.7660441258
6445,0.222,3.25469627662047,0.00670130458110002,0.00563570346863008,13898.4694831512,12590.9063438022
6446,0.266,2.15344613019857,0.00714951421694114,0.00634529325120943,9255.53927329214,8076.6777411721
6447,0.2675,4.19322368200433,0.0122935225668805,0.00716653566994207,11679.8847467123,14616.282987795
6448,0.4465,4.11826663064718,0.0183046834424624,0.00812087412862527,8215.03903663499,14067.0981782471
6449,0.244,5.16629969460773,0.0154059352292311,0.00684714492945554,11497.225028401,18325.8201907443
6450,0.193,2.48656328456753,0.0208336721253543,0.0109212156512478,4144.99787108607,5799.67987945527
6451,0.4085,4.86978490915678,0.0136450987891663,0.00808390940201105,12761.3434705356,16204.6528164534
6452,0.2085,2.16285769000279,0.0142344026380094,0.0126301692086945,5031.85324032089,4435.39386990162
6453,0.294,3.03579498595385,0.0112034717896792,0.00508283743743773,9095.00459285676,13734.1989571267
6454,0.14,3.17824403141832,0.0143195689316395,0.0111604391806656,6856.4998883214,6670.51272721806
6455,0.2835,2.01800040546164,0.00304685364608862,0.0026211581701908,16087.3889066132,14066.9333629958
6456,0.198,5.11769996679108,0.0590543420002194,0.0489744461338127,3166.30104403064,3090.12570783149
6457,0.15,7.02573255896603,0.0392497183837947,0.0289626563578808,6501.77116306269,7036.78619221796
6458,0.2515,4.49237554459942,0.00705296129915645,0.00569702122058965,19686.9224740947,18397.248466152
6459,0.1625,3.32715309748573,0.014192659763403,0.0112048471252812,7589.9962948949,7360.02286823919
6460,0.428,4.79709523417678,0.0101042460959726,0.00592601174047136,16689.1325937117,21114.0861225974
6461,0.168,6.26565503784384,0.028977130183748,0.027000596791202,7634.34997669401,6531.21505973758
6462,0.4405,4.56691944526197,0.0133506170233917,0.00692589865895718,12351.1070792444,17864.7411572993
6463,0.2685,2.57363426628508,0.0104238399083121,0.00921508302755051,8174.3086376585,7252.03439380605
6464,0.2285,2.31203044674608,0.0111310381342767,0.00939550825385462,6633.06886779973,6047.14086279837
6465,0.254,3.8454644209978,0.00693511521476435,0.00591326074938444,17027.2451163237,15294.9701534933
6466,0.2625,2.33208422750486,0.0140513523098856,0.0118266935560102,5725.26366811796,5309.15896466407
6467,0.2545,1.88922231544055,0.0116778944656495,0.00916257256004861,5433.23827463003,5315.55431206916
6468,0.269,3.7970657842325,0.00725433195546381,0.00615923251995287,16207.3728557208,14656.1265742349
6469,0.2605,6.4650208644501,0.0285167599403404,0.0255530426939989,8497.08103045344,7532.06704708215
6470,0.2135,2.21888107322497,0.0251466276330142,0.0206144687050967,3091.5226779626,2956.85420438729
6471,0.171,6.05207434963209,0.0374066357394632,0.0284310093373763,5758.79546493267,6047.47231209201
6472,0.2575,3.50461657113166,0.0118237876304115,0.00997715242127914,9993.00849202832,9221.32839051313
6473,0.121,3.01265758421908,0.0544233502435555,0.0194258799704482,1804.00713819228,3914.68225553815
6474,0.36,4.01693219718942,0.0189040168718921,0.0118202793776195,7649.51471020955,9492.65139739005
6475,0.1065,3.33938086156906,0.0289564372358975,0.0179682301472147,3721.78580095247,4459.6651057542
6476,0.4245,4.39795218674985,0.00791323105259048,0.00699859478923957,18981.1084752952,16896.0112254686
6477,0.166,3.26684411382544,0.0132095234235699,0.00972906701029496,7896.97613095031,7980.59183798673
6478,0.3805,3.97827672781997,0.0114379220530557,0.00892236833389903,12241.6576166677,12118.5907435078
6479,0.1965,2.52072656750077,0.0160739166413097,0.0142040969899415,5281.85501704814,4705.65177736815
6480,0.302,3.57794326271545,0.00651576249774058,0.00522952325142926,17043.655065863,16146.8237604895
6481,0.1625,2.84278767001894,0.109208795548639,0.0907199334681036,896.217875722786,921.189991309796
6482,0.4475,5.48707874282224,0.00894499342600158,0.00772364919924589,21562.5508512712,19571.9762337109
6483,0.1495,3.31394134220633,0.0233389747338939,0.0214714165314583,4835.88146812419,4156.00947329394
6484,0.289,2.57774327991573,0.00766308038144363,0.00664236864988081,10699.0174501376,9514.41677294214
6485,0.373,4.91064344422733,0.0190720263049067,0.0163882994756694,9506.63472351244,8696.73304512086
6486,0.377,3.99904193293915,0.0178992946048125,0.0100860154906328,8166.97478093676,11081.3875799619
6487,0.303,2.55969750410204,0.0292334315152581,0.0253681381733343,3230.55461818541,2944.04492830871
6488,0.1195,2.39506710636933,0.0850732768961079,0.0761609992897288,977.472792640445,882.144786601837
6489,0.2155,5.02806716160374,0.0115749069382518,0.0080081511245365,14356.3465370956,15352.6261310586
6490,0.3265,2.89598667230234,0.0125749012134384,0.00932224363541736,8043.22174496716,8369.90635431944
6491,0.309,1.96056911492224,0.0126012706160941,0.0117380718121311,5263.72704793528,4453.36395294118
6492,0.385,2.9001023526885,0.0052430901412189,0.00427198748935935,17232.1989076659,16020.9835385157
6493,0.359,2.40403089374796,0.007228285654644,0.00502853948542252,10827.4497710056,11525.7870211663
6494,0.2895,2.94319747652644,0.00616190586828617,0.00462747205062787,14682.3572701853,14546.2310347511
6495,0.444,6.80077735888398,0.0100425636499798,0.00791132119521544,24354.7679981776,24034.8016278741
6496,0.4105,4.92044983779955,0.0198614957940568,0.00600902977415275,8952.35813933,21408.479013962
6497,0.183,7.21837466961377,0.0787362522802698,0.046238072323047,3145.36647511564,4629.53978565064
6498,0.2085,2.79138523038537,0.0143610991598742,0.0108022659073747,6467.63032035696,6532.73106912262
6499,0.2475,1.65943463070159,0.00785298921763694,0.00687066469531356,6398.8830571122,5650.84362507021
6500,0.284,4.07621295442416,0.0143404158839901,0.00585378585122406,9813.80780713969,16701.9698236378
6501,0.368,5.05742011492839,0.0128276795971516,0.0043758747324899,13994.1093859787,27783.0726689934
6502,0.1045,4.743830470225,0.0192838170947882,0.0164561905094692,7776.94757291703,7086.55177474318
6503,0.2535,4.38989034412497,0.00858776584073831,0.0046204209910996,16410.595439683,20891.6516268201
6504,0.175,5.07064754320723,0.0535136238513133,0.0239849043399375,3189.34338482472,5935.83754860543
6505,0.2115,3.89610902614316,0.0114199007922882,0.00774893225694156,10997.6631294613,11924.1892132861
6506,0.224,4.6745199190052,0.033994601288882,0.0290468127514965,5017.48261590289,4707.16865420361
6507,0.397,2.69382064312766,0.00966205158974617,0.00566877099072626,9640.72865818501,12221.2239303948
6508,0.1775,3.78555018303648,0.0107157933149263,0.00933774586177891,10835.9226481305,9656.57056353327
6509,0.344,2.87168471276864,0.0099026750466125,0.00878622134778642,9766.96800499872,8614.26194760348
6510,0.371,2.88229563038468,0.0251758533235949,0.012186134182003,4187.98380449936,6670.08169449279
6511,0.114,3.0179650726707,0.0684636742695672,0.0607927077118977,1559.40098300294,1419.32517689883
6512,0.1785,2.38151385094886,0.0988415538549366,0.0673096737165938,833.889597316478,1028.21603319564
6513,0.19,2.60746589837311,0.00602410795444661,0.0049940496868684,11685.7167296219,10568.130566416
6514,0.277,4.67981784567,0.00632821390724831,0.00484193990989098,22609.9745680672,21948.5781213023
6515,0.2545,5.37259074244663,0.0155285191444698,0.0106761604905975,12164.9166529572,13428.7173294515
6516,0.2255,1.62599627172205,0.0131947853943474,0.0121583555220096,4006.41983894583,3427.40398258105
6517,0.104,5.39045986835466,0.0314625151568752,0.0247278021686079,5809.22448222143,5780.84889558806
6518,0.342,4.11971700652116,0.00614630927036702,0.00514190055925907,21393.6329858142,19699.6007878116
6519,0.262,3.06578910095672,0.0163742553610862,0.0116776383778227,6476.74195663815,6963.84834880353
6520,0.2645,2.34778271405599,0.00684386186237557,0.00450491360513947,10354.8341515098,11126.5960700567
6521,0.1955,4.61969341169452,0.0796842877218485,0.0613852410722794,2056.40701105215,2295.50886833357
6522,0.248,3.6716229538534,0.0434439689172523,0.0393009737375118,3125.68288152389,2771.69532494939
6523,0.202,5.07080483966788,0.0119587814837844,0.00677865100635638,13621.5463613255,16920.3057778845
6524,0.383,3.98326329262203,0.00486800435342011,0.00370638462037106,25437.9622694728,25057.48071378
6525,0.32,3.89046498881383,0.0061686677184017,0.00426225518887067,20061.8001041705,20997.7525457309
6526,0.374,3.4576340906998,0.0104763884043686,0.00827830348001749,11496.3029796425,11268.2575326942
6527,0.1965,3.24470665509326,0.0181393680956977,0.0101720707931423,6114.32869347834,7959.56341226784
6528,0.185,5.60344327884728,0.00822332173751357,0.00629557572489731,20137.458198072,19450.2063246516
6529,0.29,2.72746794109408,0.00945170211756706,0.00831020764203676,9477.63635344441,8364.41375682881
6530,0.3305,2.12022101684181,0.00618527820599649,0.00501936365156379,10665.8354531002,9924.29209648312
6531,0.1695,3.566638940808,0.0297843348234363,0.0178972606664214,4116.62955078801,5270.72286586235
6532,0.3185,4.39023059493487,0.00681563270422074,0.00428737867310784,20880.1289887763,23789.569471036
6533,0.3155,2.9929609065996,0.00827848626807889,0.0064810740041333,11769.4831262997,11425.8512519951
6534,0.42,3.50709319268578,0.00533299676353025,0.0035067977135557,21001.1839639413,23236.4328230367
6535,0.2655,4.31336881716087,0.0232291837778444,0.00623898339088035,6519.87876547586,16646.2630429329
6536,0.137,5.18599026069763,0.0379407264539094,0.0359752406195279,4804.55389922752,4040.02955462281
6537,0.187,4.83465119268886,0.0229765608585832,0.0154696500843163,7276.27310259706,8396.53710584598
6538,0.478,4.97747539597129,0.00993191031884212,0.00598305221291159,17809.3903094484,22188.1761368959
6539,0.222,7.46868505462692,0.0252559868907905,0.0235524489116949,10711.8004765948,9107.5057419256
6540,0.256,2.15978982391256,0.0226076521775961,0.0132112794297629,3381.25173702469,4442.57737839368
6541,0.166,1.58697489629916,0.0290456321164735,0.0123335699269488,1885.94945405745,3163.80726468362
6542,0.1245,3.53692048250778,0.0239118444377322,0.0178617033841249,4905.92554735895,4990.45373190765
6543,0.277,3.92870404013375,0.00560612509009261,0.00428268128901213,21001.2997829239,20291.318732938
6544,0.3865,4.05955032617501,0.0670212750729211,0.0530681469290487,2230.89117288436,2347.11535600445
6545,0.3595,2.6602300443228,0.00626249438147639,0.0043302002230669,13550.8313520892,14367.2050472735
6546,0.3085,3.35932831222841,0.00787843725023311,0.00599024576158787,13941.8816299692,13828.6583274412
6547,0.297,4.50383217187776,0.00680817798112612,0.00444495960381391,21118.226192638,23129.1956481797
6548,0.3875,2.68140180924309,0.00841099968778067,0.00739203737670268,10690.9849252421,9544.870190585
6549,0.1815,6.82986639489442,0.0373636502600418,0.032127899550178,6556.49677420808,6082.72261318774
6550,0.3245,3.91199729220146,0.0110766737639575,0.00477937589814553,12175.2607742286,19239.1047429989
6551,0.11,3.65680019166243,0.107814145078221,0.0818616996460716,1144.37979098479,1281.6182337943
6552,0.2295,3.51274484629121,0.03071305322073,0.0270414212201014,4152.2725953225,3726.83364663902
6553,0.2465,4.75126325633507,0.00954594876271093,0.00439553217761968,16127.0584188043,22916.4264038293
6554,0.3205,2.52641973917484,0.0247755346967256,0.00729371042623677,3654.36118550319,8834.75771836816
6555,0.254,1.62605099366697,0.00996886682105884,0.00852547375177118,5215.3800745015,4736.937684741
6556,0.46,5.63335809812953,0.0118300209300457,0.00709249588820063,17236.6900884504,21778.0081385514
6557,0.3075,3.19334494293662,0.0318018447040146,0.0280700591893482,3694.88668961916,3337.26199340615
6558,0.275,1.83594114228544,0.0093241296231371,0.00751742058477505,6299.87598755725,5985.51879729079
6559,0.1865,2.55944742747263,0.0272081863745737,0.024681982528134,3310.49137710969,2904.33335633433
6560,0.3395,3.73704414587672,0.0152861391016954,0.00746976466424214,8679.10388601222,13023.0658977415
6561,0.2755,4.09387906232508,0.0118643135409516,0.00932059613373573,11699.8553811819,11445.9826186282
6562,0.4275,3.94491189639125,0.0124388541460457,0.00690450997846551,11466.7115212668,15434.8627646897
6563,0.1775,3.63899114331072,0.0561661847543934,0.0461703561236857,2387.31451041373,2335.88722369507
6564,0.338,3.00283998639299,0.00724559216670618,0.00514650031425607,13370.5272655234,14045.9371867615
6565,0.3075,2.04446342795178,0.0103728765554742,0.00905834781968927,6512.89289346663,5819.34016610286
6566,0.255,4.99968128369763,0.0138703794713286,0.00952763551561776,12409.7999714674,13766.0203713267
6567,0.1645,3.65332083228896,0.0209137973967586,0.0177300684825382,5999.34037050194,5518.0883846115
6568,0.3215,4.13528583323989,0.0222200273662605,0.0134422241776594,6669.99264034212,8590.94295712298
6569,0.274,2.7197379165982,0.0654374519542834,0.0582556153473783,1512.61599713487,1370.41849507568
6570,0.138,4.72426562126401,0.0303425280247035,0.023831602758378,5361.80915666343,5338.15682112095
6571,0.34,3.2976903343509,0.00871080649097452,0.00774183786355673,12661.9796219997,11171.7998195956
6572,0.462,11.2591366226438,0.0192427496585364,0.0110377029906818,21932.6910391254,29785.1722860459
6573,0.1205,1.85746632591869,0.0198776794165774,0.0168342828604633,2933.48847479535,2650.65577745896
6574,0.263,4.96243285902164,0.0254192049623608,0.0204989917812778,7073.92166918038,6918.64521910274
6575,0.2465,1.69582602578873,0.00908534840173538,0.00679706978269315,5883.73051872411,5850.00707992448
6576,0.4335,3.2274050957964,0.00584976780889477,0.00460762806410924,18172.0531598686,17547.924266129
6577,0.304,2.52240146385865,0.022498240844859,0.00937187630601372,3984.37436887994,7082.55019053473
6578,0.1725,3.65941477202127,0.0116558539224529,0.00946052713033033,9950.01953411278,9341.74944471804
6579,0.4425,6.01977869804134,0.0118502445127475,0.00706850073677882,18364.16794551,23324.3709076805
6580,0.1895,3.27580985514523,0.0398401823878365,0.0312292062590948,2928.65607765629,2979.45751418703
6581,0.407,4.20925957648887,0.0152008554285339,0.0061718552598211,9933.72007009412,17824.4362468601
6582,0.212,3.14668410986255,0.0678941095794595,0.0418714736365034,1602.66588498227,2222.61322111706
6583,0.2075,3.96189491906702,0.0150582428361044,0.0122032313916006,8813.27880465464,8413.403422444
6584,0.127,2.02934958235113,0.0408668429702406,0.0372932562733921,1728.0041669615,1491.40657263342
6585,0.35,2.44540619449015,0.00739259358196875,0.00551200634526372,10687.1296484305,10741.1576275284
6586,0.291,3.25985511630692,0.0162969853928339,0.00658424617632118,6987.85666153814,12157.3020286443
6587,0.1655,2.61719829133513,0.015971136283735,0.0137356571684118,5303.46533536838,4807.3948089634
6588,0.401,5.71143957919948,0.0112247338798755,0.00607174116258101,18220.5314113121,24800.4818620341
6589,0.312,3.63965097719388,0.00572516529219494,0.00476900160886585,19507.2495881278,17877.3257929465
6590,0.328,3.06819718685204,0.00568063489338439,0.00485621289305782,16578.0066963538,14973.9799416312
6591,0.3365,3.73403404398279,0.00906153420755242,0.00734320575291698,13982.118510322,13291.3965706407
6592,0.4285,3.46976526733673,0.0154765413367423,0.00885837056214431,8191.705131732,10873.7315400583
6593,0.31,5.06979662280203,0.0736944250479948,0.0496985290304505,2310.51455348465,3139.84377100361
6594,0.273,1.78248859671673,0.00528854256804977,0.00448942727141706,9327.73137122478,8332.34926967643
6595,0.299,3.2193301025303,0.0113565305976982,0.00766999406215797,9761.86035102042,10843.9564706611
6596,0.2445,3.15935744243913,0.00774162064079229,0.00389777401118612,12624.4799865223,16556.1831761866
6597,0.1475,2.84800500982554,0.0348776182938068,0.0237099056175212,2839.07671417083,3242.99169451409
6598,0.314,3.60644589134839,0.00932223274299589,0.00470652246124053,13053.4586672064,17972.8725774469
6599,0.224,3.39440399434263,0.00497397075970184,0.00426076415260055,18228.8956991321,16096.1834310416
6600,0.4125,3.60105888858848,0.01666509901292,0.012137774985042,7942.51430758757,8485.49396387145
6601,0.2285,3.36627486862943,0.00831645687539504,0.00548441858140034,12573.9907482293,13627.806907051
6602,0.4525,5.60769770961109,0.0116822408568563,0.00853564053374095,17456.9633370802,18528.4764430359
6603,0.3165,2.59025021670564,0.00986620825926677,0.0037439338913436,8817.6030644443,14940.35283163
6604,0.459,7.65699015102512,0.014776092337224,0.00633685163146776,19086.0902852413,32956.0849252139
6605,0.1945,2.73594274261885,0.0864532797681401,0.081853770672908,1153.80747670777,981.145004637888
6606,0.235,4.11267695463997,0.0933814890123951,0.0589058869068838,1441.66279556684,2127.19489316371
6607,0.225,4.34975017472635,0.0197553236761499,0.0148869907501587,7754.15010103778,7969.28715277063
6608,0.2245,1.79624445671526,0.0262445566862343,0.0224871583027976,2407.72671874185,2218.20314923908
6609,0.344,2.98750751145841,0.0231335000379817,0.0106138221344232,4660.58764770015,7719.92432030374
6610,0.384,3.73648144942518,0.0285775612300435,0.010990514254665,4682.9456453953,9544.84525604727
6611,0.1285,2.89206480129801,0.0849808940062065,0.078645668735797,1196.29436082546,1029.12098304094
6612,0.3835,3.79022206336358,0.00509644939651981,0.00380467831666874,23383.100193284,23366.5266980262
6613,0.266,5.28480099574817,0.00871722543577987,0.00544243892333989,19727.6882640098,22614.7634717639
6614,0.3205,3.36863786714916,0.00720555553612279,0.00311687997223921,15063.1250798134,22461.7010421371
6615,0.235,3.00687530340641,0.0128632992849959,0.00653403481063392,7799.89676003697,10840.3373086157
6616,0.1635,6.2147870499617,0.00983258348066057,0.00804445120715954,18904.2675233084,17499.8999251908
6617,0.348,2.49107886849759,0.0256328313288057,0.0231937795397134,3532.43791429973,3105.85531505673
6618,0.3675,3.86824456326393,0.0271755356507362,0.006870646472817,5012.13237511755,14755.1244923823
6619,0.195,2.91748575486222,0.01401938650614,0.0126128927144506,6836.47809396361,5968.13057783737
6620,0.2425,3.69005330017334,0.0201345310178148,0.0160602438055833,6441.81798960444,6285.6601715428
6621,0.2765,4.40058820206256,0.0394651826236634,0.0338318727654844,4060.53199457536,3793.16663195971
6622,0.2545,1.83697713723308,0.0149294701559681,0.0125213636574265,4183.52895584618,3894.7899215907
6623,0.106,3.32615141243484,0.0200581538285308,0.0164622036766132,5252.19203958244,4890.99269774165
6624,0.217,3.1539469940495,0.00944688084536354,0.0078357537810384,10373.2904710078,9609.11973583028
6625,0.364,4.03818410953723,0.00927733034858836,0.00622110163257569,14957.2795272106,16752.4941330875
6626,0.1095,4.46879040040892,0.093096636742445,0.0875516115223326,1680.10118212029,1437.2166636283
6627,0.179,1.74476508247359,0.0123950233948872,0.00898727590680328,4410.29201040609,4544.78054992699
6628,0.2705,3.10916061325415,0.00823010905067398,0.0062663647729954,12251.2398536928,12074.829163333
6629,0.213,3.30447958969071,0.0206068430124304,0.0183971726468806,5578.41644441172,4924.88695639515
6630,0.2155,3.59555334790569,0.0203352374793316,0.0167158092695617,6159.70062481246,5831.76127434981
6631,0.1795,5.40635008992255,0.104027841221382,0.0712516183335838,1724.08174372819,2231.94413632912
6632,0.4025,3.96115155879928,0.00869734659794451,0.0065572619418752,15592.8165231447,15838.3170778945
6633,0.3725,3.17308764617652,0.0132545262371438,0.00982940592952096,8554.69431743842,8918.9493200033
6634,0.224,4.06183919430025,0.0179489487618038,0.00398185869182728,7717.95533129959,20629.3238373399
6635,0.2065,4.37580426837447,0.0123442773315276,0.00948102693417188,11685.2902547447,11575.4822397424
6636,0.3225,2.01478301440053,0.00957105308198176,0.00751556043493035,6974.75800210872,6802.98812809474
6637,0.2495,2.31790213664832,0.017742195205532,0.0139241495581237,4477.96228103212,4388.79892450121
6638,0.405,3.09064960218562,0.0104133652218708,0.00937922633319579,10293.1338184654,9042.05831216723
6639,0.1175,1.8608186432222,0.0326292714766968,0.0238769282980714,1931.72297836335,2019.55426383433
6640,0.268,3.85355553618411,0.0515801081193687,0.0419119024555472,2721.18667476442,2709.23707099458
6641,0.2665,4.19630971289938,0.00613694794383817,0.00354009527060211,20778.8200826001,24520.0856304145
6642,0.258,4.25872865073062,0.00732004174580913,0.00554988486789113,18117.3699121851,17717.7749959241
6643,0.2445,3.462915485305,0.00779741138181145,0.00650500922175748,13767.9059397656,12594.0815116768
6644,0.331,3.24333051326916,0.00447757340802324,0.0031754127613572,21073.0094757056,21242.86402462
6645,0.343,3.29030881413488,0.0090061877424361,0.00670213810592178,12360.587805881,12622.9766785565
6646,0.308,3.19446856548007,0.00675416845629921,0.00541024080906931,14903.1283191884,14023.9078512976
6647,0.223,3.96364745330043,0.0120859256834358,0.00924382173153446,10870.6114719389,10759.6025489123
6648,0.2575,1.90766061648377,0.00933594547416857,0.00804243394023206,6371.15032386724,5698.4444083225
6649,0.1035,2.24140425454897,0.0261350114072633,0.0227574675519104,2758.40823632087,2464.19518001838
6650,0.308,2.01678970706718,0.00756472119796974,0.00674002408301793,8374.80343801903,7322.08992197211
6651,0.262,2.96759942735718,0.0132437438865538,0.0110403853662203,7654.24944592377,7176.75484238412
6652,0.3345,4.68760451460821,0.0481207067515365,0.033450097834891,3560.38163680323,4165.5216431872
6653,0.2905,2.71918575165218,0.0126353658487339,0.00487710411676064,7373.03240632899,12767.6646832589
6654,0.329,2.70314545234672,0.0078903291311765,0.00524639865727665,11209.8798252716,12407.257702824
6655,0.236,3.41528428124884,0.00891740829055374,0.00474118278262446,12046.1667918471,15476.5588893607
6656,0.1955,4.85967122597449,0.0199451916308096,0.0147178135176116,8400.49094215091,8775.69935128286
6657,0.3385,5.4729029488888,0.0284542537348204,0.0171774143980635,7083.38277792514,9263.62831465165
6658,0.265,3.52153501288395,0.0109411352960691,0.00810558000092275,10779.8225011583,11021.7437328732
6659,0.1145,5.54768846717557,0.0320372011099943,0.0303414667475494,5798.63618546653,4849.04820408518
6660,0.264,3.77896529850802,0.0128278075392161,0.00641858963181619,10064.858465414,14312.4851432353
6661,0.1375,3.88816750025983,0.0354522929791466,0.0317288566064561,3885.34956374794,3428.6651693638
6662,0.306,3.62505915011876,0.00971288844564715,0.00364282314875477,12457.6273047338,21382.2582064485
6663,0.1525,7.0332379804158,0.0822411643876972,0.0411188530046559,2637.62952685423,5059.83260558589
6664,0.35,2.78383904418524,0.0161995887366481,0.006613857190122,6129.57269181714,10784.5184586913
6665,0.114,2.56188243307748,0.112720795803425,0.0855676339518175,803.389698599496,892.759166472809
6666,0.2145,1.4972500996695,0.0059364305752573,0.00551940828628119,6827.40762271827,5743.03623948092
6667,0.3455,2.30800842350606,0.00480530281931185,0.0040004514324893,14293.0637913511,12982.6404014088
6668,0.2235,1.67047859114192,0.02252675162753,0.0142275614887574,2569.59090424081,3058.17614212632
6669,0.198,4.95690766526958,0.0130105596959542,0.00539328284246172,12476.7960717252,19471.3431614696
6670,0.1785,2.55520594785753,0.0140501424175736,0.0121325869793929,5921.15381762395,5338.93928373407
6671,0.367,5.56357718115404,0.00716490603595391,0.00493825826691592,25604.0493855653,27680.6920261753
6672,0.206,4.15363338592648,0.0266581344304487,0.0191513388487887,5666.60437764113,6193.5523421749
6673,0.1835,3.31436436263703,0.00946405582509316,0.00792786651760165,10579.8476427072,9567.04953881694
6674,0.4,3.86540874945255,0.00889174459937026,0.00573505124983743,15079.5144658233,17348.2470480742
6675,0.201,3.12622991258478,0.0124145505567199,0.0102450761880118,8168.64842379577,7667.8573039355
6676,0.227,3.8484614266791,0.0152495612572066,0.0129678918945685,8783.99539842801,8037.93967208115
6677,0.265,3.24387258567628,0.00920930652345723,0.00644723036967604,11651.316447643,12389.6514171792
6678,0.3865,4.04155055894763,0.0128662118328017,0.00964386898707694,11330.1168487,11698.8333091839
6679,0.359,3.70906385452475,0.0173870331325511,0.00494172619944754,7623.46738879727,18287.3267655024
6680,0.317,3.12829084143087,0.0217432801592142,0.00819695704949462,5098.94987793484,9889.82900411323
6681,0.4375,4.12772581716288,0.0160749308479738,0.0130653223772902,9428.30213014463,9129.67710837126
6682,0.158,4.48277260789662,0.0578455711826817,0.0512454352377206,2756.82863414988,2509.62507199729
6683,0.445,5.27807379872996,0.0228181465050222,0.00831797096044396,8478.55163343849,17679.7526660402
6684,0.1575,5.84332416445726,0.0633383472627595,0.040655364802896,3079.4859926741,4222.978113042
6685,0.1665,2.9235225004674,0.0141256361284625,0.00993050200750019,6710.77852783545,7072.37521328395
6686,0.4145,4.72062274596599,0.0129459139658704,0.00710579541007205,13095.2599699273,17920.7964277954
6687,0.255,3.17517971132145,0.00588826767847946,0.00448762410852869,15514.5450879979,15007.4027994696
6688,0.164,4.18944757534411,0.0788335573089681,0.0617965534860586,1859.13162154682,2017.62360922799
6689,0.3555,4.12707958076893,0.00676425205278128,0.00456827101934407,19969.7976298082,21781.113478503
6690,0.2765,3.15608209639802,0.00955427221543696,0.00578847957482115,10869.0641237644,13009.1176138013
6691,0.3525,2.83326796993655,0.00581766728410988,0.00469324853998673,15370.5280622028,14450.2277476216
6692,0.19,2.99526958981767,0.0195196865198294,0.0176679036130057,5272.37850479639,4592.78242572174
6693,0.3825,4.64313617371153,0.00761788923142602,0.00650515155542948,20648.2540888957,18778.6853586515
6694,0.349,3.4884963658528,0.00672393760979514,0.00420441880907879,16874.5959453356,19327.9708453898
6695,0.2045,3.09238966615328,0.0103917866972389,0.00803173219126717,9489.6798378821,9306.88460663517
6696,0.3015,2.22432332721577,0.0198252797911722,0.0101574962077665,3973.0533678744,5739.22898270397
6697,0.2775,4.49735739588926,0.0163144103205567,0.0145296150371788,10127.6228520584,8989.30403107063
6698,0.217,1.68588709968684,0.0137931751360997,0.011710223890572,4006.17362573656,3640.89965433896
6699,0.12,4.74417420764455,0.0187565916804004,0.0161358712198935,8097.64389253506,7312.28051078083
6700,0.307,5.22206176229434,0.0175125790363357,0.00681030893461411,10559.7767463458,19277.1851121071
6701,0.425,4.43763161055596,0.00718196917809603,0.00536199111055832,20915.1131344511,21204.5387738312
6702,0.211,3.52974912027182,0.0117155455014234,0.00811566122003875,9755.12266352778,10421.8453464013
6703,0.2875,3.26586905817989,0.0200388958050954,0.00974341983863639,5768.32187557501,8823.57234755249
6704,0.3225,2.37061969454637,0.00649856815721899,0.00458836429494693,11434.2178363388,11805.2054018992
6705,0.268,2.02959087174756,0.00451240158467009,0.00335352492153275,12162.6652783083,11816.4615211437
6706,0.1525,3.85768198867947,0.0140688688960701,0.0126008698700214,8656.31539129714,7583.72714711514
6707,0.146,3.03186134492012,0.0563179543042027,0.0221360442422973,1806.60428293831,3684.42715885564
6708,0.2955,2.03201980899009,0.00343229245084115,0.00296751464908076,14935.0993102559,13082.0586009337
6709,0.233,2.58980456734487,0.0148521025721817,0.00949597887999723,5915.87525989551,6920.985600256
6710,0.181,3.36479440890664,0.0396446397483683,0.0356548913241975,3049.07948281576,2698.50943606923
6711,0.158,4.38271722852176,0.0101607261028398,0.00789875304153006,13013.1492649159,12502.7327245529
6712,0.29,1.84482158605294,0.0101395912618556,0.00826676918206501,5906.45345665408,5538.84845246999
6713,0.2995,2.7675681896017,0.0160091007193006,0.00538103783637784,6052.37465901246,12156.4311587029
6714,0.3015,3.86396362703318,0.0117120436073898,0.00569605155899024,11277.3702073345,16409.5800126285
6715,0.279,3.68784376116396,0.00657568707461856,0.00547568596878054,17198.756181645,15731.9176377504
6716,0.2635,3.23704277576716,0.0155862550411869,0.00815115600263031,7245.60181406222,10107.4355781975
6717,0.2295,2.87522337040318,0.0245938280453403,0.0162054813988379,4198.18408147319,4958.03927127683
6718,0.2095,2.28118215879221,0.0459094228594459,0.0143688618010971,1690.67800365975,4218.44297396762
6719,0.2665,2.34462170325233,0.00878722598664066,0.00469759851972232,8441.45240231767,10844.7577944788
6720,0.254,3.70023362866628,0.0167097376836758,0.00645369602809648,7577.67524410416,13613.3645351968
6721,0.086,2.46180956113937,0.0228885486300635,0.0205060836496585,3258.31693420853,2835.30226001211
6722,0.164,2.3763560084695,0.0218126656082129,0.0196029535599641,3716.06179570063,3253.10832016257
6723,0.277,3.49018788648188,0.00552211962513044,0.00416543770173703,18715.3322842117,18208.2119786323
6724,0.2475,4.35063472991949,0.0117719903830872,0.00482406197767603,12342.5907755448,19835.0882333646
6725,0.2,3.76063378547538,0.0214354408859689,0.0160492864029129,6133.51247072036,6398.60084920091
6726,0.1195,2.00496158673974,0.0234358943999241,0.0198670229130306,2786.7546951215,2547.97500425098
6727,0.163,5.34237719909028,0.0136515380048017,0.00971454738655272,12515.1061037915,12984.9793217647
6728,0.1685,4.64431564750861,0.0174771266237118,0.0150730675879352,8810.71606184639,8002.3347103998
6729,0.2685,4.00874437226964,0.00605123214694574,0.0046101880953024,20096.9553508436,19570.6667524338
6730,0.2435,1.95715513643665,0.0139604196108839,0.0098441568659362,4687.14264150241,5008.19819091729
6731,0.182,1.96861439982077,0.015990606165804,0.0135959138574744,4020.83723373129,3635.88718978548
6732,0.2225,1.65241774728599,0.0191455067080934,0.0161762130136929,2887.10370465678,2672.429262458
6733,0.3105,4.67061627806787,0.00586693108622655,0.00453000476356219,24242.7785653199,23520.2089569949
6734,0.3645,3.35446939390703,0.00713329124063817,0.00356534212400742,15470.834919287,21101.0371192566
6735,0.289,2.65037057028999,0.0477760889259954,0.0436389047909047,2075.66303640752,1819.23836004127
6736,0.3555,4.34905636445708,0.00907239742573916,0.00534872530105858,16253.9990331566,20013.9009470083
6737,0.37,3.79901791247223,0.0164444073594632,0.0126943824789764,8469.24498403384,8558.24772389927
6738,0.336,2.53475205519346,0.00378598939454287,0.00311097868674844,18728.7053915374,17124.1936788226
6739,0.3415,4.1196211953966,0.00768740910788016,0.00622427202645849,17767.0558680772,16868.5468797597
6740,0.262,3.36741989788344,0.0138731221359438,0.00855513334703571,8241.12777156866,9942.68623340322
6741,0.3015,1.81911098997611,0.00835103091082807,0.00618102734051833,6939.89932190244,7000.32090053571
6742,0.414,3.16772557364289,0.0118953949191542,0.00964076880029508,9523.94695421481,9158.15846139589
6743,0.355,2.95911381375407,0.0110816882802041,0.00737572704006559,9217.65891566797,10400.9800340677
6744,0.313,5.18344762070435,0.00972321662618248,0.00663643910573194,18185.4199736808,19976.7985055628
6745,0.1895,2.24445867121871,0.0456133697822957,0.0407781060552219,1770.00926695461,1566.91150326293
6746,0.2675,1.9475708607476,0.0199011357453281,0.0177278028481097,3432.36236444984,3033.39806113417
6747,0.4015,3.46545566404235,0.0112558245976024,0.00851442582093243,10901.8086403378,11144.0093410998
6748,0.1765,2.16367871058604,0.0271522253428397,0.0232534909373145,2794.28310257613,2571.62654585379
6749,0.1695,7.06007852068541,0.0592829806977546,0.0365995495897651,4023.35996284034,5660.90083885409
6750,0.187,4.04903802929354,0.0210721656333051,0.0131245876030204,6571.04389825364,7952.815168915
6751,0.2995,2.09157451869089,0.00363290766553867,0.00270270356499594,15083.24000418,14438.8751992992
6752,0.265,2.87359880092031,0.00845747457839925,0.0076336681595252,10855.6116655172,9414.15479006114
6753,0.3115,3.89062314529792,0.00479073594585176,0.00410236148992151,23694.0279174071,21143.4307697896
6754,0.286,4.94099366309097,0.0129454728618332,0.00618828295934118,13275.311102458,19724.4657018978
6755,0.3105,3.32295462994792,0.0123811181645246,0.00800330093453201,9320.49209142296,10872.2559960776
6756,0.1475,2.83441661183965,0.0918120375008558,0.0811889003226343,1101.50936305775,1024.8454920202
6757,0.2295,2.23952878452805,0.0137466816764546,0.0117962505060453,5450.4580743517,4969.73889307951
6758,0.1675,2.99889610444636,0.0113246605809164,0.00928005341159487,8168.33748909663,7578.78568355901
6759,0.285,3.59320775184108,0.00489216446377212,0.00363352624842737,21182.8735260787,20831.8966995516
6760,0.1595,2.13387616338895,0.0495785774221252,0.0427971246516949,1546.78839771307,1423.73991639521
6761,0.282,2.39353675662847,0.00630199263142558,0.00509999572641649,11479.2472950447,10725.341442354
6762,0.2595,3.76864848240528,0.0221573739846074,0.00572645733249343,5898.79355407946,15557.6339667293
6763,0.314,2.87755588774555,0.0292694760547085,0.0130640918081901,3535.14704600228,6097.00099107398
6764,0.3055,4.76638422024482,0.00872733675207435,0.00697361168346099,18252.0691199657,17631.8590927617
6765,0.2595,2.59792264215892,0.00950686942778173,0.00699039496605471,8859.1018115893,9069.02353862554
6766,0.144,4.07698169020155,0.0540162589528018,0.0431234629552458,2695.80013360053,2720.9539030147
6767,0.2155,4.1156204519383,0.0199324885083063,0.00628612733172244,7029.9149713598,14831.2406390569
6768,0.2435,4.25704711770253,0.0144315440093612,0.00952521469737806,10167.8597522894,11509.2471637567
6769,0.2335,3.97916752611112,0.0160291707563404,0.0122954040656411,8572.90468623975,8648.48469645343
6770,0.1545,2.67750169967739,0.0239002049239137,0.0184618348810863,3692.47106595788,3659.11800057787
6771,0.152,2.46173570542181,0.0789307104422631,0.0575494894005854,1091.84870346615,1224.64128615244
6772,0.3405,2.84017853866369,0.0250015845539506,0.00958018441236716,4070.05450764603,7947.80043211782
6773,0.232,2.53950760213834,0.0386699724853504,0.0349626562814873,2355.64516175176,2083.28484541809
6774,0.232,4.20211527564054,0.0365138787189194,0.0154003845713377,4019.66817827013,7543.98766336587
6775,0.3415,3.6233423952893,0.0437063778467535,0.0359112859497921,3097.54052837433,3041.34418808411
6776,0.38,3.54884182427216,0.00548446094583259,0.00383031456537592,20630.2678057786,21588.0272143884
6777,0.305,5.14540900399379,0.0103187471510906,0.00555369865732828,17179.004688143,22512.667852567
6778,0.2215,3.14123993393637,0.0161294236005458,0.0101365417760549,6654.70501593963,7959.22614420649
6779,0.1815,2.91470565011457,0.0861441661667166,0.0716210486915714,1194.69484959739,1190.3290393694
6780,0.2635,3.59336974843467,0.00547794552133193,0.00396205798219459,19205.8168861017,19257.8525853046
6781,0.2425,2.0921430515984,0.0100608265751417,0.00500437483715084,6637.18378187235,8920.66198615713
6782,0.3085,3.01123335135887,0.00752409376144467,0.0063399378484183,12838.1370033573,11681.9030853909
6783,0.2045,3.92644664442986,0.0442954278154693,0.0291658400326393,3248.2712806755,4018.93220285615
6784,0.424,3.93786220029683,0.0103630587611738,0.00430478962769917,13484.3161242443,22644.2362742616
6785,0.332,2.86232903505479,0.0527543897327158,0.04352934126488,2002.21023508303,1938.65685284292
6786,0.1385,2.92762286017195,0.0620679930571167,0.0532804143585935,1677.95664343378,1573.28133595285
6787,0.235,4.91507442267851,0.00932885476999763,0.00782005152060981,16865.4381206188,15532.8544431444
6788,0.3175,2.4611801494185,0.015327542370796,0.00469585334533562,5557.21134795695,12081.4398995239
6789,0.113,1.90662297304937,0.0267630105170766,0.0223029377470825,2369.93663781599,2220.74518515203
6790,0.1825,4.26107982245229,0.0114345387698069,0.00899555879443469,11716.2866768236,11213.7712448462
6791,0.1865,3.56538986922416,0.0118674479309909,0.0100364182880113,9781.75483383638,8909.80258870587
6792,0.3035,5.38498418876282,0.00596892152541791,0.00438498944644668,28097.2452520627,28234.42660472
6793,0.2865,2.29180186310088,0.00969862913445162,0.00698294158266196,7755.33156433,8087.62745080919
6794,0.3085,3.03271406458269,0.00689794045580219,0.00499375330902603,13843.7741522187,14188.5442819574
6795,0.177,2.84703696523152,0.0647205904926956,0.0306652932206791,1478.45659549915,2608.07162313873
6796,0.1645,3.90229915313531,0.013238991979812,0.0110064458524814,9490.93618528225,8775.1456193241
6797,0.138,4.27942849317193,0.0133126508773823,0.0109066909535343,9966.24378591234,9306.80281986416
6798,0.183,2.55312952175409,0.0152145462747938,0.0120636776555722,5499.84321834619,5294.87351138085
6799,0.206,5.08272757739428,0.0194691262907844,0.0172362223224556,9127.5146609549,8094.64199451469
6800,0.1795,4.51295012171191,0.0255743730014305,0.0227055955205013,6229.79713223512,5539.43890464627
6801,0.3245,1.95652203263845,0.0080311902241852,0.00667121821032057,7779.55550954707,7205.46234257832
6802,0.214,2.91065060114871,0.009868308471221,0.00593556225075613,9359.6353053925,10943.6818367539
6803,0.126,6.07157917506248,0.0542954733158307,0.0390493036481625,3891.93286447362,4306.31931028018
6804,0.1495,3.89312856156565,0.0170637311980457,0.0160373530678851,7369.34911271934,6210.1286512707
6805,0.1275,3.16611286558235,0.084887029643206,0.076326703784607,1340.09515550689,1215.50985678673
6806,0.3295,3.13125634049555,0.00844597875988956,0.00443184447479678,12392.1281896241,16387.2186257124
6807,0.3205,5.72545540310998,0.0121600672095042,0.00534475125932517,16378.8575690525,26277.3588022343
6808,0.1785,2.81195704777693,0.0285447815015858,0.0157645072442474,3441.01895331947,4675.99028470685
6809,0.275,3.99524492150269,0.00938555910719234,0.00735238509074456,14118.3988126315,13694.7511963455
6810,0.2255,4.13713885982235,0.0287277345672051,0.0221708279340124,5140.65520178099,5273.33713908172
6811,0.2995,2.55949647224456,0.00868951969645902,0.00689161363142331,9621.76334237225,9233.60835077748
6812,0.4125,5.1419719286355,0.0118646633027486,0.00545685534940442,15529.9297243514,24541.8225108225
6813,0.319,3.39365845915127,0.0176319101594455,0.00365401424385196,6812.43331157787,20120.0821476934
6814,0.2135,4.07205290205729,0.0140792731594084,0.0114523482905701,9604.21215226733,9122.91403799359
6815,0.258,3.50324377691605,0.0164152943622626,0.0147274795182329,7457.73923781608,6499.36069779374
6816,0.255,6.11407716600315,0.0222727038088226,0.0118163108272977,10038.9486177384,14487.2127289717
6817,0.11,4.80380334545733,0.0140076608087865,0.0112988643158348,10066.2897850313,9380.51504148697
6818,0.385,3.71048957924234,0.00585219068034569,0.00501441636718121,20211.2738619363,18223.093908195
6819,0.197,4.13852924111535,0.0114712509704276,0.00961291951747049,11692.901734061,10795.7481192383
6820,0.2115,3.25548543717357,0.009856010779386,0.00790346851132393,10515.1967852817,9959.03788075347
6821,0.2175,4.21825446804219,0.0128399492591795,0.0114569993398438,10855.7265806565,9529.14308131689
6822,0.4575,3.451545647288,0.0105404734831174,0.00564206386942436,11640.7840935673,16035.7232520026
6823,0.2835,2.20979635682405,0.00868520668306741,0.00803841533252667,8130.15674887177,6908.7275113919
6824,0.2635,1.96795749970993,0.0128890571552048,0.00971393747124338,5128.87579200578,5216.63253781066
6825,0.141,4.29327331502725,0.0848477367217689,0.0619571991473486,1750.73903048634,2023.42718382166
6826,0.3325,3.52575926391192,0.00955657551101807,0.00684815081154163,12577.9053492425,13256.7379941514
6827,0.1175,3.74452577220516,0.125866816532219,0.109724924127066,1032.69354872073,993.983744545602
6828,0.3415,2.83270198195021,0.0271568399716533,0.00939764038956692,3716.11243051394,8153.89899155515
6829,0.3055,1.98765584599733,0.0135496277309685,0.0113110188161042,5042.23236059543,4709.92547992763
6830,0.305,2.95739204088629,0.0737206498029218,0.060970761716995,1496.08699015327,1465.19845080157
6831,0.2295,3.23522933880104,0.0158055345317283,0.00948552032448492,6974.1000464195,8566.80395736551
6832,0.151,3.8143526164013,0.0213623580703644,0.00869851389606493,6000.44418100688,9899.0464974784
6833,0.0785,2.88753832138665,0.15064121722159,0.136554628824911,667.524118492596,598.595657275772
6834,0.403,4.52310368263626,0.0121980833736919,0.00727285356093627,13273.2739827055,16621.1147617656
6835,0.236,2.1954249255461,0.0120432121289183,0.00872555147404439,5981.19326404052,6221.3336215134
6836,0.3825,4.24726908805778,0.0122344419385719,0.0104759578817685,12323.0918296207,11260.20994241
6837,0.3275,3.44304534070826,0.00697995519672575,0.00608802992830565,15894.9499925823,14097.2471764488
6838,0.2645,1.72630008679664,0.00568405732494183,0.00386252123930254,8776.18037416644,9132.58851748514
6839,0.342,2.51435320292101,0.011631153411987,0.00787498561903027,7459.81750924058,8297.49597652013
6840,0.156,4.10502259325937,0.0170813798863048,0.0138393741192249,7962.52345497506,7542.22567952816
6841,0.3135,3.71423266747677,0.0115454228921664,0.00420219771378727,10954.8729531618,19990.5847418854
6842,0.3445,4.93724121761503,0.00773862969692192,0.00528233566801944,21310.215852632,23188.3770007265
6843,0.1785,5.80200863776517,0.0252108054590912,0.0221262051429029,8122.10003087992,7277.50599431397
6844,0.306,2.41008143298037,0.0147587153716488,0.00562062223213494,5663.45134348886,10236.1246954109
6845,0.4075,5.7592358988717,0.0165794059018741,0.0137378550318119,12820.1785441696,12239.2122257913
6846,0.3475,4.18544974364451,0.00688494702523184,0.00464113290579425,19671.5761117298,21414.6301517172
6847,0.269,2.45067918540076,0.00417435250957797,0.00321227615348702,15631.7150850677,14827.5533256262
6848,0.135,2.70832529750601,0.0719758955298548,0.0314559208358813,1212.49410351756,2404.92813773284
6849,0.4545,5.13520712068047,0.00923433367161952,0.00611623687095775,19597.2740509243,22429.6052986838
6850,0.189,2.57091903499231,0.029090583940755,0.0169768668316118,3053.09819829232,4027.62011419224
6851,0.1565,3.65837541469932,0.0422808476010057,0.0382812217587245,3130.76767200407,2760.70198180571
6852,0.271,2.5342442927863,0.00699849562401961,0.00596470639676776,10922.5803081653,9844.70998638119
6853,0.2745,3.62877722513693,0.00460824183379039,0.00382465186735509,22122.88736489,19922.7226912615
6854,0.1965,3.4775703683033,0.0102632574549269,0.00831083144048128,10596.9710256402,10006.4811526762
6855,0.109,2.65803094888226,0.0459898555337877,0.0330235706121936,1951.64173913601,2137.59092888764
6856,0.319,3.39275980678862,0.0494718553053876,0.0401033170071723,2553.2853275201,2521.35639928806
6857,0.1915,2.81037170581096,0.0145899841226936,0.00937637975312822,6328.93812666541,7270.08850143974
6858,0.1685,3.67460101889053,0.0432881161602384,0.0415765334184772,3070.62939436835,2542.1229204133
6859,0.213,4.10648694207008,0.00723577918076253,0.00557109173430944,16729.2061520687,16033.5411585089
6860,0.1375,3.54137592576291,0.0869375381341884,0.0546019587564256,1372.37941613327,1864.66791534104
6861,0.26,4.64097174678066,0.0124020111797241,0.00876939756065627,12717.0241658215,13600.904690466
6862,0.296,2.18259354667639,0.00816900247375362,0.00558232329169122,8644.77427003835,9374.14817840056
6863,0.133,4.85536200657541,0.0256041065884986,0.0234727887669115,6519.35302806187,5628.60780058163
6864,0.2265,3.99380947922009,0.00732211243178593,0.00536061275604038,16276.4828024827,16412.1073073861
6865,0.157,2.2803249609215,0.0688563682133625,0.0612515335777341,1217.98045247567,1104.43376412149
6866,0.37,2.64676126400854,0.00926351584750083,0.0084696417416722,9672.91816435265,8347.69367761563
6867,0.437,4.49066682296924,0.00875190968504752,0.00626161691916142,17998.8383492417,19150.9304632806
6868,0.256,3.47518633695629,0.0124910017860891,0.0112112124147852,9394.12148974187,8204.01103263822
6869,0.2345,3.86358568829154,0.00544371698515204,0.00360448540177225,19906.0806729294,20726.3074865699
6870,0.4015,4.02783989581094,0.0145183164729462,0.00869368274776679,10032.7877623168,12760.6947656898
6871,0.18,3.19684300235719,0.0414235564530685,0.0113035618326669,2578.27474328909,7121.56668420975
6872,0.1635,3.63506319307593,0.00853896640090657,0.00631035571665,12389.1442212777,12218.1823268531
6873,0.1485,2.37910164861499,0.0519037211970319,0.0488620947202228,1665.64848266709,1418.14511872041
6874,0.2905,4.21633125186073,0.00644725019140161,0.00523265093133322,20232.689943074,18952.637797915
6875,0.2265,2.55879796467786,0.0445090787822164,0.0377395046436679,2059.5568630973,1938.05677233
6876,0.1605,3.95430671489331,0.0819275493441746,0.0693924295215843,1690.3396393609,1686.99194528628
6877,0.2855,1.88397218674978,0.0366593134678942,0.0185669124365847,1837.37097035091,2802.21093280721
6878,0.2045,2.79493487248974,0.00816554180364741,0.0061631466051149,10301.4802055098,10050.1544163064
6879,0.211,4.23969907437333,0.0700793441538432,0.0401665679323787,2085.61659221658,3062.4620498105
6880,0.2615,4.17849887133059,0.0145813710014972,0.00902718918168625,9874.6705918134,11940.118434044
6881,0.2815,2.35551332728586,0.00490332470866247,0.00398596980876184,13382.8628780715,12374.8331527627
6882,0.4265,5.15609089719367,0.0137628588925571,0.0113720192595428,13707.464975952,13032.9081858503
6883,0.177,4.26969337551026,0.0161272349207786,0.0136744875989904,8938.33907805678,8183.29858760002
6884,0.1535,1.93052809695024,0.046492827740167,0.025509034802454,1451.31401456006,2042.0852673844
6885,0.255,3.36293525898037,0.00826588162524518,0.00733669020560409,12757.1480899357,11161.9647505689
6886,0.115,4.38343796707954,0.0156753405304278,0.0134858864317581,8495.72126130809,7553.19248296235
6887,0.2875,3.23507451691153,0.0125601316992607,0.00796942085879167,8905.25192293954,10445.5318436059
6888,0.4055,2.71839136648428,0.00457102836285571,0.00366990972210184,18222.4877424076,17109.1995287172
6889,0.3255,4.65333211998921,0.00726538576307898,0.00507966398800411,21104.2266238453,22433.1046606166
6890,0.325,3.13132774088482,0.0102493108106932,0.00509749742062413,10444.2303371287,14776.0743792396
6891,0.1395,3.25236666216693,0.0617079469068966,0.057837375259586,1845.84936727456,1589.12744083165
6892,0.174,2.84892037665447,0.105829058171793,0.0927305409174856,958.760442007382,902.032984529561
6893,0.2575,4.47113877434854,0.00876109798052874,0.0052727098860598,16484.6628418953,19572.1623315825
6894,0.2185,2.60959185164379,0.0112560933210926,0.0092287190801353,7450.93157044182,7012.89317645982
6895,0.282,3.24902384630997,0.0628055526591613,0.0562552803971615,1930.71445004609,1727.79382323378
6896,0.1195,2.76981103085442,0.0698908048783959,0.0318132147340882,1311.33570331358,2387.18814434214
6897,0.2485,3.4711597589202,0.0111945766283666,0.00868060095272508,10367.1283616677,10189.1559513079
6898,0.282,4.95139002620591,0.00836482149330836,0.00620672494155203,19328.4141453529,19603.8931083841
6899,0.418,4.32109034695952,0.0124918278343437,0.00563863773241959,12431.1522871069,20012.1544602237
6900,0.2555,2.46286239047636,0.0292658634021794,0.0252132077434278,2994.99924815947,2754.3592067997
6901,0.184,3.68552193559919,0.0239232957181063,0.0212091866345672,5337.55206933659,4726.81465475223
6902,0.3825,3.65801654872928,0.00642047408075363,0.00467897708708494,18642.3479105281,19156.5208745608
6903,0.421,7.87577663941185,0.0142383381500714,0.0122302226565618,20333.7950621165,18630.1657842024
6904,0.208,3.10253081396412,0.00934210540875913,0.00609288794711001,10381.3825177492,11411.9957640016
6905,0.399,3.14722591351317,0.00497606662082564,0.00393566711737577,19619.9273741218,18603.7756941871
6906,0.162,5.30287278349726,0.125846145992404,0.110853510767563,1464.84639311721,1393.95479780337
6907,0.2895,7.13913561470791,0.0348532808251162,0.0231195905453341,7565.46990676014,9121.55130829116
6908,0.241,3.23720783599461,0.0229228806919913,0.0111076679326836,5000.17152617912,7750.39371279977
6909,0.372,3.07019926516916,0.0242995099081403,0.00804860586174144,4549.16602469171,10266.9134113411
6910,0.305,2.14393620970848,0.00435331637348104,0.00317288572546661,13890.3996499587,13691.3590899157
6911,0.233,4.42420186144851,0.00673891222219392,0.00522560543010096,19654.5463871779,18780.4381379733
6912,0.2575,3.47426971908101,0.00569034567673422,0.00462216773678917,17841.5587383031,16488.3050201614
6913,0.298,1.97126244280988,0.00787424204575426,0.00365860404355328,7936.14188414211,11265.3876051406
6914,0.119,4.94348534319522,0.0166951890618438,0.0133137266329759,9058.14880975958,8651.55974709807
6915,0.1635,2.4303654134377,0.0804282792458814,0.0715312457126308,1096.00065958652,991.017396826776
6916,0.299,2.30371163014144,0.00475980902384977,0.00366954067251467,13786.8227362832,13149.0793085521
6917,0.2845,4.33374552453232,0.0149111586186341,0.00798933104029614,10165.1974982427,13926.5690834391
6918,0.303,2.04137617448958,0.012121887438298,0.00600198220080536,5740.75284704702,8233.50588530713
6919,0.3165,2.0883956558074,0.0076222899705317,0.00653106586425365,8745.621023164,7883.91998650917
6920,0.2095,2.69088341705688,0.00955170753922315,0.00543029286537164,8786.01634452248,10616.690550965
6921,0.2515,4.6328270350254,0.0403475665131269,0.0381624927119199,4331.58560180937,3687.98067492375
6922,0.161,5.20140260640455,0.0103994674268577,0.00853985061240419,15087.1471049316,13967.240044471
6923,0.1655,5.21881268738647,0.0219864647096857,0.0131851463507245,7989.67812017642,10094.635572323
6924,0.096,3.41036223520454,0.0372585647074771,0.0347574271044977,3104.44173462505,2647.66244165851
6925,0.362,3.84083256330919,0.0114572059822596,0.00750964216026514,11708.1597633904,13457.9898487843
6926,0.3295,3.91662167663632,0.0171572241124233,0.00745689690040169,8177.04281773051,13715.8892750727
6927,0.2405,3.79254771510451,0.00967992770701475,0.00703342118934013,12616.529930885,12950.9052665585
6928,0.2885,3.64715285517771,0.00959701320593352,0.00692469502243101,12701.5241998326,13128.2615389433
6929,0.2025,2.84519394375753,0.0853235501428443,0.0739493941124068,1193.02671288132,1125.06554779216
6930,0.3145,4.3906592550596,0.00665304048635952,0.00475018350707586,21061.9987116796,21781.5169911945
6931,0.201,2.94184322565407,0.0198027030003744,0.00822543120353969,5133.27051901439,8593.44066324343
6932,0.1245,6.37881813216609,0.0260841193363493,0.0218917130135299,8363.97560858336,7854.03313308629
6933,0.133,2.52936890515078,0.0715692983306233,0.0589627795654451,1251.75189876379,1227.8130511777
6934,0.1325,4.43551548439144,0.0074589832959035,0.0050456879432132,15483.1696255408,15561.2257530684
6935,0.196,1.5093267614703,0.0202215187552645,0.0127543874297119,2543.15944902139,3026.49641366207
6936,0.1495,2.96010877394404,0.0622163321822823,0.0434363750083627,1701.54189178292,1965.89669360702
6937,0.284,1.81873150963065,0.0109152188088168,0.00803447184749395,5537.9564112845,5718.60994261884
6938,0.169,5.52046191311694,0.00777264148076045,0.00586279851052794,20365.1622193535,19794.5189464166
6939,0.2645,6.23286299452552,0.0222479655088114,0.0195550704446078,10129.7346807526,9111.17143466064
6940,0.2655,4.02192864455059,0.0126539166918091,0.00393299421001025,10686.7264126621,21756.4929352564
6941,0.2165,1.57037669541972,0.0058880198233558,0.00417893880805301,7381.09882291552,7407.32219191983
6942,0.415,4.33365238243427,0.00735605007741249,0.00520480966877625,19909.6882484665,21019.0954024987
6943,0.2485,1.64431193827845,0.00751395531872374,0.00657855875190362,6674.98415250345,5898.07274351784
6944,0.277,3.65893864163081,0.0112166451978565,0.00544732770519594,11091.3110091743,15877.0060970143
6945,0.158,2.42343364625659,0.0966741757139086,0.0869230737449808,893.558160106148,814.42244667963
6946,0.197,7.88210777462946,0.0410898727740476,0.0389631770184015,7013.34683187745,5903.97599390726
6947,0.29,2.27659229705679,0.00685003530338543,0.00329691558356527,10413.3930935063,14046.9703009951
6948,0.276,1.77952526210555,0.0219650693480149,0.0122214270346184,2809.38128046063,3790.93073391218
6949,0.249,6.3580049200133,0.0486745980382873,0.0361026344651359,4734.16034618578,5243.92465237667
6950,0.4375,5.74982393785176,0.00806114776344419,0.00642817501499181,24840.0941185028,24035.3707837432
6951,0.232,3.79262953917816,0.00978258485661273,0.00861664302294374,12436.6063598542,10909.659774285
6952,0.3225,2.9308252762322,0.00665728942191696,0.00576009347418397,13827.2725140124,12355.9296747758
6953,0.196,4.24879565538857,0.00914639937975741,0.00464903312990594,14063.7431517284,18255.5722816152
6954,0.216,3.34328777649109,0.00571052671568488,0.00465002847089569,16260.8932010584,14964.4576266757
6955,0.371,2.96644539380547,0.0223144751848953,0.00544945151264177,4752.57486702424,13620.5082100745
6956,0.241,4.61504842837437,0.0081304156082283,0.00386290219559461,17876.8345906884,24471.9316461934
6957,0.2785,1.93088684769978,0.0084703008400196,0.00749409415380918,7215.40523131565,6387.04739003538
6958,0.133,2.09752617048067,0.0514371169826862,0.0480292219735445,1449.26532176388,1235.24364289259
6959,0.142,4.84219847305416,0.13716071030684,0.105788386318633,1143.81914554449,1369.7310900888
6960,0.4275,3.50342963538299,0.0177905077664192,0.0119576660113864,7232.28658173504,8322.16633271529
6961,0.2465,1.91832391225585,0.0100654104574672,0.00878802364368155,6109.82006907893,5433.99160536274
6962,0.32,6.29568383673513,0.0211516784652473,0.0174774896472514,11043.6662402634,10565.7569195383
6963,0.203,2.31260543099812,0.0701952751008919,0.0605389132885423,1210.66846354739,1116.98098227246
6964,0.2435,2.56759922869615,0.00731765310687371,0.00385007092889358,10562.7599390586,13322.8018801429
6965,0.303,4.62603016808929,0.0157202556732541,0.0123836079579381,10513.6659054951,10352.8536047691
6966,0.327,3.93481446149554,0.00629774349345109,0.00505290787000745,19795.1964176074,18804.7498434071
6967,0.2685,4.54506571474838,0.00624125256181272,0.00497041012984877,21986.8926903782,20648.8316069226
6968,0.1435,4.5924001473514,0.0114733679474051,0.0101759377891168,11941.6517226385,10445.6982196498
6969,0.2425,6.53279331602294,0.0170245047863876,0.0141842259289425,13530.3457551724,12710.8788469729
6970,0.2465,1.79526417479576,0.00504688979731605,0.00412382738938896,9615.42844087004,8797.75950103951
6971,0.2135,3.60241090732939,0.00549165878150324,0.00348177105948516,18088.4942088249,19389.5159354571
6972,0.343,4.32465433118147,0.0606093225951363,0.0416769219194087,2562.45934377731,3184.3406691887
6973,0.265,2.06120781657361,0.0199748607642276,0.0090409192082869,3509.20935287542,5692.42711196029
6974,0.165,7.04268737209234,0.0244080599435022,0.0194224287634301,9994.43258069111,9811.87398765549
6975,0.1105,2.82223888344556,0.0286275093720251,0.0259573201684554,3330.295100533,2893.84364695302
6976,0.198,3.08342090454676,0.0189891643990098,0.0102597875738028,5513.74471801276,7512.81425393145
6977,0.148,2.18701999461015,0.0177236563388801,0.0151051280529153,3995.52846241019,3636.65472788468
6978,0.2315,2.47546341958591,0.00890811702923644,0.00768741859530309,8495.47129798366,7555.8397303065
6979,0.367,3.98437573799188,0.00917241919526321,0.00597905475174233,14897.0943731839,17059.3628043175
6980,0.1685,4.0875528284887,0.0481079102757322,0.0423035711152467,3009.97909666236,2765.43153273436
6981,0.301,3.79103547270058,0.0220824501640075,0.0129804903418274,6199.48537075055,8084.87507301336
6982,0.3235,2.10849639276633,0.00803054137507026,0.00653258216825378,8486.15634847689,8021.38822406162
6983,0.318,4.12398428447264,0.00705155753859219,0.00429211112959638,18775.9505885284,21978.5572900822
6984,0.253,2.2932505426846,0.00882070234715942,0.00630171328986423,8232.4111139397,8485.18409356174
6985,0.323,5.68061670601539,0.0557053924936476,0.0518567188122662,3822.53504164229,3341.27985524729
6986,0.2915,3.50050258633158,0.00640078422436398,0.00374722272279714,16933.4532126894,19873.8779455789
6987,0.31,2.6506235201816,0.00950543858388536,0.00476384495964518,9353.3769046576,12893.7552072485
6988,0.2735,3.54632069026549,0.00810436826216102,0.00573924926203566,13900.3079132416,14525.287256678
6989,0.2565,4.14656195128761,0.0148777015882994,0.0134206793883008,9678.23370090905,8465.99694231999
6990,0.3585,2.84964632678156,0.0079244214649092,0.0049178611233377,11926.2415858238,13931.1939271094
6991,0.448,3.78516357185986,0.00675878823886944,0.00484387951935257,18771.513698642,19732.1848297856
6992,0.2115,3.00105499706901,0.0174420853682423,0.00909968032492497,5926.15713565994,8168.77872375867
6993,0.1885,3.32048285296673,0.0170180405815818,0.0120210927556179,6582.66973907781,7043.37295115404
6994,0.2325,4.33594405372898,0.00890284152526169,0.00709891069494377,15617.5460395747,14881.1118338952
6995,0.216,3.31537897341929,0.0694502074492168,0.0543146987563384,1706.77572322707,1804.3450168295
6996,0.3035,2.72455824373879,0.0128033092449995,0.00822407758603982,7357.02513654915,8577.04469778962
6997,0.437,3.77817659705254,0.0174709907308646,0.0161731380079607,7970.61350078684,6825.45366961795
6998,0.24,1.64160430631573,0.00869433558866168,0.00804494198592789,5735.07508870559,4853.93267492751
6999,0.0955,2.23197495012724,0.0659391888597143,0.0607171808238063,1234.9657039439,1084.80445540723
7000,0.1235,4.51844059089832,0.102932925855971,0.071596021448611,1461.28519849537,1807.8456217365
7001,0.4545,4.63656819543793,0.00875482927747052,0.00716547368217926,18500.7748491939,17646.8740210922
7002,0.3165,3.90074858645313,0.00964764578345269,0.00792232453160372,13672.6186921709,12920.2247749399
7003,0.191,4.07404497365339,0.00495503901240977,0.00376374008723682,21369.3336661882,20204.2027088384
7004,0.1715,3.72947483101883,0.00776980837860686,0.00537982998771516,13641.142065633,13863.5992804399
7005,0.3205,3.30563758026889,0.0242992127937106,0.0122100135493323,4969.3673916867,7526.73128951115
7006,0.333,4.146588455704,0.0104693391725142,0.00361964864632309,13503.4922744246,25279.9362872798
7007,0.3465,6.0811423025314,0.00762560772310482,0.00601649685417139,26715.4750273432,25850.9750210945
7008,0.2885,2.09790379881555,0.0179740272311718,0.0105185611905859,4051.95495287225,5220.30275131889
7009,0.209,1.67664352404552,0.0307133765314401,0.0241059456245792,1898.17431028883,1917.28189592361
7010,0.3195,3.35170214417187,0.00587217734310513,0.00487290553846702,17730.7925467733,16259.317766668
7011,0.199,3.36513089527068,0.0134121454758939,0.00904851697978572,8289.61174260841,9065.38138754358
7012,0.319,2.63329230153398,0.0157982112238221,0.00622353146449867,5876.93318641245,10521.3406990009
7013,0.137,3.06285244177683,0.0155002517426535,0.00818147143892447,6305.59649285534,8120.38955472326
7014,0.3925,4.13349589643388,0.0122566593780316,0.00937073738507821,12000.0991237626,12199.744170853
7015,0.3765,3.26000753193998,0.0128955375730895,0.00901655188915522,8908.14132165043,9816.87057579731
7016,0.296,2.19341170473959,0.00484641421594241,0.00387877090219381,12866.19458482,11952.4285714286
7017,0.2935,3.40285943587796,0.0225695894193784,0.00785272196640585,5391.77900352327,11093.2111888145
7018,0.3995,3.00905351797777,0.00765604400833779,0.00413122844864118,13152.2001147879,17190.9585985234
7019,0.3485,4.44419601649235,0.0123258383601106,0.00956788166299204,12884.8998484987,12901.595104242
7020,0.1605,2.6344451749527,0.0173528538684379,0.0152949372557369,5045.52123222986,4515.26125774361
7021,0.219,4.08739296738089,0.0190888182606522,0.0135217353934763,7412.82480208973,7999.04299542657
7022,0.361,4.53000806672487,0.0102042773999713,0.00642574795292145,15533.3421499508,18393.4649832604
7023,0.1635,1.49594372565926,0.019328872527326,0.0104300394885845,2561.40186502447,3394.86540361481
7024,0.4245,3.53054310695403,0.0101816419857813,0.00868451629562955,12307.6812997646,11323.3510530979
7025,0.1585,2.83581261359466,0.0137179592727053,0.0105157588783923,6542.78202174451,6527.93357236515
7026,0.1315,3.68002271967006,0.108026995616876,0.0820809660399685,1201.73012906422,1351.1957683099
7027,0.162,3.26840797014244,0.0461229355253687,0.0387854936456681,2555.5652754801,2428.95122006673
7028,0.2825,2.82632825246976,0.0110996716055874,0.00922389299605464,8530.30136324603,7968.40577092437
7029,0.202,3.4818341733958,0.0161481445763943,0.0135558157856969,7272.96202531645,6734.94381591142
7030,0.2735,2.04352520112265,0.00693049950800022,0.00410934472702599,8926.90819597552,10359.7624615903
7031,0.3885,2.90143353222595,0.0304902546162694,0.00893889724483088,3358.53841003025,8856.32719950541
7032,0.0915,1.58136688581718,0.0410509457488542,0.0236115587625926,1256.84302175681,1613.82229219892
7033,0.226,2.80853019648402,0.0102174697249007,0.00946919326879103,8873.62461488257,7521.51585760518
7034,0.1345,4.15521629960374,0.0165948079043314,0.00828608701631491,8005.65922858314,10954.2304949144
7035,0.363,4.13398213708816,0.0149208551778291,0.011482854520959,9918.07521008649,10035.7865751782
7036,0.3715,2.89345260949267,0.0101203400721063,0.00854518410986282,9966.00446666791,9184.39961750779
7037,0.1795,4.48479258663415,0.0137099407536573,0.00611194220272279,10672.2220191618,15863.9552253101
7038,0.3445,3.65291820817956,0.0102023049357594,0.006995978236344,12284.1835522617,13552.6455981153
7039,0.21,4.25139389736885,0.0153518264907183,0.0134637823949726,9343.97867736309,8364.59550984918
7040,0.1165,2.33062679082731,0.0217667748332731,0.012678683992745,3483.73876885672,4279.32812583028
7041,0.2705,3.89851349282717,0.006174985732864,0.00487489714302244,18922.4724890365,17942.9132188544
7042,0.1265,2.75152928137972,0.0688198493674375,0.058066512207499,1438.0397577461,1361.02043726236
7043,0.2835,3.34601399913161,0.00662226806394681,0.00358485226940017,15757.8146233985,19656.8495561908
7044,0.245,4.34597304864393,0.00827195999456622,0.00709928630726075,16677.5649442152,14974.0897523853
7045,0.329,2.45118695792065,0.0120376315561323,0.0100366720911676,6942.20232138745,6535.03104255679
7046,0.398,3.35780476812753,0.00918113542365307,0.00687906666884887,12431.3055973859,12747.9571799644
7047,0.3115,4.71822579817601,0.00746575736694675,0.00603761713226593,20466.1923442569,19276.8646081468
7048,0.1135,3.14528965335067,0.0800533679987252,0.042972972976313,1298.03570466333,2097.80957476767
7049,0.289,2.44034192632407,0.0196460946864276,0.0152077060895167,4424.08999574873,4481.14005598745
7050,0.123,4.66011037170853,0.0400266871755289,0.0199087957932688,3969.64205142935,6075.45436832493
7051,0.2695,2.14840304452521,0.01323509986035,0.00655585334838977,5555.9658532059,7899.30726317904
7052,0.3625,4.32721643270617,0.0100904378056156,0.0073117438283604,14823.3257969469,15611.1293849443
7053,0.211,6.82566395673052,0.0289956572186604,0.0192090021606753,8422.94407227387,9896.45590435594
7054,0.2245,5.25631639287937,0.0182825475400072,0.0157176199277785,9990.4246122816,9153.73820111299
7055,0.172,1.43959975766738,0.0185797892819196,0.0163005715395483,2572.2852190678,2288.38898068181
7056,0.1425,2.96329360677987,0.048438119126039,0.0146560236390603,1995.58461756549,5065.20117302053
7057,0.147,2.23752381708695,0.0599707024786549,0.0455624345040692,1323.6651376311,1390.51430955655
7058,0.2495,1.64590960276907,0.0373805250702812,0.0174212640079879,1569.87165480427,2596.19862268386
7059,0.124,3.84915445513119,0.0137392376723191,0.0117163233079336,8464.41111384683,7619.19985911384
7060,0.2465,4.93958818584701,0.00688493009006008,0.00570522018899729,22035.7036406782,20190.0639921188
7061,0.2755,1.86741399364338,0.0201421965400744,0.00801298250926817,3258.25391004459,5805.35263916805
7062,0.3975,4.33850674414855,0.01120136276023,0.0083048821496189,13751.8728940493,14371.2059238274
7063,0.2405,2.40602840407713,0.0168246801041308,0.0122779009649692,5007.61392751935,5287.52711206129
7064,0.193,2.37985314183588,0.0230980705720777,0.0168297273683437,3610.08183797582,3837.58699834053
7065,0.1855,3.49653285080109,0.00731188802629014,0.00543712036004155,13866.5511742997,13535.6839284813
7066,0.3615,2.53498916520891,0.005178937184342,0.0032257100359961,15045.3447744023,16949.6414755874
7067,0.379,4.40494088381102,0.02189704942267,0.0138241765202945,7413.61920630152,9203.03930933906
7068,0.1615,6.23839241467816,0.026713118515057,0.0248978855722299,8062.63463365107,6867.04714420339
7069,0.274,1.97576926800795,0.0113228268789518,0.00874636492748591,5831.14681670999,5764.15399219492
7070,0.1925,3.62360440431228,0.00625340043136031,0.00526838266209523,16279.7047056573,14612.2985803017
7071,0.206,2.83288843305615,0.044309601137658,0.0390263204627032,2344.3459164746,2132.35098703503
7072,0.4475,4.63258266457262,0.0109044600160676,0.00883475622232179,15216.3334141556,14660.2138177568
7073,0.1815,2.93494228890887,0.0149280718487533,0.0124026144368873,6415.36838889714,5986.09370811436
7074,0.3835,6.44271685933961,0.00914155376848722,0.00660878497938336,24518.8836212459,25819.1211585127
7075,0.184,4.74543751598155,0.0840984160765462,0.0416348714605241,1789.63866434677,3365.41124909707
7076,0.2645,2.47697539528137,0.00795859071293625,0.00373863348303016,9730.24547189766,13449.5142649389
7077,0.397,4.1723458430978,0.00954299979422384,0.00559338256931564,15177.3316837289,19083.9940038912
7078,0.348,3.68159123028754,0.0048476086745714,0.00372284489067021,22806.747730607,22104.349576032
7079,0.236,2.33745973598655,0.0180301285284514,0.0125305834118766,4492.24332881148,4929.64245887459
7080,0.209,3.36905922587017,0.00794997306869452,0.00651630675264785,12700.1913457965,11752.651816627
7081,0.315,2.92224165203951,0.00665466536386352,0.00369384327805058,13727.203147117,16838.3587820403
7082,0.3,3.5966885444701,0.00886779087934392,0.00604412790641713,13600.2929576094,14826.2726046234
7083,0.145,4.06210959505911,0.0385027108183993,0.0211871167333418,3642.13794769419,5081.50215308154
7084,0.3455,3.17657796050034,0.00584774455801025,0.00482085447123629,17094.3468851785,15801.8547139222
7085,0.1385,3.76440544207478,0.0103835975357906,0.00909205210726186,10328.4619905423,9068.62017635609
7086,0.428,4.2489749100418,0.0103932581994898,0.00711157968240107,14545.7922105676,16205.2442744787
7087,0.2375,4.80524820769446,0.00741036378015134,0.00580594241456822,19866.0239385552,19023.1038401481
7088,0.3465,3.98402314998028,0.00690783586099994,0.00467344966275406,18776.9527692685,20326.0785100287
7089,0.281,3.16827504507486,0.0179876932156368,0.0153839299299216,6296.99304009156,5776.17116249863
7090,0.243,3.63205735062578,0.0136730402786056,0.0100904367584404,8957.19662263418,9221.49288833687
7091,0.338,4.37262068303286,0.0100403862668747,0.00831912357354529,15026.8844446377,14081.6308084329
7092,0.211,2.49578790100824,0.00791930581622896,0.00549249257876946,9340.24970013338,9669.9795829341
7093,0.4435,3.95147275256272,0.00977900607048982,0.00806858914582799,14333.0343087573,13573.6910595043
7094,0.3895,3.17783714891501,0.00972745342193236,0.0080607079101679,11305.1774113266,10608.0522745392
7095,0.3025,5.12881301346082,0.00903841399066612,0.00681696328284073,19164.0752380094,19277.6693281231
7096,0.358,3.80136062958912,0.0090373571470109,0.00583898680569623,14354.6111391854,16419.452673355
7097,0.264,3.84722426610069,0.0356212510921939,0.0246131214189338,3941.08429297755,4548.79112931123
7098,0.198,3.12923105029364,0.00788512259963755,0.00621882366208706,11539.853829622,10902.0169997381
7099,0.3595,4.64290913249869,0.0679397036195953,0.0453297649277971,2462.9928233982,3111.91499342189
7100,0.3415,2.52726194456303,0.00963921272785446,0.00710412248878681,8911.60529842104,9115.18810245111
7101,0.3225,3.38167684770808,0.0092816518885722,0.00716690725144202,12238.9287200183,12073.7704612293
7102,0.2095,2.39730034850704,0.0278897758975033,0.0196984136499103,3022.30878295296,3344.33079522428
7103,0.1555,4.36568997552122,0.029386283795667,0.00832013210758838,4797.32580723028,11539.8876933688
7104,0.226,3.36501406042416,0.0208915857807722,0.00525887542857522,5446.31328285312,13911.9533631376
7105,0.3055,3.06138195998056,0.0068000076064502,0.00551144368382552,14221.0602771509,13268.5352208256
7106,0.1875,4.06630383311481,0.0534509816902389,0.0477166688447567,2765.29163517047,2490.43470447372
7107,0.2375,2.85922370578299,0.0172436565668488,0.00394931804478556,5572.06310739031,14607.7039740243
7108,0.28,4.15123800166129,0.00551796196098521,0.00431325700265145,22258.3985599614,21226.5025654393
7109,0.269,4.17491560458957,0.0135804858362526,0.00650159131399848,10517.4517621439,15699.8027169192
7110,0.2515,2.2093991127838,0.00884040676337687,0.00838464880138545,7761.54921747091,6490.82438553774
7111,0.1755,4.97831015592452,0.00812825834758851,0.00613855319952519,17725.8763400813,17166.5306830018
7112,0.204,3.88955007053186,0.0276147009111533,0.0135784733436219,4950.38074148236,7490.2036795123
7113,0.3565,2.97910783991139,0.00702283101112961,0.00571159031402874,13807.1747688438,12938.6840531932
7114,0.2865,3.53431847167296,0.0971205179213261,0.0591210584048994,1206.22149778275,1810.82258949925
7115,0.334,2.43680235735777,0.0136840382562998,0.0119327575632617,6249.03084428814,5643.88369518134
7116,0.3035,3.003388483057,0.0292720280745788,0.0213485935749542,3774.53655317929,4088.81888404488
7117,0.2155,2.99283456807705,0.0885697183564697,0.0644547221275539,1197.45239455183,1372.57120451607
7118,0.282,5.14809158062195,0.0180743133739888,0.00678164211766554,9916.48919876224,18742.8242384791
7119,0.228,2.19966376897838,0.0166304146086489,0.00836884744882679,4503.94977217875,6390.88798782373
7120,0.237,2.08631265663183,0.00501069676732507,0.00441257255994794,11227.9134857991,9737.4763300601
7121,0.2085,2.96161473389181,0.00998231657397811,0.00827034762873929,9412.18670444514,8748.161998435
7122,0.297,1.86360373282668,0.00463064469291403,0.00335786190669493,11244.6956181577,11180.9493719369
7123,0.288,3.46888735215457,0.0050879493368069,0.00432693361890978,19796.7172982822,17796.3769189092
7124,0.194,4.12901409654617,0.0166443451212285,0.0123566731846292,8440.92220868306,8690.26835920068
7125,0.2775,3.05903766934133,0.00556797717707996,0.00440861427231197,16028.0626819363,15192.6924286363
7126,0.1315,5.0968872623398,0.0185421462010782,0.0142268348662007,8781.97138487965,8631.25150296181
7127,0.308,2.03816597615717,0.0140244870176778,0.0110480981828477,4941.38043771312,4852.44666565172
7128,0.206,3.51068831905807,0.0282320456204157,0.0142166710917912,4340.89712380624,6483.67286856884
7129,0.4125,4.39520455554682,0.00740738359243474,0.0052801254662078,20181.0723476215,21289.2019317125
7130,0.2985,4.43930856176202,0.00638134068884203,0.00444134997450745,21760.6522409991,22778.1763101313
7131,0.2635,3.04254316107395,0.0141522834113777,0.00801163773260574,7361.57262293812,9545.17455074912
7132,0.3,1.93702647919189,0.0129459510614533,0.00985223041337964,5077.61828922115,5117.43595510517
7133,0.2825,3.31269564247708,0.0129281414657747,0.00981211672952232,8844.22859052787,8883.5575888194
7134,0.3225,3.87909194160551,0.0060247914142999,0.00427969336273818,20174.1376804398,20755.8355973559
7135,0.161,3.08889678427826,0.0218039567798552,0.0199335998447453,4838.92596641161,4162.5500269768
7136,0.2335,4.32364838730489,0.00848198003369966,0.00664221119871116,16100.1974506694,15429.4066836385
7137,0.1005,2.61883835556328,0.0954102719133728,0.0871751414952841,984.504557411146,880.192456065152
7138,0.141,3.42613384172983,0.0200470544670007,0.015462280818537,5697.00097566086,5636.1579422429
7139,0.1435,6.14999768220346,0.103287830688764,0.0633260208777023,1873.11978712135,2791.31295051364
7140,0.1495,3.12459729763602,0.0224384122495631,0.0194026116429898,4790.30042584851,4353.53298833658
7141,0.344,4.28707166360632,0.0104909987295229,0.00676047639967909,14240.0863365602,16576.6636506343
7142,0.2285,5.58922456445782,0.0254055154442715,0.0236964220400882,7960.77478268885,6787.73958930201
7143,0.196,1.50327734012823,0.012472034059377,0.00877128935408775,3832.29503908944,3974.91331862179
7144,0.427,4.13863203277562,0.00882162136579273,0.00567087371097335,16300.6047839469,18984.8644946404
7145,0.1895,2.38137691817133,0.0603394170444305,0.0544254592282114,1427.83716639666,1270.20030276941
7146,0.1675,4.3679126383968,0.0140577063241705,0.0122727924662737,9987.29034486174,8865.93957014413
7147,0.308,2.469440375198,0.0158953641181971,0.00681510560137982,5414.56588674481,8999.99792334761
7148,0.3465,5.49194707561313,0.0105559836375905,0.00532250271750575,18128.8646831965,25751.8576021898
7149,0.373,2.56265066160646,0.0213926224789927,0.0125262517996778,4306.82372980359,5687.94364148984
7150,0.2395,3.25156808574998,0.00925968002912873,0.00683883535840394,11222.9576086445,11377.8772771211
7151,0.4345,4.08610566512661,0.0173025552570422,0.00444323946383065,8484.30941542381,22953.4940401676
7152,0.421,5.61042273921408,0.00894798049341621,0.00637960224685066,21986.9657353249,23522.1909995308
7153,0.187,3.74847625246304,0.0197011762512906,0.012575159550476,6529.17264894901,7699.90284798422
7154,0.2995,2.44011857445832,0.0061679575023705,0.00501527270056318,12173.2371406933,11346.1685310215
7155,0.2025,3.93768565614052,0.0160626819114162,0.0110555286991249,8288.81153285191,9083.35647348306
7156,0.452,4.91653348903309,0.0202815652455303,0.0049170067898507,8743.39769873898,25590.0747587438
7157,0.24,2.12456232836012,0.0119514422303664,0.0098077766051702,5840.56484605985,5509.09781557368
7158,0.133,4.879215656987,0.0137617644814877,0.011317473789436,10842.8162154032,10121.7357026082
7159,0.1835,4.95173716242858,0.010557205350614,0.00942754133703217,14674.0597404985,12835.0930536529
7160,0.149,4.68598139040818,0.0343201654026574,0.0316222697157355,4796.36381669135,4116.302885314
7161,0.318,5.24933851899427,0.0192860037071531,0.0172860251128382,10054.2128208498,8935.15465261436
7162,0.3175,2.17994350157154,0.0203165158106965,0.00663407536173788,3820.51899645363,8243.69905042907
7163,0.211,2.97508025233474,0.0269754820558613,0.00645918175689735,3743.9411834527,10532.2835610327
7164,0.1955,4.12201934516501,0.00676975268654417,0.00554063512463836,17477.5554783062,15959.9530300201
7165,0.3505,4.24105738340157,0.00738254766417559,0.00612006854388345,19148.2120105795,17788.1747141402
7166,0.155,3.92959363273733,0.0147485878271428,0.0077855986030296,8498.88175637322,11035.4948350742
7167,0.4015,5.51304295220951,0.0146386538131291,0.0102486087021792,13699.6841365532,15198.7207730526
7168,0.4395,4.38484446507834,0.00895910698427083,0.00607376026306442,16989.6040953416,18858.5382403512
7169,0.1815,4.08680471206227,0.0847373033119282,0.0675450097963964,1715.2059369989,1807.09290292964
7170,0.4065,3.6881482186755,0.0190074773060372,0.00510808895485353,6919.70485866609,18240.9863766271
7171,0.4635,5.21669119446259,0.00968430178777349,0.00704321375328037,19094.11197544,20175.4239200094
7172,0.1835,5.40192085506244,0.0205912515369465,0.0164847066394103,9021.30658409208,8726.59699388122
7173,0.135,5.09618974728801,0.0119573595717348,0.00830595585500893,12759.4186252804,13251.5685620735
7174,0.1695,3.06899997521797,0.0441832688532751,0.0371865770095556,2521.61823919217,2389.88026000684
7175,0.294,4.94194684802309,0.00542643507055394,0.00431061770656499,27476.5954812843,25811.7815227344
7176,0.296,4.22548816289078,0.0131108267633089,0.00749862452273316,11228.9811567155,14483.0956760777
7177,0.205,3.67821351264984,0.0224741042176281,0.0193839761356564,5802.02118291137,5325.39865551185
7178,0.3805,5.03248184976917,0.0182542353459402,0.00540104134273025,9956.92387057952,23931.3378874778
7179,0.285,3.13231458556914,0.012740973398527,0.0104149530178208,8387.22789221429,8004.5848892582
7180,0.344,4.09060373563345,0.00856526261805976,0.00615965038254734,16107.2387895665,16860.2331387292
7181,0.1005,3.49544952262832,0.0432616494762064,0.0279047856223396,2760.31475378736,3393.69000692578
7182,0.226,2.76524150702248,0.0248195857382187,0.0140805706335863,3917.56875335388,5287.16081125092
7183,0.2075,4.2257666182314,0.017370853988835,0.011404925454541,8376.79055516564,9617.7613855644
7184,0.126,2.77930845166849,0.0229480305284729,0.0195296360421642,3941.51728514178,3547.79741253915
7185,0.208,4.49030713797199,0.0139296956676654,0.00632091768999744,10734.0652045345,16080.4472356527
7186,0.35,3.500598592849,0.00475842617888456,0.00381417374986259,22158.0859843941,20783.3464333282
7187,0.3825,3.05219111382501,0.00913844112334736,0.00708559748379108,11477.7584123327,11362.0541654401
7188,0.179,3.8905180076402,0.00777230630003978,0.00550743887467126,14229.0930404915,14420.4345026234
7189,0.257,4.65788003514022,0.00692186002214318,0.00565080188023043,20607.265505096,19085.6056715086
7190,0.2765,3.1914253457156,0.0452688962588392,0.042647033507813,2590.02154383996,2206.96983818009
7191,0.301,4.42670423224638,0.046917217521413,0.0388243599106303,3501.42455123479,3402.96486104287
7192,0.095,3.09905675222592,0.0263042689541329,0.0212375993284516,3775.02367302088,3585.22764727586
7193,0.269,2.56293530598918,0.00688129600432963,0.00590532034199644,11409.5030151954,10269.1756413871
7194,0.208,2.50138457213732,0.0145640924184496,0.0112538053729615,5708.19758359282,5643.69019600287
7195,0.3185,2.76162555769771,0.00652719596732658,0.00527106962874702,13397.272018365,12604.5670307027
7196,0.313,3.26041205662149,0.00625521321604569,0.00556617783728778,16238.8403896711,14229.3373657818
7197,0.404,3.50029962090848,0.00510871497441981,0.00430955086333956,21100.6250101025,19239.9375802508
7198,0.2945,4.86416763749475,0.0178821130309924,0.0112772524779076,9678.95744834046,11794.5334552941
7199,0.204,3.94605027024264,0.0114832600903943,0.00641934918028313,11026.4446061041,13835.2070569307
7200,0.1885,3.56605537601068,0.00991375565937666,0.00799536527110501,11100.9719104963,10393.7510707313
7201,0.2815,1.7808513005555,0.00697992317794532,0.00611675736537387,7839.3368826912,6935.80885216878
7202,0.236,2.08099549750427,0.0119063411287985,0.00941923687037429,5705.07561586343,5491.80159542619
7203,0.294,2.40656378136221,0.0129931174653174,0.0075540822934485,6395.0057934023,8011.42131240277
7204,0.4175,4.96103022234329,0.00651313192178127,0.00463031343037408,25598.3869570549,26932.3909693449
7205,0.2555,5.8035172190567,0.00857044079247769,0.0066209424480607,21927.1707831703,21424.7184190555
7206,0.405,4.75317066229455,0.0078676174075519,0.00619622073505365,20523.2671223966,20009.2074929915
7207,0.3285,4.01718539391826,0.00549088361362789,0.0039930186648405,22341.0926414919,22541.0791188899
7208,0.379,2.99599611678705,0.00528865052470319,0.0042902400092419,17637.4122538519,16544.5467784784
7209,0.2015,6.88465784739349,0.024279116458062,0.0232094034412205,10033.5461793383,8338.30330157776
7210,0.146,4.34692300477047,0.00989803581689559,0.00746673096718893,12641.0956631242,12299.4740968426
7211,0.343,3.41041580083561,0.00965802626064313,0.00806606912008275,11996.1081781345,11095.4303674637
7212,0.1605,5.03110511866917,0.101173213591217,0.0584455720704006,1541.49828354546,2554.27446514053
7213,0.1445,4.4213860192817,0.0145173765206031,0.00752557419844596,9495.30042513289,12758.0456408964
7214,0.242,3.12137582607206,0.0278842125596198,0.0137433261264938,4029.68007971203,6184.42985473398
7215,0.204,2.20396520619643,0.0114645281079142,0.0102498804010917,6065.39942619806,5283.01620427485
7216,0.3225,3.94215024429861,0.0201534679739504,0.00565846430941828,6890.2782427513,17069.5479591975
7217,0.2025,4.19526764301188,0.0076112662674036,0.00548052174195201,16431.1183318022,16512.9294226392
7218,0.293,3.69192148270825,0.0171944491034552,0.00749115266237905,7585.64642946095,12590.0306473502
7219,0.3915,3.10171110065484,0.0275339424341599,0.0149284338992635,4126.49013744617,6027.49900074026
7220,0.261,4.04456489623332,0.0158262567837832,0.0135907773627299,8913.58238274904,8131.38687319142
7221,0.2145,3.74253026424507,0.0486172566538278,0.0417614398059264,2812.93962453904,2614.61244635606
7222,0.1245,6.13588546573844,0.00790703259552269,0.0061559765578957,20300.5414257652,18855.0936968559
7223,0.1385,1.85357851111952,0.0805648112522267,0.063907228863438,804.598101854289,810.708730225161
7224,0.3185,2.27261084604222,0.00403791963453771,0.00330895661178791,15638.1796721765,14364.6685586398
7225,0.1585,5.83638060938402,0.00767123425608777,0.00569384578028172,21033.5176077446,20543.8267426926
7226,0.2975,2.10116923316403,0.00416772282576099,0.00339737346234031,13896.0433479715,12589.3070572633
7227,0.439,4.33873038260022,0.00549483761825201,0.00413077866494631,25967.9659173359,26072.8685639588
7228,0.1155,5.15040455168601,0.0216988427737296,0.0160025632506828,7714.5437021255,7973.91007535938
7229,0.3385,4.67792873370359,0.00842339108753907,0.00681968435144006,18606.1785478956,17694.4099438234
7230,0.1805,3.81060798007046,0.0201078420680808,0.0172616664718112,6657.05350365883,6093.3201938018
7231,0.294,4.15550934180975,0.0120537974886994,0.00703426357883611,11905.0508973966,14941.9310889905
7232,0.278,3.80391980761126,0.011648211392378,0.00634137141954539,11110.112739006,14667.9453663961
7233,0.128,4.23628274093301,0.0627561285269725,0.0491486062237371,2380.11675594553,2436.82490809212
7234,0.283,2.84761543471991,0.013994960788316,0.00476540175693987,6938.13858011635,13496.3969646484
7235,0.208,6.05566355549333,0.0128999606949847,0.00754013169532843,15604.1899857234,19081.4195945735
7236,0.2095,3.07393009751108,0.0184464830082456,0.0163317298714157,5767.50257130473,5127.07104334844
7237,0.2965,2.5817212972619,0.012325084602657,0.0103515754746249,7122.64314790797,6608.0184971344
7238,0.1095,2.6162237747221,0.0543923255402011,0.0419452445576188,1685.21527262731,1728.20228726302
7239,0.3255,4.07593495350205,0.0640081011240457,0.0281540733704256,2144.48356641153,4342.01231546846
7240,0.171,3.20181811659626,0.0284481129169997,0.0120752738505056,3899.92040575966,6720.97879796831
7241,0.311,3.03010572425229,0.00991095374533951,0.005602854658015,10294.8202047746,13035.8692492677
7242,0.321,4.4724909775379,0.00799419371889828,0.00614906055547658,18527.161358935,18203.7585205609
7243,0.182,5.70056403127499,0.0137049458119226,0.00726042297566487,13517.6972255451,17855.0231053289
7244,0.2855,2.10680269416521,0.0173373559906055,0.0124979589233566,4245.68722994536,4522.51325143045
7245,0.1465,3.52807731244164,0.0652572416118766,0.0591390509876005,1934.79144701367,1712.68727273664
7246,0.2575,2.26260662809918,0.0102452601257015,0.00887965192655476,7065.53940174084,6347.83734599201
7247,0.171,4.27636378579914,0.00676431747082193,0.00585673658694528,16856.5907441132,14829.9892976589
7248,0.1415,3.33856964826276,0.0312320795970198,0.0105165078390282,3623.45785381992,7477.67373405571
7249,0.2545,1.63223984375717,0.0124787978397605,0.00983745186855869,4309.23258496588,4184.59524625622
7250,0.1835,3.93311213845487,0.0134900785733038,0.0101848132962656,9332.51069249961,9289.37637005665
7251,0.1605,5.94750208177974,0.0104665248355712,0.00822838623231631,17171.2330631138,16402.4230608571
7252,0.343,2.28423976574593,0.00677739127731137,0.00523908344943053,10676.0651450936,10437.8198195388
7253,0.2075,2.96503231256671,0.0162784220657522,0.00921265739786303,6137.68991622979,7878.60559201307
7254,0.2295,4.48877641236201,0.0265249598945965,0.0233126360068528,6093.64597640869,5474.59105112993
7255,0.159,1.62285523437116,0.0644266539557707,0.0234867525861327,868.983025065585,1883.37543857331
7256,0.2755,1.78630395287278,0.00728654716497262,0.00679166817000383,7492.66379147699,6312.8981990037
7257,0.303,2.4169564073738,0.00547135073695872,0.00476598805245992,13074.5349303033,11564.3349659891
7258,0.2565,3.42040328454126,0.0310318238557566,0.0233632734115662,4108.66582842738,4358.12665537064
7259,0.193,4.11469517534602,0.0153809096638606,0.0139689957182851,9008.94148453292,7847.62742166401
7260,0.41,3.37928211975671,0.00908312829944288,0.00748817642331527,12910.5077029754,12158.3493656916
7261,0.2405,1.68841291872687,0.0195832907233709,0.012455455453627,2947.02987273907,3478.85594312885
7262,0.409,4.85354824056675,0.012280644341057,0.00752027116972359,14139.655051377,17570.7028646994
7263,0.435,3.55670775119433,0.0136056155322287,0.00639876718632399,9484.59355628189,14777.9613266504
7264,0.1995,1.645571421432,0.0287842577754603,0.00916877105763775,1958.84895942821,4245.09934583859
7265,0.2715,7.29915526464149,0.0310236255876656,0.0233525001788347,8698.88280181683,9214.83413807869
7266,0.3355,4.54122152491343,0.00701720205898429,0.00449699163561793,21096.9253961894,23765.4689072406
7267,0.234,3.22942846778989,0.0100934146581267,0.00640593638664569,10398.8096877936,11837.2795432698
7268,0.3855,3.39164449469611,0.00752255163160295,0.00633376118008515,15031.7347155527,13846.9040737592
7269,0.201,1.61735527113588,0.0418959658532641,0.0349021650155496,1397.43086852364,1321.74289368525
7270,0.243,2.67625268118278,0.0137214984115488,0.0109069224336853,6593.78141446118,6396.23014953861
7271,0.3215,5.51914537903,0.00920117550049362,0.00601586319778145,20537.3619421937,23135.6912981785
7272,0.261,4.60297514146334,0.0120886603310979,0.00851232166837726,12940.6621672383,13799.1100752114
7273,0.1275,4.32159491157996,0.0317246485836571,0.0215577576620198,4738.87232659701,5354.20004555397
7274,0.106,2.15641662308615,0.0415773980182648,0.0367753515315247,1818.66378553711,1628.24670578821
7275,0.3425,3.16818768886481,0.00739590773529078,0.00561137867261464,14062.7064807651,14014.2828796106
7276,0.452,3.91121092197296,0.0109869618230955,0.00472254191519064,12609.7577167643,20861.1315069579
7277,0.266,3.2628177863917,0.0112902729993471,0.00401830286976742,9508.83090503536,17154.3301473803
7278,0.351,5.39953249417365,0.00853487580981403,0.0047063572018369,21621.7744581146,27876.1714545634
7279,0.1655,4.28899608197611,0.0449937814866238,0.0422267504115859,3420.62710004739,2928.45436675058
7280,0.275,2.30035559229344,0.0151843649655434,0.00548788303742482,5213.28626223032,9757.13496338028
7281,0.198,4.79438993557461,0.0159353483840727,0.0127798829105451,10141.9165894099,9784.80466180398
7282,0.2215,3.36299422227175,0.0172215425559746,0.00991732390920815,6798.70695378635,8705.79155533993
7283,0.284,3.75213186911346,0.012374867960506,0.00501835943795065,10494.3324979393,17305.9157930892
7284,0.1615,2.46752316985207,0.0179897074496055,0.0150554870015402,4608.07777021965,4289.78640574647
7285,0.216,1.49142719468506,0.0143200688336636,0.0135540241970527,3363.96166749217,2799.04683049746
7286,0.286,1.82826000954037,0.00751963549026879,0.00670339944574753,7531.87920991776,6591.29393823866
7287,0.1485,5.02711636040601,0.0116118719584423,0.00787755615740801,13160.0028961256,14089.337040132
7288,0.3795,4.41733898674162,0.00612671010094454,0.00432649563887071,23426.6872244518,24538.8726417359
7289,0.136,3.75806306200871,0.0314228064073932,0.0292748749087908,4124.97008073065,3511.63700990603
7290,0.085,2.72084947640181,0.06621468762173,0.0585104767857738,1459.53480753761,1307.69200496297
7291,0.182,5.51155194364657,0.0306248937807608,0.0289239253900307,6434.45352236743,5455.87667619945
7292,0.403,5.76695201965266,0.0110507958929127,0.0069336032033844,18551.0045813425,22418.0137096191
7293,0.384,3.37032927478004,0.0103329215727389,0.00525352543989064,11418.0233027997,15924.898406011
7294,0.4235,4.53021391392992,0.00640206322414324,0.00533490391931699,23579.356384229,21807.7221385929
7295,0.1805,6.24927277273305,0.0215196882978252,0.0189127918460332,10104.2049173828,9073.98777517377
7296,0.2425,1.99791716699873,0.0236389301793594,0.0126896764026997,2994.25936667055,4205.40170940171
7297,0.1775,3.27016963654378,0.0288252799309497,0.0120462370549943,3900.21816568288,6862.87491668518
7298,0.2735,2.44743743737066,0.0135471636137381,0.0107105992160959,6177.71552374575,5990.72819132716
7299,0.3195,5.05275640922389,0.0116943318313116,0.00684107241676587,14925.3710976069,18823.5351187943
7300,0.2945,4.16912542559983,0.0142089043031098,0.0107884547328536,10511.77880331,10639.3192646354
7301,0.387,4.86466019189871,0.0143548965246758,0.00744700749403519,12182.0697324989,17478.1433650149
7302,0.1645,3.33032141046226,0.0434383050548508,0.0401449747731578,2757.256095373,2383.01592324804
7303,0.201,2.89657251722479,0.028764567391659,0.0265244670961125,3643.77588771033,3125.84626512635
7304,0.2235,3.53219340926152,0.035727666299108,0.0102276054974241,3299.27705451251,8797.28926793936
7305,0.344,3.51516076137512,0.0146694577688409,0.0101958716882731,8567.93720954479,9505.27074476237
7306,0.1545,3.80998292962215,0.0235558173015858,0.0190325817157569,5711.35700390691,5464.74573541565
7307,0.3555,3.67599246846615,0.00582958838557509,0.00509090121494473,19714.8057528915,17453.9163155604
7308,0.323,4.16061777980915,0.122312282500053,0.0847581950774372,1081.63182033808,1519.05903487242
7309,0.239,3.87116103907436,0.00977117157633558,0.00625439923222318,12894.22991959,14500.3975284378
7310,0.2205,1.57436021555325,0.0117900939592244,0.00913511407907467,4264.94006039666,4207.44164195933
7311,0.3755,4.05229613874393,0.0141946864016754,0.00755698696943588,10228.0924965874,14367.0129095195
7312,0.366,4.03183811350957,0.00593980812014892,0.00499342406056315,21751.5444272787,19829.5679800312
7313,0.1465,6.00133464096011,0.0601512274920528,0.0434512027764787,3410.72745398082,4022.3369111944
7314,0.2125,3.54082842406087,0.0222176682467058,0.0159607733194385,5705.64353352489,6186.64735265453
7315,0.331,3.53628142702501,0.0113202244440809,0.00421318329206449,10774.3239068561,19140.1806504029
7316,0.2205,6.45300672554672,0.0153433963434693,0.0077296473623408,14396.3082997173,20409.3876760969
7317,0.257,1.71163143126547,0.010553471549213,0.00825629731205272,5217.48674879919,5069.41427952887
7318,0.1245,5.76511219527531,0.0903923649668326,0.0708837707726119,2220.51242464618,2401.73693650058
7319,0.109,4.06225232149304,0.0185515657222315,0.0150202590292118,6795.38262852325,6333.77181985035
7320,0.246,3.95032072133876,0.00822247113560564,0.00438825672482548,15067.2378906909,19159.9102646294
7321,0.333,3.71700428019166,0.00689545923408149,0.00447599442187771,17467.3167145899,19472.0939293755
7322,0.1705,3.03623204333194,0.0238246385289981,0.020720805336511,4377.1802191564,3972.29962956086
7323,0.336,2.35260519905774,0.00575938052228193,0.00430804504573318,12547.641229329,12451.0271005928
7324,0.2575,2.19252042152775,0.0287819590588981,0.0115264115618377,2689.82192999219,5046.09096092338
7325,0.265,4.09384675672077,0.0116369839614275,0.00995681839188684,11969.9717382319,10903.0534271221
7326,0.2145,4.8365125697611,0.00944406245315216,0.0044289283642502,16221.6874705458,22371.5377836488
7327,0.291,2.5593302964164,0.0625307497302852,0.052802843294098,1503.73087187991,1442.77153953063
7328,0.2985,3.21606154839805,0.0168538968095499,0.00512717281403341,6702.58828569449,14717.3479521435
7329,0.3115,2.37096278032851,0.00963241416398438,0.00848509255628395,8236.22425190901,7320.36731724449
7330,0.313,4.17528495236186,0.00765964310866971,0.00549500835312778,17881.9065651061,18644.2197123162
7331,0.314,1.94984327825045,0.0141653839777097,0.0105428384931568,4780.5488315462,4940.38087916611
7332,0.299,5.47434683504901,0.0104434277522945,0.00589191668435893,17924.0797376011,22944.0236539128
7333,0.216,3.69846150868854,0.0113430649651871,0.00754899286693208,10692.9874970788,11762.9236894969
7334,0.2805,3.38092837527902,0.0157448435242068,0.00702332696107211,7595.70249401211,12113.137827209
7335,0.2145,2.9475854150482,0.01503428234502,0.0110018735930789,6642.24304649073,6801.2664739273
7336,0.3095,3.60197436819356,0.0101257267496121,0.00652718248252733,12044.9794832002,13919.4287858656
7337,0.3525,2.41052100899589,0.00806440569239733,0.00447227156868529,9918.13411675072,12672.4084280914
7338,0.3465,2.31387836759732,0.0269126987529586,0.00804423492923995,3046.99927749145,7425.07278923208
7339,0.255,4.70473125549923,0.0109919274503005,0.00819028752760142,14376.3399128955,14561.9018336676
7340,0.366,5.03473185523659,0.0212953672932793,0.00709162953853961,8463.85198322552,18936.044001496
7341,0.4285,3.74429630621311,0.0175815683000433,0.00769159814595933,7727.33250590306,13154.1007582889
7342,0.383,4.32651306303794,0.0446589659542828,0.0132620792363709,3349.40505757763,9397.76148812964
7343,0.244,5.37938903587218,0.0122872376805465,0.01079889403603,14808.6056850547,13162.8286873181
7344,0.21,2.67219789190923,0.0377787892956655,0.0294017424568434,2564.66493938859,2612.65725589918
7345,0.1765,2.30112750272122,0.0176009203609025,0.0125648692778939,4412.62596297975,4707.51324471087
7346,0.3025,2.42996594489819,0.00477983539097422,0.00335899002448664,14428.5259078019,14615.2249319285
7347,0.1785,4.20155522860787,0.0177703366337383,0.0157493651761232,7915.54407944405,7002.57460048614
7348,0.2,1.88509558856584,0.012464021027399,0.0101596038278253,4793.91704394073,4520.8906155489
7349,0.387,2.95519354970999,0.0102307003143601,0.00849546079618114,9950.97144631735,9346.98492143943
7350,0.177,4.44289252676954,0.0437883108632862,0.0392565006491647,3670.61296343777,3273.0488884567
7351,0.157,2.06878810315304,0.0296097806767194,0.0267394844127065,2420.20444137188,2123.21241199946
7352,0.2325,3.22074173908992,0.00792757846463034,0.00628513599887367,12439.0415468541,11836.9892479308
7353,0.299,3.78359804184275,0.0129303358013869,0.00595607830090045,10257.6252678303,15547.6065361062
7354,0.1575,1.46178423558464,0.021861102679089,0.0198374486997468,2217.45210353822,1926.95264682118
7355,0.261,3.60421216273021,0.00582538073888752,0.00463341926070493,18231.9459044598,17117.1553806005
7356,0.2195,3.23968189011935,0.0156535699926251,0.00571141720582381,6973.4595248731,12660.1590504044
7357,0.458,4.33762106638993,0.00981276868058966,0.00549403781833301,15773.8122500503,20777.0170139835
7358,0.2795,3.77883412779236,0.0532775834134642,0.0500922217362047,2640.94365458666,2247.0183849254
7359,0.327,3.11790937148768,0.0093770846813404,0.0064726127599629,11168.8314131272,12047.2395648176
7360,0.275,2.19033353616494,0.058135902219053,0.0490639532673675,1363.50386004402,1294.6239653747
7361,0.2635,1.86446308529206,0.00795267153980005,0.00529956708103798,7307.96930009284,7887.84832305379
7362,0.399,4.53933449534131,0.00689242911816502,0.00572030498497908,22078.8892866382,20513.5651185004
7363,0.3815,3.55989554760145,0.00563447766167137,0.00367530675971729,20118.3716648576,22269.3794656976
7364,0.1905,4.43297464476202,0.00909373591397585,0.00677244365407556,14885.608263589,14782.5849749536
7365,0.3735,3.19329377300385,0.00820252306099164,0.00702874731058693,13116.5241366307,11903.5363802311
7366,0.3345,2.41555965462108,0.00834859498074435,0.00563331732809507,9613.41001570167,10644.7100628521
7367,0.351,2.55710344102577,0.020976597398016,0.0138865458761706,4460.05367560389,5210.32694005199
7368,0.1765,4.00149950791149,0.0890775600768166,0.0713069762857151,1631.61088514088,1728.76224911862
7369,0.2295,3.03663835077567,0.00488589082132448,0.00362309047744041,16775.6465178695,16224.4104993137
7370,0.255,2.85430740934309,0.0186922001363962,0.0169505825150609,5336.01322180574,4630.46336668885
7371,0.203,4.32525558438304,0.0113778655468509,0.00722978128300141,12349.996768413,14037.4229247948
7372,0.126,3.11276523858181,0.0331388584336605,0.0112098376406438,3121.78338781935,6423.7646991839
7373,0.4805,6.46464421275404,0.0137049642528081,0.00764616919421825,17427.1483093974,23790.328650133
7374,0.2955,3.57733072205051,0.00571708109952421,0.00473858606473049,19115.5418018411,17506.010927619
7375,0.2895,3.3022439808838,0.0108121397090609,0.00731139078707508,10238.0572066584,11287.8976962762
7376,0.109,2.22482210291399,0.0165645456364984,0.0140357411683163,4024.66977784715,3624.33728123668
7377,0.165,3.02552300841304,0.0151766192265171,0.0125095108961202,6408.78341405853,5953.78569356501
7378,0.0855,2.37350285505398,0.0800810479964493,0.042771263955772,979.564088245482,1490.31945627307
7379,0.388,3.52515319561164,0.0144025141091331,0.0060128354906981,8766.85943933403,15103.9353932736
7380,0.2495,2.1131560129082,0.0103287175857397,0.00838550724420754,6613.64228372597,6248.68036650043
7381,0.163,1.92455762203403,0.023854198196382,0.0188591797242483,2738.61858881801,2667.71453200011
7382,0.172,4.56246028325726,0.0493615659673604,0.0356731680993977,3297.34670242747,3653.36037659234
7383,0.2285,2.05228456934957,0.0171713231578062,0.0140110389453782,4079.33280058845,3876.48652727748
7384,0.164,5.36571311572461,0.0308722421298238,0.0273240590272968,6152.12778399851,5555.81827203176
7385,0.222,1.63030241031408,0.0195071880079232,0.013602821047607,2807.49094138544,3059.37973631698
7386,0.327,3.38359617751072,0.00932452539279188,0.00629667606177137,12135.9051570297,13454.7835444093
7387,0.351,4.34018663538101,0.0530521307679898,0.0430818366370274,3070.99073552643,3073.61377439666
7388,0.3355,5.10166651773478,0.00868323113580435,0.00719343346304319,19680.7093632464,18374.3745372704
7389,0.4225,2.81649022239534,0.0143270735662813,0.0108299198032867,7087.33548929718,7294.14815366591
7390,0.129,6.39654202796327,0.0181514512378216,0.00912505433439628,11148.7970492381,15461.7549896994
7391,0.1415,5.49110600267292,0.0177946655905223,0.0157634552531334,10068.8953811225,8915.64894776362
7392,0.1965,4.44953277507578,0.0292875978258218,0.0272545179129008,5490.29896765779,4698.17153038148
7393,0.239,4.58714385046061,0.0115056760429479,0.00910063106820281,13276.9137085608,12858.4397374305
7394,0.3195,2.41389774902059,0.00428024986774198,0.0033737183297858,15944.17057553,15005.4828412759
7395,0.122,3.16138675858323,0.0235256327673669,0.0201827910080616,4346.8296471139,3910.30277462632
7396,0.162,2.75591115422364,0.0947505612559009,0.0836589304064691,1046.009217029,965.71054790847
7397,0.2395,3.37095020233018,0.022157015161256,0.00964371299602465,5336.05341365365,9014.25811437404
7398,0.371,2.27270111361315,0.00823419711467073,0.00493965579100606,9167.53886177945,11096.7730683315
7399,0.2335,2.28644812950479,0.0177784030945625,0.00614488002997649,4443.85000506352,8372.30329418657
7400,0.1535,5.940060234576,0.0320588357996975,0.0210875593728365,6466.3345562506,7584.86740792121
7401,0.1495,2.18429797343495,0.0617769695380784,0.0424583217598273,1261.95702052137,1450.76005788712
7402,0.221,3.50537975127639,0.00959122310124164,0.00713882427956891,11566.9586337555,11579.896625548
7403,0.171,2.62789208738699,0.0146208902305006,0.0103528974540409,5873.25119564356,6171.60678918203
7404,0.283,4.08759771361712,0.0232165179290483,0.0118945342727486,6313.18610603923,9512.75103311071
7405,0.241,3.89088094512644,0.00897892984526303,0.00654515102470543,14047.7969132396,14267.2392675331
7406,0.452,4.38350999907857,0.0265642068037705,0.00663609307934631,5996.43831355073,17919.7714797008
7407,0.1745,3.09980222329932,0.0697486927439569,0.0625465129511366,1578.47113940122,1437.13842968671
7408,0.211,3.97195731699524,0.00585529613920432,0.00399738375629474,18843.6626459889,19204.0782084864
7409,0.4035,4.62616796797533,0.006638269479523,0.00514588838000567,23143.3779081416,22684.5718929109
7410,0.3685,4.13157590695609,0.013571195598155,0.00835223487179707,10938.3259179465,13483.9553253819
7411,0.259,2.88567188645098,0.00472401019607056,0.00391044802413764,16931.6781790446,15280.6774401557
7412,0.2315,3.22535021265043,0.0117926447380825,0.010771568422189,9078.09066885845,7819.63237198276
7413,0.133,4.71780407156736,0.012824214261259,0.0105780470282244,11025.7227980973,10193.609776478
7414,0.102,2.89970552355668,0.0220733966639759,0.0195448397123729,4191.38289642259,3681.4121239884
7415,0.175,4.5531780966133,0.0210888558083513,0.00867661509992831,7311.82955386254,12655.7626565052
7416,0.2645,3.97244025240676,0.0132287075391881,0.00543113785875048,10226.6582840256,17051.7504663128
7417,0.404,3.89469271622517,0.0120382514175741,0.0069556119721531,11486.5594860917,14826.9455002569
7418,0.4355,3.66096447225516,0.0123789103734791,0.007875284774648,10655.0685991076,12755.9591915604
7419,0.178,2.6444799823407,0.0573098026578226,0.0400993480912398,1655.05001011462,1906.40580249245
7420,0.21,4.95669709714329,0.0209393600396884,0.00843996559212998,8202.05585370702,14413.9411922382
7421,0.2865,2.0423062548905,0.0327399133037786,0.028708476961251,2269.22809556248,2056.88842848395
7422,0.314,2.62225115331422,0.0111059017151688,0.00416598983167133,8063.00006869862,14106.1483571461
7423,0.1385,3.76038495484051,0.102339923696866,0.0950229572987048,1305.82781655629,1144.1318050535
7424,0.4635,7.13507054115795,0.011473777107023,0.00802233982618311,22614.3139315049,24896.5915630928
7425,0.2395,5.40521491282992,0.0187357802234989,0.0148703790020362,10292.0243786682,10066.4539505447
7426,0.2045,3.35282558228744,0.00659623056268106,0.00399774253383274,14720.1731439603,16412.8880477508
7427,0.4475,3.91045647984986,0.0147827338037509,0.0055094301231471,9585.83459006143,18539.3193087284
7428,0.265,2.16949175097121,0.00659092873123287,0.0056461504002029,9800.48483291376,8800.42562927675
7429,0.348,2.22419934499675,0.0139085142204798,0.00977086752962824,5690.89419563562,6201.81210486716
7430,0.399,4.10674914398097,0.0115539685972565,0.00810891299712474,12703.3648794866,13851.1944436006
7431,0.26,4.17192598558564,0.00771995281836732,0.00423706649396404,17036.5777586857,21186.1646501717
7432,0.357,3.94259903486593,0.0131056341873612,0.0115003888435324,10763.1062692053,9675.28091063776
7433,0.172,4.15806080426064,0.0115992239516649,0.00742742536832098,11289.7915830452,12632.4455382269
7434,0.3865,5.8081761700047,0.012597949775473,0.00588261802831171,16499.117058874,25698.3991891697
7435,0.217,4.41630517838953,0.0190969595471823,0.00955704252496398,8027.38003296677,11755.3703472679
7436,0.2175,4.10097567304753,0.00703319794502723,0.00441931399830074,17431.5584664698,19275.0680588119
7437,0.231,3.39588082589244,0.0460699599276738,0.042037697064943,2758.45230810164,2410.82680992473
7438,0.2375,3.72152464477038,0.0151391560165713,0.00557538978505375,8356.98505097459,15052.312521022
7439,0.1805,2.48847847700038,0.0160424101327087,0.0111172301448425,5120.14561169065,5512.34596952925
7440,0.2185,2.08226216917697,0.0246287254210541,0.00684154515894266,2879.15328068119,6948.10215493408
7441,0.3465,2.99947786471411,0.0155470494766503,0.00911028619485004,6846.10758948628,8789.21549092432
7442,0.444,6.33873176161165,0.0100608997141282,0.00586883349770323,22465.8862479746,28561.3249951271
7443,0.2685,1.99324955639575,0.00680501055393761,0.0057193125246778,8800.95175869894,7936.30695346866
7444,0.256,4.30338385450275,0.0520244767287218,0.0492303793250052,3074.50358850324,2600.72148481499
7445,0.197,1.99711904834701,0.0315648890284332,0.0240597318885816,2227.06575542781,2279.1559602138
7446,0.3975,3.46334528420095,0.0237204293901967,0.00714100281605614,5273.18341832063,12913.3350971734
7447,0.3175,2.43870929819261,0.0113284198756421,0.0045617961476466,7327.3486421661,12255.6578067184
7448,0.125,3.92951532305295,0.0527545620344755,0.0449590948434599,2631.60163237688,2451.93137228517
7449,0.3485,2.35050589977126,0.0117557135979572,0.00868588254935808,6921.96380050647,7151.66079292946
7450,0.285,2.54673044637248,0.0132571021315667,0.00326143860288961,6578.84538045943,15561.0173077448
7451,0.328,3.05277834808442,0.0156744509989178,0.0120325621901394,6909.99132472531,6988.82258967961
7452,0.2645,5.81291808194179,0.00759417956608595,0.00562534716526508,24177.5648641463,24270.738525386
7453,0.173,3.23319720824966,0.0958104311567508,0.0870604089422038,1226.16486420426,1108.42166273061
7454,0.312,4.14152408137545,0.0115009568188934,0.00678226591548306,12453.3479161981,15501.6162138987
7455,0.1775,3.98850487499338,0.0431444943305646,0.0321255910981041,3335.97427839007,3597.43940692067
7456,0.4065,3.4863450438847,0.0106553712740089,0.0094806113057326,11410.4008845275,10140.5548019764
7457,0.1705,2.01672986609437,0.0584624819251518,0.0373407424152456,1202.22146346031,1535.08134210206
7458,0.1325,5.29604190063645,0.0257335883270181,0.0106132757987304,6732.10164397255,11355.6921807007
7459,0.189,3.7027255033248,0.0114268342847551,0.00893890156003162,10211.9590313514,9852.7852919196
7460,0.3575,2.59296295337263,0.0126312639775807,0.010801325531341,7166.22407924127,6532.65070223094
7461,0.23,3.5628598635738,0.0104179219012062,0.00793273562578707,11009.5358849443,10975.6972785625
7462,0.3725,3.15633114816754,0.00696708443177362,0.00437227767684841,14952.4984077464,17372.9226243824
7463,0.363,3.97576091019962,0.0211064219284798,0.00875303406091536,6780.54687892998,12301.1511536691
7464,0.3145,6.57411924286263,0.015473820196225,0.0131776207611473,15222.8385189814,14015.5128795192
7465,0.448,3.94673961648263,0.00640558648624676,0.0043863741384786,20620.4538175207,22345.1033106703
7466,0.2725,3.74286634808215,0.006028510918741,0.00359799474652849,18794.7144056405,21533.5845209039
7467,0.428,3.36571147576164,0.0118958728212726,0.00597182755795482,10187.9760658466,14867.1539232778
7468,0.2755,2.01602015990535,0.00672498222551111,0.0038579746317368,9010.28961724936,10643.6480112636
7469,0.1365,7.07667991300886,0.01283619591334,0.00898021892410727,16834.6217799287,17457.9980540875
7470,0.1485,4.43730329458666,0.0224524472633954,0.0195983805684666,6698.73753147648,5996.34533574971
7471,0.2775,2.32571674240437,0.0114491094505801,0.00902407233550097,6722.16493400304,6534.07040760566
7472,0.279,3.56134726390073,0.0207414577930211,0.00572988401382055,5949.31241013844,14689.5519049099
7473,0.177,3.2247854928721,0.0130147838417517,0.0118195798800357,7989.87534867565,6913.58682806494
7474,0.1485,3.06365810590609,0.0278878185701056,0.0133441354279422,3747.53666447713,5613.78599315709
7475,0.1625,6.38256441317871,0.0267034687870698,0.0177662456104861,8433.50663869355,9731.91351531279
7476,0.1255,3.07825016553492,0.0181813004946394,0.0151105239860841,5495.38806064601,5064.58422862054
7477,0.27,3.89489342120346,0.00743345826424964,0.0053798213305381,16282.2692407231,16684.2149695618
7478,0.2165,3.78164024871724,0.0380690242202652,0.0347909343129728,3573.14977459718,3136.05613074348
7479,0.27,2.88293208465773,0.00815433086940297,0.00632975658888197,11221.5012243661,10952.974263293
7480,0.2485,4.6216889621382,0.0118740286188041,0.00598624336944117,13098.9347409087,18069.9705633762
7481,0.154,2.85871533954758,0.0202648477098433,0.0106475519254804,4735.5877566224,6410.68429253389
7482,0.3765,5.7066829855436,0.00890334254707,0.00642422894788614,22111.1558350799,23291.4474619395
7483,0.3655,3.83749151866627,0.0177296911815407,0.0135392246864551,7830.04153333524,8020.00986694361
7484,0.1175,3.00344751893188,0.0775171346604356,0.0576510091732643,1360.11338670415,1490.04562913839
7485,0.1455,3.07801984787912,0.0490669794028818,0.0410385761245632,2222.07113445185,2101.41447419912
7486,0.2865,3.40744532448237,0.00402123406501857,0.00309886565828808,23193.041948772,21957.0995515933
7487,0.345,2.40715891764407,0.00785536450935106,0.00478406979983184,10076.029117608,11972.8490058705
7488,0.2235,4.21471469519256,0.0157112716293225,0.0054615758757532,9047.75076867426,17099.7710336228
7489,0.392,5.14156009436376,0.0100996481807784,0.00829761865289944,17957.7023528202,16974.5652025987
7490,0.3255,4.30124509498163,0.0103011517350507,0.00783941026501263,14423.75750961,14539.6714356487
7491,0.113,2.82625577038784,0.0272138286071521,0.0153837325037833,3360.15629912836,4373.49149277689
7492,0.218,3.07302781858672,0.0198055864148296,0.0163205080569966,5377.59707568389,5084.3979045558
7493,0.215,2.35443736437948,0.0964337747760024,0.0732744227338267,863.468592172988,947.149013098163
7494,0.404,4.31556252593755,0.00802183475311257,0.00621851334765747,18337.073907896,18067.2235612462
7495,0.34,5.30056107917465,0.0156056961024745,0.00726179151042567,12165.0254070498,19225.7215228167
7496,0.2895,1.87244352131812,0.00493668568334583,0.0041622662518192,10809.4833674028,9736.26420511991
7497,0.1315,6.30681876820319,0.0329449405830591,0.016155262512833,6406.10030963131,9794.75881238293
7498,0.231,2.77772518635079,0.0201355963566162,0.00534088461004042,4761.94640450371,11495.6822107081
7499,0.197,7.15817341246597,0.0328852430630682,0.0246944137639831,7857.70329622865,8334.94245999539
7500,0.203,5.51832680668254,0.00910632286533557,0.00489744753087675,18960.3790586989,23647.7227656773
7501,0.254,1.72148249695114,0.0103679107966899,0.00646466483179406,5266.52009340908,6053.66448572839
7502,0.1575,4.74660561714613,0.0476450188259267,0.0428087340891366,3651.44003956527,3272.77255302647
7503,0.326,2.09515005908732,0.00944690359670452,0.00410911624327209,7226.61572270859,11078.7866315761
7504,0.1305,2.59092976904769,0.0362287255173039,0.0327612633222822,2447.5655691472,2144.60629602429
7505,0.2775,3.54670707202254,0.00726502922428895,0.00634977949345902,15258.7412311542,13525.5695572191
7506,0.211,4.11717512435773,0.0655691237168387,0.054644961128182,2284.90855356724,2221.99126063023
7507,0.205,4.58152715513582,0.0237222329498369,0.0100320819008945,6596.55630057536,11384.1949967247
7508,0.2835,2.39406518957419,0.0072381521294539,0.00612741759611688,10152.2597495749,9175.25238752076
7509,0.3905,3.95047166847698,0.0137821866789377,0.0115579487861553,10350.5084619568,9677.49509523954
7510,0.3765,3.04606171220083,0.0271785923654054,0.00696323172794549,3948.76331192422,11325.5809983275
7511,0.192,3.04686556035664,0.0177587956220514,0.00888617752481075,5817.82706237329,8197.35839687888
7512,0.1105,3.17338936020578,0.0259049513569766,0.0170397019281347,4034.58185579196,4618.38328128115
7513,0.304,4.62071222195392,0.00534755218703445,0.00431214478210218,26432.266634204,24838.9757415152
7514,0.249,5.30350278060773,0.00626931993220102,0.00518497560415747,25228.8387576039,23241.1282193852
7515,0.256,2.28989032203832,0.039706755744873,0.00951221939630225,2022.70035110433,6161.1885297806
7516,0.3775,4.04551498345195,0.00597322740547348,0.00387485823728178,21753.870777842,24234.3905442464
7517,0.119,3.41704798578298,0.103451001941267,0.0827364515746115,1128.67833221038,1219.97377785972
7518,0.3495,2.52292760706905,0.0251201093583882,0.013426566080599,3636.27051762177,5265.79268381197
7519,0.4125,3.11756155484974,0.0077079541328356,0.00588739424030153,13760.8470852943,13777.1964865079
7520,0.453,6.13251469817363,0.0139251186752116,0.00597123335924767,16093.2007553267,27678.3505493203
7521,0.187,1.79149030870852,0.0221769692220099,0.0164356037494903,2763.49516426391,2838.92818258211
7522,0.2055,3.62303575167627,0.00836735111252713,0.00607851625976357,13018.76651789,13220.5621257828
7523,0.253,4.52117175783158,0.00707909289592785,0.0048229094406202,19667.9062264099,20849.3563429223
7524,0.1285,5.28291638137842,0.0766721574442048,0.0647495582363876,2463.34590471749,2356.202252668
7525,0.35,3.73703914064778,0.0133633727865917,0.0108951296260638,9907.76182695378,9518.01740917615
7526,0.1985,3.34695855147971,0.0336176123740331,0.0275065344591834,3562.41780349238,3457.86637653099
7527,0.1545,3.58510552908166,0.0143330197242371,0.0115330979989012,7979.00838982678,7576.37305972541
7528,0.3915,5.17366267004929,0.00737870415270525,0.00590904909272283,23835.8280041918,22860.2235836494
7529,0.2985,2.16898340652007,0.014280555237415,0.0114879741769836,5312.1553386072,5111.58208065995
7530,0.185,3.42976746172383,0.0336739497443179,0.0119772407103477,3511.23977178217,7382.09406200736
7531,0.3125,3.56691590466064,0.00543513019799398,0.00385249419414833,19934.7123273166,20529.3941446561
7532,0.3195,3.0858735775534,0.0365708165472803,0.0258771089029286,3104.24384633285,3499.96382935909
7533,0.161,4.55222885304713,0.0123711122607427,0.00799223784979438,11436.3331610924,12746.3966366669
7534,0.269,3.79314376982919,0.00443301663466167,0.00353644248229901,23665.7186405092,21967.2531695079
7535,0.445,7.88746680552168,0.0154095456394997,0.00736384358982709,18796.2138090812,29711.9135551329
7536,0.26,2.49968439615591,0.010288815638866,0.00749454580943526,7912.46553590762,8188.38039437236
7537,0.2905,2.04586936265014,0.01968892392864,0.0134088430104151,3680.5068847906,4167.15697214886
7538,0.286,5.01060651714334,0.00957233672599699,0.00694208704901372,17543.3735368786,18257.0037390481
7539,0.1595,4.03060726103236,0.0259102371986146,0.0213866081878695,5434.94184281507,5139.82615066996
7540,0.2275,3.98291040564424,0.0115043994723644,0.0055022079164671,11366.6557686138,16169.2021365536
7541,0.2995,1.94661519054287,0.00706082932940849,0.00561157232742525,8503.09529645191,8067.21744537797
7542,0.311,4.92479741329013,0.00827892279422106,0.00692909116853501,19848.8919163256,18294.8505313061
7543,0.246,1.77435605517637,0.0114987260090942,0.00897193501412361,5051.50543146639,4962.71434020075
7544,0.249,4.21703125341934,0.00925691523080251,0.00836963151644981,14685.345456285,12738.5733517415
7545,0.188,5.30324587281875,0.0259061370059502,0.022972201931614,7222.90253342847,6407.70724396509
7546,0.116,2.74470391177955,0.0211298888388285,0.0183360675592552,4152.77991674192,3715.94396624994
7547,0.178,2.58701614207268,0.0128574563171435,0.0085642294658376,6325.95518166523,6888.13679911802
7548,0.138,3.86395384946242,0.016935585015892,0.0147450537963359,7328.85450452993,6544.87354642454
7549,0.337,2.17594615452213,0.0076338045559857,0.00574038464996212,9219.82348673503,9186.68112472908
7550,0.26,6.69528394528395,0.0180763375811849,0.0130170928400074,13126.6737455123,14076.7645074616
7551,0.3885,5.0463094792297,0.0244366741637634,0.0185681888559136,7690.25258975937,8036.85306058154
7552,0.2845,2.35442647544484,0.0270080042949705,0.0187930885782133,3117.26383975999,3527.61410788382
7553,0.362,3.72798068330299,0.00522237505726721,0.00377934606414074,22194.7697250064,22546.5092476534
7554,0.471,5.82582557392654,0.00672440234025619,0.00512081349770279,29817.4900393431,29846.4526050386
7555,0.1735,3.01135728685809,0.0764389176883694,0.0666421053917244,1461.15232076459,1374.54765284276
7556,0.3655,2.46472530199758,0.00487501056494271,0.00400325629709582,15168.3686150703,14008.9581878071
7557,0.262,4.66585509974855,0.00848706008806527,0.00739258075155625,17401.8757533786,15517.6412909358
7558,0.24,3.62637990824243,0.00884892834843582,0.00722256323414033,12990.4256589991,12188.3958454009
7559,0.189,2.91482042814654,0.0128570455227621,0.0104936086793174,7260.04100794311,6806.78698936334
7560,0.3475,2.45949295949402,0.00700593392427147,0.00580601237562907,11303.233890854,10479.0000536711
7561,0.29,4.32644938711538,0.00676118627906204,0.00502858079087551,20183.6304601621,20244.1319166102
7562,0.2195,3.44266686951834,0.0609023807028448,0.0313380271250014,1978.96642224917,3238.07490734418
7563,0.2515,5.22449792431497,0.0309082796760299,0.0173944345956674,6153.83360795123,8729.6649945945
7564,0.123,2.18615079018419,0.0304527792571697,0.026046016480842,2380.33378932969,2179.4439363353
7565,0.42,3.85469250338153,0.00645267467501017,0.00515125767311863,19930.0026871393,19176.1121762282
7566,0.2655,2.33788404875353,0.0116979604748146,0.0104896614817934,6617.04178868264,5817.73281792171
7567,0.176,3.89610458365088,0.0103546731817127,0.0065476286344167,11589.5561629572,12941.45460685
7568,0.1685,5.35598559491594,0.0482789624455949,0.0367028221396601,4008.81371996298,4228.54063746977
7569,0.2215,4.00467112409,0.0322893247665418,0.0151739921972771,4272.90240127568,7117.38699100948
7570,0.118,6.43946661773432,0.0641487624845295,0.0585342574008992,3565.70392117474,3134.84871164072
7571,0.485,6.64719419331652,0.0212892144421068,0.0130252741422105,11769.1332881538,15087.2237645442
7572,0.193,3.12218383779905,0.0411792301185099,0.0372990763223073,2751.36435130856,2431.73230730496
7573,0.322,5.33083603041946,0.0149285534959838,0.00464638608658979,12482.8952769643,27229.2677956271
7574,0.2035,4.15791347202274,0.0117051240014513,0.0102835052870986,11384.0124984837,10123.0498103786
7575,0.2645,1.93495784952517,0.0294744134628119,0.0197407812134965,2329.06799749095,2696.99314464939
7576,0.246,3.8839615162111,0.00661529215355533,0.00558578290426532,17568.2543278346,15838.6003266528
7577,0.2795,3.31473779136228,0.00755447493687604,0.00548063524276115,13768.1271329938,14171.9782456349
7578,0.293,3.95629416077754,0.00708445081760624,0.00524510411629783,17735.344626012,17848.4655323289
7579,0.3715,5.11875225848349,0.0217028337629525,0.0126513130683715,8714.92857159306,11551.218677764
7580,0.153,4.66931853310955,0.0404547873331796,0.0368426586405831,4142.43829981129,3637.42295445453
7581,0.1955,5.11324130585613,0.0826161575925226,0.0528144658020582,1970.30904095251,2892.09042020909
7582,0.356,2.26845708658623,0.0227383374425811,0.00963365994131137,3550.65823431508,6329.51551016072
7583,0.2655,3.42188091697912,0.00970922849165673,0.00613153415606231,11604.0738772516,13380.5205571503
7584,0.3115,3.89360814507566,0.00628104969467652,0.00416842827677937,19329.1600134329,21004.0083694472
7585,0.334,4.76292550824919,0.0153806828142356,0.0107321504472062,11002.2294867305,12149.3712490243
7586,0.231,1.64101301560752,0.00609314035246983,0.00492336770327783,7508.88531748201,6946.21718960386
7587,0.1805,3.24502926640213,0.0157934648545561,0.0123676238964494,6792.64042360482,6628.05896179918
7588,0.4095,4.50847776478557,0.00849021945532315,0.00666248774268716,18535.0559570985,18128.5307963423
7589,0.239,3.84435564167484,0.0145409987101017,0.011099679796339,9070.28544199401,9148.92002953824
7590,0.101,4.13346244265853,0.103319163926987,0.0896838878105753,1397.50186082833,1333.91876255503
7591,0.0915,3.9255333716498,0.0761298074882886,0.0563193369643969,1704.5605788586,1901.84996062648
7592,0.217,3.69518554589535,0.00708924594023314,0.00623692859406136,15483.6441131719,13528.3709540488
7593,0.1725,2.36787232047084,0.0178534858378543,0.0124702737192428,4365.50914057242,4734.55555110033
7594,0.332,3.018713009239,0.0111278524807137,0.0100224533587106,9436.84574229596,8243.95757263498
7595,0.4285,4.99644895396029,0.0146891094125008,0.00610255045225995,12377.2377948991,21871.2785470736
7596,0.266,3.16477156146493,0.004649299164651,0.00369373569965602,18903.8335829596,17634.3514686865
7597,0.316,2.56654376345402,0.0197954129122269,0.00955212086945621,4624.01539769074,7097.13850753993
7598,0.308,3.70119507779454,0.00848634999247711,0.00572400061982461,14430.2581311265,15827.6174154753
7599,0.4595,5.61860997148914,0.0104379969712861,0.0057290858717068,19226.837049431,25970.3494280752
7600,0.2065,4.28808195909221,0.00697712227527256,0.00585779349522136,17780.9581818879,15970.8676620066
7601,0.2755,1.77543724192136,0.0123263912193059,0.00676989467172405,4860.36690375183,6296.19020393578
7602,0.306,3.75930900631309,0.00708992605909472,0.0053548783270918,17061.4395679438,16877.5376913194
7603,0.2395,3.31172533861988,0.00541672646120749,0.00468755955049872,17184.181768356,15255.4591475612
7604,0.255,1.5547948756307,0.00526548849260358,0.00426209453246739,8115.70834743755,7456.85138118178
7605,0.2035,3.81004675380404,0.00912581644067054,0.00794277304945801,12827.2623377829,11392.2663485962
7606,0.1355,3.33324520841567,0.0573676349131099,0.0180253323289141,1817.43077719508,4803.97221583212
7607,0.126,5.66975032880865,0.0391381296530465,0.0348317575239041,5011.35888154515,4493.34634359604
7608,0.3455,2.2577204566497,0.0155935618346751,0.0119069106306155,5172.03763247653,5254.45905727107
7609,0.4365,3.91684343985413,0.00619075362421457,0.00543239009785923,20952.9579631077,18649.0124626081
7610,0.191,4.45196142281187,0.00754137618579687,0.0066846520031478,17088.5624085687,14891.1586054747
7611,0.294,3.14760417912705,0.0045570714879167,0.00316669346555408,19435.0174470768,19690.9562425019
7612,0.4215,3.87775355287274,0.0596685735245266,0.05093665534121,2415.85820029985,2296.02360947926
7613,0.128,1.95511905874762,0.0278436446948348,0.0216493848377325,2354.48189553229,2333.51402615822
7614,0.26,2.9929637063792,0.0119828437235419,0.0102271521590936,8450.50048130728,7770.25812920464
7615,0.172,3.02312501609067,0.0477663267297215,0.0401818594434704,2292.06111966675,2168.3238978662
7616,0.3365,2.6168747127134,0.00521747691395434,0.00332837848061795,15084.3231735912,16699.394616985
7617,0.178,2.04849502585712,0.0213289538833382,0.0107569101174678,3259.01738637239,4603.77381823846
7618,0.251,4.2558997759155,0.00827070340687764,0.00705385771776302,16166.5130712808,14620.3746476051
7619,0.4245,3.69359855172779,0.0106735460879903,0.0086714454370625,12183.8240272515,11721.7700199937
7620,0.199,4.14948034756819,0.0164895116222494,0.0147208259043535,8676.59006469786,7664.65519798941
7621,0.1325,2.59007159153562,0.09490835774588,0.0864242307621292,973.764947165768,867.912831823938
7622,0.3285,2.2832666965776,0.0120296763737745,0.00709596441027522,6537.99559493302,8161.30850058375
7623,0.2065,3.58647545033541,0.0300790524954995,0.0124738971325797,4180.6936921103,7504.3742155047
7624,0.1695,4.64876703829644,0.017938592932463,0.0114717558311217,8744.21130076057,10149.1680266415
7625,0.2305,4.28944075860102,0.00968102566753008,0.00505778102972615,14164.5941692887,18449.772018941
7626,0.439,3.4987551690475,0.0107934417169932,0.00644233633517986,11493.7023479047,14359.4010770474
7627,0.214,3.76876908189357,0.00957091861187095,0.00808849935285957,12310.5406850965,11152.7877659574
7628,0.274,3.43757084838075,0.00887743470240562,0.0061102816224985,12556.7762454198,13361.265491803
7629,0.397,3.92831631475506,0.00876315677182228,0.00740662456690088,15420.3467672613,14263.8010490551
7630,0.1965,2.72419043542579,0.0384640756525853,0.0102444203312546,2390.08190324335,6637.8075127648
7631,0.3075,4.20209437202245,0.00749463365777135,0.0062859242093105,17989.9638430479,16590.558397272
7632,0.4065,6.30386970573645,0.00859945515825795,0.00574076285607731,25439.4109882756,28598.5681690212
7633,0.308,4.5876118694393,0.00647889067387114,0.00517843920915076,22275.5904825561,21130.320099963
7634,0.094,3.12648272869188,0.0252172430132108,0.0142429701477592,3943.67125140518,4869.64512027127
7635,0.2755,5.47188000379534,0.0105918028011663,0.00555181989981508,17473.7888624158,23477.133468926
7636,0.3575,3.50472406119978,0.0105296270082063,0.00373683028732623,11458.8224676096,21178.2265914528
7637,0.436,4.26784620207859,0.0082474549674724,0.00506752203111452,17879.8322223482,21528.684253295
7638,0.2985,2.27857822875151,0.0165979679514693,0.00940093909371651,4792.09660335097,6266.93727495537
7639,0.311,3.6065062632706,0.0554705140258787,0.0470922384644254,2395.05074962018,2263.59840802621
7640,0.3645,2.3684486861282,0.00566755179986538,0.00436109235403118,12899.6193743917,12555.885890242
7641,0.195,3.87626725804946,0.0150877942797805,0.0123595182745485,8542.57769834543,8081.70972163674
7642,0.3295,3.95193524788922,0.0114618559548255,0.00893159485900713,12023.2917347489,11969.2899959915
7643,0.3775,4.08044924842687,0.00903845407771688,0.00614038486967117,15497.1230060952,17131.1183275976
7644,0.2485,4.56828444275162,0.00759987367259483,0.00480250196797364,18809.9906109361,21245.6678236204
7645,0.2905,3.44185937778076,0.00536898096294916,0.00403876938372932,19224.5753864245,18794.2281408554
7646,0.2365,3.97915716394811,0.0133840149604305,0.0120230906229674,10130.6494622868,8883.78037126814
7647,0.215,4.19521204567531,0.00859426383209562,0.00746541778515006,15035.2655672433,13364.8074690402
7648,0.3075,2.66629458180292,0.0122966488686406,0.00427858259709775,7423.51286747241,14022.6272997777
7649,0.1865,2.70041528847256,0.018899913151175,0.0156098212931524,4884.88476620386,4602.20187568743
7650,0.4065,4.50315442337809,0.00941907598508613,0.0061854060090468,16629.4666529115,19049.6713190308
7651,0.139,1.35240133889096,0.0217337132902301,0.0192108119328918,2040.40010489641,1813.23510309278
7652,0.2475,4.49326046094339,0.0234379238364491,0.00870329100391449,6721.08703020206,13183.7286412113
7653,0.2105,4.29916028078721,0.0743674243036774,0.056477529908988,2038.07280644318,2275.57098043213
7654,0.298,3.10827591482402,0.004815199614529,0.00335652854152715,18667.3797671592,19099.2816635547
7655,0.3705,5.06388021138133,0.0149925468302945,0.00752807882450614,12120.7448194184,18044.6889065189
7656,0.2935,2.32385656306145,0.0171716324946657,0.0157373050132691,4694.8471921518,4058.56870197633
7657,0.1945,3.60702063194141,0.0101904665961542,0.00680317357842083,11062.5886292876,11940.7269267522
7658,0.1715,5.74399908890868,0.034914112158235,0.0244522651749543,5864.864603607,6581.54014504299
7659,0.2635,3.87280434311926,0.00564919732409596,0.00455987457310822,19934.5964642503,18532.8021743234
7660,0.338,3.04103802199349,0.00456168219334649,0.0037148060930095,19749.8022719919,18171.5174059761
7661,0.1685,3.1875155762922,0.0306597306367577,0.0275928277266798,3591.67123902568,3137.20119353244
7662,0.222,3.91291314401225,0.014984556821478,0.005825359280215,8871.91694079084,15205.391889597
7663,0.1595,4.62212901321647,0.0424706596268044,0.0369391220160869,3951.75602020307,3642.41058762627
7664,0.2465,3.70541838002538,0.0131691053481558,0.0119980497546446,9470.98152562665,8202.66440565804
7665,0.184,3.66446427835144,0.0729279257664848,0.0615356651055118,1813.3726370999,1777.71042728694
7666,0.184,2.78567926279427,0.0152693402800638,0.01319096866657,6026.03189493433,5427.49022580019
7667,0.1575,2.24918822859066,0.0273539312360455,0.00877772002090942,2763.078533961,5656.64997198397
7668,0.351,4.90224737180787,0.0156942248945043,0.0140965870383852,11268.6641624411,9904.93140331925
7669,0.296,4.17773824557575,0.00796671466496276,0.00458069300821873,16840.8892252528,20630.2989437932
7670,0.1435,6.39653331592519,0.0750324443666763,0.0645091428974049,3001.51866143849,2851.11883011258
7671,0.2525,3.0470237386849,0.0124184386128789,0.0098170260378267,8269.98459731834,8073.57460596425
7672,0.259,2.71842738876632,0.00640292535833098,0.00571000601640398,12708.8,11059.0250322737
7673,0.2655,3.21786598988426,0.00737471402813268,0.00609093709124661,13599.812783078,12595.772278759
7674,0.3075,1.97233460403926,0.0147093842134307,0.00892253326914076,4636.15303395158,5686.89664938412
7675,0.2635,3.00936063888159,0.0081206958862072,0.00387481804292009,11747.2744819848,15977.6465344482
7676,0.103,3.24968841777372,0.0852347990121576,0.0625983508309523,1295.78755233861,1446.19478951673
7677,0.432,4.2280553415516,0.00853519614717149,0.00652073810312935,17227.5879569815,17306.5380749176
7678,0.1885,4.33889694560246,0.0323979230378199,0.010487530755045,4566.65241245644,10467.411956204
7679,0.1455,6.37096565271304,0.0106490645038746,0.00862519691980172,17645.8314995948,16257.2226768042
7680,0.137,2.60302568019975,0.0482436398214568,0.0379721599681146,1899.30818459969,1944.24572249494
7681,0.4285,3.65699376753904,0.00461324561715511,0.00384192209379118,24709.7425166324,22694.9418340453
7682,0.3185,2.05914368101832,0.0101454921981526,0.00332286082882492,6807.55423645394,13009.5328531782
7683,0.288,3.57051735086318,0.00711730166645603,0.00518967075353676,15822.712703138,16089.1216155606
7684,0.255,4.77682829786861,0.00890725546706594,0.00659464594911362,17322.2164488642,17475.1047981605
7685,0.1625,3.73012777739521,0.0131960617889848,0.0115160419845393,8863.22272482364,7863.05140797242
7686,0.2885,3.06477252377448,0.0195709483673042,0.00995277609288191,5596.85218756024,8148.42695291326
7687,0.2865,4.5161570183813,0.0138178616106087,0.00415204060722392,11233.5966999852,23938.8982617571
7688,0.2835,2.63221950348078,0.0130375438380953,0.00563979538532035,6870.17021359159,11099.1120443224
7689,0.2065,3.73086887797658,0.0363037078854663,0.0319087352870621,3723.48736591608,3396.70960499911
7690,0.287,3.75711032691409,0.00627401123568476,0.00531402316667075,18224.2177723086,16509.4258958804
7691,0.318,3.94578210901001,0.0082024891359505,0.00370455805731427,15929.2425000035,23212.1674076757
7692,0.376,2.95424907337995,0.00451839864371536,0.00328808982484634,19768.1442536448,19873.3877998448
7693,0.277,3.5859979352768,0.00774773074653146,0.00641213418653085,14676.5722622573,13557.1654927507
7694,0.2395,2.27966134734274,0.0245204982053709,0.0211346654954776,3233.63171119366,2934.84727875373
7695,0.2565,3.70133965358066,0.00770337049406084,0.00608131485908419,15207.6777126217,14513.6435802639
7696,0.2365,1.59717073376696,0.0140138095967922,0.0100265905276338,3734.91339397883,3957.42933544347
7697,0.3225,4.51586208254948,0.00916996117151655,0.00590087085166108,16720.2853050715,19181.5724915176
7698,0.1195,5.02135072650848,0.0562151816220489,0.0502459789398249,3172.91876282487,2850.537965677
7699,0.2105,2.60892242901333,0.0125787918852253,0.00870200038436457,6863.45315829736,7357.11583852534
7700,0.2645,4.64749003490905,0.00612225122316073,0.00465768250924152,23013.9828830225,22429.2061537752
7701,0.377,2.77952473197734,0.00757658319668049,0.00598695230497786,12188.021540908,11816.4942765823
7702,0.337,3.63270950457636,0.00813132781047711,0.00696678122397607,14721.8812233669,13322.2874509921
7703,0.1025,2.78099612316286,0.0449916249967144,0.0388385551160689,2118.13299099931,1900.09237275747
7704,0.2445,2.92152108205809,0.00555064354135189,0.00361724982914191,15053.2534357972,16048.5470765451
7705,0.3365,1.97828330567924,0.00589191226327107,0.00499544921937436,10277.2622459192,9316.82582022007
7706,0.226,2.47313875641482,0.0385316721223177,0.0357451045812492,2346.609897616,2021.07670640771
7707,0.2135,3.57841003380809,0.0264763765643897,0.0195234579948075,4772.64673075715,5045.4913258798
7708,0.2025,4.925130255681,0.0388778202568022,0.0333909893385364,4626.56040886788,4287.61754679389
7709,0.1315,5.87986835408468,0.0149780322609221,0.0108264314257812,12223.0575292687,12550.999056287
7710,0.2535,2.465783491566,0.0115658643953998,0.00984094629415536,7065.56287219364,6477.49269033119
7711,0.337,5.07173649749407,0.00630528686666083,0.00481760209265815,25777.211467788,25358.2755797815
7712,0.1985,2.90959919285956,0.0273903144243572,0.0245724743070352,3805.03981946863,3359.02962179557
7713,0.418,3.58332649796295,0.00908622677333383,0.00527548957673931,13661.7515882468,17229.1803568202
7714,0.22,4.89650593151976,0.014138123105796,0.00532373644911812,11499.7852535239,20272.1508131121
7715,0.1525,5.44729131218768,0.0298751027784691,0.0224181167824851,6463.08548021454,6718.9852015212
7716,0.3465,3.71822651553763,0.0371235675775094,0.0159704381236729,3525.52458197136,6619.60147263539
7717,0.3795,3.03712690599232,0.0138031341877752,0.0108844105923434,7878.59644772649,7749.56381339202
7718,0.2425,3.01569352919799,0.0130631899281122,0.0082765372150706,7833.10505659137,9177.36185793866
7719,0.1015,2.25873702828227,0.0349003495925632,0.0306101527317817,2204.21174140495,1987.61179510564
7720,0.29,3.98085531417722,0.0101660754516923,0.00847534432936616,13156.3835305858,12228.7428018696
7721,0.201,2.84586742512216,0.0153467907630485,0.0107152261589117,6208.73423455382,6686.64827700464
7722,0.1965,4.57548040692145,0.0736506404406718,0.0572410805209705,2270.87121970033,2415.80845973261
7723,0.2065,3.53710057457433,0.0138750474434723,0.0103068989680397,8464.42757474246,8603.38957161981
7724,0.286,3.0427428572551,0.0339255146905751,0.0305718128286638,3348.33313091962,2964.90067243051
7725,0.29,3.21366889930989,0.0079396293680521,0.00661749896624181,12904.3553265717,11783.4563183927
7726,0.2895,2.17459626440393,0.00700031047816136,0.00378538739146167,9599.93483401944,12073.016100795
7727,0.314,4.79139329042932,0.0077139720199496,0.00424845870171709,20501.7074728893,25911.432295476
7728,0.2975,4.17088982210042,0.0126411438301085,0.00438640481990287,11360.5344350404,21594.7121765879
7729,0.2265,4.94389341183222,0.00822702444077724,0.0067797069462422,18662.775392349,17291.9253546883
7730,0.1025,2.61084632845319,0.109784847720219,0.0833894558706362,810.227331729678,884.708546655657
7731,0.279,4.19774425945803,0.0152331354064824,0.0129571577957117,9745.92244108048,9009.81184875218
7732,0.199,1.97412192093544,0.0141352842169672,0.0104018854363442,4568.33384403248,4633.93941794676
7733,0.0745,2.13478278956967,0.0472945357487142,0.0432987430867415,1506.62759286862,1297.57947458375
7734,0.281,3.24200213423572,0.00827046523634607,0.00445241975643082,12740.8897531884,16294.3170239664
7735,0.2685,2.45730356001487,0.00492326985196933,0.00392635607122632,13991.6978972906,13102.9411796529
7736,0.333,5.5565118632552,0.0122715710061091,0.00923215204953714,15929.5872904609,16374.727511109
7737,0.39,2.76131928865032,0.00891284200916031,0.0062991936264946,10618.428982373,11329.02147909
7738,0.3445,3.11223604364645,0.00577330381237586,0.00412511656068118,16852.1606662478,17356.8388809958
7739,0.227,4.74231887104494,0.00842988540188769,0.0070488491582514,17390.8708417361,15906.7858377884
7740,0.196,3.45247480486894,0.0347687195882862,0.00825437041578323,3290.42138604823,9880.82341871454
7741,0.3015,2.96690333698855,0.00571162862743858,0.00395463531574092,15608.014419493,16113.1422898303
7742,0.105,3.42059627991439,0.134679570823769,0.107189097150476,854.461738676136,923.031301898959
7743,0.2505,1.94077346545879,0.0127312549333351,0.0103426244385716,5113.46307764027,4858.88181867813
7744,0.3605,3.81300002658912,0.0111251989608302,0.00534651379155274,11966.8849610534,17738.7286740681
7745,0.2165,3.49861125162602,0.0118088111813898,0.00718109355196482,9586.72501411632,11393.6566780282
7746,0.2745,3.07707951501814,0.00652635170865248,0.00467436174665976,14489.7877886043,14807.6565845645
7747,0.414,4.5343007590822,0.00665214964214141,0.00519331509919805,22659.0887379126,22100.2924263433
7748,0.4625,5.11445184768703,0.0127302995386722,0.00984906389282585,14683.5456484097,14836.3958940621
7749,0.225,5.34123118664048,0.0116432024352622,0.00723035414205284,15298.6357749083,17775.7367199344
7750,0.4425,5.65568970593605,0.00878740861533272,0.00631146789305391,22680.2480510934,24110.383783713
7751,0.198,5.46244704791593,0.0174134743052508,0.0147735544052198,10751.3287180198,9897.99870960989
7752,0.3055,2.24918036732347,0.0070978456225163,0.0062548089689708,10008.1790418405,8803.85772946754
7753,0.2315,4.36486453683102,0.0153609265716623,0.00537141820116255,9615.12509029464,18189.0310074597
7754,0.3285,4.42557617171661,0.0109477296807606,0.00635903444687038,13950.3190111809,17669.4106521933
7755,0.306,3.79782536358855,0.00735499829226135,0.00465517154207616,16687.3140165211,18955.6474856631
7756,0.267,2.17776343390992,0.0124916295133866,0.00916017503327768,5869.7172088577,6062.51972977655
7757,0.2225,3.3901081621822,0.00998424490862178,0.004213484446867,11003.8482834016,16578.8889294705
7758,0.2115,3.42341468014564,0.0156565177085139,0.00644901390380939,7389.65255821611,12179.1528113142
7759,0.2745,3.16991667977228,0.00855630067157543,0.00478975606249021,11961.6766035968,14917.6719066112
7760,0.2825,5.27933149604262,0.00832239638927887,0.00605854536350434,20685.1424787534,21238.1036511114
7761,0.197,4.19521251206884,0.00898797113886425,0.00455719873642567,14344.5965397492,18490.0647532838
7762,0.2155,3.40316791125093,0.0156129996793368,0.0115242872063519,7459.52748431057,7721.0056912293
7763,0.34,2.55002853221735,0.0106437427340698,0.00578174528271192,8179.43886717367,10990.0300369231
7764,0.2065,3.81920804661525,0.0138735875408981,0.00604656853203689,9056.27403696476,14082.4560580775
7765,0.2075,4.67265629702075,0.0240787942941272,0.0215337681819105,6917.19340466088,6076.31128255182
7766,0.2975,2.37625147599375,0.00695008734505458,0.00410664072026316,10491.42615374,12342.1100305111
7767,0.3425,3.17636686194812,0.0170996968901482,0.00702843614168867,6689.64127220482,11835.617883552
7768,0.2975,2.04633322615269,0.0125793954531473,0.00847558745985933,5509.07255643599,6091.84290985767
7769,0.282,4.35490722932412,0.00819053299302981,0.00521637083065167,17280.8006317948,19560.2288611067
7770,0.268,3.81263586207654,0.0130765537646759,0.00545322936793481,10092.6386840927,16472.2892151051
7771,0.1655,3.99152451254275,0.0167839065488954,0.00976825565668478,7963.65471676375,9857.53551679503
7772,0.3655,4.84276473486442,0.00823722565626331,0.00709442227195079,19911.5469312016,17990.4277011859
7773,0.2695,3.58344869656577,0.00689015447233055,0.00305118596357009,16187.1463864946,22929.6054690835
7774,0.15,2.5611510886704,0.0134703945148307,0.0115725380800552,5936.40410665585,5332.80554101014
7775,0.2745,2.05538022122092,0.00645403651357068,0.00500749344107472,9390.59654813583,8970.46205415597
7776,0.2615,3.36563034353942,0.00780982820652632,0.0050286079004438,13441.1525561316,14995.3175913895
7777,0.183,6.22125287823902,0.0258418372242681,0.0187033044237611,8385.84762553381,8963.52760999311
7778,0.293,3.09485245287976,0.00787546748640536,0.00644233114375419,12595.4527271606,11782.4829725746
7779,0.206,4.11077552121771,0.0143086302983282,0.00944435265541897,9561.76502326995,10713.3404720238
7780,0.3455,3.53587997549168,0.00821841581037071,0.006560691173614,14267.23763402,13722.6656763612
7781,0.181,4.21049049138451,0.0955946041105645,0.0837325146677207,1584.10834800623,1490.65181620916
7782,0.219,5.04792178226398,0.00745657343418863,0.00572619579310478,20528.8349582362,19898.4906141544
7783,0.2975,4.73272737433642,0.00649779818448574,0.00524606700401231,22797.6361392917,21484.4897957197
7784,0.15,4.32876344082811,0.0511676615533249,0.0385268843048155,3085.6918310904,3271.7525129626
7785,0.3015,2.29118126114194,0.0101772056944054,0.00648662539994206,7480.93544816635,8634.15427393046
7786,0.1695,3.85400592278109,0.033103880285107,0.0163354408782734,4038.85596218446,6235.91632240696
7787,0.2115,2.81919108777415,0.00650322511980375,0.00476620688632483,12432.9677821107,12226.3973121903
7788,0.253,4.8485430971252,0.0116320019980101,0.00802374232383139,13936.5171485008,15090.7530099328
7789,0.204,4.54266089087261,0.0135009302419355,0.0105785383861168,11262.7140253172,11054.3254253187
7790,0.274,1.99643820520054,0.00766675578982967,0.00410580730317003,8208.27960234028,10428.4475462577
7791,0.363,4.58927272566172,0.0117328110649266,0.00696396631864183,13883.4994852382,17358.1675367316
7792,0.1705,3.15722645472167,0.0113228686948047,0.00874285644851351,8546.22567612207,8332.7372257119
7793,0.249,2.42204588928874,0.107339812938447,0.0993401472527889,824.446010347937,722.724637091822
7794,0.1635,4.50051193906875,0.0567128200272431,0.0439694624064271,2903.25144598981,3011.17745943675
7795,0.2505,3.32330757021709,0.00641466065765177,0.00442739060242231,15506.2548261914,16049.2336635565
7796,0.1935,2.49458763152924,0.0823383214108512,0.0612648923243699,1103.91390259038,1227.70970097219
7797,0.239,1.56293506115015,0.0228962171937364,0.00920006876436906,2382.44603833191,4206.70248531405
7798,0.217,3.0976511447193,0.0121356230114521,0.00891610611723068,8381.34760107356,8569.61009474798
7799,0.1965,3.35924495199786,0.00624019821448021,0.00479339458598399,14788.7033934871,14144.1155187775
7800,0.382,2.36731893521725,0.00784424684070376,0.00465906940729958,10061.4029407525,12312.6183748517
7801,0.401,3.9201931097133,0.00949055035512152,0.00558395487949804,14212.3692145415,17821.0964575629
7802,0.2945,2.69092357618227,0.0284613306702556,0.0253238203264788,3496.26575204919,3107.12372083897
7803,0.2545,3.73408227815374,0.0222878949162207,0.00916222157245806,5905.93229801561,10439.354355538
7804,0.3125,4.60614779273442,0.0518421767575056,0.0442625128748778,3323.10402048866,3160.77218213444
7805,0.2285,3.86171616466172,0.0679288339968217,0.0390678602337208,1960.26608943599,2894.79687024465
7806,0.33,2.58504596581797,0.00729039758981728,0.00488359657672892,11320.8035325559,12244.6928253249
7807,0.124,3.27318181838542,0.0828391417159053,0.0645170273768815,1336.77720766289,1390.68154528586
7808,0.238,2.38100619155834,0.0129250275503522,0.00686063484347692,6131.43225659691,8132.32742519535
7809,0.1215,4.71285930600479,0.01551672001928,0.0137512149883796,9109.65594713964,7990.53252456444
7810,0.1925,2.74886981348411,0.0181813936426415,0.0158401156675044,5250.32057970699,4740.55181037211
7811,0.2645,3.0946201180619,0.00959492529964299,0.00822786197061455,10507.1043184564,9458.27023940073
7812,0.2925,4.95558051016984,0.00786877084410095,0.0057743801419716,20521.713152281,20934.4588973453
7813,0.2015,2.62261602372167,0.0156418072893397,0.0124154368926293,5658.80865757215,5485.27723202027
7814,0.1695,2.96175971371828,0.0244854866185827,0.0157966134507365,4168.18158583352,4870.52033316414
7815,0.1705,4.75681053487329,0.0593441371716017,0.0539137513648941,2902.61651598225,2556.15111011774
7816,0.2375,6.05350781641358,0.0112001477043298,0.00822354911832097,18043.2821321558,18490.2359295205
7817,0.1385,1.61411667973181,0.0254698482303378,0.0160571132198415,2127.45485285571,2514.34677213575
7818,0.2375,1.72919381552162,0.0176536714455527,0.00547826293306099,3294.71406195822,6770.81719489705
7819,0.3345,2.41678261416634,0.0159492655996163,0.00991890709668273,5412.80863055805,6560.64329439107
7820,0.223,3.09009526882017,0.02139123217136,0.0193239625766104,5117.246808657,4475.6217786442
7821,0.2665,2.5097812199997,0.0125674765331301,0.0112844097335624,6749.74764653077,5925.66400348293
7822,0.2485,3.70039140070819,0.00840553723856174,0.00576175632968856,14186.7592291927,15117.1390513215
7823,0.193,2.25632067099692,0.025129232411854,0.00847374819949347,3092.82478283211,6356.99660112824
7824,0.1315,4.00626912171694,0.0167367235333034,0.0133819897124928,7528.33344821178,7154.91653825624
7825,0.201,4.36578130476617,0.011536817478583,0.0082418946093339,12201.889665969,12668.5716575226
7826,0.1625,3.96138472320384,0.0135277309462634,0.0119234670658069,9449.21871168077,8321.70711917383
7827,0.339,6.19847639129509,0.0151433139596989,0.00594881537767973,14626.2974538977,26420.3919419415
7828,0.3835,3.7726446131053,0.00903203369517142,0.00523247608768043,14380.0075781869,18128.1030733156
7829,0.3515,3.66341916541675,0.0122718418696077,0.0102382942313439,10490.1221721661,9828.78006694497
7830,0.3435,3.73343860109705,0.0115561497007143,0.00842129590575387,11327.0958374889,11910.3876042035
7831,0.1565,4.25892682163975,0.0266612277322836,0.024123725589599,5398.89730832057,4714.09387927063
7832,0.3235,3.95848086764332,0.0104546118027178,0.00742820798539928,12926.4486496356,13762.927281647
7833,0.1735,4.78104086069931,0.00697488058483415,0.00559621846477169,19151.2843589437,17712.5379410846
7834,0.3165,3.73546490058128,0.00723159378670914,0.00518267783530635,16841.2541401433,17454.8436100511
7835,0.1845,4.48624421429076,0.00812666049600361,0.00532743183539267,16168.6095756698,17205.5715836684
7836,0.43,3.76856322400807,0.0089378754256279,0.00628660265648915,14642.7342711393,15861.4064110337
7837,0.166,5.74937671765439,0.016011993441262,0.0120812088017071,11799.3291422544,11901.2088912912
7838,0.2095,3.56986039827675,0.0287252743048974,0.00693877244268359,4249.42254317217,12040.0672889132
7839,0.272,2.29516864165636,0.00668929163780288,0.0044308472365376,10442.1458065528,11263.8443412622
7840,0.247,3.34150856795488,0.0758014605185552,0.0585895464565409,1558.5927211931,1713.17496574966
7841,0.2565,1.76016945832822,0.0150744343774335,0.0106807152797405,3983.66575801546,4222.40438794842
7842,0.228,1.58231484169811,0.00477549666052002,0.00359317755989106,8620.93081701311,8281.74231791346
7843,0.4145,4.52624553904591,0.00933828403965859,0.00529469014795592,16988.5310170401,22091.6234654279
7844,0.1675,4.66833522979575,0.0514163765565757,0.0443332923926309,3289.0907684576,3071.2467907333
7845,0.305,2.7289926228107,0.00892205564502339,0.00391977638734018,10128.3597666307,15320.4369867978
7846,0.1425,2.9008160402601,0.0162425377368967,0.0137145269634964,5793.47601932595,5296.12568098047
7847,0.3565,2.88164687195043,0.0123410408714088,0.0113514119512069,8135.1183519101,6992.27955223903
7848,0.274,3.33412366451773,0.0104936156957404,0.00884927955404887,10517.2497009383,9679.4060057503
7849,0.2395,3.52260284379261,0.0109853853626402,0.00877419473050973,10578.984619764,10158.1016320804
7850,0.3045,2.0984431220849,0.00642486634835792,0.00538850576739486,10078.9518765382,9263.42818262994
7851,0.2755,3.71334922288142,0.011447628569646,0.00921492719446808,10962.6299792239,10463.7484043402
7852,0.359,2.73913203706436,0.00914226051669458,0.00450781557906052,10226.3478649755,14494.002597936
7853,0.303,1.89980991215156,0.00671349926659175,0.00581925151729143,8673.33274879439,7691.24451041266
7854,0.287,3.21377711576517,0.00589467955274455,0.00383137166053497,16666.4774564641,18165.8095765023
7855,0.2325,5.30179287858013,0.0350029737471236,0.0123743894179612,5207.00345478414,11363.8916499017
7856,0.16,2.84013065910107,0.0362727904435151,0.0125289237024457,2656.08771532527,5594.33268704947
7857,0.44,4.78005191151265,0.00981501571676044,0.00833649077697682,17065.8706402894,15785.5965299441
7858,0.3175,2.25061094357242,0.00857575109175714,0.00722082370571927,8588.31393100902,7884.37509214756
7859,0.2555,2.99711340449518,0.0130376210704616,0.0073271173768325,7776.38038908378,9929.41906112505
7860,0.3185,2.40087124895849,0.0104690628090611,0.00839935354337284,7746.97294407927,7436.98232762054
7861,0.171,3.31021108696319,0.00723907008034712,0.00553100567865195,12909.9095948203,12350.4061475883
7862,0.215,3.02021581305451,0.00943537956633356,0.00703888579290053,10134.5191709186,10110.6446809929
7863,0.136,6.98830041481753,0.0149942389008319,0.0116481969996152,14770.3097274978,14396.6173118227
7864,0.22,4.91586627790215,0.0184383274267111,0.00751145764047105,9084.12921323722,15646.1215680259
7865,0.473,6.50067377943388,0.0203837077472263,0.0133320757725838,11906.8965345469,14341.7909930149
7866,0.2875,1.91551153581003,0.0233892087434549,0.00948403889693604,2910.6250061066,5221.61520841345
7867,0.194,1.48332720589614,0.0355288845294153,0.0118875074276843,1436.33940117039,3067.50559351586
7868,0.2495,4.24702851779206,0.0125495714729393,0.0081718966114665,11383.3751657233,12967.9638747355
7869,0.197,4.77980841454837,0.00773149110405854,0.00550000151960729,18542.2433874194,18868.3414820549
7870,0.3285,2.90615709573221,0.00910532224090416,0.00612869567202436,10651.1797953473,11720.1279805623
7871,0.359,4.84570889886274,0.0105669534252859,0.00422214868794117,15841.7827737783,26970.5688344806
7872,0.1705,1.79732365502129,0.0371479889597172,0.0339898935925184,1698.97120732789,1467.78160902929
7873,0.4135,4.15424083137766,0.0110180132948393,0.00742317933278078,13380.6226728262,15065.4050221119
7874,0.3745,3.19175185306549,0.00684531474995974,0.00598567676495665,15177.539625083,13535.1459117266
7875,0.2395,3.47429567405775,0.0108451169066019,0.00915312407077421,10494.8797567483,9640.5978596873
7876,0.3105,3.67048016505187,0.0457945130375068,0.0414872058535182,2994.74432088947,2654.2754907295
7877,0.2005,5.44566158704394,0.0112193290150016,0.00868985114922411,15632.695088696,15206.2728603675
7878,0.414,3.96492523042252,0.00734138402442907,0.00613822391898216,18329.7269987658,17007.3151880103
7879,0.2625,2.38638150413065,0.0337839078033298,0.0275379474216889,2606.79669705726,2527.7099008453
7880,0.155,3.18556168535894,0.0467705075628193,0.0444778401750112,2462.22658563593,2077.78454662361
7881,0.354,4.3601466773936,0.00764686614083181,0.00570265583527161,18740.0424177392,18981.5510985095
7882,0.19,5.30127247743899,0.01409805317557,0.0105373570792639,12443.4583866712,12595.5778488284
7883,0.393,4.517367182074,0.0103812614891711,0.00444157670141653,15104.7142009462,24802.6785497109
7884,0.134,1.94182515611843,0.0276661283988166,0.0244834702388459,2374.89865463224,2112.85156293687
7885,0.156,5.25655690643551,0.0328479970353571,0.0184159142064013,5586.75028720051,7867.15382943833
7886,0.1085,3.13508505921,0.0210218452449324,0.015900076922576,4714.56959713043,4680.21368717497
7887,0.2925,3.75830996833829,0.0200437708453994,0.0123308584586776,6735.84787730233,8359.03971391414
7888,0.286,3.36231133409791,0.0166301581747081,0.014109392907436,7210.04722308612,6707.42377437507
7889,0.186,4.29696255682251,0.0635724904293468,0.0516837588021728,2367.94962713205,2445.68395318565
7890,0.321,3.7191880164182,0.0188688469668736,0.00855415179158027,7032.76018861937,11508.0618215876
7891,0.211,3.67915208867489,0.00944334213885793,0.00686321098582496,12266.0027254628,12402.5716905635
7892,0.156,4.10687286102686,0.0973637968626529,0.0853350541840896,1551.09174516249,1440.9931022547
7893,0.3735,2.57804466555213,0.0100459462063882,0.00920151527579755,8790.82083252493,7559.26988286275
7894,0.2465,3.72580137015394,0.00889970946836426,0.00573310493500364,13420.5988770088,15107.5636805474
7895,0.1865,2.21693391164326,0.0432017872379418,0.0367849481631574,1848.18946268112,1696.23732455601
7896,0.3255,3.19536976220354,0.0216251206466676,0.00956989562150799,5295.19184391146,8895.74081194561
7897,0.424,4.05295285539543,0.0108662586263983,0.00861068244728648,13189.0839279521,12954.77177246
7898,0.327,4.63728294272395,0.0149239481499771,0.0126029239856184,11200.6119994778,10432.6548607274
7899,0.159,4.87134667629168,0.037763369892206,0.0355059011028554,4713.28665663225,3988.45178038992
7900,0.446,4.57476649065956,0.0066324514609727,0.00463626395734984,23397.7477136111,25132.3292476601
7901,0.166,1.54693475100815,0.0212732674495187,0.0151915100784468,2416.78777156606,2556.43371752295
7902,0.275,2.89824008284054,0.0152781783704246,0.0132792700843832,6495.67704583784,5883.20420234082
7903,0.2315,2.8284690845495,0.00786805539830043,0.0049742380131755,10975.5667907474,12213.0079960908
7904,0.251,1.70310957374832,0.016552685159004,0.0148976801293828,3475.67529527976,3048.84157248839
7905,0.3115,2.82543206947388,0.0142855918323622,0.00828702177505315,6903.91515790087,8949.18936549991
7906,0.4205,5.23996441773689,0.00603135239479073,0.00449651068437895,28851.6258627158,29094.102331673
7907,0.2385,2.49534538442042,0.00768811323301058,0.00365468014844027,9808.28055868726,13163.4634012201
7908,0.2025,3.4536527316317,0.00794877889779441,0.00651071115621801,13057.6301459874,12150.2421115312
7909,0.1555,6.68928682195534,0.0434141142403932,0.0362545167201908,5475.38877927104,5295.03480562753
7910,0.3765,3.22330595758177,0.00769477548111579,0.00480871767939516,13941.9354696028,16190.4506033787
7911,0.355,7.87062230784507,0.0279692646066881,0.0218787901232606,10607.4228584323,10743.4851478418
7912,0.2425,3.01138701751383,0.00731971377710221,0.00488676489515594,12487.3016016272,13240.0427288927
7913,0.1975,3.24657862429922,0.00768807164072277,0.00581196888388265,12379.1454372179,11974.6110626361
7914,0.255,3.90072359305704,0.0589819565493736,0.047523124681985,2409.10014353987,2427.47524431016
7915,0.3195,3.95280987980147,0.00605218059274422,0.00462326079433852,20460.6536672669,20027.3418817176
7916,0.255,2.81931750204886,0.00545849135512516,0.00412263542630773,14768.6698670367,14310.1288628448
7917,0.282,2.03600897764293,0.00729469171998343,0.00616943553838699,8715.59420380035,7955.3117796035
7918,0.195,3.25816716336394,0.00661815106635804,0.00548768789761358,13663.4555185702,12359.9227345325
7919,0.2775,4.60932349506757,0.0078552072098803,0.00640679458278461,18939.5822074758,17791.6403169886
7920,0.156,3.50535823229047,0.00872301970089229,0.0066911500196045,11362.1285728415,10885.4223449364
7921,0.378,5.29102034067161,0.00849732792667397,0.00585781292567417,21557.094131186,23403.8860555796
7922,0.1945,2.47346111537014,0.055285487355424,0.0507674476321974,1615.69950370441,1395.82109646787
7923,0.1145,3.15679601577661,0.0345264669209224,0.0314401563764456,3089.59456964614,2670.80584606687
7924,0.4105,3.28952994667072,0.0156161526754292,0.00461545857202181,7474.30228166706,17508.1507627135
7925,0.1415,6.17836261717348,0.0175790494271651,0.0132288872062694,11553.7383584912,11498.2077579239
7926,0.2485,3.64128280018573,0.0118976663473779,0.00847686878819675,10284.0317962835,10877.3433593856
7927,0.2995,4.41616932536931,0.00653334229489811,0.00536674856301024,21057.1005760472,19494.7273466955
7928,0.0845,3.63895574994573,0.0734470602980024,0.068818864999653,1747.62076097632,1508.65043900458
7929,0.255,3.69466375007806,0.00939653182522396,0.00450020508967717,12697.4563724504,17643.8228471829
7930,0.154,4.72542389940206,0.013540874770227,0.00718102514416155,10948.7114336757,14073.0156990455
7931,0.431,4.60263892637882,0.00742444780834417,0.00591415386478285,21161.8926223848,20410.0307885189
7932,0.332,4.40624743416135,0.0357879892597151,0.0194382505959161,4459.10254314812,6662.50879348154
7933,0.3945,3.03263740646975,0.00953622577296244,0.0083532236352797,11022.4198687492,9842.20399789453
7934,0.4085,3.23377452257121,0.023250541588788,0.00790581717375338,5071.98310799185,11095.9389294263
7935,0.2075,3.87031339671511,0.0175515828390209,0.010417595071587,7518.32530940811,9330.87015882694
7936,0.2545,5.95149152255274,0.0348833113546023,0.0315638447661749,6304.45858261568,5591.99299473571
7937,0.28,4.64068826380198,0.00964428414514873,0.00786112588601705,16105.6532591326,15200.8403999384
7938,0.295,4.26261337454837,0.0330052714947755,0.0300100145888575,4753.29197097273,4179.09895778719
7939,0.44,4.36699337528519,0.00702628139674146,0.00383713258848949,21215.7796226992,27711.2035997585
7940,0.2005,6.09130663479503,0.0127122510211098,0.00512781461484873,15771.7242082508,25117.827226119
7941,0.1285,6.01239796733397,0.0192849213881908,0.0139696193505684,10217.2850573417,10721.2188117062
7942,0.362,3.6094802015025,0.0157720033722268,0.0138363830001653,8274.82115583385,7454.90030002816
7943,0.3095,3.91258944466959,0.0283190357363018,0.0255511810003398,5309.98003097663,4704.55836794371
7944,0.406,3.18530424368774,0.00617237752620128,0.0048309609108751,16728.2587830382,16219.676069203
7945,0.29,4.58924487359557,0.0125614399918608,0.00506189632976744,12519.8427604414,21482.3296671744
7946,0.229,4.50111388205872,0.0105454172245318,0.0072141063805913,13930.2915020442,14969.9095073621
7947,0.318,2.4319751103763,0.011926879372669,0.00709630161640008,6968.56118551088,8673.68553398542
7948,0.105,3.10993624481701,0.018723500213358,0.0164525817956767,5059.41664759494,4465.14061539035
7949,0.2115,4.95616865072747,0.0176293496277046,0.00621199005136222,9618.44038460646,17848.0090400373
7950,0.1465,2.24930077181192,0.032838270431138,0.0243597342087615,2382.86237546978,2511.24897613331
7951,0.1435,4.06293610718239,0.0439209043179854,0.0252578276977936,3274.86366921151,4485.43817335415
7952,0.1955,3.02764670749459,0.0175591097697946,0.00582008961705063,5763.76505532622,11204.0010988606
7953,0.3405,4.62437326943682,0.00659451616726198,0.00452330875299109,22629.4650137841,24266.2875859013
7954,0.164,2.1289550309973,0.059453532840063,0.0297468671028187,1234.77446315156,1996.76622643639
7955,0.172,4.35967015449761,0.0328877733248779,0.0285211553544039,4601.25797610612,4204.92081611784
7956,0.422,4.39041645077477,0.0141248485191259,0.00633346327927048,11190.5539315755,18296.8097644779
7957,0.1125,3.3421254235304,0.0438706983636384,0.0402057161697076,2742.79351679216,2379.479181625
7958,0.101,5.0754637760163,0.0282710107783918,0.0256155548945355,5855.74531394749,5101.09095851929
7959,0.3245,1.85887153235236,0.0151029342908026,0.01375837120453,4265.83648925282,3700.73330090283
7960,0.2955,3.21786041666187,0.00693496075929821,0.00440294587915558,14726.5557717845,16461.862132228
7961,0.2995,5.1781471760576,0.0066452480712342,0.00452397679908352,24704.6613910576,26328.4782273209
7962,0.114,2.67322764515643,0.0358303618952891,0.0303419364353962,2544.71171885888,2347.61687660815
7963,0.2315,2.91172513704251,0.0357144585960135,0.0111457703638132,2800.03378647707,6613.95038822193
7964,0.239,3.04294902785335,0.0129942221264416,0.0107450652501838,7894.98269089017,7429.42625780576
7965,0.184,2.28738011730661,0.0553863187247086,0.0467712430403665,1520.15991954852,1434.68277602569
7966,0.206,2.99749448872242,0.0101075329273451,0.0074707270419402,9318.32333766557,9308.33098381813
7967,0.277,2.63812982270193,0.017897993259417,0.0121685192426917,5138.24561388712,5798.44003160759
7968,0.274,2.05209777329249,0.0127434980932742,0.01081869482586,5464.58361018826,5029.43866851781
7969,0.2705,3.57833187889101,0.0136975303034772,0.00769811625964843,9031.77103354155,11770.6031244872
7970,0.164,3.28337844987153,0.0860987927582493,0.0681983194759377,1314.42789985453,1369.25660895092
7971,0.44,6.28444178981452,0.00918629293589079,0.00706531111198004,24125.517140364,24213.489579749
7972,0.283,3.36469946619968,0.0166693534701754,0.00443473096066906,7077.1698470583,17074.9893129771
7973,0.3705,2.48906595248275,0.00722887975902087,0.00648421240746282,11316.2805212658,9916.04423771232
7974,0.3525,2.89348026615472,0.0083892653548562,0.00693399024373097,11505.0375419086,10779.8091470479
7975,0.2365,3.09176949460332,0.00842471424065838,0.00616117664270992,11398.1018932192,11630.4251083939
7976,0.244,5.0100776089491,0.00932462599564148,0.00515111635532631,17201.4021435742,21565.5101650047
7977,0.3745,3.00360993777193,0.00738011392193563,0.00456554258599419,13471.9525476407,15784.7978857813
7978,0.378,3.88558874962089,0.0129468064155891,0.00662342693097427,10767.4879650913,15469.1898840531
7979,0.3165,2.93779887054939,0.0104318287445047,0.00700961359574036,9491.50488472528,10582.5377941019
7980,0.1735,1.66336012821297,0.0136610211797658,0.0117664647292048,3814.90905457427,3430.79755374131
7981,0.32,4.23207664420059,0.00688641054683868,0.00573691920107621,19627.6108362253,18036.4219268232
7982,0.229,3.41725338116144,0.0190103223549619,0.00889473117096254,6255.08457221445,9569.75850547481
7983,0.1895,3.72082121547769,0.0174858223414483,0.0080296059803369,7206.23787693604,10881.704621739
7984,0.415,5.4679979047734,0.0194572480124925,0.00680584711166094,10188.4237222343,21616.872556423
7985,0.271,2.78224497059998,0.00752191689605676,0.00501246133114002,11496.994556348,12442.9769622718
7986,0.194,1.50997757296621,0.00841260232265507,0.00683303537814908,5117.06828472439,4769.1264062126
7987,0.083,2.69475925590877,0.0424363862550822,0.0306017205038585,2167.37515493089,2309.75234254653
7988,0.165,2.41953481514365,0.0201001582500369,0.0141668261542257,4021.87147481033,4284.90897905952
7989,0.191,3.72677499112652,0.0113894067169644,0.00711821031874879,10459.458708541,11940.0262903421
7990,0.1645,1.75182058395939,0.0120005587706901,0.0102039032289085,4420.1266719896,4015.07792509886
7991,0.2425,4.12887582294493,0.00698810100372348,0.00533401823829839,17943.1718313913,17495.500037291
7992,0.3385,4.55950039635488,0.0279101667894117,0.0242659551623749,6391.1623849563,5878.37197892313
7993,0.172,3.53223165295473,0.024690982809357,0.0227532202874569,5005.42147212122,4324.64324142176
7994,0.386,4.25628384448135,0.0127846860892406,0.00970135400495704,11925.2635072465,12264.5711853842
7995,0.207,1.93437483327998,0.0348698638736881,0.01167544923644,1921.01101811404,4153.30266219442
7996,0.301,6.21017764535836,0.0227319349029025,0.0162625953761233,9960.0448619268,10899.5548190078
7997,0.4435,4.32444365000988,0.00793289635505776,0.00672736314139542,18921.7194720185,17450.7421608518
7998,0.231,4.02933038081941,0.0113190709489085,0.00689205192509916,11711.0717308003,13922.7845773855
7999,0.119,2.17411143039451,0.0743891432485704,0.0650132852110096,1033.31423948928,952.290032182581
8000,0.2465,3.33272657424231,0.00586693990730791,0.0050503529071314,16731.7878314523,14889.5307059063
