"instance","prevalence","meanMOIvar","meanPTS","inverseSimpsonIndex"
1,0.1405,2.61862466378746,0.0210337744858014,4116.97095591859
2,0.2735,5.4270826486251,0.00759697809518739,22845.8225446672
3,0.227,3.32312175255859,0.0130830526825338,8406.16804278177
4,0.13,7.52743831965294,0.087684935823322,2649.52910162998
5,0.3,3.03403843352414,0.0123551434452353,8395.38770581529
6,0.421,4.78528736403389,0.00591296051741931,26657.2026456353
7,0.3765,5.8541133497387,0.0279067848488151,7756.30772290519
8,0.2265,2.77339852673467,0.012172933126709,7427.01149831798
9,0.2185,4.73392131424649,0.00945464892813928,15931.0996598327
10,0.258,2.92209050152954,0.00693381801488013,12822.8967941182
11,0.2935,2.82147594796309,0.00765168196241278,11747.2332630114
12,0.2425,3.25483633751898,0.0864948178680328,1376.36323551815
13,0.22,3.46285680430557,0.0329582921690696,3777.78762482969
14,0.133,2.98447464583557,0.0154598112044103,6127.73307364961
15,0.243,2.52445896112824,0.0245543577485313,3692.25918442923
16,0.105,2.24982456064998,0.0311131303389207,2404.33287443424
17,0.114,3.00431675073685,0.0364217869195058,2788.91907351522
18,0.359,3.64940702356014,0.0128393135762389,10141.5446084735
19,0.3125,4.23640210846368,0.0151327898987699,9992.05170878527
20,0.2345,1.58291529929698,0.0172342775966898,3127.93009049023
21,0.329,3.80050782145345,0.00725658258121341,17128.8704111006
22,0.1235,3.18397776557969,0.0422652503674455,2635.29689995706
23,0.1575,4.07147459958592,0.0100061307266031,12057.8510380373
24,0.291,4.5158952149389,0.0135050408598574,11706.5038294943
25,0.315,4.47887952476623,0.00854888642228873,17448.2150850487
26,0.2535,3.3784615482046,0.0163333125108171,7131.39862179261
27,0.155,3.70986991822975,0.0168884530725076,7128.64828066515
28,0.2165,2.59283660757059,0.0101730182016602,8175.89175582373
29,0.1685,2.62417507022556,0.0221283960977907,4019.19257317506
30,0.1945,2.2899354078681,0.0397735113280665,2065.87083763249
31,0.249,2.10437723709733,0.0204232955044315,3659.28917665535
32,0.2705,6.63504563891405,0.0266427695876629,9195.05259078977
33,0.1985,3.1706258656743,0.0630751087486432,1862.84194903632
34,0.3235,3.57909408973012,0.00511077353314422,21040.3962859894
35,0.2455,2.37542782773962,0.0135411090606614,5916.27610430387
36,0.252,3.32905821928829,0.0170695876566249,6742.18802958192
37,0.1455,3.91107690345737,0.0136286345823144,8994.25980857776
38,0.1235,4.06412462542701,0.0468326176224162,3042.24562412972
39,0.2185,4.01410161259854,0.0056136318099562,19916.3323717438
40,0.1965,3.2378069652224,0.0326467311482149,3542.51969400484
41,0.25,3.35857731749116,0.00635690264122808,15721.5946716177
42,0.192,3.28011335220644,0.0964570228598787,1239.74143932939
43,0.2155,3.87617320644547,0.0118074356571178,10837.7350592295
44,0.2225,3.9965505402389,0.00960856432186764,13228.0320603308
45,0.143,4.39043550354225,0.101109544459083,1456.85041727749
46,0.301,2.1145455299799,0.00799614328431746,8492.25058727337
47,0.2675,2.95429533260502,0.0119071991498835,8317.37726042231
48,0.188,2.82268490783408,0.0121775679555632,7378.45569943229
49,0.286,2.73313383521668,0.00817922820887393,10792.7494812025
50,0.3805,4.17857469217854,0.00901583369454074,15900.6374461825
51,0.319,4.34509154961054,0.00606883956577972,22540.4581109225
52,0.3585,2.74017529115008,0.00557634608635937,15144.1416175006
53,0.298,2.49773674001975,0.00630847399481149,11993.7039822901
54,0.106,2.84702412984079,0.043502308152343,2327.19708404207
55,0.151,3.00649827788722,0.0513433803699554,2093.22053031478
56,0.2985,3.31881185730902,0.0111409565617001,10128.4193993291
57,0.3295,5.77768997414983,0.0113023134725923,18012.5139125027
58,0.3715,3.80033395856016,0.034217835956958,3940.54132583431
59,0.16,2.80671842351596,0.0102594198823406,8163.26722935647
60,0.328,3.29537223528448,0.0068035999948251,15415.8156701405
61,0.346,2.55247714418477,0.0117599089197373,7474.08221257854
62,0.3715,5.3031047718617,0.00861900162999844,21076.1857576486
63,0.348,3.41963670493904,0.00861555282116145,13323.2828680439
64,0.337,2.7380723020462,0.00815792214989018,10986.7977057937
65,0.28,3.42780991046074,0.00643163914803431,16294.7458709008
66,0.3205,2.10086117138725,0.00530337983790523,11806.7769097975
67,0.465,7.66788373112734,0.0267142601532953,10392.9198657299
68,0.3365,4.95916720969637,0.0589653828499787,3140.34205606989
69,0.1805,6.8130909360978,0.010648090349744,20074.239489733
70,0.2555,3.9656129836205,0.00824575685230425,15276.6192330323
71,0.31,3.06911116757355,0.0143337937218301,7548.05115123717
72,0.2715,4.59004301395452,0.0342555867068728,4634.52705522304
73,0.4555,4.82669081813729,0.0195950162139561,8995.58089720612
74,0.3115,3.90603324085869,0.00569510445450806,21047.9313457835
75,0.301,2.77368201599669,0.01189425186731,7937.98628131802
76,0.0965,2.4911608660847,0.0806118534488141,1083.67502178547
77,0.1805,4.99509603422777,0.0227808958919257,7276.93880619751
78,0.4235,5.4792748327477,0.00748986139479045,25102.3699845319
79,0.245,3.51253082461466,0.0133349327012813,8896.79693920006
80,0.221,2.36322635825268,0.0143290367311439,5450.49214343501
81,0.293,2.94846211279715,0.0145867213659053,7169.12929425212
82,0.3335,4.12268452367732,0.0100646846349446,14067.4165180923
83,0.2055,2.72286334344338,0.0428605758969436,2300.89027672995
84,0.2415,3.58759753755275,0.00744745949368542,14840.3990933767
85,0.2565,3.01029398328949,0.0379449429068572,2884.51222857564
86,0.343,3.69193839124792,0.00523432127939076,21674.30704774
87,0.3305,2.08384921047424,0.017077844401787,4294.12270221597
88,0.428,4.66520310585167,0.0166636978223477,10078.4896449838
89,0.244,2.82274423783702,0.0130585559915905,7297.27237729375
90,0.126,4.56399273551101,0.0138799519630415,9940.52845812651
91,0.3755,2.72650215104347,0.00900055749282356,10346.4853668011
92,0.1705,2.54571423400033,0.019530667577514,4436.3725802646
93,0.2845,3.67531833314819,0.00521045993146188,20705.2362909199
94,0.4425,4.91477634005832,0.00923392337421003,18773.2062029474
95,0.207,3.20885205629464,0.021408504172558,5187.08926391908
96,0.1415,1.33477482341073,0.0196757198097952,2238.79545104166
97,0.203,1.46749853551145,0.0229638215801677,2236.56881599929
98,0.196,5.12593820459571,0.0182133518960391,9647.92129797438
99,0.4165,4.21752041187115,0.0198814150471304,7664.79855124796
100,0.104,2.57094223585633,0.113567519471415,803.116656928715
101,0.309,4.53354651336419,0.0160722458366449,10217.4516322783
102,0.143,5.34193143431239,0.150982369821567,1030.54586463535
103,0.245,2.01978169765759,0.011138947127465,5888.10471086037
104,0.285,2.49120660270242,0.017345763471325,5118.93316990567
105,0.37,2.84283584190151,0.00874131805533966,10861.4357960474
106,0.2305,3.36420483620502,0.00855725603760717,12293.6039894609
107,0.425,5.53017730786995,0.0127079361213773,15846.1713848922
108,0.2615,2.46502212507675,0.0273301868793751,3210.4011121808
109,0.1235,6.31339957710316,0.0925165438071446,2340.87229252276
110,0.2825,3.41296525031283,0.00680312346971923,15773.1536693123
111,0.151,2.80481473697724,0.0181445034764392,5026.66381607673
112,0.152,5.52953120981151,0.0763824934273527,2448.27825883702
113,0.134,3.54065629132403,0.0237882865769255,4815.48718082981
114,0.158,5.3158824302295,0.0101533230713984,15671.8157958991
115,0.1285,4.0764457768713,0.0524676461132775,2754.83636879495
116,0.35,3.54344431069386,0.00632705626293337,17856.5534950071
117,0.131,4.99817121937434,0.0257759927767543,6651.49947675792
118,0.2785,2.53467648264725,0.00598790422273792,12667.5039431092
119,0.2605,2.93567637197217,0.00977135928598129,9914.51172160626
120,0.3015,2.63802483615416,0.00843173780650829,9937.86723327042
121,0.251,2.93794479142212,0.0110702933601847,8686.69556652697
122,0.448,5.87684981553543,0.00808453578682414,25396.199311154
123,0.1685,2.97257360118386,0.0227335202253458,4391.48281994379
124,0.327,4.86219810898386,0.00787932839301823,20408.1543177343
125,0.3755,2.60683868116298,0.00740923447547789,11599.1633068098
126,0.2055,3.21919291162836,0.0123710333106819,8521.82262021379
127,0.143,4.52064727491097,0.0126143020180686,11176.5458920383
128,0.21,2.11951897433797,0.0532793622675919,1462.35740377262
129,0.1145,1.913834191677,0.0821841595931719,808.5688452108
130,0.4385,5.62308458963835,0.0242455957509913,8681.76792042435
131,0.1785,3.66143249804748,0.0168446172131069,7188.46731336507
132,0.113,2.85661684343638,0.0231536905565516,3964.87127989775
133,0.1175,2.93715231702967,0.0391038753389244,2600.18492662971
134,0.219,3.46857119617709,0.0145534555374808,8123.53834753903
135,0.1145,2.67005065501926,0.0771845320703859,1155.45548218057
136,0.3975,2.92119452583978,0.0097587114662728,10404.1464844422
137,0.1235,5.0922374855175,0.0881585545164821,2103.13372519561
138,0.2935,1.8343904451604,0.00746076058124148,7712.57351919176
139,0.309,2.18909946926334,0.00640067919529952,10435.3410941016
140,0.2775,3.11571282923077,0.0113333145982632,9215.34216459157
141,0.3295,2.28679277058233,0.00552158528573892,12513.2949983358
142,0.215,2.17894517310722,0.0523044406378749,1489.03039017941
143,0.4285,4.56809076218812,0.0151657974053091,10913.7926554728
144,0.168,3.74535468254696,0.0412974438872806,3218.66471183577
145,0.253,4.18349279205962,0.0103727633457683,13397.8489634545
146,0.1685,2.51071092961768,0.0583073789464604,1568.2705001158
147,0.2675,4.52356434096041,0.0443679611888189,3786.4435265813
148,0.2035,4.04531785573163,0.0111371898403929,11655.0512543307
149,0.38,5.84114926129782,0.0112744486458597,18320.8892864447
150,0.3115,2.75393597058274,0.00415145148535176,18592.9364624219
151,0.3245,4.73483729439279,0.0129110897891367,12881.8255019373
152,0.2275,4.84407003158712,0.00788135271767211,19007.0689386789
153,0.4095,2.79487645998252,0.0106133118354621,9148.54762662838
154,0.1475,4.71034235138347,0.0318801062691818,5063.44030479843
155,0.1355,4.4556823262769,0.0565680829890557,2889.89458763391
156,0.232,3.56136470518686,0.0131825016958738,9134.43417725047
157,0.166,4.91904650393215,0.0112803422290587,13419.1602987677
158,0.3845,3.54055706015975,0.0127463150790304,9971.94496169961
159,0.3205,4.29611106263257,0.0164425532679176,9354.18844537888
160,0.3505,3.66941437603142,0.00718008310896166,16552.5964160509
161,0.3115,2.41015766947147,0.00905909758208546,8726.4362377037
162,0.125,3.77952246427672,0.0204885566931152,6095.15339059254
163,0.2755,2.67117194596779,0.00523515061705287,15038.5008222801
164,0.2275,2.11870142670913,0.0157141075187969,4609.93739803433
165,0.1915,6.21206313892085,0.0521167946151905,4358.5517956251
166,0.2195,3.27262891964466,0.0110285619950401,9639.64303363557
167,0.244,1.60732982915366,0.0174706092497844,3180.66300865342
168,0.3085,2.59089106874534,0.0152830205412838,5871.56078872695
169,0.2845,5.02546738074395,0.0165289294487541,10713.768357501
170,0.206,4.25049303963235,0.0230129145054407,6282.60243584816
171,0.27,2.46832052280918,0.0166868983107273,5195.95742949454
172,0.454,6.27838342046087,0.010506807297271,21465.5219695432
173,0.1775,3.45009371371866,0.011748049410114,9335.53745348181
174,0.428,3.75378515944019,0.00742613694655637,17061.8453299153
175,0.335,2.89947450053822,0.00618187030411956,14764.9172253313
176,0.337,2.29475652661844,0.00646312013009174,11091.5387673956
177,0.4155,5.78429830227905,0.00952876964587424,21271.187961422
178,0.282,3.40232519136074,0.00808135246855359,13524.5061724866
179,0.403,2.94967815685254,0.00811229309132972,12396.6807005576
180,0.194,2.42921205497151,0.041378316360168,2109.5387324749
181,0.4005,6.45269809635434,0.0310351403092582,7309.02125773564
182,0.1315,4.57154665811788,0.011687883310519,11637.762370839
183,0.3465,3.19220636297507,0.0102850585281492,10680.5988986576
184,0.2065,5.88750493694532,0.0151246296758689,13194.3412704196
185,0.148,3.24519110535833,0.0244807593647749,4499.10989976418
186,0.174,2.1122838483861,0.0566001309257823,1371.54300492646
187,0.2145,1.64605421322068,0.0182975749334264,2970.9254960647
188,0.253,4.35107725224522,0.00623591102472942,20997.1988461682
189,0.152,6.19441094727465,0.0233953956728274,9195.50025772157
190,0.1425,4.75777904070581,0.0129764495486287,11300.3337568397
191,0.288,2.48612019937681,0.00714161336800798,11019.2237073878
192,0.3095,2.37249537036242,0.0490965534281901,1779.59114379916
193,0.3815,2.97595894818997,0.00524396339585752,17772.2562723169
194,0.3105,3.29483817863363,0.00935441221671758,11750.4715312165
195,0.181,5.29840352070512,0.019888312129707,9294.52599479402
196,0.174,1.40274345219897,0.0082531815428186,4879.86344867617
197,0.4475,4.54008156973531,0.00894135379646843,17955.806917998
198,0.1905,3.82155435396538,0.0084132802543799,13715.2038143843
199,0.411,3.6456970208923,0.00648866435349643,18435.3205143429
200,0.3885,4.46598997566822,0.0126231426029228,12615.4693178015
201,0.2925,2.76259386456635,0.00907604105525428,9981.73936856314
202,0.202,2.92999109276351,0.00891187605480828,9796.08684116802
203,0.276,3.70887459273598,0.0129401951724221,9889.31934842339
204,0.1265,3.71540828842377,0.017534076544047,6645.23075582869
205,0.2085,1.74718503161101,0.00895298219162577,5935.58730460269
206,0.319,2.85681711939599,0.0140454551144359,7119.7359925146
207,0.178,4.16812106515606,0.00738291405368309,16010.1582497993
208,0.4095,4.148015432084,0.0726589712718548,2102.0942836418
209,0.242,3.81866242618746,0.0124338706052859,10413.3004074449
210,0.1795,3.40481912699184,0.0190466951834131,6055.28492866688
211,0.18,3.32085992587265,0.0173244779160512,6292.71866342672
212,0.1525,3.73004752139997,0.0297202268122995,4259.43389387946
213,0.2605,3.83113714718241,0.00506078656241381,21448.2380302588
214,0.272,5.28889805825092,0.010335273557277,16944.3608241891
215,0.145,3.54434111468205,0.0121411396132268,8921.74055055789
216,0.2005,3.56116019004652,0.0214827084363137,5786.92515229227
217,0.193,6.06265842133178,0.00875621970001371,21206.5116240789
218,0.34,3.88442275550006,0.011968268466333,11317.9071303452
219,0.4,3.0462481023492,0.0141646355734433,7580.50332198638
220,0.462,3.83093497308606,0.00883289713851857,15182.8873038083
221,0.1805,5.74943126470602,0.0123915199737077,14923.1925784787
222,0.1555,3.40262554815616,0.0306754545107052,3893.81840629792
223,0.1225,5.392144063711,0.0270378243230684,6716.11864137324
224,0.2075,5.4762758846177,0.00912933228164663,18742.9963965323
225,0.128,4.7484775367568,0.064700419588535,2642.08202181666
226,0.2345,3.31332616937197,0.0388181906437538,3143.82237314031
227,0.1215,2.9200547710065,0.0319734156029974,3081.18597708369
228,0.283,2.42587935072465,0.0203606256402428,4204.41594471555
229,0.1565,2.22187439584683,0.0166081071063588,4361.76177029067
230,0.219,2.13859584296603,0.030560126285675,2503.06636816922
231,0.14,6.08669563828448,0.00890557317416932,19251.2632442741
232,0.2805,2.85634140469834,0.019625782745552,5164.60789638726
233,0.2665,4.91792329098066,0.00795109839386291,19674.7871051209
234,0.278,2.05802142312612,0.00508055402046808,11462.0459370215
235,0.2935,4.47321437944368,0.0193308284840386,8290.65984333598
236,0.263,4.4679565436762,0.0121959786045752,12401.0298077266
237,0.282,2.81109042096698,0.015567470450037,6386.33798273081
238,0.345,3.63744932365859,0.0125799740632181,10025.0774170578
239,0.157,2.01895937684851,0.0132593378560668,4675.86758702993
240,0.098,2.61330670352405,0.109526715094124,793.226656626506
241,0.284,4.05788151068523,0.00649587172987509,19325.6173174697
242,0.3185,5.28019860237374,0.0256089581306555,7574.56843978696
243,0.2975,2.46151958521223,0.0047769494706773,14774.400333491
244,0.3115,3.40028638268217,0.00829038076134713,13450.2308248479
245,0.247,3.96398376879788,0.00831170714106252,15204.986322317
246,0.2645,2.78484029929022,0.00842125922834989,10578.949005064
247,0.3285,2.25666396998122,0.0083440942097586,8917.55050721777
248,0.1575,3.42200612665905,0.0125200912055112,8649.39106484823
249,0.142,2.76311893002487,0.084064395495429,1099.46889612422
250,0.3965,4.62152739468573,0.049646827048315,3576.65984086827
251,0.2605,3.4005053300627,0.0100701935587456,11089.7757493679
252,0.229,3.86402157869049,0.0125444487672326,10406.0513639914
253,0.2515,5.91869614569072,0.0255782858909575,8552.84178295553
254,0.2865,3.14507489015001,0.0391928941860821,2767.57760060072
255,0.1175,3.21834414190264,0.0325115167542055,3412.79281711833
256,0.134,4.80724815390085,0.0158211388811872,9721.3859095722
257,0.1945,3.97774802242285,0.00992156830783842,12636.7006394187
258,0.1985,3.6740038957327,0.0133756965802301,9016.41427232668
259,0.1615,2.2510441055153,0.0361254123007193,2208.64509857018
260,0.2045,2.00610122621144,0.0238538711808965,2905.91368918068
261,0.1775,3.30353748503361,0.0101540408814716,9930.81423482092
262,0.1855,1.66498073878736,0.0128010430376676,4034.34572633193
263,0.177,4.76591210741582,0.0294911046590674,5418.44067106099
264,0.3015,2.08743011375423,0.0082444469061997,8068.21735913368
265,0.2915,2.07074890728105,0.00592085089313834,10315.0434320754
266,0.302,3.82948795200734,0.013106776479364,9992.05318721094
267,0.3015,2.16952891288195,0.0144777892574859,5159.70733891169
268,0.167,4.28535597295699,0.00962474212258259,13451.1353057789
269,0.174,3.07633021830958,0.0198334478237158,5270.61852204547
270,0.247,3.57372640957755,0.0108318136000738,10912.5881771166
271,0.3135,3.63997545058879,0.00715606171488726,16477.3889173601
272,0.3415,3.16602926075785,0.022009012470163,5116.11457129987
273,0.19,2.84474003687999,0.0376317531252511,2721.28587696024
274,0.3,7.66299390558341,0.0221013988096271,12688.1842919975
275,0.2915,1.85364152068438,0.00610003596056056,8938.64013377321
276,0.278,2.61268094647748,0.00666083158732695,12143.1356676554
277,0.135,3.82077553266501,0.0690387521286043,1950.97011900253
278,0.363,2.81489623201961,0.0246614054825347,4090.3888602285
279,0.151,4.30080470744231,0.02235389588521,6708.6206973399
280,0.3285,4.63270962331761,0.00924911417025582,17020.5063511599
281,0.303,1.93576145968646,0.00808122323905861,7592.61284776389
282,0.2415,3.19519108012693,0.00842698910539298,11809.9176667581
283,0.3235,3.54643442801763,0.0059935134326056,18413.7288846536
284,0.171,3.29213619145104,0.0348590683569451,3185.84525508975
285,0.4565,5.95012055117701,0.00916496469370913,23140.7552661626
286,0.349,2.50321396462079,0.0219978026217004,4083.64372705028
287,0.36,7.25493766212423,0.0319723693347322,8637.07492692263
288,0.2805,3.35482316783483,0.0187539885132261,6282.29834012104
289,0.1625,3.18239599444363,0.0383965232888249,2970.67254070868
290,0.279,2.04726763276821,0.0066096471442682,9344.92692738848
291,0.273,4.49693946165173,0.039524661348913,3980.94286161873
292,0.192,3.66010312566525,0.00788439773166261,13548.254247405
293,0.1485,3.66655943150532,0.0497034842838789,2651.53562563353
294,0.356,4.33088451750952,0.00815879441501084,17937.0676165457
295,0.232,1.95271079684307,0.015625492423899,4224.92799409861
296,0.2865,2.0821886527118,0.0041418213931567,13400.5339783397
297,0.233,5.23357414825698,0.0234958047238309,7814.73673841382
298,0.2185,4.88650877913659,0.0265512306519774,6684.88259593923
299,0.3525,3.56979362281557,0.00999228193346727,12377.7371497361
300,0.14,5.60960896261496,0.0181262270793116,10395.6204478459
301,0.2555,3.62785721463963,0.00694817957486925,15912.7448932637
302,0.2845,1.84377259995558,0.0105106357398646,5757.12781078128
303,0.2495,1.63215593695337,0.0118483063136324,4517.78925704878
304,0.113,3.74203580614658,0.033218656213031,3816.63730764661
305,0.3435,3.34672217269806,0.00669681289324473,15822.9395696066
306,0.4085,2.84937575495811,0.00499982442240043,17683.4223304312
307,0.3915,3.73921455923285,0.0067509950592649,18200.619294256
308,0.1695,2.78943729957892,0.0730867795657649,1366.92482165722
309,0.2355,4.47828162652526,0.00668874631796166,20210.9470773888
310,0.2225,2.17100201297748,0.031811510164712,2386.87493030923
311,0.1225,3.04812784398924,0.0748948859220984,1417.95501430732
312,0.166,3.23216666422572,0.0351796840542346,3264.20174890693
313,0.128,5.72298486745466,0.0184482016257908,10018.1206992755
314,0.141,5.4707699430301,0.0604149556172235,3185.57791175167
315,0.216,1.99917697265291,0.00955846551145155,6544.13252833386
316,0.2525,4.70058798108718,0.0352496179172652,4872.82374685998
317,0.307,3.28797784420782,0.00528683901464717,18637.613402153
318,0.13,2.92593144338353,0.0212160059257156,4459.82957493606
319,0.2565,2.20474127304668,0.0127690538936923,5718.30354942923
320,0.165,3.64064404669785,0.0138869303965392,8490.50478556998
321,0.234,1.69073612144673,0.00830156015136039,6245.8531007776
322,0.392,3.51174450711788,0.0142461937053832,8859.74673437777
323,0.345,4.42587518874103,0.0472687744415724,3451.25847223275
324,0.191,3.28417374761826,0.018492046710691,6026.97822424862
325,0.2635,1.91642484134877,0.0102551879919643,6189.90865438137
326,0.213,2.90648184970873,0.0269351153410365,3721.4698993507
327,0.26,3.02702540841957,0.0108806641551215,9268.30535838404
328,0.0985,2.54789497696402,0.0395341473312813,2118.26927579788
329,0.321,2.20177348855923,0.00736562013513411,9537.45895535476
330,0.17,3.96399990945012,0.0130921101458285,9699.84215856959
331,0.161,2.89117173662949,0.0298870452579511,3415.06446482951
332,0.374,2.87623331013334,0.0111756601006454,8921.17302096209
333,0.261,3.73326801445042,0.0545795091212372,2454.38010200069
334,0.0955,2.34745496669881,0.0422954223999626,1872.79935298608
335,0.41,3.13005249508412,0.00426433130250752,22232.5569508784
336,0.1475,4.78243364273234,0.026070594074736,6224.78776800613
337,0.1955,4.54574670566751,0.0149643914724083,10333.0607381654
338,0.207,3.87322935511675,0.0061377812835838,17583.8864387371
339,0.147,4.22868128318446,0.0206374540865997,6752.59740455838
340,0.373,2.85919319177075,0.00947960156532896,10360.942508187
341,0.2035,3.33239915986527,0.0721499874648738,1671.00481431657
342,0.129,2.32263820929116,0.0588854583829189,1411.65935212402
343,0.4605,6.66320026660704,0.0115550828772859,21025.6630453743
344,0.1465,4.0742893854121,0.0691664368670993,2122.57961479432
345,0.3325,3.31562383215963,0.0159058957445754,7456.7292927751
346,0.306,4.36357978204949,0.00747583495757933,18783.1216850645
347,0.122,5.0549994337874,0.0459969649657515,3869.10562288504
348,0.2795,2.44350481465963,0.018521781613149,4647.36427389489
349,0.2815,2.93594517859019,0.011052119783175,8867.05570970874
350,0.2655,3.25907785648107,0.0114564009444255,9604.46375430274
351,0.338,2.67470871512459,0.0194271600353068,4881.03179358412
352,0.2705,2.79189664441236,0.00882637768769959,10226.9435560878
353,0.275,4.06129480476054,0.00625457311863735,19947.8851307308
354,0.402,3.7066212372184,0.00545601390142058,21645.7129416869
355,0.1795,2.26095752954765,0.0226579000149548,3430.26646419875
356,0.214,4.10192575836233,0.00830040071306125,14858.8545290221
357,0.2055,3.14428406472672,0.00881057203391616,10899.8428613568
358,0.1185,2.47283595800601,0.0206515750073587,3807.43514789742
359,0.1485,4.09982964704856,0.0122878545054622,10224.7933563504
360,0.259,3.25109048419975,0.0107611774928467,9931.53774379729
361,0.1815,3.69147110306835,0.0190949978381487,6588.4443236677
362,0.129,2.2193357514884,0.0672381251570802,1166.64120513348
363,0.4085,4.02966989990231,0.00593177939061207,22337.3675248663
364,0.396,4.80378260412173,0.0184954614845318,9596.88041497313
365,0.155,3.13619625370539,0.0604869437936857,1833.64967921509
366,0.198,3.55846304841635,0.00798020250854265,13316.6834495203
367,0.182,3.48008785339822,0.0308509017368885,3932.5009485669
368,0.1995,2.55760784810052,0.0145971787822953,5878.47312947773
369,0.401,3.44104034200207,0.00427033557228295,24230.1460678783
370,0.2135,4.06985476022789,0.00774272438085897,15844.8502880649
371,0.0685,2.03198695940463,0.0449017627903814,1491.43609055868
372,0.248,2.10743044456732,0.0124262947189355,5597.81828920254
373,0.133,5.11106246671243,0.0212835703315527,7906.52446379341
374,0.2745,4.51779381241981,0.0134021924116725,11719.3041011306
375,0.3485,3.41139489623945,0.0538512119921805,2368.02748362428
376,0.3505,3.53059717073136,0.0134470482082794,9351.3486076387
377,0.1945,3.35382799430944,0.0297491089255094,4079.16955083344
378,0.2045,2.60127772501964,0.0173038979276956,5172.7762544119
379,0.2955,3.78642899410964,0.0608998719653984,2336.02244932568
380,0.3625,4.07802050625689,0.00703427330736034,19144.3404363144
381,0.181,2.90969620504614,0.0117022218156455,7676.08787050662
382,0.262,4.42125436097431,0.00573356650372222,22841.6459061835
383,0.1835,2.52964293150588,0.0162005466944382,5284.69760458035
384,0.398,2.93256393860256,0.00568735848177631,16429.255583533
385,0.278,2.69876687422223,0.0164633221186031,5700.85326615556
386,0.35,3.78752014386595,0.0383878267327207,3551.12058940171
387,0.225,5.12030585664834,0.0109532785472217,15429.3245802298
388,0.311,2.6544609415629,0.0105029039220498,8475.23625215332
389,0.2145,1.73826764129728,0.0365617514157855,1689.40753597095
390,0.1295,2.69314117637842,0.090119380844842,1058.33697983078
391,0.2315,3.61485886165918,0.011834622567082,10116.7704381796
392,0.142,2.17290764890195,0.0807211038447909,988.584634358761
393,0.2875,3.93668133216783,0.00788313976618761,16152.3875170747
394,0.3065,1.86872293876808,0.0266828450824949,2475.24845987729
395,0.182,2.73114148710894,0.0683645249884805,1457.27404317499
396,0.206,2.40158693196224,0.00855928641664442,8519.87205742896
397,0.307,5.04077018886008,0.0287574496609358,6500.58772789921
398,0.2965,3.88575693562785,0.00711989424245419,17325.0141065803
399,0.171,6.02959594103366,0.0352831233601181,6163.40253240942
400,0.122,4.7587180160179,0.0554653588162878,3046.7615768596
401,0.3385,4.78967068476219,0.00759878761260161,20952.8834116891
402,0.293,2.54131892951735,0.00536137911852164,13915.6151210698
403,0.237,3.19270205843767,0.00749287511630991,12992.5651898926
404,0.225,3.23038745083503,0.0205870910455404,5541.20611064653
405,0.2445,2.84326732260543,0.0068922578465472,12225.2389328684
406,0.3205,4.66282715768997,0.019747869255631,8940.13297800066
407,0.3895,2.76326277334273,0.0181468380214704,5499.81604756326
408,0.1495,2.80065600909202,0.0342612634633706,2899.82176280048
409,0.4335,4.62352974415711,0.00663003768081535,23439.0201618815
410,0.201,5.51882582318105,0.0346261535476551,5736.64776941279
411,0.2655,1.82810810488457,0.00645790340953538,8260.5564969502
412,0.233,2.39385555798969,0.0113899376783598,6821.35988144308
413,0.2365,5.9168485820992,0.00855085645085208,21980.915975987
414,0.3365,4.73329118785673,0.0104678620041834,15535.8291801229
415,0.3425,3.41127226133658,0.00992295338363855,11860.723132282
416,0.347,2.16165702851882,0.0112996570514338,6559.36580876105
417,0.286,1.97562562336721,0.008532057996298,7376.04069319335
418,0.2545,4.42225463348481,0.0107967217413229,13744.4919818666
419,0.21,2.36076889523333,0.0640170618670308,1327.24639460877
420,0.1675,1.77905117780323,0.0325932375417613,1939.25430615202
421,0.231,2.70533218258871,0.0617501594814172,1596.35700248609
422,0.2065,1.71809223734005,0.062639461052492,923.565290129436
423,0.379,3.31315326461421,0.011823925231851,9894.81451952388
424,0.1495,3.57619862363582,0.0201839223163764,5810.74270927376
425,0.29,3.20863888908059,0.0143443488839011,7803.92876653093
426,0.322,2.53227439930962,0.00646405522497386,12108.5550646096
427,0.358,3.83524712880285,0.0174464836273644,7849.92594174541
428,0.176,3.87970641092946,0.0108501124877189,11109.0563246328
429,0.302,3.88740642092863,0.0297135308849712,4588.21116606179
430,0.3545,3.20544598824082,0.0118744669880903,9464.04608243864
431,0.3075,3.83069681640954,0.0206034704337123,6514.76393547048
432,0.1745,2.65750420239179,0.0408893275589888,2269.75440567592
433,0.1475,3.18085662522824,0.0507336710692894,2088.98900542081
434,0.0935,6.9418461277288,0.0365412939884359,6411.013537538
435,0.3065,4.06262441401747,0.0091525493397301,14811.7366701217
436,0.2975,6.04666868949616,0.0212621704626359,10713.2060330586
437,0.2515,1.76248083660613,0.0177521278235985,3440.34418143942
438,0.27,4.17110590417031,0.0150413425189329,9576.08456759073
439,0.2355,7.43158517719008,0.0237856714345935,11419.4548173094
440,0.2215,2.81720309552347,0.0106410700173398,8409.9278560058
441,0.2565,4.25108162099813,0.00926628005946581,15041.9071807795
442,0.245,1.74857766933746,0.00620961630118426,8094.02775906212
443,0.188,3.90457444084983,0.0419341502278986,3338.21560096367
444,0.2,2.25755004848948,0.01540048122121,4829.29896960632
445,0.2485,3.63902530935395,0.00759016434932319,14639.7087076172
446,0.3945,3.03132025683735,0.00596106775310799,16529.7206907179
447,0.272,5.00690986289607,0.00615561765305553,24646.5735391385
448,0.2215,3.70808549699666,0.00913427870656199,12782.9880590466
449,0.2045,2.06089667961298,0.029357893408625,2506.69500691606
450,0.3545,2.66856129452115,0.00816296130239516,10747.4800160591
451,0.421,4.33676658137632,0.00783717222581995,18792.4407229212
452,0.401,4.38449611010883,0.00839827873565332,17969.9148087137
453,0.2965,3.11919029440843,0.0145603087872438,7485.55223646479
454,0.26,3.54704442608892,0.00608484641488566,17344.982866464
455,0.359,2.4154692593769,0.00860704803167783,9306.89370243808
456,0.2575,5.05518288640374,0.0157460885423923,11185.1011366414
457,0.1905,2.09930753233209,0.0109979109388706,5835.31636170777
458,0.2015,3.77939541957813,0.0148858432875263,8514.30783677651
459,0.3415,3.99962771290395,0.0132713066191608,10701.0954802128
460,0.3785,3.84339311923409,0.0126366710681935,10770.4753459345
461,0.33,3.17279663099751,0.00610571157386857,16126.3388031293
462,0.1885,3.65005520298971,0.0167406504329358,7254.79821239018
463,0.2995,4.11331846280511,0.0124525151256282,11450.0959479133
464,0.318,1.98500908588082,0.0104053341265346,6413.70900448309
465,0.2085,4.16467397563949,0.0220681030456388,6622.45987686575
466,0.327,2.65208070095345,0.010578824841744,8508.8825673417
467,0.168,3.45044306559362,0.0239705324875319,5000.34996917232
468,0.356,2.57984332092038,0.00654441534548906,12662.6822600056
469,0.4185,3.77288834653308,0.0135094441405176,10061.8208769393
470,0.247,4.46102268763861,0.0108983771638599,13604.9790753067
471,0.1835,3.99727426781233,0.00845618436568658,14111.0172935019
472,0.376,2.93797193143849,0.0103589525810473,9784.40357229917
473,0.348,3.02342156095247,0.0199967885051602,5455.94047867437
474,0.462,8.41753218386382,0.0287754544534844,10791.8413041674
475,0.3005,4.78752079906839,0.00798167341378798,19644.3631320004
476,0.416,5.58594387046859,0.0430733533658626,4761.6625201649
477,0.1575,4.50829319490598,0.0423526519759318,3777.15246402437
478,0.2695,3.03386890431827,0.00716603410935228,12995.2259411991
479,0.195,3.7810223735467,0.00749792712151634,14804.6169138704
480,0.1655,2.11562870168776,0.0203944517019095,3493.59972251569
481,0.165,4.68663194733931,0.0169895507669166,8930.33658331111
482,0.137,4.66852066999985,0.0551883728079128,2962.13246877057
483,0.4115,3.50686449670882,0.0102934785835098,11951.6756882551
484,0.3195,4.01849649461722,0.00909882134718284,14748.597336421
485,0.328,3.50101026385256,0.00687469245248361,16214.1052299113
486,0.2455,5.26050123192399,0.00857936791007642,19424.1139210616
487,0.3265,4.48182380638365,0.0225784781034049,7364.95515715147
488,0.336,2.56447019862807,0.0117282118818535,7583.80381607907
489,0.184,1.92507149937091,0.0171667686338258,3714.84858035726
490,0.453,6.45619901450762,0.00842026491398173,27058.9360211999
491,0.2035,1.47832850379166,0.0179458583598004,2766.04462500316
492,0.168,2.84189148202403,0.0240503786262162,4085.94596561448
493,0.432,4.29385745103107,0.00618273142874321,22973.3767325706
494,0.2885,3.85491855346791,0.00845189552659124,14818.4839664609
495,0.1575,1.992491848015,0.0802181052561127,894.745846946326
496,0.411,3.21237791916722,0.00726058867655673,14884.3539608109
497,0.3315,2.09158426330242,0.00895147284041131,7603.12325274366
498,0.2405,3.11554541305063,0.00728099550951188,12935.6296423704
499,0.2355,2.96171758828127,0.0126505866134327,7788.28469047675
500,0.3225,2.96983917156472,0.00714136550800705,13285.9661063828
501,0.3275,3.10423907420097,0.0069052425205815,14443.1332751751
502,0.281,7.17688346804612,0.0135169767649481,18663.7531018119
503,0.129,2.27101243140337,0.0435905089245847,1793.20125869787
504,0.463,4.42725472761743,0.0342487877674907,4603.09408817377
505,0.2045,3.62726811042729,0.012456046415191,9588.85518461833
506,0.176,2.68500339701273,0.0244819022327531,3767.0485337511
507,0.323,2.83290072020535,0.0139796754108918,7130.68534584395
508,0.281,3.4109905702122,0.0164081473513609,7158.05966094974
509,0.3965,2.82755344849099,0.00548930918939587,16462.8206226717
510,0.092,2.96521457364162,0.0938988666585032,1086.80207903881
511,0.172,1.97011495434833,0.0155829370731838,4184.79358566311
512,0.19,3.29545022468917,0.102213835443578,1156.49883391984
513,0.257,4.29852740589968,0.00906352335863902,15431.5363871091
514,0.2965,3.3545704377746,0.00490144340026023,19894.1155470638
515,0.303,2.63003159057761,0.011733337330068,7568.80482189885
516,0.1425,4.69224298816564,0.0717284457193554,2236.32309684581
517,0.145,5.1409664845796,0.0212150343815496,8070.72010000975
518,0.2455,3.60405398766988,0.0142049022168246,8704.4834831099
519,0.25,2.90164275876139,0.0169759790891121,5882.79633459851
520,0.2565,2.82619243790118,0.0104243862776702,8841.4584814974
521,0.1405,5.14671716190744,0.00695182575696506,19446.7074447276
522,0.273,2.38238283019834,0.00486340859122231,13807.3966342535
523,0.434,4.36174590941723,0.00615718981189123,23570.157513531
524,0.162,4.58084042809803,0.110202281178571,1419.17044550598
525,0.2825,2.91182709759906,0.0199248154894043,5244.35761182781
526,0.1675,3.01406280158665,0.0301621094990371,3577.84032468704
527,0.229,2.66648456513713,0.00942101736159511,9100.78778578186
528,0.236,2.21000766763739,0.0125479012068853,5917.0077058918
529,0.2625,4.30337722399389,0.0528118724972519,2952.92132040853
530,0.2995,2.26809140983658,0.0149606347192026,5282.4683845359
531,0.1005,3.32000778438891,0.0281834240448117,3834.21976354863
532,0.087,3.69504078266771,0.0410453846149106,3049.02893080348
533,0.339,2.75654946566308,0.00869566423209795,10471.3290698126
534,0.432,6.09674215092485,0.00890077762868449,24186.4827387728
535,0.3035,4.93841437888297,0.00864412991848289,18870.1434703488
536,0.305,4.56632634476705,0.0102688875830551,15092.4054963338
537,0.197,3.7133784416281,0.0189500401715762,6751.97949096175
538,0.288,2.94677960434889,0.00555844117396235,15984.2875428489
539,0.3125,2.16024909674933,0.00578378106849725,11380.3172933782
540,0.3935,3.18942674481601,0.00887973813805941,12342.4734234579
541,0.249,3.62791828308501,0.011219880608183,10899.0675712037
542,0.364,4.16817252475285,0.00855285205085755,16638.7659856246
543,0.161,2.20280686661002,0.0154620179136363,4640.39055409634
544,0.1475,3.897130211635,0.0271540816005675,4862.81535040997
545,0.334,2.96762781373176,0.00464126909652916,18840.5409894212
546,0.331,3.53449752834525,0.011954206341229,10259.1718059508
547,0.193,3.99573379573115,0.0272211400445725,5195.32449810554
548,0.173,4.92018299310348,0.0235517054909221,7019.38636048149
549,0.288,2.99464687923246,0.0116363480505293,8731.59805141067
550,0.303,3.64163036708956,0.00913680858113923,13269.9056845005
551,0.161,4.02150144295115,0.0113375884646809,10909.4810514511
552,0.1495,3.60526123545887,0.0666642982219887,1984.31103463883
553,0.328,2.25685801803994,0.0110854956669385,6873.44934563809
554,0.2835,1.85296884197215,0.00765158438573481,7472.10789365429
555,0.3665,4.1552595765477,0.00610258631691894,21893.2926755282
556,0.249,2.07036721351931,0.0105967253761085,6321.43937141339
557,0.194,2.19214907023933,0.0400190687270519,1973.53320234541
558,0.463,6.24515421103128,0.0488955480826822,4236.94753683074
559,0.1815,4.57220594503244,0.112954382114864,1157.29954035605
560,0.249,3.92926448592876,0.0142235567722481,9479.77699047812
561,0.465,7.56381585411465,0.013771223114083,20348.7593467943
562,0.3025,2.18953543029332,0.00712465393560238,9643.67832379065
563,0.256,2.9584340821672,0.0143433335427797,7089.13224352542
564,0.1575,1.64381850090944,0.0244909762563331,2291.16309305234
565,0.397,4.44136101114387,0.010629481503898,14716.0017440517
566,0.306,3.37163885519795,0.0139794218747455,8442.10406042115
567,0.202,1.56082642937749,0.016421678601707,3170.07402592126
568,0.3185,3.97667745454503,0.00875046084351134,14979.7657879814
569,0.3505,2.79054565924959,0.00595719810795509,14737.6854426778
570,0.2285,2.63443370662378,0.0119680916094914,7201.3768685245
571,0.3665,3.16341169918145,0.00696738352327789,14770.13159461
572,0.3895,4.98496189822762,0.007198782260552,23339.3574692782
573,0.348,3.54781609754806,0.00873284776693099,13768.5735554817
574,0.27,4.08341415512386,0.077688352952219,1918.42688069065
575,0.1445,3.6011828142601,0.0245529684468867,5053.9139932184
576,0.211,4.46988091909326,0.010563544302943,13595.5277928841
577,0.3965,2.90536856415022,0.00460014071275739,19189.4998656488
578,0.238,2.11220918919363,0.0115635634311436,5959.54806303605
579,0.275,2.82966171749275,0.00992322967844867,9428.31481365878
580,0.1545,3.51588988840826,0.0266784209242176,4547.4625901653
581,0.1325,3.21812242446482,0.0371502194660957,3071.74422702422
582,0.161,5.10479915022396,0.00720039021052527,19233.19047762
583,0.142,3.76394516452084,0.0164821761696075,7531.44946392001
584,0.1345,3.03246745209762,0.0147560753497022,6266.12266385891
585,0.2665,3.23013445052492,0.0200812873538685,5682.32147312257
586,0.424,3.59927698331382,0.00867955249643491,14490.1384921523
587,0.2755,3.28187231721031,0.056487899169269,2169.90636753236
588,0.203,4.30552866449252,0.0285352496730718,5184.33930931315
589,0.262,5.80747181731782,0.0315835701481848,6830.00041543711
590,0.207,2.64292165833563,0.0135562368438716,6443.41798611046
591,0.237,5.25941388084169,0.0163096200366812,11228.0242724601
592,0.2555,4.21290934486627,0.0055411655742553,22048.3954489779
593,0.1395,2.53891411516365,0.114253367073497,760.322692984368
594,0.2535,2.74952599886124,0.0162755323282895,5801.41779960513
595,0.414,3.47630402771511,0.00642737988721705,17712.2085050068
596,0.1195,5.0295513550236,0.0661858950798716,2575.58837429738
597,0.3125,4.73457539149705,0.0070398806690818,21878.4365984567
598,0.174,2.50880535364894,0.0882972376243272,1039.2959195653
599,0.215,3.52506121872271,0.0323873143918251,4127.34276269376
600,0.275,2.56083229360879,0.0125625316929097,6940.39157243127
601,0.268,3.00433118801334,0.0709103386706679,1488.91813760942
602,0.4615,5.74480229350505,0.0131016493060019,16063.4569168132
603,0.1095,4.32443941421068,0.114770828999728,1188.73343306993
604,0.095,4.11171821055227,0.0766493971178885,1860.70413462248
605,0.359,2.63102956172899,0.00895195685237012,9818.15218122652
606,0.3415,2.42416226695314,0.0399197263898769,2218.52683560932
607,0.1405,3.20580480051987,0.0145727685591405,6801.54074900102
608,0.3825,3.29686121467402,0.00528548982071279,19531.8076287577
609,0.281,2.01638995547564,0.00510886899597325,11106.1823708047
610,0.2195,5.45214926644135,0.0116728845889446,15333.5536721386
611,0.1505,2.93799440036668,0.0263083171825996,3890.52784815293
612,0.3295,2.20012250288526,0.0161041403939431,4776.01791415468
613,0.3015,2.06507814566869,0.0163905764201314,4379.1943780973
614,0.149,3.31493134905482,0.0194256014708781,5669.24744738521
615,0.2955,2.11816757840714,0.00903612539219192,7548.15081227747
616,0.219,2.15000062913466,0.0316297583886865,2439.05586422419
617,0.1505,3.72083118195707,0.0466879218238877,2838.57765033895
618,0.3905,3.53957787996881,0.0200553849937477,6470.22824138899
619,0.166,3.57376395732194,0.129955479262536,862.596409254954
620,0.2045,4.61892240850299,0.0612166296530933,2749.39871892127
621,0.2085,4.08925850848701,0.00662783013926516,17875.3202436651
622,0.2705,5.43132147631761,0.0304222961853242,6466.4770693912
623,0.3665,3.66331836770606,0.012605421404532,10181.3142547788
624,0.41,4.78200239690089,0.0105548150008263,16067.2030498751
625,0.1635,2.32429812594479,0.052414448839473,1580.0142306592
626,0.355,2.84983546560495,0.00718145578281073,12962.9979399475
627,0.2065,2.78616716484325,0.0452716862675759,2225.4158754653
628,0.134,4.81919695777222,0.0179956817634493,8756.41027989704
629,0.2545,3.36144799546649,0.0223839610883592,5206.98241429595
630,0.4385,5.66872199496209,0.00744614374670159,26150.3660307354
631,0.3365,2.66544156022279,0.00558210794603781,14494.3977833763
632,0.2505,2.63867156803384,0.0159266229726774,5699.32609532827
633,0.2975,2.22209182642103,0.00547662237449149,12056.6005025019
634,0.189,2.73149433323835,0.0396840101515603,2452.31271082614
635,0.264,2.37727692582882,0.0150705807598373,5381.27598951282
636,0.1625,2.57841104907105,0.0692214278347638,1333.91016652965
637,0.2545,1.9656304917453,0.00651324844309228,8958.96654941831
638,0.1605,2.76234414320557,0.0320479961859686,3033.97534130106
639,0.345,2.64505487737678,0.00709811561544684,12094.91542414
640,0.163,2.35752922188525,0.0369759138710899,2250.84451603456
641,0.2935,3.84849244622942,0.0237202480322958,5823.88983969768
642,0.3435,2.29698189108182,0.016397240704279,4911.7760010991
643,0.327,2.50352586720507,0.0038360990503137,18192.1476209969
644,0.283,3.9507238675186,0.00881382026765458,14644.0935134502
645,0.2175,4.52995693138237,0.00609794108723341,21204.1686493526
646,0.196,3.75305147849208,0.039918340010766,3383.46443383119
647,0.212,5.24353485149652,0.0147384536500141,11924.7419520265
648,0.183,2.23951498267478,0.0207490686736487,3666.46058296304
649,0.226,4.09164757723753,0.01025387544329,12797.3777985606
650,0.3205,2.22228494015859,0.00531847374421932,12355.3897267663
651,0.4455,5.04557449110985,0.0112091411081394,16290.4344292313
652,0.0995,4.91546544883904,0.0193613898849657,7706.81517893237
653,0.3095,3.44317536954173,0.0110608791660589,10785.0193136285
654,0.2475,3.16445194027718,0.00531917166068121,17074.5332220703
655,0.418,5.44754390919462,0.00785932056497116,23875.0738436165
656,0.39,4.3887518280058,0.0132789905997924,11782.145282318
657,0.298,2.99878164726968,0.0550303099647508,2030.45548447457
658,0.1875,5.2978883462198,0.0268520503907283,6922.21904096539
659,0.253,5.24231606845807,0.0558227512768208,3389.83842677757
660,0.1105,2.20664660699863,0.05231364344103,1519.28898247579
661,0.1115,4.39143162784666,0.0956666357391444,1641.06751175232
662,0.384,2.86813799982348,0.00759840318136164,12546.4766767633
663,0.159,2.37897799432092,0.0373876978353055,2300.61676409393
664,0.1685,3.43477073890224,0.0425752915016557,2943.05725282831
665,0.249,2.00630813290386,0.0177553803970423,3840.68401348834
666,0.357,3.55715221297961,0.0133724359319007,9412.27347158461
667,0.2675,3.49885935860348,0.00662281927550824,15909.1143867925
668,0.2345,5.07812440631208,0.00748276469960391,20857.8643106214
669,0.3445,5.30986620129218,0.00717048977467258,24520.7065605572
670,0.242,4.8230260028452,0.0140133974842608,11785.2138891658
671,0.211,3.56828741149217,0.00739870814410884,14144.13920778
672,0.4655,7.96417229429624,0.0237471536014601,12448.7268998803
673,0.1945,4.67431317682575,0.107707309566397,1367.55390620968
674,0.2835,3.595028496253,0.00452919956362922,22455.6579719861
675,0.419,3.90569965518934,0.0185141647346997,7706.95490135737
676,0.2875,2.99856562881337,0.00500036653949575,17224.6379262785
677,0.3915,3.00052772720324,0.00872148189656737,11793.8775534727
678,0.2725,3.92226211831624,0.00616010539535315,19454.424146547
679,0.2165,3.92796991218295,0.00725212970707052,16268.8047448839
680,0.24,3.07050038391652,0.011085610864445,9210.2461469033
681,0.36,2.61894154517629,0.00974647847590243,9131.17743885663
682,0.205,3.57844140405652,0.0153108745125407,7893.43530812563
683,0.2,2.90577266427243,0.0244653040791248,4178.19108945734
684,0.138,4.05152416678399,0.0494511446395222,2972.24429988795
685,0.1435,3.32158937833828,0.025416084863316,4496.69367714209
686,0.294,2.14652981173825,0.00725443656758606,9205.23374788393
687,0.3975,3.95435761912289,0.019380609911449,7322.86096405728
688,0.2725,4.96718908361114,0.00748671523145254,20909.1712603538
689,0.443,4.15619672908426,0.0120734681454433,12276.496499044
690,0.3045,5.22763701033958,0.015585060148532,11897.0949962316
691,0.192,2.51541489650075,0.0252870051668176,3510.87048243457
692,0.319,3.18006456260457,0.0141363777063041,7934.75854591466
693,0.2725,4.331581126314,0.0130572101268125,11525.8549794538
694,0.217,3.31152184596038,0.00998244636303237,10572.0453704693
695,0.344,2.30893962335397,0.00745937259388795,10020.8642871237
696,0.3035,4.32869803486971,0.0163101888166747,9448.41438067979
697,0.0805,1.91358555315461,0.0797653281458053,804.110065456463
698,0.16,3.23328893789941,0.0162784829864436,6536.3446803529
699,0.227,2.90588894639624,0.0262595236408487,3867.83715775278
700,0.12,6.56636203232761,0.029551879555061,7699.78694563831
701,0.303,2.41367241815393,0.0111522154527148,7319.38681882979
702,0.1715,3.66411736201848,0.0643647990349652,2050.55630571474
703,0.3085,2.27001814248044,0.0148961032247341,5234.31069271717
704,0.2265,3.93136198477269,0.0136150661158963,9651.67033905162
705,0.288,4.64181271088599,0.00607279350112492,23336.400555527
706,0.252,2.99263835001821,0.0093817813833318,10268.7503255241
707,0.207,3.24478202793065,0.0133395656646573,8236.80767498516
708,0.175,2.48696580913579,0.0643471805266366,1402.43756429895
709,0.2985,3.3128896167141,0.012906274581799,8753.0932164249
710,0.198,3.8886513163047,0.0420381384007326,3236.19513316016
711,0.173,3.92604188211289,0.0137156528519072,9270.38031095873
712,0.1265,5.62020923981302,0.129149925500875,1262.83600198471
713,0.3005,4.23967452538299,0.006872601450687,19554.1714858307
714,0.2005,3.07819578111351,0.0125759372392839,7843.1599756955
715,0.288,3.10614457132115,0.0111778799781755,9301.02973245046
716,0.1165,2.83230512976723,0.0148626464329847,5822.39350308369
717,0.2685,3.71230662324839,0.00747005087870592,15658.3449812065
718,0.262,2.49783980828998,0.0173502466249735,5016.29198646285
719,0.284,5.03917355367506,0.00882527175396605,18911.8383910645
720,0.4585,7.78435757234888,0.0211560689762745,13542.8048997796
721,0.2475,2.41583197436207,0.00946723828145929,8217.72079990748
722,0.1475,4.11476125570329,0.0142993678920118,9022.35082791731
723,0.222,3.28986371869995,0.00977978496442406,10816.8950822396
724,0.372,4.85859511825114,0.0146765660897546,11892.6544348756
725,0.2635,3.28480713967408,0.00403233553296322,21483.6100798222
726,0.1695,2.35133961472417,0.087287548484156,938.022403536539
727,0.243,3.73979988355551,0.00920400711712278,13021.5547209014
728,0.3235,3.04359782633065,0.0107836647277614,9645.02836758361
729,0.1445,2.66231763097741,0.0379714907033429,2452.97851892957
730,0.279,4.4693751875351,0.00635168391502145,21295.1292629656
731,0.269,2.2850870618407,0.0204735230272884,3922.45093253429
732,0.3565,4.44578008541382,0.006567828008179,21728.6031293679
733,0.3035,2.16857123164143,0.00391722693142743,14980.6948498092
734,0.2795,2.14492936061301,0.014682513064904,5012.88122377664
735,0.087,3.74649912641158,0.0293234630553732,4191.63512974828
736,0.198,1.81483747584102,0.0439248237136618,1460.7842247198
737,0.23,5.33816773066741,0.0261751264241299,7344.34789536958
738,0.2735,4.84483067507082,0.0210408073832717,8039.19015995417
739,0.443,4.32280653941181,0.0156328380769265,10130.0386146655
740,0.3415,3.76800992386947,0.00972965546759356,13312.8914511665
741,0.3385,3.11106619034635,0.0233267482611436,4792.20980147675
742,0.2025,2.99779624680691,0.025036149827554,4232.74045868885
743,0.4,4.1063146945843,0.00963687814151322,14903.8230718248
744,0.3375,2.53081388281852,0.00991447812434672,8563.537495942
745,0.4315,5.70767478187423,0.00643468868115805,29885.5234808357
746,0.19,3.23206823294234,0.0196121841355269,5643.43532360788
747,0.216,4.06224732113453,0.0663923711375079,2246.95412287316
748,0.2245,3.63116984544554,0.00736784823023082,14927.6072147473
749,0.368,3.3135454196773,0.0201716051175994,5950.91031759336
750,0.3235,2.89408105676085,0.0182529828633866,5693.37187323322
751,0.297,2.77260518237488,0.022824996039971,4423.73504440949
752,0.316,4.04040690520684,0.00615623896183269,20663.0178383515
753,0.3115,2.18087018204427,0.0113260102367801,6595.4773260505
754,0.411,3.03416842523221,0.0123209752341307,8839.39115575567
755,0.211,3.58903638428383,0.00986621654121095,11446.6542286152
756,0.257,3.03299721741003,0.0129330395254555,7984.27670176956
757,0.186,3.75617568269095,0.0348284206904373,3968.95928378983
758,0.2675,2.59527099318417,0.00610973914217786,12594.0259849726
759,0.318,3.29933036309065,0.00995135283798886,11063.4531927001
760,0.289,2.06991592092185,0.00443181684738378,12784.6315629321
761,0.334,6.5157032735529,0.0829277899529085,2533.04893547999
762,0.314,4.09951427663775,0.0159032080147523,9118.46913897995
763,0.184,2.40754511013397,0.0239931705990129,3548.23642440764
764,0.1005,2.88995600574735,0.0990926990081024,1026.14593297659
765,0.139,4.25782371813399,0.0231359391257703,6152.6120855615
766,0.236,4.17021043427302,0.00649616815277409,18983.5302362835
767,0.2825,2.12915875001236,0.0144583089524232,5035.89817221646
768,0.0975,6.15059584959997,0.0544284024725302,3997.48671587351
769,0.1595,3.93372886314936,0.0178688085304107,7231.96413990952
770,0.41,2.86968078121025,0.00622729942648099,14965.1944658661
771,0.4455,6.11920365777269,0.00795787950609028,26817.8708908426
772,0.3215,2.02136052393354,0.0117768242243368,5850.10256964118
773,0.1615,1.49340275041298,0.0185486916007132,2624.08210912347
774,0.2915,3.70681438113933,0.00432803894186513,24234.2447440199
775,0.081,2.70288412684183,0.0589820545386069,1570.14076847491
776,0.257,2.10219187841976,0.0136152957729754,5222.63718422936
777,0.24,1.99149058202501,0.0137736675885573,4769.88543158598
778,0.2305,2.93832868614358,0.0068469517054097,12583.4650346449
779,0.2355,4.48880611636391,0.0143268881646763,10580.803845987
780,0.223,5.22443319179232,0.0271325839229485,6914.85744436024
781,0.2995,2.23935508775437,0.00998267232575488,7474.54292743894
782,0.2485,3.03541994460362,0.0162164163175027,6396.81565721437
783,0.2435,1.67199317552329,0.0173637017892397,3303.59660413696
784,0.2545,4.06306518710824,0.0157943746575718,8994.1051533506
785,0.41,4.43408318720062,0.0142536924143993,11164.8797699642
786,0.341,2.94477953880429,0.0112854117781149,8962.48764065254
787,0.3645,3.43457463003478,0.00738668119716184,15495.0183056982
788,0.3825,3.1113142808527,0.00969892912044278,11034.6465046146
789,0.3435,2.30173018090835,0.0320221598005466,2622.03394006686
790,0.1255,6.17238932285323,0.010640602943161,16611.6257402118
791,0.2365,4.5565420288325,0.0206693279403708,7794.84989971459
792,0.454,6.50563327403825,0.01203230576621,19709.8170158456
793,0.1645,3.74869904981415,0.0197506774676375,6445.57412717314
794,0.327,2.23710187243326,0.0087075905705649,8533.0663813076
795,0.367,3.67127192409811,0.0123074525091651,10555.807497342
796,0.227,3.16547115332417,0.0126102972451679,8326.40464831918
797,0.212,4.9947249312494,0.011527350878953,14215.9740844775
798,0.439,4.99084775586923,0.00695302619026251,24502.3366767405
799,0.379,2.85443448292074,0.00601622915276759,15289.7806771587
800,0.2605,3.90473265621348,0.0134720331877924,9948.79111585017
801,0.285,2.94404964996762,0.0550088964675651,1945.02914540552
802,0.367,3.14106565970108,0.00724692771199801,14146.6760253787
803,0.303,3.12088148897205,0.00467925645184236,19209.8747532463
804,0.4075,3.60516471322543,0.0209799099246111,6326.38923401166
805,0.155,1.90055181116115,0.0160733980814403,3667.25322065678
806,0.251,3.05056857570538,0.0108399720026176,9170.57004078979
807,0.092,5.63336187766373,0.0275180420046371,6725.57761619224
808,0.145,3.49191368942435,0.0411102010838801,2987.01887055961
809,0.273,5.13734501416684,0.00617015381439781,25363.6153183671
810,0.1435,4.1196462093584,0.0125029511374527,10063.4892782129
811,0.181,6.11731786877585,0.0939816506245622,1893.86733990807
812,0.3045,2.44474756815386,0.00593104702525773,12566.3581237088
813,0.2885,3.24547069020504,0.0158781281462057,7132.0628944278
814,0.349,3.28762583971145,0.0073490020331371,14830.7617092681
815,0.1255,5.14818791855511,0.0225840751006364,7393.20397898841
816,0.332,4.10299740096509,0.0124380467373225,11429.4494417113
817,0.331,2.19706050615394,0.0166928252399125,4647.87417709535
818,0.2345,3.2595376029564,0.0352154771611998,3420.09923765515
819,0.3105,3.21768221113773,0.0133745623044854,8313.41719332288
820,0.234,2.66493751808737,0.0122433356065227,7252.98562607271
821,0.2715,3.21765274851741,0.0164667460079732,6795.4778011188
822,0.2995,2.42622543686571,0.0132157542416758,6256.80581563617
823,0.208,4.5925761984499,0.0232570826743746,6955.64488130155
824,0.15,3.16360730788355,0.0138167407448401,7188.49261083744
825,0.1095,2.18027068745688,0.046824262327935,1598.43201944513
826,0.098,3.01832425721999,0.0619770069576902,1738.94004507042
827,0.1675,3.41868453127023,0.0132908119060216,8149.06954293286
828,0.168,1.97913234008012,0.0151347343792064,4196.36194977427
829,0.2855,3.22044975151915,0.019698919197837,5850.94710116046
830,0.1725,4.13677585492192,0.0853221665804277,1764.32766389373
831,0.1775,4.59104088444528,0.0175004681424824,8740.71272184159
832,0.1935,2.12294488679394,0.0149098459556314,4673.86008517681
833,0.302,3.72952799305835,0.00684828573440675,17195.6700224613
834,0.275,3.3038296440908,0.0139527550122554,8116.12567921154
835,0.134,2.76104800778427,0.0928957061708826,1028.47039574672
836,0.2905,3.95450798591324,0.0214700733865351,6691.4604504075
837,0.231,4.06365537367627,0.0686586084027811,2193.07933008707
838,0.3325,4.62451216870199,0.0463557920505823,3599.97033173721
839,0.4595,6.08920498800308,0.0181429067070043,12510.7601643381
840,0.2235,3.88197686342861,0.0451549424466689,3150.50419207619
841,0.237,5.18942372417476,0.0355072666084137,5382.15837699511
842,0.3315,4.98577600611406,0.0524946185939672,3530.9832902883
843,0.1405,5.60254804284215,0.011263703691293,15027.0874732861
844,0.2545,3.67483927575956,0.0154150489665196,8191.48880372878
845,0.146,4.41079677915206,0.0235076128415664,6404.84922340306
846,0.29,4.52854795044748,0.00654105330711382,21574.2235906648
847,0.273,5.33368979704337,0.0394789850204024,5112.96598943965
848,0.41,4.45701777519257,0.0676830066316319,2421.11048074576
849,0.1445,3.82474887843598,0.0415213633176105,3303.92628520315
850,0.088,6.14369201291604,0.0328364840959354,6210.60977288369
851,0.2865,3.9248629911044,0.0107697689483206,12315.4214149741
852,0.2835,1.85567672470976,0.0176401443872361,3641.20051011489
853,0.1245,4.26006725027708,0.0177212507269997,7498.88616404367
854,0.39,4.48537039399446,0.0157800538255666,10226.3778320808
855,0.178,2.48551077630516,0.0199796919960779,4301.26776068586
856,0.352,3.44493350817248,0.00811706127458053,14287.5533349386
857,0.3295,3.49258785838383,0.0101512311030954,11811.0571488748
858,0.244,2.4663537187283,0.00879402646114315,8836.12143513935
859,0.123,4.72678126283211,0.0235788068852911,6774.95131629554
860,0.3735,3.44524534166153,0.0131857801928537,9382.94026077778
861,0.1195,4.67894203739105,0.0987463440238177,1614.49775237407
862,0.1565,6.09884494923556,0.042711525117007,5070.54940255605
863,0.328,2.97392975310843,0.0095703666637211,10497.1610789846
864,0.241,2.3730368157695,0.0087161794277784,8531.02309263177
865,0.2255,2.59492713607037,0.0388153367459396,2317.8446704592
866,0.203,5.54682833260809,0.0325617461368172,6208.73145950461
867,0.3485,4.78290312110887,0.00794747144441539,20379.2622527239
868,0.3205,2.52542903337985,0.00888774894658634,9487.91397562309
869,0.3315,4.38163563784327,0.0116180065921821,13075.7687295919
870,0.1915,2.47766166580828,0.00965289020217145,7802.72828211782
871,0.19,3.87060924210211,0.011772253123582,10619.3262579891
872,0.2565,4.24431588744492,0.00718719313094144,18277.6865619763
873,0.1585,4.85302121775546,0.0272291897443148,6411.84532134439
874,0.4615,4.49556899746443,0.0135427486288241,12049.9640506269
875,0.18,3.2043244430847,0.0651525057348936,1811.61139039551
876,0.2145,4.4185134208601,0.0242228052693006,6267.68123114177
877,0.1805,4.30111674867765,0.0341719318685567,4447.48729147084
878,0.352,4.90341161332525,0.00632894561335414,25223.188610093
879,0.2225,3.88474375582791,0.034291692776364,3989.90662483099
880,0.2325,2.45826037169682,0.0126080610608041,6501.5586437701
881,0.118,2.9951757673434,0.0193767584274907,4986.38766897383
882,0.247,3.88495049053124,0.0075822409014968,15847.4149217288
883,0.2705,4.15631401753007,0.00821453486112463,16382.7171989344
884,0.371,2.26470086037974,0.0357698932967054,2360.04565921735
885,0.3175,3.95409096127184,0.0158573749457492,9050.18308530732
886,0.3075,5.24052909659694,0.0138417789924,13245.6872862308
887,0.0995,3.38176051090883,0.0533938763107646,2272.76963588002
888,0.301,3.10179143016338,0.0886188504191148,1258.03365269168
889,0.2425,4.8705895248241,0.0272511637253692,6561.75518876864
890,0.219,4.01021229459257,0.0184450324340766,7535.89885896839
891,0.228,3.13962869485325,0.0105897314750566,9621.69174430091
892,0.24,3.97381561274799,0.0694672358385509,2093.29686437132
893,0.3335,2.79225974537273,0.0226663918001499,4343.15838329842
894,0.4035,3.63731400383018,0.00909032082207745,13881.7379226035
895,0.32,3.20951358439869,0.00601405644828825,16587.9045379169
896,0.1035,2.09179680018262,0.0326579334810114,2194.37384260895
897,0.2075,3.49775162979364,0.00979062074894445,11371.9570442178
898,0.3285,4.47536086841994,0.00792567572883267,18710.7085502019
899,0.445,4.18913677118104,0.011470318318039,13058.5507818173
900,0.2765,3.3923869952674,0.00549081959572506,18566.136962019
901,0.198,5.46630853608784,0.0745775130107108,2687.94210552392
902,0.314,2.38947164034329,0.0129086370089639,6330.45242601011
903,0.1415,2.2982772444076,0.0800625752507325,934.069030172692
904,0.434,4.78639029688903,0.0130548857993989,13296.5226996137
905,0.2295,3.74801395678979,0.00993950265835006,11979.0687777
906,0.2535,4.98816661568075,0.0225544980512044,7949.82173022725
907,0.336,2.73890097486523,0.00617786709796446,13726.8951556526
908,0.3085,2.77642974516734,0.00888297630839772,10336.0322451285
909,0.363,5.40115962872679,0.0272596751555222,7408.70794871882
910,0.3705,3.47805413100955,0.00486295312813314,22084.3278792629
911,0.2865,3.53610463733396,0.0205022865930854,6160.52333652799
912,0.357,4.38944290812317,0.00989943199437739,15253.4538117184
913,0.1495,3.2869061906677,0.0229991651234033,4718.82196298785
914,0.343,3.20397592221905,0.00674363690906631,15231.3827775361
915,0.2255,4.91520866692489,0.0205266621668425,8428.31634588866
916,0.247,2.51117361702392,0.00809049090832321,9481.04255319149
917,0.285,2.26842265181426,0.00819447656822869,8745.04364130418
918,0.2955,2.8441103820779,0.0451665546927865,2309.65512142259
919,0.188,3.77675744544504,0.00914459186499237,12474.8872539603
920,0.1935,2.97196899466448,0.00889013049293445,10006.6802821463
921,0.228,2.84717346070352,0.00557560014748952,14268.2850881582
922,0.3715,4.5572680021612,0.0112938053538434,14309.2644622869
923,0.19,5.53854984157467,0.0154060935320436,12057.0696332916
924,0.3185,5.02104795381553,0.00621864967247945,25344.0638543113
925,0.3865,4.22006378444309,0.00765693385739563,18642.3741538703
926,0.258,2.2249454083311,0.0406464520141953,2001.1387277357
927,0.373,3.03824305319498,0.0114662091316174,9233.36622621797
928,0.22,1.83657089193179,0.0157729425834937,3862.19761863224
929,0.383,3.59451931167073,0.0101345129108884,12341.1595358498
930,0.2565,3.87626147195059,0.00581540628955884,19522.0539049692
931,0.2645,3.31277778392311,0.0122294407948991,9208.0861067496
932,0.175,2.59258148965516,0.0254808816148094,3471.61157681517
933,0.3495,3.40440679476425,0.0157367491087631,7716.33681454895
934,0.222,3.27058436382194,0.00937769166420473,10994.1240963644
935,0.123,2.75533461508709,0.0263273038514912,3424.7325464926
936,0.358,2.49359370133456,0.00677037527842447,11988.9831604257
937,0.12,4.78724556332675,0.0243900701322407,6390.85958231534
938,0.2055,4.45934114949727,0.0116026892039841,12444.6243242322
939,0.2825,2.04508677017812,0.0069263892109368,9059.45530969176
940,0.3565,6.78674657044601,0.0134139601614758,18378.5150169488
941,0.312,3.55154391221807,0.0169831828936588,7478.260956234
942,0.3035,4.37350299327736,0.00662346759666621,20967.6977596833
943,0.1265,4.60471891463087,0.0465952230161193,3541.77647462608
944,0.235,1.89309678849155,0.0121402072668221,5093.56435577778
945,0.127,3.95417422586051,0.114180486385508,1227.27250375356
946,0.1845,4.27540765161453,0.0108301486569439,12600.7634208204
947,0.3095,2.91122905162229,0.0141571994889501,7237.5293953841
948,0.3345,3.60718437122957,0.0148223037548527,8590.63605391678
949,0.254,5.04141786316997,0.00718418445250786,21917.1849592021
950,0.3915,3.92810124452208,0.00815319137671992,16505.3970002232
951,0.28,4.1980625507828,0.00908653513879058,15108.5926400334
952,0.417,5.45674708557749,0.00721612476176824,25589.3210649106
953,0.3915,3.21134577291364,0.0247261871957,4767.74698858471
954,0.425,3.6840369516517,0.0104936324117163,12464.6923207419
955,0.435,3.96976679696599,0.00940395499941138,14854.9436680021
956,0.2065,3.37835282485955,0.00886854391295046,11726.2400884902
957,0.4255,7.86000071752841,0.0134922536790937,21358.0326533824
958,0.3065,4.7999836267434,0.00715195010761474,21739.0795472352
959,0.207,3.03555467065473,0.0152597635236763,6687.95084458824
960,0.2,1.91940497524762,0.0184084355398005,3559.02744413775
961,0.2415,2.23754283472692,0.00746258259921155,9025.91163752499
962,0.18,2.38171091583067,0.106403915442154,740.270708766425
963,0.1745,2.3050360301034,0.041510682184454,1976.32533968411
964,0.2745,1.84806768140827,0.0291352535005159,2297.7566377742
965,0.182,3.63694509207507,0.0114461820524955,10154.709568089
966,0.266,4.16781597453809,0.00993162364617176,13963.4240495539
967,0.189,3.67884265466732,0.00929096694943359,12099.8178607341
968,0.2045,1.61260834907245,0.0151798019123857,3529.33827069061
969,0.243,3.55742810822669,0.00495382117123467,19854.4627928202
970,0.446,5.64884816611685,0.0157909341258306,13306.4731075266
971,0.2895,3.23769166446015,0.0340361277756712,3536.38835503611
972,0.0815,2.15045499709703,0.0527144172521808,1335.5778562486
973,0.163,3.26155131813011,0.0522958915906287,2259.70711343412
974,0.2955,3.78601355625789,0.00811906891431812,15237.4522737727
975,0.2625,1.71627946235504,0.00605812070560146,8259.06022675142
976,0.264,1.84322907941882,0.00665430408392826,8269.12840700013
977,0.348,3.96259292787808,0.0081960085000734,16189.7027101926
978,0.2505,4.94905811197716,0.0248798021983482,7296.0891212622
979,0.286,3.95622471208577,0.0125920232311552,10899.1773139648
980,0.2535,3.26250463475657,0.0249785939207841,4686.61209852773
981,0.2555,3.14183638459637,0.0106439419884552,9755.81473782779
982,0.24,2.95772497048481,0.0158649057128683,6383.08467781255
983,0.1545,4.68857302528713,0.0155000994963946,9847.55775092651
984,0.2875,2.51566333086955,0.0058842741140063,12855.9697466194
985,0.4195,4.30947010287921,0.0128870356710649,12067.6128425139
986,0.104,2.46513891677809,0.0391124598704088,2097.6267924226
987,0.2165,5.8103161264566,0.0250190548530572,8295.82924736252
988,0.263,1.61980898168634,0.0143843183532674,3790.51280403917
989,0.451,4.81368608294361,0.0116558696836494,14802.9443079968
990,0.3205,2.08703166405783,0.0130305964219134,5536.54821671005
991,0.171,1.37123081283467,0.02380112034506,1967.13923830433
992,0.3135,3.03692006747258,0.0102057535364335,10059.5784134432
993,0.192,4.90119833730466,0.00868666354310346,16964.4143116178
994,0.244,2.08207378542207,0.0415870715186456,1744.68033060637
995,0.1805,3.8466647198753,0.00954575992510547,12277.52711948
996,0.3165,3.56557592315886,0.00606501561444106,18199.4456247189
997,0.2835,2.80845444843281,0.00877284701344022,10432.6130064015
998,0.2865,3.4076438560451,0.0101084107543076,11116.4486624879
999,0.1205,2.26960970221417,0.081766342701021,954.843152745063
1000,0.1615,2.44978459112555,0.0669784262954481,1327.31276004136
1001,0.403,5.39046102743828,0.0154422022197506,12719.5992844365
1002,0.128,4.15442570443977,0.056095384096247,2648.65678179193
1003,0.2085,2.62537048830936,0.0132356770855656,6535.67702391674
1004,0.276,2.60866269787905,0.0200882088394531,4630.22395001711
1005,0.3385,3.08046097340905,0.00457009377118476,19956.7889763618
1006,0.3185,3.51547287596374,0.0494402831102545,2678.95893946045
1007,0.145,2.08536988423648,0.0758170991440077,959.270712567304
1008,0.335,2.31962906832769,0.011851050257347,6762.66436098785
1009,0.2975,3.24011317455677,0.00541547392402572,17971.2126801935
1010,0.1325,2.86887566178769,0.0630431865981841,1619.29158513014
1011,0.199,3.63770675853877,0.0270699679665499,4611.0730552608
1012,0.353,4.34219158653503,0.00867879458308954,16966.4377920141
1013,0.218,2.6094096192092,0.0182533525037554,4931.990334142
1014,0.2005,4.45436906888421,0.0110378059644183,12801.3566434348
1015,0.3305,4.86785219247175,0.0642190213681683,2787.48888643798
1016,0.173,3.87425639446132,0.0100345450166006,11755.4287866728
1017,0.1965,3.71098299834397,0.0142748669667489,8589.24153612475
1018,0.2335,2.80927082355942,0.0250319172362093,3974.87913229182
1019,0.3245,2.16463787909599,0.00633918152373897,10648.5881404725
1020,0.3025,3.62511060643045,0.00846369478360033,14065.078215804
1021,0.266,1.9172021105373,0.0237566484879697,2830.32777358364
1022,0.1375,2.60368096937179,0.0215195908445826,3988.09704923514
1023,0.1605,4.40740126154199,0.00953815094598859,13564.2507901057
1024,0.2355,2.46714546447313,0.0619002347622456,1476.52261398004
1025,0.2325,3.37893494544191,0.00747424149594755,13878.7840271438
1026,0.3015,3.00738292006164,0.0149370684468174,7028.79805018548
1027,0.2245,3.28871629494835,0.00829435173845339,12261.2796091821
1028,0.0895,2.15106213543314,0.0645958165973597,1136.8613306953
1029,0.2855,3.00244162369695,0.00875319442207069,11176.6797123363
1030,0.2785,2.90952504488242,0.0271469127536492,3789.27317024086
1031,0.2735,4.18893307255911,0.0101695243547324,13759.3072837097
1032,0.2915,2.74534903344904,0.00996482292625431,9138.50098231827
1033,0.2445,3.71160986358451,0.0088407337027499,13177.6593380374
1034,0.1605,4.76953949144991,0.0739332662255274,2324.30024300873
1035,0.438,5.15481670345668,0.0137769786688164,13692.329410824
1036,0.4235,4.41944419917304,0.0163363680907173,9879.44462713387
1037,0.1755,5.59006354604274,0.0159667996121133,11503.5125249691
1038,0.184,4.22666040443774,0.00847135225364517,14916.62612454
1039,0.2945,3.37608761246751,0.0190018874019044,6357.14889668644
1040,0.312,2.80947151043963,0.0296184078260562,3329.68260505797
1041,0.28,3.91346320259096,0.00715549107577091,17443.6201706054
1042,0.1965,3.37479603564312,0.0100019280018827,10439.1897001369
1043,0.438,4.7177582733985,0.0136698014586506,12537.7996136704
1044,0.423,3.79313109222898,0.00812939721286647,16164.6408746318
1045,0.265,1.66842368354493,0.0166929840979374,3443.46360818351
1046,0.3685,4.75801876159027,0.0112581906754646,14830.6990945382
1047,0.1355,2.99688925246764,0.0724611152105167,1479.98459063956
1048,0.2035,3.33078792450312,0.00629262230753874,14827.9728658204
1049,0.2585,2.4019580988976,0.0332562811679079,2629.63052860927
1050,0.2245,3.22136564982735,0.0741766768972602,1475.45539124844
1051,0.3745,2.92818901194265,0.00449463553284954,19524.1780031953
1052,0.441,5.98548940164421,0.0166043749138489,13350.9305720992
1053,0.202,3.37211567800922,0.0528971587488935,2327.59567869746
1054,0.1965,4.60249448902837,0.0489652268848786,3212.73775928692
1055,0.222,2.86255566058108,0.0319696507225557,3300.52400362478
1056,0.327,3.58824875240335,0.01255374199341,10054.3974637708
1057,0.266,6.81138479028926,0.0289686368655447,8352.81678962124
1058,0.363,2.64361086515564,0.0149274437347778,6324.68728856233
1059,0.283,6.42792146352883,0.0237613257122597,9449.16467305936
1060,0.15,3.5634436442739,0.0290627525894194,4185.68019393893
1061,0.132,5.08426800548265,0.0193842758950531,8610.42661654414
1062,0.198,3.42414970190538,0.0249472510703695,4905.17708244662
1063,0.203,7.06469779590609,0.0436304615420635,5799.34940035904
1064,0.24,3.21640828318534,0.0142651467110344,7557.65574162928
1065,0.3735,3.89189484066091,0.00535363010738345,23046.6271057631
1066,0.3855,3.51129941149827,0.00605017926371686,18801.209700428
1067,0.2505,3.37967271722508,0.0139027654510567,8394.17312459622
1068,0.242,5.52501829655205,0.0428221282068156,4638.41249140538
1069,0.376,4.27130105217939,0.00843520188345482,17450.9064405419
1070,0.306,2.96265509912897,0.0186274980913886,5623.78789524839
1071,0.287,4.03813552666884,0.0134332404643115,10251.2558607175
1072,0.36,7.22805422585836,0.0119513338310717,21506.5129283115
1073,0.21,3.64298382113281,0.0342811530390828,3667.95553550647
1074,0.2775,2.58572116781328,0.0176757973284966,5082.8579317613
1075,0.3465,2.6405620842498,0.0129280651139293,7176.65681818182
1076,0.213,1.66440423116878,0.021691697998157,2698.87219559124
1077,0.448,5.17385592236234,0.0138497560110896,13671.3939830156
1078,0.134,4.99913837126228,0.0266790458619804,6377.6554492602
1079,0.329,2.72045208719723,0.0111770661468706,8332.15016304648
1080,0.2265,3.43126172165476,0.0119831803515774,9485.13892117988
1081,0.1415,3.80106823797567,0.0197952687390721,6258.5649479098
1082,0.425,3.82886946138397,0.108498984204305,1255.81138898271
1083,0.378,3.79088682095519,0.00640989558603212,19517.6921113367
1084,0.2295,4.39553370093409,0.0193248515697912,8000.45224396112
1085,0.131,2.36714088857791,0.0415772241834558,1974.46002863086
1086,0.1505,3.11490030068355,0.0156672309001498,6398.05342938444
1087,0.158,1.44589750895344,0.0165919105245223,2803.98914008846
1088,0.2905,3.30581026676855,0.0126227471910783,9064.81390546471
1089,0.422,4.61761861367324,0.0108847339176554,15155.2204375679
1090,0.3725,3.56188296713745,0.0106175889549849,11753.7219382746
1091,0.422,3.50113992464165,0.0201159971962836,6321.6735553129
1092,0.264,1.78687467501133,0.00444051860495557,10843.8369777329
1093,0.258,3.68735380722505,0.012037562792123,10495.6526012149
1094,0.2275,1.64286148877341,0.014754097990137,3719.07295490753
1095,0.343,3.08394934995537,0.0076182779873059,13266.5016958682
1096,0.26,3.39226955039538,0.0421374508016903,2989.3535196145
1097,0.141,3.52615019351327,0.0200694830620596,5633.91919825017
1098,0.2345,1.83078468222171,0.0105995765131396,5499.47095036552
1099,0.213,5.63635779853045,0.0768685822912695,2721.98714141027
1100,0.157,3.63027538183934,0.017809334169751,6717.50587276979
1101,0.3345,4.6032547007299,0.0398111716823588,4274.97150966319
1102,0.202,3.00041976550536,0.00936022454116316,9929.12914527431
1103,0.238,2.86349777314777,0.0128663890260661,7494.73490695984
1104,0.248,1.82107386540583,0.00517728452184946,9514.30231536898
1105,0.147,3.15401751143085,0.0375856886934715,2858.02426225721
1106,0.292,3.30709364369141,0.00616752609992957,16492.5295667172
1107,0.4195,3.96110686834765,0.0187451839368562,7819.67721268049
1108,0.349,4.25150175816223,0.00786559529820108,17872.6950265418
1109,0.465,9.41275226939745,0.0137911527925395,25254.5794799556
1110,0.2175,5.86787011570168,0.0202092531230172,10126.1273115003
1111,0.4135,4.32991547140543,0.0066347333386239,21929.8333112975
1112,0.29,2.791162427897,0.00800683106128866,11190.7912390551
1113,0.1595,4.39265633326278,0.012552849035283,10905.3032031755
1114,0.2965,3.94328150935246,0.00658508598763078,18726.0493859717
1115,0.2005,1.59664689051886,0.0147686489116629,3525.8416061362
1116,0.3675,3.5596440213017,0.00931960358135552,13181.0679381082
1117,0.2285,2.50366935121601,0.0100492604872272,7848.01261946738
1118,0.1765,2.87928367425138,0.0230648034880122,4323.35401244369
1119,0.129,4.94385450197387,0.0107284093103718,13231.1264320233
1120,0.2265,1.67403001799109,0.0253822957500219,2267.09594727092
1121,0.2705,2.40894206509057,0.00901003031156229,8605.02995267335
1122,0.216,4.33314675264985,0.00601939526953877,20760.8458478031
1123,0.118,3.86220956550949,0.0266492675088248,4646.91478960762
1124,0.3515,2.09420916271803,0.00684190493018549,9727.13751397635
1125,0.1985,3.21128208259382,0.0290432484320887,3966.63599773428
1126,0.193,2.5391479824786,0.0281279501887966,3131.80967533871
1127,0.187,2.94868161575857,0.0353557500616207,3031.33094896546
1128,0.261,5.16794774952288,0.00736825404049689,22153.1192421575
1129,0.182,4.80179735820556,0.092519755316695,1832.28718603354
1130,0.1865,2.31621160698265,0.0159121097608979,4767.20367147675
1131,0.156,2.08990207079179,0.0274410711669063,2571.65457680128
1132,0.252,4.03327380338398,0.00613547690529832,19633.0343496348
1133,0.146,2.83828745841645,0.0194767763118244,4854.16596651571
1134,0.331,2.24332048714872,0.00980517764186073,7659.8472160778
1135,0.146,2.68073429499947,0.0395457727352827,2406.97652186409
1136,0.094,2.33536523911204,0.0559418867689325,1430.70759431485
1137,0.367,4.29398043569875,0.00817133131222086,17771.3466654731
1138,0.2465,2.92118681427302,0.0167936086270151,6068.04718095984
1139,0.2365,3.07673342113279,0.0107334459708144,9368.83305800047
1140,0.3195,3.39627544458851,0.00689744250261061,15857.3817340177
1141,0.4145,3.86496340322123,0.00642383674493593,19740.549590113
1142,0.18,2.56919782163966,0.0408922696413666,2215.989992741
1143,0.406,3.07620568594461,0.0106672299945613,10135.9096670443
1144,0.1715,3.38407316204373,0.111061777690764,1087.3688749066
1145,0.343,2.72816559491174,0.0155795056827315,6230.35453733713
1146,0.3625,3.08606136592664,0.0181757490489124,6119.04434882485
1147,0.192,3.99249483674505,0.0180176259620602,7579.21242712925
1148,0.2905,1.97345117277223,0.00505404673078569,11127.8810019268
1149,0.2275,2.74968752352592,0.00859312712089814,9982.79959084964
1150,0.465,8.00200559996164,0.0134672511908849,21969.9746112474
1151,0.2785,1.89421602258093,0.00805632021088886,7388.26870133599
1152,0.1535,6.16477476992322,0.0161603318477086,12263.9617785732
1153,0.1535,2.13209287241831,0.0304267787468053,2368.863164049
1154,0.1965,3.85418778777227,0.0105991042593229,11707.949807039
1155,0.226,2.10315068842444,0.0126280554957471,5472.38404206743
1156,0.308,5.8539307493855,0.0153990658112982,13424.0474342322
1157,0.2295,1.72110585495918,0.0197858780276906,3010.93995240057
1158,0.124,4.87613157421463,0.0186278739096224,8419.48155158698
1159,0.2405,3.27731684302678,0.0125182715109303,8722.3999711796
1160,0.2255,3.44699226498588,0.0119460046301716,9459.8784743917
1161,0.34,2.5154787892118,0.043233570656423,1984.01028118458
1162,0.3915,5.06624217815199,0.00872088703028359,20020.9371584735
1163,0.194,4.41885535135454,0.0121184745390488,11758.4895945446
1164,0.1575,2.26155221691885,0.0192395331598847,3855.02016375047
1165,0.2635,2.09135611030784,0.0656445620827082,1152.6503829589
1166,0.172,4.5081309725664,0.0147652145349049,10030.3694989365
1167,0.18,3.55523178972701,0.0134348573837632,8625.94725417714
1168,0.1615,2.42486193743347,0.115542382793353,745.915953642944
1169,0.266,2.40924930124122,0.0139894291684563,5864.68259507617
1170,0.271,4.44084175618697,0.00826487019033864,17251.6672335907
1171,0.209,5.20243767734782,0.034221611575458,5577.35801063747
1172,0.276,2.38060565404635,0.00650957533514194,11057.4186584915
1173,0.071,2.48709781965342,0.0294040167984503,2702.91756200922
1174,0.3825,6.00279461361726,0.0156134044331203,13705.6384455835
1175,0.353,2.71501000133694,0.0140960532604752,6789.40546896082
1176,0.123,3.21341053966835,0.0209767609824213,4950.99637451512
1177,0.098,2.47422065984911,0.0582685282345608,1449.57656382578
1178,0.1775,4.25992309977542,0.0125808433539934,10941.0585669968
1179,0.289,1.99901951307245,0.00616887743845632,9893.02766009071
1180,0.3835,3.32981419550666,0.0077660473189279,14449.5663768901
1181,0.3365,2.72385801528253,0.0189208700247867,5082.07542283782
1182,0.216,2.76830149389007,0.0167833887406262,5572.18863692154
1183,0.2865,2.20432637140558,0.00555669230269655,11483.7297158734
1184,0.295,3.53055991733576,0.0112399467963784,10716.2675611467
1185,0.2575,1.71958988144383,0.0165202193926676,3576.44753631057
1186,0.256,2.75982335366523,0.0077869887438665,11082.3196295827
1187,0.3595,2.87587439755625,0.00542605066375743,16492.6758795886
1188,0.243,3.68761403626905,0.01022842051774,11645.4497347588
1189,0.356,3.94600737401878,0.00533412873840858,23169.2035457285
1190,0.264,2.62070045415435,0.00573792374308549,13469.1216248024
1191,0.1375,5.03786330161613,0.0248679056133187,6518.22037736398
1192,0.356,2.16093607764266,0.0178071613261525,4346.22666610033
1193,0.1915,3.54332290235036,0.0360256964326248,3598.943306243
1194,0.283,3.01423642597282,0.0124669737857581,8289.04123892107
1195,0.2175,3.00565419472324,0.0518659943539331,2158.47256060748
1196,0.3565,2.80770151714941,0.00680883404303004,13340.3844944987
1197,0.1195,4.67235539642039,0.0252343539924764,5979.62833212373
1198,0.199,3.54705484465185,0.0250342711077533,4931.6810116796
1199,0.311,3.36103101810117,0.0085718575582605,12862.0900197675
1200,0.3595,2.57735255031824,0.00941094026246083,9183.80171481241
1201,0.349,2.88114304145366,0.0183125662534684,5662.56865317939
1202,0.131,1.86746797327645,0.0497277277196642,1276.00812955276
1203,0.1995,3.79937638016503,0.0138725001498433,9017.54560578677
1204,0.196,5.43869974402502,0.0144612478334699,12519.0942500901
1205,0.36,2.55614242764297,0.0105915846769404,8387.56547398465
1206,0.1755,4.84234784802045,0.0140448639570957,11301.3266180723
1207,0.284,2.75798636487288,0.019454944831036,5003.00471935961
1208,0.2515,2.04252697142775,0.00718893603153077,8548.6943865375
1209,0.356,2.9689291554771,0.00927717865097159,10934.618517014
1210,0.2355,4.69200969028923,0.00686199501605266,20666.6929371603
1211,0.456,7.26932526549195,0.0192791817990899,14004.6424541911
1212,0.0755,2.557553702038,0.0950123443835493,938.850226446777
1213,0.107,4.35519454946158,0.0515369619286804,2975.40950070408
1214,0.1775,3.75388615470001,0.0176923128134869,7199.88141141834
1215,0.462,4.1404265892143,0.00873841676207642,16590.3720668289
1216,0.131,2.60641405744345,0.0550366257337147,1673.42834851688
1217,0.28,4.4551170249728,0.00922527151067425,15946.0065730131
1218,0.3995,3.45115512118548,0.00804070474256667,14452.2453568742
1219,0.283,3.63247673244395,0.00779555005571899,14951.0209823689
1220,0.4455,3.8074211687209,0.00774399369499513,16877.1691904621
1221,0.1915,4.07335598794178,0.00620018033287843,18015.2582884902
1222,0.19,3.00552135178815,0.0768527974384869,1380.5672166001
1223,0.2115,3.39054518906418,0.0109842711057336,9963.12969279708
1224,0.421,5.81904238845477,0.00891834042313306,22973.7110938749
1225,0.3395,5.10121988848092,0.009754837085619,17862.0900556987
1226,0.335,5.95215788697276,0.0191116170369542,11446.1708332083
1227,0.301,4.09152991250047,0.0108366852627597,12873.2069629749
1228,0.1855,4.67826232230412,0.0139433821580983,11070.018727596
1229,0.158,3.50940905725761,0.0208534047981389,5475.39548611887
1230,0.2605,1.67213820573822,0.0104902674834184,5244.12450541697
1231,0.3175,2.56322592337399,0.00829211720581117,10124.095296499
1232,0.1675,3.07823248116939,0.0175746116120049,5793.71340184628
1233,0.156,3.57501532053679,0.0479110026976072,2678.58604894462
1234,0.3035,3.57246530864351,0.0102483548443407,11714.0483889315
1235,0.3585,3.88391113389853,0.00590887708725662,21030.521274527
1236,0.157,2.53047039909018,0.0442562837957531,2066.87795782028
1237,0.242,1.73394714744415,0.00772595647049038,6703.52098852229
1238,0.3455,3.82474778083125,0.0057564463027343,21017.5240356083
1239,0.266,2.36469385801054,0.0126289814364412,6301.91136093212
1240,0.4005,2.5650355778439,0.00519768873439006,15523.0924951937
1241,0.31,3.35036659271013,0.00670076737982827,15912.3722951601
1242,0.244,3.01976531501711,0.0272096462170761,3933.25270930166
1243,0.1715,5.41646214192486,0.0182648873402284,9897.55209215579
1244,0.441,5.6052700638984,0.0138340945411901,14700.1007244594
1245,0.258,4.31647268757143,0.00899330686977793,15489.871027322
1246,0.229,1.75432297730169,0.00734751404359463,6953.8651737251
1247,0.2445,4.19787455194317,0.00575258900563986,21154.9886174075
1248,0.2045,4.53489697284942,0.0915626585220957,1804.17262206387
1249,0.286,4.92371525393572,0.0114375540639262,14660.1053079688
1250,0.292,2.87024103258589,0.00525146294624459,16068.9625633964
1251,0.274,2.17788046616458,0.00722160993079619,9280.37414911391
1252,0.1425,3.2242541188827,0.0174204392170985,6015.42926444518
1253,0.231,5.21668307378538,0.0107976035941656,15878.0953365894
1254,0.154,3.41135898858262,0.116304638382379,998.809458048093
1255,0.1895,2.40093026998814,0.0246098943143291,3439.81885956561
1256,0.3135,1.99268055043177,0.00477267653097424,11999.7169630737
1257,0.414,3.86359386914862,0.0449441041371927,3251.26419688161
1258,0.1985,2.97371642664534,0.0235042205366934,4380.76878024315
1259,0.382,2.88076758667281,0.0121614561811632,8330.10242795851
1260,0.2345,4.0013335261645,0.00632018902262179,18663.7084218148
1261,0.182,6.53154526682809,0.0440164655859915,5461.69602903587
1262,0.185,3.61877377272994,0.0140105339419817,8485.73757200549
1263,0.153,3.94666191065883,0.010238633446876,11479.7017688852
1264,0.3525,3.54503125362583,0.0119937423252628,10313.1898739512
1265,0.141,4.02731517257849,0.0541026369937194,2646.61885093474
1266,0.4305,3.92183886773868,0.00706677936033568,18845.5974324902
1267,0.276,2.49324511602951,0.00788589970544893,9963.93061343153
1268,0.3145,4.79814483383581,0.00902851689618788,17838.2651428667
1269,0.2885,2.40195350400125,0.0197995235220094,4264.83174678247
1270,0.098,2.24414310138625,0.0341546810808156,2242.33067410128
1271,0.232,2.81537381308329,0.0114718804846146,8123.00508062419
1272,0.343,2.20128793208415,0.0172522185373822,4572.37961875248
1273,0.28,3.66450354287024,0.00622064614920529,17991.1412382077
1274,0.1455,5.4780858717003,0.126629944881403,1101.66662046257
1275,0.2755,2.551091986711,0.00908802316786695,9138.38332724988
1276,0.1665,3.8744112154442,0.0777289792389179,1754.17838762355
1277,0.3,5.74969915046371,0.0278650527577019,7214.10271384383
1278,0.1835,2.62826889268442,0.0134109527880361,6337.12416580956
1279,0.106,2.40660713328099,0.119022619259046,716.703880750166
1280,0.1795,5.24264906525183,0.026722952948508,6907.54456965902
1281,0.3815,4.47310701286903,0.0341760465814054,4597.68567396774
1282,0.119,3.64236490318299,0.019060271630678,6182.44364745222
1283,0.2615,1.91947286575516,0.0193963121952927,3439.64539600234
1284,0.148,3.92765944829577,0.0119043324524666,10048.5385550258
1285,0.33,4.3821296224751,0.00744459976474103,19451.0716023655
1286,0.4385,4.2740992560459,0.0063076170823799,22644.9575702863
1287,0.246,2.5025548214627,0.00797178784200778,9634.63495469269
1288,0.1665,3.1171087408866,0.02479751488005,4354.29625481706
1289,0.327,2.76268533990791,0.0112220709702189,8496.76965462832
1290,0.2885,2.32559114468324,0.0192219525526342,4266.13744791393
1291,0.1155,2.39091544084989,0.0604461100272181,1348.60257012687
1292,0.146,3.3070082613491,0.0137306737644979,7331.44043928541
1293,0.2135,2.77019941614444,0.00687819791004865,11645.7371028433
1294,0.142,3.34000565329075,0.0113941323997262,8785.23455748581
1295,0.1815,3.41396763331582,0.0242918543379268,4815.73357047315
1296,0.201,5.77427704828761,0.0188006018259052,10687.4678325442
1297,0.16,3.93464120896359,0.019731804987037,6667.93478050454
1298,0.1165,1.97617857901034,0.0250070374993715,2611.27647395535
1299,0.181,5.74462675011938,0.00799944083155985,21149.3943372786
1300,0.3315,3.30638796053645,0.0102314970583449,11046.6787212973
1301,0.212,3.14495606759055,0.0159651959678798,6772.44276658924
1302,0.165,6.3890233147474,0.0339645212756254,6532.85653692615
1303,0.1905,1.59257655333344,0.0112854095903505,4292.96948118006
1304,0.236,2.74381835842605,0.0131479105391164,6911.87755635596
1305,0.3415,2.43736076364807,0.00969956204242496,8337.95788772698
1306,0.334,2.03085552160888,0.00757526047694508,8630.11725988394
1307,0.1635,3.7110709697767,0.081262210282484,1653.40091705239
1308,0.391,5.53700343456659,0.0143460475555621,13975.9926507769
1309,0.3055,2.98711070567211,0.0118654579978629,8589.43016831744
1310,0.1505,3.24398164137243,0.0645348712747023,1826.83046872167
1311,0.1475,6.36081586330194,0.0585159823226631,3807.8728397454
1312,0.3255,2.42781219514655,0.00377707766124524,17545.604378483
1313,0.3035,4.15596562522172,0.00625552968925931,20863.9679576132
1314,0.1885,5.01149908427867,0.011103297132505,14443.7195116884
1315,0.128,2.28612571613094,0.0233012589229148,3225.85974775076
1316,0.3865,3.43518409796233,0.00727077422199578,15725.637165909
1317,0.188,4.34791381764621,0.0180159671451848,8256.72440400571
1318,0.1635,4.83124686223367,0.0133822899978604,11530.850583696
1319,0.123,5.08283807836034,0.0102034332343366,14272.0535443006
1320,0.1695,1.4714185265289,0.0386422436811715,1345.54195488508
1321,0.3125,2.29312979355266,0.0163601997956314,4900.54811357234
1322,0.3395,3.25035332713546,0.0055222747283208,18095.4016131729
1323,0.2385,2.78875578920049,0.00843443364587869,10247.6324062056
1324,0.1615,4.08678642709112,0.050689753470137,2931.28537479539
1325,0.268,1.76980673146869,0.0034201469164352,12423.1633383161
1326,0.1545,3.10162245118335,0.074035904669621,1480.98423773526
1327,0.2465,4.48191844013965,0.00834107772739666,16952.9785451922
1328,0.2375,3.62997636412277,0.00714652724463996,15465.4112701293
1329,0.179,5.26393765439588,0.0270449783917616,6846.07255379504
1330,0.2775,3.41107056144497,0.00693944649752307,15379.0218710338
1331,0.1365,3.55909108469137,0.0202779179084749,5713.84564007538
1332,0.2365,3.46832594054376,0.0308256524181756,3842.83903435593
1333,0.2665,3.87303884453475,0.00485477370294788,22601.9662531375
1334,0.3725,3.42070945020056,0.0126281842078449,9640.95687631256
1335,0.2265,5.86958151608812,0.0198080002712052,10503.103104186
1336,0.262,3.13772658090898,0.0160550007299563,6837.40106727976
1337,0.159,4.4337123954139,0.00855737806099266,14707.3104569584
1338,0.2195,3.02347211215368,0.007984308548273,11521.5777879779
1339,0.2,3.24695504736097,0.0359069701024817,3173.48432989501
1340,0.2515,4.1682511131304,0.00563201846237301,21633.8820868499
1341,0.2835,1.93425851940427,0.0149248476180973,4436.01352658879
1342,0.3715,2.40744453165902,0.0188229281887279,4566.13183745927
1343,0.414,4.28547600706736,0.0548963133455723,2927.89138033639
1344,0.3805,2.8797951202291,0.0159487288586729,6542.04253533961
1345,0.177,1.87582410398122,0.0348773525643479,1896.31642107841
1346,0.1545,2.88752201369117,0.0927436394000229,980.119055738596
1347,0.288,2.14330186170935,0.0104043621256497,6807.95555912424
1348,0.134,3.63250766994151,0.0278803632431086,4518.74167896081
1349,0.2985,1.99980786556129,0.00440115645750776,12595.862648058
1350,0.136,3.18596242973888,0.025485330032879,4167.11030115267
1351,0.3215,3.66379223602269,0.0091566355897918,13538.3691884848
1352,0.111,2.17325322519245,0.081954416113678,915.600317304568
1353,0.2305,3.50636564740179,0.00828112907974281,13123.2071760178
1354,0.368,4.59884649616242,0.00909557344783898,17332.8779873728
1355,0.234,4.15592167647255,0.00649412481706635,18994.139014155
1356,0.242,3.9153212389426,0.0357336041047582,4038.55651593968
1357,0.254,4.9180176551302,0.00862350593334617,18205.6729089324
1358,0.166,2.47721851185515,0.0892727048826919,949.18173386726
1359,0.441,5.69229001800842,0.0198272752174893,10658.7854413879
1360,0.148,4.76181013691786,0.0124584597476805,11793.6400142282
1361,0.1285,4.45044372163788,0.0300615991699184,5193.62627647269
1362,0.268,3.26763789122053,0.0128241174398215,8723.12976796528
1363,0.3065,3.19384504900659,0.0224963483843153,5025.67526492199
1364,0.2305,4.50138001076121,0.00803044270169512,17439.0116195761
1365,0.233,5.18987968102858,0.00759544951687511,21166.6220658229
1366,0.156,5.07819063919618,0.0202755029437328,8410.06486922069
1367,0.1395,2.60102879001476,0.0212189515020942,4098.96134499727
1368,0.1345,4.74906687186776,0.0142360310690452,10344.9914022153
1369,0.415,5.12323036436832,0.00786686143830194,22457.8109686731
1370,0.2755,1.85291247158522,0.0203066249102743,3236.70068090754
1371,0.3825,2.65984888772671,0.010027728180157,9169.92751197139
1372,0.277,2.54581257560014,0.0112988868034963,7560.48874925469
1373,0.2335,5.02428669855687,0.0105220852026653,15508.1481481482
1374,0.397,4.54473256175249,0.00661766882468549,22857.8404095354
1375,0.2865,2.18975299719391,0.0112318310582978,6486.04123437589
1376,0.299,1.97391091855051,0.00659221140650168,9164.7188074567
1377,0.1625,1.96897192544262,0.0202982712275611,3231.58689413928
1378,0.0885,2.64930297385195,0.0557502547315796,1522.34378540612
1379,0.2095,2.87451175142979,0.0234139139772718,4303.43639314822
1380,0.403,5.46136659979089,0.00789746678247729,23832.9344160221
1381,0.3175,2.05266742731311,0.00976326879908211,6944.25233053118
1382,0.1975,5.22615298230204,0.0118237821944434,14208.7383734729
1383,0.135,3.80008584118991,0.093311898316144,1431.68666577122
1384,0.126,3.95512591747149,0.0425923516197767,3345.76405650489
1385,0.3245,3.34948992306228,0.00836105325064967,13266.8345949428
1386,0.21,3.59903132182585,0.0112145421210522,10413.7270757034
1387,0.197,2.46300191386682,0.0475454301481854,1848.54153869556
1388,0.225,3.23514243839199,0.00934136795646405,10929.7223384182
1389,0.451,5.71940362349555,0.00849074521928015,23674.7487380455
1390,0.3385,2.18334409346651,0.0103476247050217,7143.19078185357
1391,0.295,3.47473703977702,0.00970455256899419,11893.2686334646
1392,0.2315,2.18483116063328,0.0085479888167817,7840.91065023329
1393,0.1855,3.39949687733974,0.0124898260369838,8845.16733753543
1394,0.2665,5.374256210469,0.00896879286985183,19611.9131906853
1395,0.1045,2.92700650065215,0.0257849588381458,3668.04119977054
1396,0.236,5.50905253118211,0.0158742129045011,11947.2555439167
1397,0.327,4.93038879903596,0.0108183748983125,15888.2902283662
1398,0.264,3.78145371581452,0.0268871863676967,4962.31961318409
1399,0.169,3.70613137116425,0.0102436613556064,10948.0610063411
1400,0.4345,3.4909425973688,0.0127316994272096,9848.88253042955
1401,0.2255,2.9243881886711,0.00821661875855065,10781.5481508539
1402,0.2165,3.19162650856007,0.021086419249222,5145.32087922418
1403,0.3125,2.90377838304599,0.00443834855119543,18630.7015957682
1404,0.309,3.43194381731643,0.00804712637465006,13965.5567991527
1405,0.3115,2.52659346764145,0.0231697314573947,3882.21651761255
1406,0.1365,2.21116892757811,0.0192297706683121,3781.57678449948
1407,0.1945,4.03544465865188,0.00887496355510217,13706.5470437422
1408,0.3325,2.11109452156246,0.0149153915532204,4917.05139090161
1409,0.158,3.20640722874873,0.0762339613101681,1436.63954644318
1410,0.2915,2.60289775458461,0.00886401103062625,9579.15844483669
1411,0.228,1.66445781886472,0.0120726497110299,4429.88560661844
1412,0.4145,3.00603228017042,0.0066182183837612,15106.8728895422
1413,0.3575,4.21923895897601,0.00876706619681409,16387.187393212
1414,0.3155,2.46630150010979,0.00564416758056008,13089.0668490222
1415,0.2355,3.44035432555465,0.00741030789075617,14095.2806010622
1416,0.1245,2.6419524949012,0.0341555681674187,2628.17488211568
1417,0.3965,3.88373136033975,0.00840222947991798,15832.5920266555
1418,0.1525,3.44708879689035,0.0133133868505025,8031.47234716261
1419,0.321,2.60366366995195,0.0153501016098347,5976.82058277134
1420,0.3475,3.14177516493228,0.00945524250161919,11240.1795222934
1421,0.27,4.20109370572008,0.0411010842473823,3656.4563001394
1422,0.389,3.48608713191256,0.00511757997479066,21266.7165446
1423,0.204,4.13181581433158,0.0103179001838864,12871.2667442298
1424,0.257,2.99650112196239,0.00760685624918311,12229.2658885439
1425,0.182,4.23280529065058,0.0333986704591727,4421.14316343061
1426,0.2885,4.14034752242548,0.015789439459391,9214.65297863396
1427,0.168,2.48378406712591,0.0160108081731589,5007.43572973789
1428,0.237,4.07898678438837,0.00844397079660317,15168.2599385957
1429,0.1375,3.13036144172831,0.0116251363047418,8064.25577146748
1430,0.2955,3.36839697699717,0.00916214194384855,12169.8756781704
1431,0.3135,4.34601060831966,0.0137439672725089,11139.9304490123
1432,0.3815,3.01102512581864,0.0189971001898464,5799.88769283931
1433,0.4365,8.42207790024075,0.0225390121486813,14042.2038705322
1434,0.1095,2.8131582391404,0.0183670200761101,4723.46437094178
1435,0.3575,2.69887575671589,0.00775809778714795,11354.387472249
1436,0.393,2.70382324755624,0.00886168251985634,10376.9151710297
1437,0.265,3.72330170991113,0.0318380320812813,4269.44652646778
1438,0.2325,4.41531746809108,0.0129516713136932,11568.580869861
1439,0.3685,3.32723224402437,0.0164426065665221,7348.78961920989
1440,0.2755,2.0002241659735,0.00974812870114414,6623.52690593235
1441,0.401,2.94729996641909,0.010627920898915,9797.94950872823
1442,0.1365,2.11181792069576,0.0258368252535732,2668.04049342723
1443,0.338,4.30659357432114,0.00619248084086391,22317.8259641708
1444,0.2725,3.67528908828272,0.0140881780716019,8951.09470869183
1445,0.2625,4.53296882013818,0.0561894894471618,2975.69406633613
1446,0.3625,4.35996094271276,0.0100632338464124,14877.3072506214
1447,0.294,1.97599973821314,0.0151688779924067,4560.01707912165
1448,0.201,1.90528369400529,0.0736951908461286,934.040003658648
1449,0.254,4.03513034520237,0.00959005276862246,13678.8721719224
1450,0.4525,4.45800822439136,0.00938378544331088,16843.8561656049
1451,0.2725,1.9766423241306,0.0123184563836977,5363.18191563372
1452,0.237,3.22798875602059,0.00662173932365705,14327.3603705499
1453,0.3625,6.72180153723288,0.0193414848736818,12667.5625468215
1454,0.221,3.81229004907643,0.0180295979645902,7333.26839326643
1455,0.277,1.9397415328075,0.00487386640177105,11118.6511501891
1456,0.222,5.01355731132363,0.010804329235041,15219.2392993289
1457,0.4025,3.47319920616147,0.00797243597739896,14778.02747464
1458,0.1145,2.82282550204368,0.056188474121835,1808.77592137355
1459,0.2565,1.75453055390577,0.0142424768294779,4163.41535607869
1460,0.3235,3.1985954666888,0.0174446017524999,6499.33790552984
1461,0.214,3.06820142062324,0.0173342861230881,5988.80973349292
1462,0.2625,3.77154780277602,0.0071293127761668,16114.2661658153
1463,0.2505,3.87485626412225,0.00854521574656624,14550.2643381605
1464,0.4075,4.11179072682988,0.0140052836542345,10550.7989965856
1465,0.172,4.15141427488761,0.00749426309902789,15747.1052807501
1466,0.346,6.18204371590763,0.0126457426071317,17523.6529366508
1467,0.261,2.66093128334303,0.0185718925913862,4969.58155749356
1468,0.4365,3.7522035308556,0.0258332093767771,5240.19477346901
1469,0.1995,5.05407560632899,0.0206799335624609,8305.57599589806
1470,0.123,1.78356219405503,0.0426401710722141,1424.70200344043
1471,0.3715,6.89098380278571,0.0781824037206762,3036.57527422409
1472,0.2095,3.2092358825341,0.0128138848946061,8217.25475477178
1473,0.352,3.38273407501053,0.0096929199364258,11867.244119182
1474,0.359,4.86942330682825,0.0423110234324044,4269.03134961468
1475,0.426,3.85562247671699,0.00747964363158902,17664.2663608535
1476,0.1045,2.52445819230737,0.0575814120407984,1559.82223159925
1477,0.247,3.23365627017358,0.0356276088873718,3335.29610295002
1478,0.2495,7.01707599269038,0.0318039010612224,8035.34398167503
1479,0.4545,4.06679571438324,0.0105591701605407,13646.2394167256
1480,0.3225,2.32262902034778,0.0052621291685204,13110.2815759897
1481,0.235,4.91539023667793,0.016151345535878,10380.6744658155
1482,0.3525,2.85995249165293,0.0150231728710698,6804.27449499553
1483,0.151,3.65772250510527,0.0235345104557747,5301.84453597064
1484,0.4415,3.99609917164375,0.0181449690427031,8156.71868193294
1485,0.099,5.38057966640538,0.0468916359200286,3985.14152101091
1486,0.3725,3.92995255712091,0.00708500002907265,18206.1226480023
1487,0.2165,3.45902829612792,0.0150490360234589,7782.62850864706
1488,0.3975,3.20714267520729,0.00967493232580142,11569.0119460549
1489,0.1425,2.48704918748171,0.122491654852417,693.920020881679
1490,0.133,2.28501622913805,0.0448513213728412,1792.05560193965
1491,0.4095,4.23627069987628,0.0454870760556155,3528.98302544185
1492,0.1845,2.9062147178092,0.0175238161610744,5608.14686968275
1493,0.3985,3.50133449782565,0.00869771176200557,13815.0521134784
1494,0.443,5.22880279902484,0.00869559688944391,21138.0150903512
1495,0.159,4.92155652506961,0.0140336475390667,11194.0462242671
1496,0.292,3.92366328209176,0.0109008959148878,12215.1298620644
1497,0.167,4.6011946215227,0.110372092911652,1311.37461621393
1498,0.333,2.74566291659726,0.011682906029205,8067.01406197657
1499,0.268,2.57960113364795,0.00778204168783542,10301.4777264328
1500,0.1295,2.67718591962803,0.0713117154258149,1373.76493449969
1501,0.3675,2.90856019164716,0.00559568479259674,16326.3930589572
1502,0.2715,2.31035244356753,0.0104248438172838,7352.23060106112
1503,0.4285,3.65686064817979,0.00910753047142601,13982.3348886131
1504,0.14,2.01047603738594,0.0433211436529434,1638.56525625745
1505,0.0875,2.16767183018379,0.0327971031626574,2199.45479833101
1506,0.4295,6.19656361103013,0.00918399440327592,23648.9881206234
1507,0.204,3.88730559997382,0.0112109346420911,11203.2266180492
1508,0.425,4.63754555011464,0.0226332906406868,7578.09918706233
1509,0.393,5.4388711412514,0.0108600316033158,17864.2334340424
1510,0.195,3.9795667635081,0.0194022416233137,7129.33836722613
1511,0.176,4.00121450225516,0.0130287234237663,9797.9723032954
1512,0.2765,2.59186602822011,0.00672484889162046,11693.0646873784
1513,0.3755,2.57883592966854,0.0087834890420554,9907.09920678182
1514,0.3385,4.31538714481513,0.0235047372095363,6542.21902697843
1515,0.1845,4.61890468876405,0.0134592725921739,11054.8753886729
1516,0.265,2.52221419270115,0.0113844703167118,7340.81664580726
1517,0.3205,2.40603960865524,0.0123137537529931,6652.978347266
1518,0.472,6.10309552911271,0.00940427776800348,23361.9367694482
1519,0.3565,2.98176097724656,0.00697617598502394,13890.0073950773
1520,0.3155,2.07142438427261,0.0122779750040762,5714.37135023938
1521,0.0965,5.25134050557182,0.0487402043601069,3743.91117432017
1522,0.2465,1.78774300130431,0.00963766961741019,5875.07974119664
1523,0.235,3.97237944161745,0.0105777296303937,12313.228809384
1524,0.1465,3.92596591563698,0.0120549171222782,9882.32640421677
1525,0.1975,1.64394643556737,0.0198448306054226,2805.77252818387
1526,0.4305,5.61961393394196,0.010001106577416,19992.0848266985
1527,0.1855,5.76204803983016,0.0393341268733709,5357.16348950641
1528,0.231,6.29168399798131,0.0461059217609218,4989.17379367894
1529,0.1135,4.39628371952233,0.0140173373259354,9212.4650784715
1530,0.283,1.87374357377639,0.00624264653240582,8876.21864194016
1531,0.2885,3.84694370269368,0.0118562763833757,11029.8172306497
1532,0.293,2.88292533094397,0.00513324300772281,16195.460434553
1533,0.1745,3.02524675858802,0.0117798223601044,8069.86893590444
1534,0.173,2.85108390089908,0.0637223679055396,1597.27234782351
1535,0.3335,4.12344117651349,0.00657994904055012,19977.1905809037
1536,0.201,3.62400227476407,0.00712103498297388,14786.6034922858
1537,0.2835,2.44785741407477,0.00723514554060215,10432.8326056945
1538,0.348,6.54417428514484,0.00920295781599866,24455.7439268976
1539,0.15,2.74899512173965,0.0838332750706633,1157.94191161218
1540,0.1255,4.73913399394698,0.0119661353967967,11643.9523779831
1541,0.173,3.48612198081643,0.00767145627194104,12696.4585723101
1542,0.373,3.9809472118291,0.00997757875413703,13902.8315664587
1543,0.355,3.83478396518823,0.0107589454150243,12418.3951507904
1544,0.138,5.55840400786318,0.00820554061827665,18446.046485032
1545,0.4375,6.21148933910561,0.00838391442356717,25864.5106774525
1546,0.419,4.9448857004606,0.0272684353374918,6425.68947741621
1547,0.238,3.28719902431583,0.00949083544122241,11038.6888404542
1548,0.204,2.43215508165873,0.0128585545282293,6224.762563795
1549,0.1545,4.71407606863775,0.0116255390308879,12407.9970328895
1550,0.1405,5.38142932523457,0.0943252066308441,1987.74989866001
1551,0.176,2.76898178561698,0.0276711847530215,3500.49622560087
1552,0.283,3.21140510412655,0.0105576973827589,10167.181099151
1553,0.389,2.45954011712598,0.00715585342627337,11309.1604305888
1554,0.2475,5.26146524638146,0.0082562290926279,20312.8163097834
1555,0.368,2.78876023349024,0.00427977338690555,18921.9568942324
1556,0.2895,2.24743792706431,0.0119935236397108,6328.72848819007
1557,0.182,3.17571863572345,0.0246351129687042,4556.95969066042
1558,0.218,5.40348833136028,0.028833119740942,6593.19614616712
1559,0.3745,2.70110504128656,0.00428507070897324,18688.3444410204
1560,0.4335,3.67828115272629,0.0117168602838887,11186.2297762039
1561,0.4085,3.43298896950534,0.0222813600278275,5596.2754184777
1562,0.1175,5.8905685665612,0.114577182399906,1638.39946132023
1563,0.308,1.99125768688611,0.00649231785465039,9481.81169700111
1564,0.2415,2.1090929413427,0.0162134416292193,4433.94105290024
1565,0.2955,3.79571334284946,0.00733846240093882,16293.6797154333
1566,0.3695,3.16508261914546,0.017544185361681,6386.54295274646
1567,0.258,3.21557541687487,0.0419378517278201,2811.61928345451
1568,0.4575,5.03262724428828,0.00819673309162539,21557.6097640799
1569,0.3895,3.32902171365446,0.0140673737906452,8575.80675040808
1570,0.1555,2.05352335913721,0.0575402569238294,1290.39777426874
1571,0.2765,4.45225509873878,0.0575302949777531,2720.70930794872
1572,0.3645,2.73890485123926,0.0135956232200139,7022.99045527709
1573,0.1225,5.15980892930198,0.137428014647361,1180.74969924885
1574,0.1355,2.89028483514781,0.0926825673378775,1139.50512020458
1575,0.314,3.58451340768346,0.00571222036173073,19175.5520294241
1576,0.2665,2.64465496401618,0.0130838827679962,6960.91679674752
1577,0.1555,2.04204011775652,0.0687793387890976,1074.45311645437
1578,0.3105,3.48399680246241,0.00517490662355068,20015.888363916
1579,0.294,2.04651207833187,0.020403086961097,3581.38834797592
1580,0.1935,4.41240914585775,0.0160902161522537,9237.31216219466
1581,0.185,4.13281921362098,0.00988408132566899,12749.8020652231
1582,0.1135,3.745303361375,0.022371753318745,5362.13534301761
1583,0.3265,3.17814113662588,0.00737771700643085,13863.1842241864
1584,0.293,2.16849539795747,0.0136845261349495,5429.37450449649
1585,0.2785,1.70223498785798,0.00844408378016831,6395.60413438646
1586,0.0955,3.97501038561101,0.0270196998147369,4708.79625777875
1587,0.1925,1.78643663682966,0.0301146343298307,2083.50430476562
1588,0.454,6.03300543026849,0.00799211030196401,26519.4157081914
1589,0.2315,3.62553354742961,0.0602477244909972,2180.41908357476
1590,0.191,4.40243418575096,0.0127820366736199,11335.7315846658
1591,0.272,4.03772731215474,0.00601919746141472,20348.810901267
1592,0.238,3.52814503243394,0.00917302491691414,12233.8923508409
1593,0.2465,5.332335401673,0.00612738573830541,25965.1593859061
1594,0.2255,4.10290451549462,0.0283500222722818,5217.5296195738
1595,0.2465,3.31765494449492,0.0142673027127411,7860.79555251879
1596,0.363,2.49732498814756,0.00632599355513614,12644.7195014394
1597,0.184,5.23887080423202,0.0339648879312593,5625.60867223101
1598,0.1875,2.75598399576071,0.0188238722631218,5045.78729414214
1599,0.234,3.4111357234007,0.00553381102982767,17360.0171643617
1600,0.1885,5.80170812772422,0.0432652612927564,4599.26766724395
1601,0.3015,2.1588327400288,0.062274723205572,1260.95500285016
1602,0.2135,3.77190720379078,0.056430720750627,2420.23686143938
1603,0.3235,6.91949584543601,0.0353330856209805,7208.01270517603
1604,0.2765,3.73185349007967,0.0186342331071979,7135.90607638032
1605,0.244,5.24755386288832,0.00677874228325923,23648.4164037855
1606,0.296,3.15015532185408,0.0146279941037767,7586.31436460802
1607,0.3325,2.69447937007163,0.0149846476452714,6327.79356478207
1608,0.1915,2.57059956248518,0.108518747288242,862.677073796136
1609,0.416,4.44470635442795,0.0120173148084226,13348.5477736912
1610,0.211,2.69234592268248,0.0349587761070634,2725.64216608731
1611,0.1885,4.82624558154654,0.060647072093026,2577.76714081714
1612,0.1845,6.71561516299739,0.0108916346438445,19360.9468462794
1613,0.15,2.80724095489228,0.0129397658344174,6807.88595825642
1614,0.3525,3.09731638571176,0.0106245286198924,10131.6381636883
1615,0.209,3.24288977736968,0.0428264368249426,2725.28604651345
1616,0.134,6.22083391072383,0.0482635601358258,4636.21660320652
1617,0.412,4.55235749729296,0.00997493837577338,16023.9709009299
1618,0.239,3.05846671196959,0.00827436599006736,11551.6654461439
1619,0.2565,2.53881718317393,0.0102898444133695,8213.91698217647
1620,0.3735,3.4318381425602,0.0162484782545834,7628.4478937529
1621,0.221,1.69450909633915,0.013842634010889,4047.63889199651
1622,0.318,5.48246268746713,0.00982233589460062,19012.7845871126
1623,0.165,4.1361872936023,0.0721778232349632,2028.99344238286
1624,0.32,2.08383183562382,0.0159065682791437,4648.35189081384
1625,0.191,1.79193172759486,0.0330576457674943,1918.81518357187
1626,0.228,2.73753594850057,0.0101138947245266,8631.3671671029
1627,0.161,4.8759862263693,0.0790882744964057,2204.53542334759
1628,0.3255,3.03629302322944,0.008060142524275,12359.3499284069
1629,0.114,2.43783379155508,0.0259553821139221,3096.53430468144
1630,0.281,1.86762204616791,0.0211742943323707,3113.38024443916
1631,0.3045,2.81834004688256,0.0158306215303666,6244.79464440123
1632,0.414,4.34559019371046,0.0172833309099074,9011.226650452
1633,0.2635,3.90778688431466,0.00947473102758496,13581.6914412752
1634,0.2395,3.83473539107893,0.00732451214262326,15967.5439645178
1635,0.2735,3.24616452918032,0.0188338454365574,6119.09735537378
1636,0.161,6.44460910139795,0.0123461135571644,16380.5612867746
1637,0.156,5.54029845543982,0.0414758773269786,4860.68495013561
1638,0.2485,2.97784584687948,0.0126861839132714,7894.96026571015
1639,0.1825,6.31098022594781,0.0288078853148054,7802.45974465512
1640,0.273,3.64367867713613,0.00717338670440027,15963.8164040567
1641,0.2405,1.93994540510821,0.00797999260250769,7424.5650087574
1642,0.11,2.67629977364449,0.0372514432107267,2478.84481936377
1643,0.2875,4.12907015146391,0.0155028668176934,9320.35607035607
1644,0.446,4.90585053669815,0.0139603389817853,12848.8921110274
1645,0.1715,4.48766265617549,0.0121660938535635,11380.4876197443
1646,0.3995,3.71738908507245,0.00823927704697197,15315.0587032534
1647,0.3365,2.81973560247476,0.00788933431825496,11725.8706540986
1648,0.233,2.54774850417165,0.0217059622852338,4121.31378934361
1649,0.3715,3.89551784901241,0.032137373458795,4612.70816191352
1650,0.4005,3.42171138247644,0.0241781982563367,5252.49590376359
1651,0.271,5.34274398753811,0.00859035435562181,20353.7394407805
1652,0.269,4.8887951074878,0.00964425652895337,16651.7050164197
1653,0.202,4.30269132907207,0.0187145338497704,7687.10179602547
1654,0.254,2.50996980867572,0.0177365863800281,4973.6955298679
1655,0.1305,3.56722619629611,0.0200508813097677,5825.91704127211
1656,0.2615,4.14781360635738,0.0155167686024924,9323.0751636619
1657,0.232,1.78842463993331,0.0157864341520044,3828.06238386538
1658,0.1745,3.50292167231372,0.0122544816195935,9153.55689795918
1659,0.389,2.42420512859776,0.00718744406591594,11122.5359135107
1660,0.313,2.54809695681329,0.00544598668269524,13971.6715203557
1661,0.274,2.21268408137458,0.0157210452136078,4874.13283906099
1662,0.3565,4.44684571472309,0.018305994217835,8754.17570246072
1663,0.1095,2.01430173486294,0.09046133005864,787.725661353668
1664,0.1725,1.51194408828464,0.0121682385236741,3766.72560851162
1665,0.2925,4.68382299013401,0.0172222189270953,9747.21846030895
1666,0.3555,2.70142651047807,0.00928049478542984,9912.64796049766
1667,0.2165,3.14735055686563,0.0253107757717193,4394.61613666023
1668,0.1485,2.67856824521263,0.0158224094228123,5505.51157160296
1669,0.243,1.71479250924299,0.00415894142120444,10605.8170163392
1670,0.1185,4.81098809149908,0.0418955221786977,4045.03691392091
1671,0.212,4.27288289630374,0.00670829021427018,18490.322309881
1672,0.341,3.05259691829089,0.0163033408162872,6629.23386418766
1673,0.2885,2.17640393470869,0.0174555555299519,4383.55405673995
1674,0.3595,4.01178497740907,0.00997257624223614,13778.2875221027
1675,0.355,3.01612002071696,0.00984817735396218,10551.5800984605
1676,0.3485,3.62052968341937,0.0155328480955633,8203.34491600007
1677,0.262,1.83146081712176,0.00637561887357192,8429.6514681456
1678,0.311,3.01816835958319,0.00566313648444822,16079.7535841835
1679,0.229,1.47369295343189,0.0147566967746539,3320.79568671964
1680,0.1915,3.07060081421121,0.0346750360663289,3029.19245528239
1681,0.2855,1.9924960692572,0.0119082151755717,5510.98378325841
1682,0.262,4.80268877603939,0.00597224631722033,23817.6370110603
1683,0.386,2.70215387570526,0.00619294310303382,14144.8005538155
1684,0.3075,2.64430906940877,0.0132457063515162,6924.68652215689
1685,0.326,2.46747794533556,0.00708861749613256,11098.2933593886
1686,0.235,2.36746742455368,0.0138664529126947,5712.68602902771
1687,0.337,5.12247469671737,0.0236375493912373,7992.7449731421
1688,0.129,4.97237853330899,0.0344777087119983,5038.24508486047
1689,0.171,2.91909284293093,0.0118560366757685,7666.86526296728
1690,0.4045,4.57977944666783,0.00625833209193146,24136.9876306546
1691,0.236,2.99004717569265,0.00432760513259971,17769.8163532746
1692,0.294,3.11658398320435,0.0589356811254507,1925.5352856639
1693,0.173,1.79368490909273,0.0339133410611031,1848.97616868809
1694,0.278,2.26778698400334,0.0149527146746874,5233.080444108
1695,0.3035,4.61220159801479,0.0116007521869811,13786.7953531822
1696,0.1765,2.74375642485499,0.00852999923049899,9374.29131613672
1697,0.329,2.14918909786896,0.0143934059967519,5252.90919162892
1698,0.1675,1.77677191317598,0.017140624551464,3440.7729902595
1699,0.338,2.7750994528015,0.00647818114091939,13550.0516812489
1700,0.187,2.0499361073898,0.0323122688563074,2173.68670551383
1701,0.2875,3.10488753700953,0.00862801277949035,11779.8690644716
1702,0.2055,4.77800075006915,0.0166179736098955,9853.64434884843
1703,0.182,4.00809361750614,0.0192674644647217,7040.82059521742
1704,0.2405,2.5521711209839,0.0175626055759796,4985.43328671481
1705,0.3145,3.86339563244153,0.0107838504580889,12241.6446385994
1706,0.3075,4.21627362751871,0.0952192213502272,1493.79029013537
1707,0.3305,3.1311132158466,0.01075813440445,9944.55542163183
1708,0.269,3.88548341429736,0.010797704460377,12085.3219326296
1709,0.2255,2.33476620613668,0.0209118037484533,3888.28029815054
1710,0.2825,2.38848316178323,0.0104675887554945,7614.01783026974
1711,0.234,3.54610386300073,0.00730422607324882,14670.3049764268
1712,0.193,3.1960243387557,0.0309799439863086,3551.86104106674
1713,0.1945,2.78081628684947,0.0493886524089749,2032.63611700895
1714,0.169,3.17763022007469,0.0280578143373579,3951.21745298725
1715,0.1455,2.86746711374062,0.0634593690440171,1625.94109511756
1716,0.4285,4.49330725389259,0.0203219122042902,8039.9049056293
1717,0.1865,2.63248162179024,0.0234136148823477,3820.85265184312
1718,0.2485,3.94009793468769,0.00651065030063147,18252.3156751119
1719,0.2715,3.58792052332761,0.00783667746567394,14594.0335425644
1720,0.312,2.44229778240098,0.00748120525813845,10459.1726467086
1721,0.1665,4.79938445447857,0.00739809564729326,18042.5732633355
1722,0.3675,3.43458655881478,0.00646559321947712,17154.7414033911
1723,0.2725,4.74463243642288,0.00814299739566416,18851.273827853
1724,0.1925,4.45446469625349,0.00753545527063209,17240.0428773507
1725,0.3405,4.0976035192472,0.00953500232739196,14730.5731817566
1726,0.1865,3.49335278832083,0.0228446090011551,5421.89340997661
1727,0.464,5.96887469672917,0.00688594288144192,29414.882365139
1728,0.1535,2.36485506434486,0.0204915709425275,3840.85899439443
1729,0.165,2.60290250520994,0.0623378807530891,1412.08904105238
1730,0.141,3.9089612640764,0.113040268344909,1201.41194881502
1731,0.356,3.91766084054399,0.00516783148877791,23402.3830645573
1732,0.1495,3.29516342572084,0.0373989747006156,3039.10595210976
1733,0.4425,4.21782668794489,0.0639946147685301,2422.45257085759
1734,0.2775,2.63906376015345,0.00980562869254727,8981.54476807698
1735,0.2725,2.73271893673151,0.00955153537922639,9414.49538358744
1736,0.1765,3.34293320639484,0.0206046435538898,5530.50542877532
1737,0.2575,3.56686254902176,0.00481966306054117,20689.4343407917
1738,0.2975,3.06322904266436,0.00739620094210053,13199.2094567226
1739,0.245,4.77379372086296,0.00835134509388359,18060.7454857765
1740,0.39,3.11268071063346,0.0114533312525144,9575.29322303247
1741,0.3015,2.83139411171472,0.00604170223193736,14326.5737098237
1742,0.321,4.87932421636517,0.00604541059882789,25541.692370883
1743,0.206,3.05775260366342,0.0109922943516561,8876.40235001779
1744,0.183,1.60491809907207,0.0181096398032229,2954.84148698102
1745,0.196,3.47471358966751,0.00714815872782516,13935.2917803428
1746,0.1945,1.38973329644698,0.0117067788881123,3765.07471311275
1747,0.3075,2.92455516966597,0.00624134553040643,14479.695496696
1748,0.1355,3.1014689569513,0.0189625099537564,5269.48568008743
1749,0.3075,4.09770827134446,0.0375462175429587,3824.77617006983
1750,0.2955,5.0843010910564,0.0114662416328209,15341.8007967626
1751,0.4495,3.73270563362062,0.0136899028188187,9881.3705773717
1752,0.3105,2.89764862087314,0.0052474792190792,16553.3281688494
1753,0.324,4.18024719849939,0.00856557235613785,16403.8704235993
1754,0.1795,2.19087690130509,0.0303593250697331,2533.11701176097
1755,0.197,3.44797546758513,0.0145278241027683,7826.49699709396
1756,0.3045,2.23056154654359,0.00722872889739972,9669.9910289591
1757,0.348,3.51132304858423,0.00838048726086005,14142.7944013904
1758,0.1915,4.28616358131208,0.00826623863780692,15349.9696646451
1759,0.2495,2.72388471886561,0.00688806895447678,11890.3310633223
1760,0.448,4.83785183337209,0.0161784384781151,11006.3193730614
1761,0.179,3.60562236052843,0.0566926751023425,2302.26134383543
1762,0.4415,4.23736690518235,0.0152524423271084,9991.41988139107
1763,0.1725,2.11419425330033,0.0451701809825574,1664.14884381191
1764,0.1185,4.3184815371562,0.0198526918690082,7025.99609423866
1765,0.321,2.73291279144707,0.0062526669961744,13590.0198567176
1766,0.331,3.66890278205659,0.00687991015503747,17337.3543949119
1767,0.2255,2.73088529674244,0.0186048819442195,5146.96227958334
1768,0.144,4.52826196223093,0.132351476133811,1099.81451523402
1769,0.244,4.4052044651101,0.00949479970320524,15066.9288074953
1770,0.164,2.72631898315687,0.0180781495115603,5016.83630982448
1771,0.1365,3.00428338816987,0.0645396214196554,1665.07492459301
1772,0.2155,5.0409447207864,0.00627841113609077,23330.9012749916
1773,0.134,4.61681941224858,0.0768424397346389,2176.63414864246
1774,0.3015,2.06637909345012,0.00581087442022897,10559.7250286465
1775,0.2915,1.9908301815104,0.00798968156033582,7835.0588769492
1776,0.156,2.54145770533233,0.082864922805703,1104.71856872275
1777,0.1825,4.29771007289112,0.0200282228867604,7326.11079529826
1778,0.303,3.13314287740968,0.00955363100895384,10834.9432883395
1779,0.1605,4.28666259540387,0.016843590748331,8415.99788678279
1780,0.3395,3.22571467380521,0.0050831717884009,19128.2541370873
1781,0.239,2.96915829507565,0.00789245443955412,11597.2939104668
1782,0.3895,2.70622447966433,0.00809793747174465,11251.111887309
1783,0.1565,2.10862205219896,0.0251942656008259,2890.9535024202
1784,0.359,4.65042506783187,0.0085325409880396,18535.6181324603
1785,0.256,1.81271558924178,0.00548237710091192,9405.21543879058
1786,0.2485,3.17372211758952,0.00538353200862373,17018.226375282
1787,0.442,4.17718004734606,0.00678449329725498,20808.4294628022
1788,0.153,5.35046574848183,0.033222346651383,5790.47417537994
1789,0.3475,2.43736646740842,0.0166639294506762,5207.94333129669
1790,0.2455,2.19400308133687,0.00971503587761655,7116.95964179983
1791,0.411,4.462468533504,0.00690426791833817,21815.3986408581
1792,0.302,2.43982662436543,0.0116537238435861,7056.58383708582
1793,0.446,4.9291490151791,0.012628207370907,14244.1208605654
1794,0.4295,5.24147220647852,0.0131949641998359,14477.7110021773
1795,0.3265,2.91001715635805,0.0240528173718302,4327.71168138229
1796,0.283,3.2997106236529,0.00770979152017809,13625.7672748181
1797,0.399,3.27062046993597,0.00534666856189943,19450.871518547
1798,0.1835,4.59543919435066,0.0147535706362582,10153.1941688361
1799,0.3165,3.31664773262903,0.00564460653424909,18041.2486603065
1800,0.316,4.68048348000917,0.0157736605700253,10548.4426663343
1801,0.2995,4.01382920231102,0.00822888574015832,16070.0217174433
1802,0.1995,4.61147839923407,0.0985703533919765,1576.85405070521
1803,0.312,3.55682666514572,0.00960632552985485,12444.027160327
1804,0.275,3.40527577839082,0.00470708728886006,20477.0980337856
1805,0.144,2.57983476526776,0.0410409926933646,2200.54401539971
1806,0.2705,1.90069191393907,0.0105701618961697,5894.27129355557
1807,0.4045,5.23198740133074,0.00711159088705344,24870.884789037
1808,0.32,2.09733263854649,0.00837496287914159,8031.84209071752
1809,0.301,3.34611466956287,0.0200465264160596,5905.15021456526
1810,0.421,4.01367110145601,0.00885050780944258,15870.0079191644
1811,0.172,3.61405462968249,0.0870712077550514,1350.45757601559
1812,0.282,2.97033898431979,0.00558039970466566,15891.1324902513
1813,0.2995,3.76953105456734,0.00992467115654665,12671.5799735721
1814,0.2445,5.30997251514991,0.00625953686697655,25430.3517450443
1815,0.356,2.15384235398151,0.00714327268194093,9648.37972595477
1816,0.2125,2.67910985482273,0.0175385971676262,5216.86194735269
1817,0.2445,4.20354961714436,0.0315752779245024,4895.70654068532
1818,0.1505,2.11061669813822,0.0256678986324491,2797.85157041116
1819,0.261,4.85390611092534,0.00917264853792695,17013.1799716523
1820,0.1205,3.78647068882325,0.0525022243810127,2534.41931280991
1821,0.123,3.42512593386198,0.0177103150723563,6164.94275189932
1822,0.1705,2.62909819525513,0.113657503724694,819.13345769737
1823,0.2105,1.61842541863341,0.0177233928998177,3042.03100654606
1824,0.236,6.57519064059374,0.0282591819615367,8353.02102251048
1825,0.2665,4.12504100205143,0.00614757638401276,20277.8241057631
1826,0.2425,2.94708195246377,0.00531964523886071,15748.3164670659
1827,0.3665,2.56284077072881,0.0144246639130621,6295.19808947186
1828,0.159,3.51248037355347,0.0102780064394396,10219.7254090627
1829,0.1485,4.64711378796782,0.0170305597971142,8782.08363163333
1830,0.3105,3.47886347536163,0.00621899453046447,17675.0092189919
1831,0.2045,3.55221576980079,0.0196461159058396,6237.81914687341
1832,0.313,1.92785590869884,0.0118063026825889,5527.68105743584
1833,0.3845,3.86699716954009,0.0149194967332617,9392.08194544622
1834,0.3875,5.10765375274405,0.0073634594817942,23443.511637197
1835,0.1725,5.01034474010487,0.109446053386139,1400.22710770093
1836,0.269,4.04539326299998,0.0101418578771748,13344.4516417344
1837,0.2675,1.90025326186541,0.0299173261147115,2253.47767347604
1838,0.349,2.83948841827266,0.0240486815227598,4275.26155811343
1839,0.158,2.9001231282739,0.0717859060891112,1360.37657275632
1840,0.2565,1.68758520058345,0.008348600573494,6346.44498444689
1841,0.183,5.11225720247606,0.0138833095988729,12185.5541654118
1842,0.2685,4.15185050634399,0.00852467764308576,15761.315285798
1843,0.226,3.09536894170728,0.00775423828167983,12329.5211585928
1844,0.316,3.28917227810115,0.00791276446454074,13690.543335978
1845,0.2085,2.80527902677377,0.0118262627854969,7771.31959187915
1846,0.2265,3.17191665581865,0.00979558751189918,10334.9067071699
1847,0.355,2.50470853726906,0.00618516854620597,12863.8739770707
1848,0.2065,4.52079038062945,0.030310518352645,5399.69966613637
1849,0.4755,8.87180534935059,0.00953149478827102,33638.3908182326
1850,0.1855,2.64873866939099,0.0101373390778592,7977.20487040967
1851,0.178,3.84995348032267,0.0269124127031888,5106.20710524161
1852,0.3265,4.02921163262595,0.0110919017208175,12615.9614700452
1853,0.2625,3.26424969134846,0.0252021985843363,4553.36014363074
1854,0.281,5.44895274901684,0.0744663719938114,2371.96131846564
1855,0.232,3.27545659655073,0.00912521901218126,11318.9606368352
1856,0.1565,4.34435759711882,0.0115338008721678,11427.9546533924
1857,0.172,3.89369594243562,0.0161163096080557,7866.39234984065
1858,0.2755,1.93952717202404,0.0120698034220188,5430.05504414579
1859,0.237,2.44997149643841,0.00757104684092844,9789.62228509893
1860,0.316,3.45049655660346,0.00565236836025956,18768.2385055869
1861,0.304,2.99721916689821,0.0126951201756767,8139.9269078197
1862,0.3815,5.28173541654369,0.0403869033021202,4949.26066779086
1863,0.19,4.6168706449926,0.0074325834217138,18030.5272116311
1864,0.209,4.80557850899371,0.0153350656584168,10730.1805367988
1865,0.3485,3.07622164691708,0.00540728494402759,17365.5586330554
1866,0.239,5.77286696342621,0.0107995340053775,17821.4576618542
1867,0.107,2.70747061050086,0.0502866046645682,1925.51505546751
1868,0.138,4.25202063546224,0.0126438433609951,10054.0039703639
1869,0.383,2.57049845333395,0.0123542096213665,7243.95820893084
1870,0.217,1.59078974800602,0.00975782643014002,5064.22412470903
1871,0.239,3.61788050756215,0.00867806669352333,13299.9507726286
1872,0.204,1.62458580491864,0.0186167322988991,2970.54275366662
1873,0.243,3.3579469084366,0.0119766964320556,9356.30574562789
1874,0.3145,2.66673144223818,0.00685057533980897,12430.6566238474
1875,0.3425,4.12415784958606,0.00671255477991189,19943.5230878687
1876,0.191,3.50198825780915,0.0110333439718851,9965.74673528317
1877,0.345,3.72271573052184,0.0161909111010858,8027.49653233221
1878,0.355,2.24357506355108,0.00475093209343399,14193.3882428465
1879,0.3165,6.34735137152068,0.0192191618898566,11717.9814669955
1880,0.438,4.64286286962825,0.0110270784894643,15111.948170708
1881,0.349,4.02709527001433,0.00695010828540623,19025.5955591077
1882,0.2,4.33082259838314,0.115248868610252,1193.984227813
1883,0.098,2.42376612027767,0.0595036005531672,1420.49082836698
1884,0.3005,2.61787206728478,0.012539145826498,7182.66773220592
1885,0.1565,4.99119526299316,0.0198332506928784,8308.70908943058
1886,0.3175,2.67871364895509,0.0160662857212126,5933.8513164484
1887,0.4255,3.85741908512648,0.0128083607148707,10874.8502509704
1888,0.443,5.5980461591666,0.0175409936576641,11787.4091155681
1889,0.3425,2.40420908262948,0.00740384000122362,10539.5991287005
1890,0.4535,6.52257219190513,0.0177316514801672,13470.5698141005
1891,0.283,5.02159236145151,0.0115958310292824,14944.8454777733
1892,0.394,4.17364416156129,0.0136613444852532,10975.2383622189
1893,0.1905,2.21147482617998,0.0117397837960607,5933.5754943472
1894,0.2865,3.50530433876123,0.0120342551663665,9972.16577329296
1895,0.458,7.19601821189805,0.0173749412465415,15367.0811274459
1896,0.2695,2.00806556250651,0.00963704832897533,6737.29102771367
1897,0.4295,4.8420370449364,0.00854226488827434,19771.3731194752
1898,0.197,2.00997536112083,0.0622418624981285,1180.24803581412
1899,0.257,3.82469570580973,0.00663356638341756,17653.0059660395
1900,0.1905,6.13362763249816,0.0081659954902239,22649.0506569836
1901,0.194,2.79218878469464,0.0244236064648588,3895.34851781712
1902,0.195,1.56544946732677,0.00861108165096318,5331.23466938625
1903,0.205,3.64656405711464,0.0132027640407251,9041.15843496042
1904,0.159,4.84199842467548,0.0572651350130444,3054.95440557462
1905,0.135,5.07233886922802,0.0199795210738842,8307.05889486139
1906,0.162,4.54011213076925,0.0194231852621149,7799.46748606735
1907,0.2015,4.93920065667859,0.0143049718555074,11626.2134494981
1908,0.3475,3.10607309486763,0.00918289934524085,11454.2873786543
1909,0.143,3.0420940354642,0.0274421582293917,3830.9060826076
1910,0.187,1.94682546671647,0.0244026462530954,2746.16317461841
1911,0.1605,1.70759228591894,0.0369320917255384,1649.662221191
1912,0.3465,2.06136968505141,0.0114271296082892,6118.06997973598
1913,0.165,3.13664791238597,0.0101505674776054,9295.20604458176
1914,0.22,5.49312708702199,0.00638668426371958,24880.8274768269
1915,0.139,2.96772238773073,0.0869462609821428,1229.55529209715
1916,0.2815,2.36338167645924,0.00505993499402496,13480.9660940637
1917,0.412,5.0591815786251,0.0104683428323695,17084.5225496225
1918,0.3825,3.11965703280711,0.005429464683713,18390.4484552157
1919,0.425,5.44924638305891,0.0115633255789117,16948.1718423912
1920,0.2215,1.7956229590897,0.0156825291502675,3797.45099323134
1921,0.1625,4.54817059378117,0.0578364503867857,2590.33494614573
1922,0.235,2.59163978397263,0.0119715717695599,7059.26692711756
1923,0.4175,4.26499579800807,0.0176262894311227,8774.44945095105
1924,0.3095,3.27654564095753,0.0169782127277388,6868.91448110835
1925,0.3165,2.84757143906682,0.0122231239456692,8111.2149743027
1926,0.1215,6.87909323415071,0.0363749599709488,6721.05401211498
1927,0.3685,3.83324282661257,0.0200942463416199,6846.98743299131
1928,0.249,3.82670909589817,0.0103291311747785,12111.4827653384
1929,0.197,6.42764784589504,0.0295940089323627,7847.60645208156
1930,0.331,2.72257529453669,0.00899101912696388,9964.09661936834
1931,0.383,2.82755614777587,0.0151769231517044,6707.70271655561
1932,0.3435,2.74561746604234,0.00562053547026276,14920.5495952618
1933,0.4525,4.6205363283942,0.0069639623520029,22606.9944050475
1934,0.4465,5.32912777651817,0.00774465663802402,23915.0258621235
1935,0.1455,4.42894754796686,0.0342300064460009,4292.47191194468
1936,0.19,3.56975050081372,0.0360832514185058,3552.33970460298
1937,0.1115,2.16178729010193,0.052290653297928,1470.23358089631
1938,0.302,2.03001999538567,0.00629189283923381,9818.99165305752
1939,0.2705,4.30671827834124,0.0122866417847876,11934.1665114858
1940,0.228,4.2338661961761,0.00728872415417496,17629.1406336503
1941,0.2415,1.55692058225666,0.00544966795524223,7894.12309158557
1942,0.1745,3.35405485380663,0.0152620788359696,7280.92297380875
1943,0.2915,2.11268425470456,0.0374626550747419,1983.84771436042
1944,0.3105,2.05830254522674,0.0119032931323369,5894.15600274075
1945,0.191,3.51799365701155,0.0199139222690631,6084.49251922835
1946,0.3895,2.79072174690849,0.0192991151668871,5184.6050656328
1947,0.1755,4.2575880106062,0.00951757335837753,13369.8986301545
1948,0.341,2.46014216816736,0.0129912169056657,6642.84101258521
1949,0.1695,2.35694699990691,0.0132131573851011,5635.42599114639
1950,0.2,3.61400609032453,0.0298657909461869,4245.64225181227
1951,0.2145,4.30621380138682,0.03234256419935,4794.7064826577
1952,0.4135,3.00240065607659,0.00922684915871459,11222.0047980381
1953,0.217,5.25197123966694,0.0198739738373041,8933.59015029769
1954,0.1915,2.51613242075541,0.0826749266530254,1101.43566262684
1955,0.355,4.40758185598859,0.0158110648230709,9944.0459389413
1956,0.127,2.35591527303571,0.0428046889103746,1905.79828042934
1957,0.3055,6.47895426630344,0.00937766383716569,23457.7496092574
1958,0.22,1.89323519731862,0.0121066894675958,5043.72482767407
1959,0.2685,3.35194922599006,0.00794253217055716,13379.5532271393
1960,0.2385,2.76791306858243,0.0111456708983219,8186.82989771132
1961,0.1425,5.36151697152005,0.029781184337981,6172.74193742565
1962,0.165,3.31030253909019,0.00684024447979255,12922.3149269598
1963,0.313,3.08979047558545,0.0091036262527516,11377.6895298787
1964,0.261,2.92511944790702,0.00663256927353544,13273.6442837857
1965,0.389,3.29598193581746,0.0234693328927809,5168.75410929619
1966,0.156,6.71374539225196,0.0428677394879153,5605.1456485389
1967,0.2965,2.13442021292462,0.0164649309267071,4491.16288890061
1968,0.1955,2.58788953573684,0.0161727118225812,5382.80672928414
1969,0.266,2.0209772735684,0.048147311000679,1537.58827323816
1970,0.29,2.38639087571626,0.0105096722362493,7613.97305233017
1971,0.246,5.48710222034508,0.00698395019805885,24089.4569391443
1972,0.4345,4.4057799329709,0.0118298025766576,13475.4371669916
1973,0.186,3.26670359408112,0.0126878146226978,8332.68128587679
1974,0.2075,3.56606096073795,0.0316735851032425,4000.41724787166
1975,0.1845,1.7742160703155,0.0209144308415988,2855.36536795141
1976,0.392,4.85075039966911,0.00605927440711853,26219.165845048
1977,0.3545,2.61801743761592,0.0070966437249509,12005.2773910823
1978,0.429,5.34269414140516,0.0297758691222988,6452.92598697066
1979,0.2735,1.72347841984588,0.011190687057627,5023.3709581319
1980,0.339,4.97495711320185,0.0203864751077609,8733.77745381554
1981,0.102,2.58593614895756,0.019488290204923,3996.83922068886
1982,0.3395,4.81863582763226,0.00880486345703086,18552.2864075241
1983,0.1815,3.21618239709728,0.0145318845359983,7252.79154143139
1984,0.2105,4.08914827179849,0.0315541360232029,4453.9039847846
1985,0.2615,3.6165093198193,0.00574905227143703,18254.4152331831
1986,0.2475,4.10350416156403,0.0083338724008101,15359.3928369951
1987,0.294,4.45278947595166,0.00828718067435179,17659.7991119466
1988,0.3045,2.88349202112334,0.0098828403576388,9897.03361262739
1989,0.2235,1.55430958546761,0.0142010218590101,3640.72090330602
1990,0.361,5.57334268626261,0.0108154288502022,18246.3352022236
1991,0.285,1.85588127432551,0.0129726255411694,4826.25692790575
1992,0.1235,3.13873123727757,0.0528941606122301,2079.8923490972
1993,0.3655,2.40813301981921,0.0119918450836778,6973.22829719392
1994,0.262,3.00995411418192,0.0505374846999105,2163.24252715014
1995,0.1155,4.00740323427307,0.0254959438639347,5103.93015900485
1996,0.27,3.51629868942962,0.00703553768812208,15688.5054920123
1997,0.2135,1.62529888952325,0.00725969574257055,6350.11341107872
1998,0.2565,3.10991919548651,0.00784961757222663,12423.761899735
1999,0.3425,3.42742605131161,0.0125028139564587,9605.1503928644
2000,0.288,2.19678767635869,0.0094895714504238,7570.23907718982
2001,0.163,3.19670992506467,0.0244366393695034,4500.25422763738
2002,0.4675,5.79194862669006,0.00831368745382378,24426.0679962177
2003,0.234,3.77398548855507,0.00499610404718553,20901.7323786047
2004,0.294,1.98885369649714,0.010539825946289,6247.249873401
2005,0.4395,5.66156165736307,0.0108742147258972,18752.1153742406
2006,0.166,4.43349131064391,0.0161284961056371,9088.78930766972
2007,0.335,2.55424624569138,0.017948108303446,5021.25030178442
2008,0.136,1.7508588253329,0.0258258205129806,2253.58293234287
2009,0.1045,2.80335076941877,0.0563592857331787,1595.22294260625
2010,0.3,4.22979780719547,0.0222153621299553,6745.91933496723
2011,0.2635,4.28023909215826,0.0133360165355692,10918.3640936456
2012,0.25,4.45020436716581,0.00604805245581526,21585.1066435283
2013,0.369,3.66490806755033,0.00601880811717872,19681.5386708184
2014,0.206,4.49851842659315,0.0542584420747713,2894.06423907973
2015,0.139,3.44829783585199,0.0148102965857768,7301.26319628648
2016,0.096,2.6667565724925,0.0662762622944781,1382.1532777969
2017,0.2275,3.57974622996095,0.0156774611462286,7594.40382046923
2018,0.2185,3.80976341640751,0.0182016887498212,7210.68325659231
2019,0.1395,5.82744263075062,0.0588969243757731,3533.25829823406
2020,0.1735,3.42947619644868,0.0132649376359555,8279.1704131371
2021,0.1785,3.09853387476749,0.0319489200941289,3479.09042814307
2022,0.328,5.5924340433391,0.00879906580329709,21494.5539690321
2023,0.197,4.57942059598667,0.0174740101118867,8965.03825588853
2024,0.2915,5.4193346231972,0.00727529949006266,23714.8757123893
2025,0.163,3.48527286938011,0.0165930213636481,6939.9307958863
2026,0.233,4.1199795294467,0.0103642678768257,12808.0022770565
2027,0.2595,1.70444013703136,0.00396932388867088,10964.7117110818
2028,0.2265,3.03567173335822,0.00970807411347131,10014.1633364856
2029,0.309,2.06639466871986,0.0128488429282053,5523.34527776032
2030,0.1995,4.49584295110561,0.00661467577657246,19522.7644164925
2031,0.472,9.19690853805657,0.0141113048773699,24040.7954673694
2032,0.285,1.86888538023601,0.00656477613391332,8696.93146239839
2033,0.441,5.02990255570181,0.00973760254734255,18332.4777274105
2034,0.252,3.30246009805043,0.00419576762977793,20821.3810420384
2035,0.22,3.59209000549611,0.0166017470956626,7467.20633909646
2036,0.395,5.49974985142583,0.00628425600664173,28941.4328129826
2037,0.129,4.32770940448073,0.0124953126513101,9977.9481754934
2038,0.346,2.34878825998655,0.00598236265284451,12156.3424554726
2039,0.286,2.41988587558783,0.00683731023157244,10927.1073731417
2040,0.2725,3.34803503889634,0.0114684562005415,9771.95701418532
2041,0.256,2.91719999886571,0.0152270812202674,6546.45992409491
2042,0.1475,3.56490464771616,0.0175411175231251,6579.04601818265
2043,0.3475,4.18395525377764,0.00649041299916031,20941.0238145428
2044,0.2615,1.70523214117194,0.0141423410244444,4080.77062188302
2045,0.1605,4.43490321522738,0.0179102319273025,8238.00218195391
2046,0.1575,2.82847145370191,0.0300885648052545,3307.70721202895
2047,0.1985,2.40634476095484,0.0152944258592234,5149.49459378383
2048,0.2805,2.50989903405713,0.0497948174834702,1853.89460387971
2049,0.3005,5.12159054013176,0.0267455588549567,6645.50096493566
2050,0.2015,4.17073909772382,0.0575650810462237,2391.70213719245
2051,0.3755,4.64252893157265,0.0200978078342371,8345.03805177519
2052,0.232,6.19632546019501,0.0106916772268453,19132.9588798848
2053,0.202,1.99196653631193,0.0212252109466156,3222.30570700459
2054,0.215,1.71194668458813,0.0109234575373497,4912.63955739811
2055,0.195,3.93472874800255,0.00695892249381531,16163.6014475308
2056,0.2405,3.58574015499861,0.0091167906410633,12606.3971723424
2057,0.138,6.09277581211472,0.0366699241023015,5894.68215096238
2058,0.2165,3.66681309328268,0.0180492784705326,6923.37801570135
2059,0.407,2.86422192034615,0.0140632818429077,7289.1724873243
2060,0.127,3.44066005450536,0.0144685490500621,7183.5751106117
2061,0.1725,2.64235105807671,0.0288666014357383,3109.37700376893
2062,0.3025,2.15831350742351,0.00834662418757746,8258.30700570232
2063,0.198,4.03748327310364,0.00944043509567275,13038.9754611272
2064,0.121,4.3607600155804,0.0400957715817739,3675.55403719634
2065,0.306,2.27175378592649,0.00571625724846806,12173.3704742224
2066,0.212,3.81570316515421,0.0204369802019901,6525.84478493939
2067,0.307,3.10217999246695,0.0120523637219329,8772.38520396087
2068,0.2195,6.24809469939384,0.025713754953885,8444.71670158248
2069,0.2355,2.88843931252393,0.00676144696637438,12871.0532750144
2070,0.455,5.22056335532717,0.0116274767903441,16229.87288946
2071,0.1815,2.81950927596862,0.103883934358402,950.332486810864
2072,0.1795,3.28155763143497,0.00542513245836049,15659.562121376
2073,0.3355,3.87607195083597,0.0346872364036986,3875.14703119141
2074,0.2365,2.01292435792697,0.0173424994107012,3989.10964783103
2075,0.251,2.5308123395268,0.0248837149280626,3680.54426684751
2076,0.1685,2.32816353159658,0.0895262258926098,907.202299065559
2077,0.166,3.70224019131476,0.10395623326858,1279.03803952231
2078,0.462,4.5586307707514,0.0081516621105404,19452.4191720203
2079,0.131,2.93006139033977,0.0238133798145723,4089.89811831373
2080,0.305,6.29175597138184,0.052496115145883,4320.54851404639
2081,0.19,4.14231491002834,0.023004480238043,6227.71688222562
2082,0.2745,4.30944646681298,0.00960866906327947,14908.461261
2083,0.114,1.46825455703823,0.0286881344017141,1685.03066339859
2084,0.429,5.08105234109637,0.0145696646619108,12767.1379557565
2085,0.2215,4.26248904693747,0.0368895552480166,4236.94684558581
2086,0.3,3.41959262283623,0.0159544192776029,7513.75357467632
2087,0.2595,2.99458487765026,0.0121768347037021,8350.14966021864
2088,0.0835,2.70791103012441,0.0314809460906874,2763.71732029632
2089,0.3495,3.33544071525735,0.00841445105103367,13325.3039042101
2090,0.1985,3.99091726458357,0.0437941227531128,2943.72312667193
2091,0.353,3.47757893536829,0.00710608622601053,15970.0820977307
2092,0.4145,3.91204767419695,0.00774918613500811,17268.111590434
2093,0.407,3.83931146016144,0.00837920213376855,15806.1934098431
2094,0.3195,2.38004277480759,0.00793078393720356,9778.82831617389
2095,0.208,2.95590119009633,0.0777458295001177,1396.58592404988
2096,0.1965,3.69205228668732,0.0130089537689275,9254.35106040548
2097,0.3335,3.2794613756349,0.00857236233305041,12693.5616922926
2098,0.1825,3.93754662437552,0.0154017194569088,8554.70184778933
2099,0.3095,3.79440193753533,0.00989725088417421,12920.1644520159
2100,0.401,5.5263614324855,0.0104784051464473,18665.1350215899
2101,0.305,3.22058794269246,0.00696512887262144,14585.3673427629
2102,0.107,3.56249235760721,0.118558419230409,1000.22161172161
2103,0.166,3.44730930857111,0.0212085890266448,5490.94668438223
2104,0.2745,4.73401312788076,0.0313874907990102,5544.9615125386
2105,0.255,3.08305375554536,0.00946730529782921,10598.3231513058
2106,0.3065,3.87722968062582,0.00583803313685443,20467.2660444743
2107,0.273,4.43268305196467,0.0169188758813135,9289.68808211506
2108,0.318,4.44147720881925,0.00962667881643466,15711.9707012466
2109,0.344,3.65432789281338,0.00769068935044092,15746.4414602602
2110,0.3785,3.81906907746236,0.00735216585751685,17276.3678510736
2111,0.213,1.76260008066854,0.0141084177193804,4107.37953087819
2112,0.3095,3.36942545049684,0.00697384675883425,15271.0414724942
2113,0.1745,4.81807835248657,0.0546268638188892,3182.43037091626
2114,0.3395,2.26194260832305,0.00766221349607706,9445.0498493795
2115,0.129,4.03128388060525,0.0961230893936019,1511.77453505218
2116,0.2185,5.43416419378526,0.00853229077993561,20067.3259087724
2117,0.3425,3.73815374968603,0.00916161316971941,13920.6806331952
2118,0.243,2.44535972962987,0.0240625666675428,3608.91506362004
2119,0.2015,3.55624346013446,0.00817562194807799,13166.874458537
2120,0.288,2.07924184736755,0.00998708290923472,6791.40457661613
2121,0.2735,1.73711859377958,0.0179186503108564,3329.22712687771
2122,0.369,2.7696844643444,0.00857564374866687,10917.0156846215
2123,0.193,5.40300493054425,0.00716948887917783,21988.1760062217
2124,0.342,3.56357970145782,0.00922521119770024,13144.2298828092
2125,0.3305,2.50550666571122,0.00638547040064908,12174.9488351796
2126,0.2635,2.629323239165,0.00808587767563497,10025.2582448543
2127,0.2925,2.98485644027659,0.00417253374244475,19811.1113062095
2128,0.1475,3.00961029618647,0.0421030914549822,2501.39582194917
2129,0.3005,2.81579704732478,0.0105428479113602,9108.56715862257
2130,0.194,2.96592584220159,0.0308052412532516,3449.22466408024
2131,0.155,4.16214832877189,0.0674657213583902,2236.57945680563
2132,0.3245,2.04855836232626,0.0293845926155531,2529.6738784235
2133,0.2495,2.66157416596729,0.0526639118555816,1875.96570806035
2134,0.3095,2.40279327208501,0.00716379039467521,10690.7459116937
2135,0.275,2.37342463841464,0.00384485124919616,16140.6439081813
2136,0.376,4.00150118958998,0.0153557453540653,9258.77313694693
2137,0.291,2.15436758564626,0.0067601153518067,9782.22090038102
2138,0.194,1.78193476349421,0.0156873046348988,3777.64836220673
2139,0.258,3.44590616451164,0.0101555524955759,11145.7842306098
2140,0.1965,4.49495367787901,0.0285884368766919,5361.2904032775
2141,0.151,6.25840816527083,0.0460502620346657,4943.2159231495
2142,0.3485,2.30299820311922,0.00994482847046615,7887.71410986564
2143,0.124,3.17619568955039,0.10732815675496,1048.19526202502
2144,0.2515,4.70268609914498,0.0147373529893232,10966.3832588144
2145,0.227,3.98614664350662,0.00662412953839523,17667.1762346827
2146,0.2265,3.40786763369907,0.00753946649682034,13905.410495283
2147,0.2305,3.59445187549286,0.0098312519594483,11620.671736777
2148,0.4075,3.60048096958471,0.00688463915311521,17278.7295983509
2149,0.2115,4.62714654583316,0.0189340953602838,8607.80956446023
2150,0.45,3.55590923237527,0.0235286243412825,5634.13662405331
2151,0.2195,2.5536121785327,0.00819995061720698,9352.18966184258
2152,0.1735,3.5710487399905,0.0136107540796081,8476.26460377993
2153,0.3625,4.65127792414462,0.0066949980604413,22823.1896918065
2154,0.2175,1.74384894122187,0.0243225560978328,2488.12496327079
2155,0.4135,2.84872422094065,0.01428661989249,7155.94320467999
2156,0.24,2.11270865338775,0.0145420660204411,4856.91442441132
2157,0.346,2.38981793384526,0.0100104932587464,8067.80180124224
2158,0.2135,3.30899469888875,0.00461639128040254,18701.4781415242
2159,0.2215,4.15304593078904,0.0231819232674424,6243.73765951629
2160,0.3725,4.07217479160872,0.00746547220471509,18329.5654899592
2161,0.3065,2.21165714090833,0.00642510543900238,10720.8258110585
2162,0.1675,3.58441571272517,0.0575799800615519,2261.06941117088
2163,0.1515,5.52318210329928,0.0516007103933428,3895.80181087004
2164,0.461,6.08384020021395,0.0179834440313804,12598.5564352999
2165,0.473,7.01558157032423,0.011548674444428,22273.3623291019
2166,0.248,2.63614178945171,0.0111167193893855,7852.91071299292
2167,0.118,4.37968344918144,0.041832380569646,3652.83570617355
2168,0.3285,4.70922126881962,0.00938914944657869,17121.8903214548
2169,0.199,3.32612516854973,0.0141990522281854,7751.78268346442
2170,0.283,3.94024191594945,0.00784073233031109,16103.2172751131
2171,0.1935,4.34744029153021,0.0386842799561978,4143.13689979172
2172,0.2355,3.32322550833339,0.0160884013510562,7158.54792721877
2173,0.344,2.9010274001678,0.0154297480117679,6761.19229963201
2174,0.2415,3.93902209714015,0.00706627951669583,16823.0001993244
2175,0.4365,3.57990949616019,0.0094075815028993,13426.8138313325
2176,0.2935,2.29691084602634,0.00882140374702386,8507.8716385547
2177,0.2835,1.98946599695624,0.00647980497544946,9391.3581212947
2178,0.311,2.35793231236585,0.0091023121644402,8624.17133242784
2179,0.242,3.46109062733659,0.0202549829978198,5902.88501322067
2180,0.2655,3.46711308378376,0.00844573165174824,13143.7925923829
2181,0.157,2.59136909687255,0.016998845973509,4936.3667460392
2182,0.126,2.03672985100586,0.0737043901222658,977.523499721557
2183,0.3005,2.58388442216187,0.0114095475799868,7633.23134572687
2184,0.3755,2.62439522249881,0.0324949652278251,2928.83260382771
2185,0.3005,4.30283677821063,0.00510519641424902,25000.4312230311
2186,0.122,5.27924668945666,0.0239076623280157,7316.39298844171
2187,0.31,2.21159525417752,0.0478461387982365,1695.34257022048
2188,0.2935,1.86060748428956,0.00654743746758742,8721.36777052452
2189,0.1195,2.95723319081357,0.0532712437518162,1947.75566711051
2190,0.3365,3.84121085305201,0.00990218223366585,13256.0529510308
2191,0.442,4.68598859952183,0.0156093947802161,10914.8832728983
2192,0.2535,1.71271299782315,0.00813858620988314,6505.47526378004
2193,0.3755,3.98209429983689,0.00681396496872867,19213.3197399045
2194,0.178,5.41350612747567,0.0221738798455426,8433.42161436697
2195,0.1735,4.23107027486918,0.0120778156766455,11036.3670562394
2196,0.3485,4.44760256858895,0.0371006852768095,4436.79056438749
2197,0.2555,5.03253290831548,0.0111728256855805,15201.4841894757
2198,0.186,5.33360901778101,0.0472610746207885,4153.84158553453
2199,0.1765,5.67215049247336,0.030106101603085,6757.35065190059
2200,0.0855,2.47598842830907,0.0686303902355585,1245.31511625637
2201,0.273,3.61894151994522,0.0231386106737882,5523.51509854609
2202,0.2105,3.13451266749472,0.00958461958608947,10213.2776498173
2203,0.211,5.69704143140427,0.0574885640816994,3632.42673304631
2204,0.3225,3.86027474355582,0.00685156772262063,17741.5115072873
2205,0.228,3.07853316651682,0.00696348001442046,13039.8230929922
2206,0.1535,2.70976665341987,0.0320007656778883,2875.29763026306
2207,0.21,2.18256428194164,0.0264156235885129,2938.58336691575
2208,0.3975,5.66177122667078,0.0111554333343606,18166.5260757345
2209,0.4625,5.91035712196125,0.0111617845460714,19071.1017710856
2210,0.387,3.34882443330132,0.0172956705377821,6999.41827938986
2211,0.3605,2.47841538126482,0.0140807120787414,6278.87358353684
2212,0.1595,3.5517796983008,0.119174943825294,974.954109239177
2213,0.321,4.42208816047242,0.00728952100814074,19828.1421746535
2214,0.1365,4.0482676912422,0.114360870965353,1199.05096060724
2215,0.1695,2.40695883258236,0.0509449396865279,1730.94084412734
2216,0.135,3.0236847062024,0.0206077059535412,4688.44338188591
2217,0.1505,3.02549355004261,0.0764840310066588,1428.23969088445
2218,0.2575,2.37931180912082,0.0228400373941229,3730.44724021558
2219,0.0995,2.52881396820134,0.0440864835207546,1970.79302359757
2220,0.2725,3.21230854417522,0.0630916952175825,1842.84365034881
2221,0.1535,6.41874909689747,0.0266147926834857,8444.37822326408
2222,0.2465,3.12375331400532,0.0181160983185335,5975.76767186734
2223,0.3025,4.1092817401013,0.0115116730014744,12343.2164156936
2224,0.2005,2.60534503025589,0.0101545575278379,8048.61616458106
2225,0.391,4.06619125244405,0.00972125601536782,14490.5344554777
2226,0.2405,5.11561654679344,0.0161652757628135,10980.241635914
2227,0.262,2.26244075437945,0.011375477096394,6696.416105647
2228,0.4125,3.44230176966598,0.011054542848627,10921.2334607042
2229,0.246,3.41098721936435,0.0123281897642932,9266.38097706613
2230,0.142,2.39836124068144,0.0260094868269086,3112.31850589767
2231,0.2145,3.6565075349975,0.0139388271473225,8683.29820868047
2232,0.442,3.95124636543404,0.00665748792203712,19995.0938541981
2233,0.256,5.5896451589821,0.0244487443118811,8288.3822764224
2234,0.383,4.71628177614226,0.0095112069413437,17372.7373345004
2235,0.1915,3.89788198727578,0.0189468892114947,7001.84858928905
2236,0.346,2.51571768055141,0.00890106948393795,9438.31198953904
2237,0.377,3.10256339038275,0.012876427920493,8567.13217782958
2238,0.341,2.71132355322131,0.0105805473246714,8787.4313291269
2239,0.183,3.76476361449139,0.00742648834333658,14519.4660003771
2240,0.3925,4.34070431254862,0.00787886324815919,18740.8086978901
2241,0.15,6.63168853802085,0.026237145023295,8683.94105970006
2242,0.199,2.63995397637617,0.0152127348987673,5759.30009359091
2243,0.223,3.48362512941542,0.0583049765567919,2107.53282462981
2244,0.3515,5.794570334735,0.0394582020591667,5520.99933054358
2245,0.1485,5.61218738291594,0.105706547964563,1902.18291040148
2246,0.118,2.38034498317118,0.0837838898619937,1016.54962699861
2247,0.1095,6.6291579636273,0.0590416783660046,3994.11685998941
2248,0.1495,2.58994312285475,0.0796353925535601,1116.87825657809
2249,0.3115,2.45215266910373,0.00551626182300898,13389.405803086
2250,0.237,1.88733539272149,0.00876960025395612,6671.03165917332
2251,0.2705,2.71049820254237,0.0158116520184423,5958.82474540007
2252,0.268,3.8539745211417,0.00959136152924526,13163.3388612874
2253,0.214,3.64774787112199,0.0110431535893362,10727.0509887379
2254,0.288,2.03109739376245,0.00478008076966533,11956.7026357288
2255,0.2165,3.72074006090574,0.01081319950128,11114.3811705507
2256,0.1895,2.62154790501607,0.126579341713937,683.601748910565
2257,0.3335,3.72528334295173,0.00788985748207533,15648.5685078283
2258,0.244,2.33589033031341,0.0108466826551422,6959.95842116925
2259,0.249,3.71270678175381,0.055094710371379,2497.60790189326
2260,0.317,2.51856137049718,0.0138360865144046,6231.12529624285
2261,0.1205,4.58119360855759,0.0189433683709389,7681.78502879079
2262,0.2845,3.28896702656489,0.0124239582955305,9070.41113228533
2263,0.259,4.33947644439874,0.0322978513439839,4723.87330779594
2264,0.2495,4.32673263277445,0.0135474049789472,10908.1909563759
2265,0.281,3.91486183182001,0.0119780197019812,11020.0520797896
2266,0.1915,2.33015579329724,0.0232359820069141,3479.43097045717
2267,0.437,5.08427341601469,0.0130080572858254,14117.734846646
2268,0.0945,4.72257371589741,0.121188968171161,1193.9826216495
2269,0.2165,4.53844777434785,0.0091919418372542,15584.6382401259
2270,0.2445,2.36663850332702,0.01845557638915,4457.22211102374
2271,0.237,3.7319435840636,0.0566394845578827,2338.40147069586
2272,0.199,2.75634616202405,0.0686643191395446,1348.79801258716
2273,0.1795,5.01769141835352,0.0298846638070861,6015.00246787575
2274,0.445,5.75365378991951,0.0084635297669351,23845.5636353621
2275,0.177,2.61678443706207,0.0248772366220958,3578.54191007689
2276,0.3485,3.12646461062059,0.00940346404436079,11333.7807621402
2277,0.448,4.48273258697695,0.0100193612139318,15724.1250018396
2278,0.358,2.51048737518589,0.015425796960896,5763.03592511545
2279,0.423,4.77824386334373,0.0108692254671002,15743.4044118889
2280,0.143,1.80895782500207,0.019617886466304,2964.25156264515
2281,0.256,3.15658773951729,0.0110445835029374,9522.2122714953
2282,0.348,2.70837938615942,0.00392477521732197,19570.1533553606
2283,0.3355,2.69450647594865,0.0148751562896556,6394.82414320584
2284,0.2315,4.37273571547757,0.00728452806876786,18032.8985325556
2285,0.329,3.63711602103089,0.0061790711007512,18764.438280177
2286,0.3285,3.82576713823067,0.014065636475,9644.61114676725
2287,0.256,2.43130478633256,0.00835420953110655,9123.48733350018
2288,0.268,3.16097245625195,0.00420990423364276,20113.8135235878
2289,0.2135,3.8313380410099,0.00800876081445481,14497.0684379659
2290,0.297,4.57976801374689,0.0177011677754133,9075.37313263928
2291,0.122,3.85790053114795,0.0408826236950317,3350.82467257119
2292,0.253,1.92196063048132,0.0121427021167371,5151.94723003347
2293,0.3795,3.13315286973011,0.00800232974117349,13182.6204868914
2294,0.349,3.70047032723692,0.00907453768705453,13888.3969318063
2295,0.2765,3.36595475760548,0.0249791792003184,4788.85281764172
2296,0.2925,4.16904781148398,0.00628432807263491,20625.3151992591
2297,0.242,2.82571707240499,0.0117607264158112,8184.9602867295
2298,0.108,6.41024069400651,0.0426500503997039,4979.26725351878
2299,0.2805,3.09889595535887,0.0103110496153147,10045.2353522552
2300,0.224,4.3542770097983,0.0114009273020543,12501.9985891609
2301,0.2575,3.59595210743499,0.0103009228229369,11480.3514169027
2302,0.239,3.35578856128806,0.0147366115703656,7756.4534580875
2303,0.2485,4.99055370645483,0.00788771542558797,20097.23429901
2304,0.4325,6.50202993460726,0.0338770449967653,7415.55070972459
2305,0.3,2.31957719988922,0.0111238091296312,7015.80063922435
2306,0.3435,3.39058784394833,0.0104266068142136,11217.7181239864
2307,0.418,3.56248713601972,0.00702356864408781,16893.1103045533
2308,0.296,3.11022684174942,0.0153383240286212,7044.83258037257
2309,0.27,4.99246901476883,0.0112109244183706,15001.9149262965
2310,0.3075,4.13208072831653,0.013324627781166,10820.5047105559
2311,0.356,3.51226127438638,0.00674837422701928,16949.6141201917
2312,0.2685,3.50588860877536,0.0136641357393486,8834.25916444395
2313,0.235,3.42383070742119,0.00717056306905523,14485.8539620969
2314,0.182,4.30458199685615,0.0243924275646679,5920.32690314676
2315,0.3155,3.62916095241985,0.0072794234474392,16026.9682450207
2316,0.2555,4.48035960873367,0.00988078955079371,14943.2448370877
2317,0.368,4.26685957473866,0.00953583474641368,15409.5495814979
2318,0.138,4.26995704319163,0.00900085273424506,13176.1096713151
2319,0.2165,4.35555311601143,0.0840413887855666,1821.39272426908
2320,0.1975,3.70418959161303,0.0162450583159184,7664.49413939328
2321,0.1225,1.81873494191579,0.0795442844524299,830.134946929868
2322,0.108,5.72927758520967,0.0462363032656195,4305.47209210578
2323,0.172,6.52470876286675,0.0362704249408495,6580.80663105298
2324,0.1855,2.44288230611406,0.0780199311297425,1126.61617485197
2325,0.3095,2.66368181713616,0.0102947066045883,8738.76219058485
2326,0.144,3.28272587408526,0.080241810606874,1447.48141706958
2327,0.1725,3.56970951497704,0.0674034564272647,1956.71716060436
2328,0.2795,2.70991582761497,0.00579863752960797,13711.7599343505
2329,0.3145,2.32237048380454,0.0157570185647679,5217.10949336406
2330,0.381,2.75720707615479,0.00749396120639773,12111.6162594134
2331,0.2645,1.92723921420754,0.00889012066964002,6815.08340874639
2332,0.1775,3.39272365402122,0.00947397227906318,10670.4975981395
2333,0.244,4.28619551418342,0.0138194843383512,10507.6750053995
2334,0.4315,4.35405282298271,0.0667393133721576,2437.81679462071
2335,0.183,5.1638537916178,0.0429195286236154,4245.73662702166
2336,0.155,3.26174034752501,0.0258164115768919,4240.56201312153
2337,0.319,2.30195705484936,0.0198369822707758,4096.52893211689
2338,0.3105,2.37072613292578,0.00446124102639728,15047.6911811198
2339,0.151,2.6519021396372,0.0331044610131945,2859.48219116602
2340,0.165,2.86345518372347,0.0230688579561339,4253.63042846628
2341,0.308,2.38139911393492,0.0207851943653011,4058.55915769166
2342,0.2935,2.2335924030157,0.00414114056827011,14562.3813661275
2343,0.297,4.35771142363148,0.0129730109132297,11751.1063386334
2344,0.239,4.22590456455554,0.0130510385325879,10903.171545663
2345,0.3455,5.62538237366927,0.0117469610481917,16745.0836820084
2346,0.179,2.18544012152097,0.0537047898239921,1382.57819929688
2347,0.3525,2.81065933134051,0.00771554815165778,11952.2847681675
2348,0.2015,3.47766567561948,0.0340981442029566,3767.6050207369
2349,0.3315,4.57172327734679,0.00516230624292169,27201.730807412
2350,0.4375,3.67007981318224,0.0138281865052846,9600.3115183888
2351,0.2105,3.61048606167245,0.0102735076518819,11418.5638312616
2352,0.189,3.19419438502372,0.0764087350358719,1511.22304727694
2353,0.202,6.45917085796798,0.0970027320108534,1858.30155686001
2354,0.1545,5.50449226216225,0.0221354890040973,8425.75675227163
2355,0.1345,3.21652131481316,0.0510260726181017,2287.7522476332
2356,0.246,2.87330663192678,0.0203804772995308,4980.03218353913
2357,0.2895,2.42498834388822,0.00686872970383486,10811.1369567151
2358,0.257,1.99634869513524,0.00786787013912262,7758.33348592569
2359,0.2485,1.93856783484749,0.0177126845693428,3758.05190795824
2360,0.4205,5.78170117828659,0.0367458355932535,5933.12732418153
2361,0.25,3.02667036051491,0.00698599151121279,12996.9128674729
2362,0.436,5.04272356182381,0.00635606588222656,26728.315257372
2363,0.4415,4.75626562496136,0.0166904846332708,10552.1428831471
2364,0.2055,2.7221029360713,0.0085404499405846,9621.29707527796
2365,0.3575,3.69123476433322,0.0124662308331893,10439.4201303742
2366,0.115,4.3190928042446,0.0215282741117755,6552.09578893384
2367,0.2315,3.92516159151609,0.011749701686449,11034.8635020434
2368,0.106,2.69847223626827,0.111453643336696,837.405861136758
2369,0.2805,2.42503297936908,0.0124274814259347,6711.5399567394
2370,0.381,3.01790726702495,0.00891246270320795,11504.382539887
2371,0.1505,3.32847955045482,0.0157838742906427,6737.44623438263
2372,0.4265,4.23621555024234,0.0292425890811047,5500.54010744066
2373,0.255,2.254996241967,0.00495988679528081,12594.4588868639
2374,0.365,2.25574175934695,0.0114108918686307,6871.93725920468
2375,0.324,5.032490291669,0.00923562266316391,18424.5814202813
2376,0.2425,3.60127573804316,0.0175920162618583,7097.43378584362
2377,0.3015,2.36758520275161,0.00964994393062855,8162.30527889552
2378,0.287,3.63150740278463,0.0109686815834635,11166.3759405489
2379,0.386,5.36030051419308,0.0142324937387251,13608.4273017791
2380,0.2975,3.0527441149855,0.011906575065717,8823.28447338168
2381,0.159,3.59652611060112,0.0231839172912204,5306.73881931231
2382,0.3025,2.51137708196183,0.00792993481944061,10134.5515773433
2383,0.2675,4.23063170987243,0.00793119624079566,17123.3523227093
2384,0.349,3.38964700405973,0.00887233809670218,12928.6850367258
2385,0.303,2.69384222111965,0.0109645565412399,8306.6673962296
2386,0.265,2.85958707647075,0.040365157789933,2601.85464098482
2387,0.266,2.83185538025129,0.0073784628425711,11882.0933241741
2388,0.352,3.03605400005722,0.0153779023736892,6993.86402819206
2389,0.2955,4.82481483701034,0.00639967441253426,23557.7825788538
2390,0.4225,2.7862189204241,0.00485332509651659,18105.0500764864
2391,0.184,4.00323147957435,0.00830844900041267,14220.0963262669
2392,0.264,2.07764024021267,0.0290178495176905,2591.56272813901
2393,0.1385,2.91697787960664,0.0532323518107379,1978.89351792209
2394,0.4255,2.96650843519215,0.0112963608266047,9266.7502954882
2395,0.386,3.58764295708778,0.0145939970123511,8799.56443091403
2396,0.3975,2.76162626583404,0.0127338978408239,7620.28032339309
2397,0.439,5.08297402446997,0.0137352143597005,13407.9933780416
2398,0.2355,4.103980621582,0.00769994891749276,16470.2108808635
2399,0.352,2.6033919110288,0.0127866957438849,7135.2330356086
2400,0.336,2.48047356997717,0.037112057393389,2423.76315632274
2401,0.176,4.0730718009238,0.0131163782877777,9951.09112340292
2402,0.418,3.22668496169233,0.00599856733644417,17496.6291485976
2403,0.3585,2.57127959465015,0.0130587405726953,6850.24523744569
2404,0.2745,4.12083411476154,0.00732096595810201,17759.993115616
2405,0.299,4.10454715010152,0.0102612756426689,13566.7489727786
2406,0.3435,4.34189306870478,0.0236835388785507,6524.03818561749
2407,0.141,1.38630053452089,0.0157733256759761,2689.35923516009
2408,0.266,2.24238647121491,0.00829729736914899,8516.9181751472
2409,0.1605,4.9036407888842,0.0143833575020172,11184.9442677888
2410,0.402,3.21208059420254,0.00990516687871294,11335.5790229035
2411,0.215,5.78051947456657,0.122968954918486,1511.19344677156
2412,0.405,3.07144362734342,0.00932955218388041,11313.3659625445
2413,0.253,3.03766670958061,0.0119564094810991,8484.07875721021
2414,0.275,3.79224823943414,0.0161807121876238,8123.02934561331
2415,0.262,3.93521506554729,0.00523324771125346,21693.0837118
2416,0.102,2.13893956840437,0.0279185508026075,2545.49170769317
2417,0.2465,2.97454845018803,0.00985073461113954,9875.7728407013
2418,0.1935,4.13792152553733,0.00921301349512356,13566.5959984655
2419,0.27,1.95806338492856,0.0147995862716522,4551.22019840703
2420,0.139,5.80814220946276,0.0636972919739956,3307.51037667587
2421,0.232,5.06932154051424,0.00602824168655932,24577.1748915165
2422,0.14,3.10513603136488,0.0343437774911974,3016.90827605435
2423,0.308,4.64862371623123,0.0504760963113399,3391.53139930029
2424,0.398,3.62506892047977,0.00933417860467928,13629.9644682369
2425,0.3585,2.39447932419993,0.0120029164503035,6919.04221681109
2426,0.1555,5.87090046610365,0.0107392176358615,16492.7169508053
2427,0.0965,2.08205010051802,0.0568947219773917,1272.20402251687
2428,0.4035,4.13266745735292,0.00942071674402955,15337.556599291
2429,0.264,3.72393089040085,0.0180872080955612,7223.76386422483
2430,0.299,3.15813807821754,0.0062670072766213,15740.7545489943
2431,0.179,3.90199223990189,0.012171382852978,10170.1338513616
2432,0.2685,3.25561286647136,0.00425071667663787,21038.6333490925
2433,0.1815,3.84578834315444,0.0259517648081823,5254.75771055315
2434,0.1765,3.46840139937221,0.0137399054144691,8244.13829600681
2435,0.354,2.68287850782501,0.00629788810273529,13515.5673988564
2436,0.1065,1.6357152848984,0.0245535673415972,2164.23008493469
2437,0.1525,2.86878343095526,0.024832170465786,4021.26549627046
2438,0.2515,2.76008015332124,0.0111199452309662,8275.45126655645
2439,0.174,4.54114614230096,0.0432399286213573,3743.09089018388
2440,0.0935,5.37962997532752,0.0206785885393966,7983.40745069665
2441,0.1465,4.48126750214925,0.0124125467551006,10841.4710389717
2442,0.2415,3.66945042813367,0.0109835873402556,11007.2604708249
2443,0.2765,2.71399415319299,0.00920222259462594,9553.80168412164
2444,0.104,4.34427062148189,0.0277558440109789,5315.45153329601
2445,0.0715,2.20916860278392,0.0572130144480418,1350.27752456426
2446,0.2905,3.29694724867834,0.00654350133865343,15725.807767704
2447,0.2305,2.27278330648016,0.0166050289899091,4730.8147563622
2448,0.2055,4.37174862928247,0.010004127458512,13910.406985588
2449,0.2695,3.21835124537246,0.0203771691398635,5625.49435565088
2450,0.424,3.88910348755575,0.0100089501763241,13711.5488443237
2451,0.159,3.42121284178517,0.0244296811897946,4702.76040255643
2452,0.179,2.49223347319852,0.0226460374618333,3840.56893927665
2453,0.4335,4.4580746438041,0.0117957503707676,13530.3812288599
2454,0.251,4.23109753844063,0.0103285485098391,13607.4555696157
2455,0.1975,5.28194501908968,0.0131305408129224,13360.8588912269
2456,0.162,3.23146311785682,0.0727073848998433,1564.64551097546
2457,0.3175,3.53512859640275,0.0144048280318142,8567.47773290976
2458,0.3775,3.68906452994445,0.0063040759510474,18901.0937602757
2459,0.39,3.46650435092174,0.0149194707115212,8380.51345084349
2460,0.2585,3.09246702662027,0.00678239575619771,14022.4860281974
2461,0.4035,4.3238027938641,0.00844640579148426,17804.7468240923
2462,0.2695,3.05869192282425,0.00631040234239124,14547.5007924025
2463,0.349,2.92401057308813,0.0137973644323567,7524.51728449199
2464,0.2315,3.18125291998014,0.00756943759124831,12850.8616045279
2465,0.1735,3.22276237717892,0.0350235873984093,3217.14549194576
2466,0.2635,5.28510424624109,0.0198834883962093,9196.0733666428
2467,0.292,5.65505862863029,0.0293585638206629,7106.97037640965
2468,0.302,2.32282017949062,0.00856816747432919,8658.94485516434
2469,0.1375,2.26794960928032,0.0171892103152499,4225.17426973432
2470,0.306,4.45645930032723,0.00736342474218249,19391.3996063603
2471,0.3265,2.65426107334292,0.00579061874464748,14003.1387723526
2472,0.42,6.00326074206992,0.0124541545658653,17432.4063152548
2473,0.3735,2.5525778814753,0.00666050316788324,12254.8911323329
2474,0.272,2.43889246855475,0.0112387234649959,7317.07212358818
2475,0.326,3.51238144299093,0.0073528095391167,15478.605158085
2476,0.3465,2.89153713003109,0.00602009288396289,15087.69962991
2477,0.3585,2.48197787792399,0.0155418916751598,5601.68516990669
2478,0.3095,3.8153011890435,0.00834156989062302,15110.9535617478
2479,0.412,3.4441222259286,0.0120236765321095,10149.1571574635
2480,0.382,3.54667285980152,0.0127938485458192,9769.10434401949
2481,0.339,3.86853803790851,0.00918234436266969,14289.5643221312
2482,0.222,2.59224858128604,0.0122355530507971,6961.25136705819
2483,0.308,2.42439527139205,0.0150497111543663,5596.09828434195
2484,0.1115,4.1370440556392,0.0652661268311665,2235.6276492284
2485,0.259,2.43111527339745,0.0182430348759441,4634.7252285192
2486,0.14,3.36428215088628,0.0521931642136934,2322.65507146203
2487,0.206,6.05060618153686,0.0231425241307846,9369.27420436847
2488,0.299,3.40321016857577,0.0139359063014842,8521.67659468308
2489,0.3215,4.30343797435246,0.00759528091587035,18600.2926321929
2490,0.2765,3.60955291392425,0.0261944430876084,4812.61070480288
2491,0.1045,4.20410786302721,0.0838487333101995,1721.11937986422
2492,0.208,4.44737793736385,0.0170419388452868,9017.31464386026
2493,0.1035,3.67028853129912,0.0750194497223244,1670.90303805025
2494,0.271,2.74879230285572,0.0122353400428509,7571.27691182998
2495,0.3275,3.73680469686947,0.00768052445904797,16108.3763996609
2496,0.3315,2.50300906484898,0.0103695464686509,8151.90083017854
2497,0.1655,4.29161246398404,0.00756452500147764,16166.0842092621
2498,0.3985,3.30421718740489,0.0066376320883828,16293.9243085218
2499,0.4005,7.07220315706985,0.00771203615726644,31622.3603740928
2500,0.309,3.26225345944377,0.0107684939768553,10270.7411497218
2501,0.189,4.4184791216078,0.00978780226375608,14166.1362671653
2502,0.1555,4.90368459698105,0.0344341031611469,5006.98944958612
2503,0.109,3.27698025567008,0.0352346646773168,3164.29343445373
2504,0.1345,2.75790829296126,0.0202589412442601,4427.94578732553
2505,0.1975,3.42725015357039,0.0162075768935725,7186.4694584493
2506,0.31,2.5146312886962,0.0100932964982861,8325.21830210386
2507,0.324,4.25876554397744,0.0306640102974617,5122.31271026757
2508,0.2815,3.5168913278841,0.0128595206997752,9385.71222389164
2509,0.429,2.97757713469466,0.0114114036510082,9263.69392700439
2510,0.182,4.27258864485068,0.00747048619493518,16163.9856626605
2511,0.352,5.01575465150613,0.0107134591011718,16436.5732690393
2512,0.378,2.73692665357431,0.0276869487379471,3594.09668262411
2513,0.27,2.78558658459028,0.00679826783770073,12546.0285006196
2514,0.4325,3.35112996017646,0.006405198010027,17380.3838948679
2515,0.4155,4.71492883297315,0.0163757590394665,10511.4263141815
2516,0.378,3.67558166979841,0.00791371943279345,15597.153880191
2517,0.3105,2.80670071584786,0.067763327982952,1527.32334843824
2518,0.3565,4.24757076176857,0.0134061432846608,11284.5292803737
2519,0.198,4.31102693080557,0.0108158133324514,12737.940942747
2520,0.3255,2.57901623075,0.0185295221548465,4965.27281406032
2521,0.2315,1.68189017518678,0.0183542342776599,3155.06278658478
2522,0.199,2.86039145663554,0.0176912427963291,5518.26111305565
2523,0.3165,3.81534633976861,0.00836634955987783,15152.1364014858
2524,0.255,1.81923341302887,0.0128148541434153,4675.04160406321
2525,0.1885,4.46076638202451,0.0107582240342925,13109.675470103
2526,0.3135,3.04714147575641,0.00810204082022474,12317.1137012634
2527,0.1535,4.15154103887526,0.0996473103754445,1393.55728661075
2528,0.2835,3.04868109429778,0.0113729941907658,9063.79130058797
2529,0.22,2.91758994778927,0.021577333346832,4694.51040011512
2530,0.1675,4.51264056316502,0.00775834186003869,16488.6923602369
2531,0.109,3.20502503180047,0.121939454829484,870.186527639419
2532,0.2465,3.29912777899863,0.00567009262314939,16772.6049484596
2533,0.2175,2.36884851759024,0.00795283363762219,8831.77506063425
2534,0.228,3.39348171443386,0.013274777072819,8452.02081170577
2535,0.2565,2.46299323313274,0.0174679992081048,4931.69408953333
2536,0.209,3.25678286125847,0.00742022292668375,13130.8093450286
2537,0.357,3.74598833246548,0.01232700758588,10799.0881728027
2538,0.416,2.86830689829181,0.0073728408343672,13046.6692366686
2539,0.1745,3.27637793023685,0.0717881442036451,1657.59724253746
2540,0.4415,5.27225479176987,0.0121536389253221,15642.0368337118
2541,0.4345,3.66010392564005,0.0077930304664743,16035.7962130501
2542,0.158,4.04411793802742,0.0111784210163075,11041.7448628675
2543,0.328,3.25321557706054,0.0074061832326371,14169.5663364615
2544,0.1135,4.78058489864546,0.0394519669810819,4186.30682591502
2545,0.229,3.98948564088074,0.00512146026119061,21417.7514767071
2546,0.3005,2.0497339909198,0.00487163359385669,11942.3092507592
2547,0.398,3.77881994664399,0.0096371813206095,13520.2510026923
2548,0.1505,4.74854006158918,0.0664381029587031,2384.32477783442
2549,0.212,4.68742229091718,0.0111798531370854,13415.3304606008
2550,0.2725,5.14305050091048,0.0111658201915558,15675.8503644175
2551,0.3155,2.02770109760157,0.0177315611545707,4058.69919865781
2552,0.1925,3.22955497568942,0.0348237178461873,3235.36856288748
2553,0.183,2.59654422635244,0.0365680837249241,2532.23966802498
2554,0.366,3.28150109393233,0.0169900315894364,6938.37576029819
2555,0.259,3.02251433375802,0.00781696813159303,12100.7833879305
2556,0.424,4.19951674411673,0.0237883180676783,6577.7961089387
2557,0.174,3.22310031763741,0.02719411402778,4117.75429292974
2558,0.1845,3.42252775087925,0.0388705715961158,3235.15146475996
2559,0.3515,3.5783474054437,0.00809415864513821,14741.3304390894
2560,0.4385,7.03313244495969,0.0141209318044168,18350.610921981
2561,0.0935,3.03922215801724,0.0258363506384404,3733.7148841838
2562,0.107,2.66148771198864,0.0642178758844025,1458.71404686053
2563,0.1015,2.17148812543486,0.0351692675018787,2097.99999370709
2564,0.2345,4.93755818098559,0.0105996088085355,15513.6440675155
2565,0.254,2.43320095894356,0.0168769758010507,4996.3837016747
2566,0.1105,2.6914916277175,0.0384030844146861,2391.94599097509
2567,0.2815,2.37171272622342,0.0278064527664237,3078.81173780329
2568,0.236,4.22492610684089,0.00725029256939238,17902.9150076
2569,0.2335,4.49905801396449,0.0303960097500253,5539.37847860595
2570,0.216,3.45461134869427,0.00937729198335675,11542.3799862745
2571,0.3525,4.33866985545029,0.0202101071673843,7839.18274086954
2572,0.3375,2.73708471604115,0.0121334417243048,7880.07992660612
2573,0.23,3.99565887219302,0.0163303386637942,8498.24762237966
2574,0.175,2.88353405965226,0.0626220320941904,1622.5607793814
2575,0.363,4.16307494312839,0.0230298663957651,6757.67787639888
2576,0.3425,4.34381524414201,0.0113178078856989,13432.7472270725
2577,0.1785,4.18066448443471,0.0145518091112783,9520.77081371575
2578,0.355,2.87592442201594,0.0101222016085095,9795.70738072439
2579,0.171,2.67193061218798,0.0120437379735405,6987.45451816572
2580,0.2405,2.68514516298997,0.0749679400462711,1325.9318993681
2581,0.1755,5.31416703364102,0.00792670138967041,19497.1194814677
2582,0.1965,3.27830212541377,0.0753556344687781,1585.88898493236
2583,0.3945,3.73601294589401,0.00758413431524935,16463.3108301494
2584,0.169,3.8486943665768,0.00891495680480839,12747.6844811974
2585,0.349,3.00171720100328,0.0171540509050842,6224.62034104078
2586,0.2215,4.42653967040926,0.0115150185748127,12796.6353408592
2587,0.2545,4.00176268928355,0.022744979657906,6224.18476642438
2588,0.2785,6.02150152373614,0.023454520848399,9396.97700343576
2589,0.193,5.04529303222245,0.0367705372894605,4975.73941765765
2590,0.2805,2.77279914945059,0.0136584732777623,7007.73363009243
2591,0.4385,3.78418111163633,0.00960596671417519,13849.659615186
2592,0.356,4.52725793751848,0.059603702267153,2833.40745368054
2593,0.2225,1.95128601208653,0.0185929234223866,3563.06209223847
2594,0.3905,6.78793530783144,0.0374693029297753,6917.17483259334
2595,0.2465,1.92229916543577,0.0130159844438292,4876.34787422574
2596,0.0895,2.58092776461651,0.110324680542578,835.610971441717
2597,0.414,4.72305886986583,0.0129032291079501,13213.3865869216
2598,0.42,3.34374492029134,0.00465655849475173,22519.8444124917
2599,0.234,2.90346056169769,0.00750203533242969,11794.4377212697
2600,0.174,4.45886358670223,0.0192941492634933,7774.42549023976
2601,0.175,4.11188542309208,0.0220374399305115,6547.69466503954
2602,0.2655,2.74855844604406,0.0212681133002763,4607.33473278813
2603,0.124,3.04489086208084,0.103833719661547,1062.63712988113
2604,0.403,3.13138735379742,0.00546068249444829,18467.658326549
2605,0.3065,2.52195745410316,0.00509109648992077,14583.9767050437
2606,0.1975,2.97679717979052,0.0168585863888641,5864.59537210605
2607,0.191,2.73946793768449,0.0151370781527493,5954.82018227138
2608,0.12,2.66669459441912,0.0339065724611318,2623.8237186116
2609,0.206,3.59227045310129,0.00866248522257199,12793.8792905887
2610,0.277,7.11267139753805,0.011211950294638,21900.4552451631
2611,0.1575,5.37706653054946,0.00916751661318394,17140.481214885
2612,0.2865,2.12174001346634,0.0107112684598629,6572.51022203871
2613,0.1245,4.31734188307323,0.0377813757482483,3927.81160800103
2614,0.2495,4.43259639453731,0.00873432580201734,16293.9108821541
2615,0.351,3.87747218482596,0.0129380644056099,10578.827980143
2616,0.288,4.31932797188179,0.0202532895081702,7504.61526849112
2617,0.199,1.53337305187546,0.00942061766040281,4849.55862253785
2618,0.1775,1.44081035271163,0.0131147333630393,3520.75026802819
2619,0.415,4.10160589582262,0.00845877726391332,16687.1622489699
2620,0.297,2.65761886790363,0.00537235985695236,14375.002730617
2621,0.2125,4.01550611992347,0.00728249657964703,16403.6833627216
2622,0.152,4.4652703476112,0.0401034351800274,4030.71631345107
2623,0.2105,6.11471700340057,0.0427762706257286,5016.53840315985
2624,0.2075,1.71106782208624,0.0160494131731462,3489.01455107101
2625,0.333,3.38073186267642,0.00828620635196661,13543.4929509128
2626,0.263,4.58031571376843,0.00648264074976726,21478.6845601763
2627,0.2685,2.19339666673334,0.0036254803631791,15431.112571463
2628,0.196,3.62697147801948,0.0200678381810252,6166.42771402105
2629,0.3075,2.44120679771653,0.00823512731875027,9595.73077374897
2630,0.42,3.52675750066985,0.0105465406282798,11628.4067522935
2631,0.1975,4.43612626667097,0.00708001325077082,18100.6513512343
2632,0.2995,3.58545747891488,0.0259158423449432,4910.53421280825
2633,0.276,2.76289419999082,0.019486257954306,5030.35333025159
2634,0.3795,3.74376239389653,0.0105861353178378,12377.0820441993
2635,0.2405,6.40435679579683,0.011765059895885,18337.3809586332
2636,0.1125,3.41225453596557,0.0383016628527084,3093.52601973579
2637,0.3385,3.46409375964067,0.0907624704700561,1324.23994261902
2638,0.2615,3.92529054167649,0.00830635731677891,14917.1078879472
2639,0.118,1.94136632089456,0.0599828033742685,1131.45499950533
2640,0.123,5.97386740096843,0.0568912180310865,3703.90764501002
2641,0.4035,4.91088367536759,0.00836901142870292,20274.6694068712
2642,0.1975,4.49076018161665,0.00912460892572137,15431.6012704381
2643,0.2885,3.17572727373589,0.0115682822365937,9298.32474329111
2644,0.259,3.53119810937781,0.00491021039089157,19949.4217255933
2645,0.255,3.90016745334197,0.00807122607092591,15358.3125071679
2646,0.158,2.31288763934608,0.0136306561535848,5270.6764268578
2647,0.3855,5.51813462012005,0.0116384908938599,16876.6788782185
2648,0.168,4.20428764918404,0.00838368669434417,14602.1083649169
2649,0.25,3.39836009024233,0.0103115856437302,10777.3072322241
2650,0.2865,3.51008557251133,0.0106592672121892,11137.8818389339
2651,0.4455,5.93956291176024,0.0222889123401643,9983.20842027945
2652,0.172,4.98970445133153,0.0523005564863529,3440.57523255632
2653,0.1245,4.32915334717352,0.0643903479106496,2320.0430881906
2654,0.3895,4.52473594708526,0.0398608352566045,4259.77882243519
2655,0.1565,3.09455277997976,0.0611795589315953,1830.33461953313
2656,0.286,4.6726438085381,0.0209233184633663,8104.91911177879
2657,0.2835,2.79313797384897,0.00499898281079209,16044.6944063411
2658,0.0905,2.61752325160421,0.0394938065427174,2170.74032812076
2659,0.285,3.82253673426578,0.00551874221073105,20495.401086513
2660,0.3855,3.17583364794743,0.00777851307490018,13676.0486124102
2661,0.285,1.86257635451129,0.0161807434011676,3936.74670750649
2662,0.14,4.1235604809829,0.0107192907858238,11100.6430223429
2663,0.2765,2.47192417922738,0.0070479906161059,10847.2043396668
2664,0.1625,2.0362532219261,0.0284501738240579,2413.92767624454
2665,0.132,3.63672544180137,0.0141838631306459,7971.09802322531
2666,0.313,2.22779709303137,0.0131730531312964,5810.01085476111
2667,0.2405,3.73256827761446,0.00784042801382426,14784.7514962269
2668,0.336,3.17967278588053,0.0128378111240502,8672.20257741729
2669,0.463,6.62142854137223,0.0100870534536647,23613.7613290567
2670,0.417,5.45341706581143,0.0118556966223334,16437.2133274864
2671,0.3015,1.84591060498498,0.007332385842212,7775.34117143123
2672,0.298,2.17533936374776,0.00546926447224177,11648.8540153249
2673,0.1275,2.25641582536896,0.0226549098306486,3289.79608209162
2674,0.381,2.57225583903659,0.00622897639458457,13186.902480305
2675,0.193,4.61397658679267,0.0457987526208246,3623.24983699864
2676,0.12,3.27625076313177,0.0242589889418166,4402.51584812005
2677,0.2095,4.52105732557022,0.00808312005139402,17099.2189365165
2678,0.327,2.67603844568024,0.00918593208776929,9724.12161277744
2679,0.1105,3.41454341812864,0.035117350389675,3342.66570022123
2680,0.2705,2.01096179576118,0.0043795671164175,12303.5886768175
2681,0.3605,2.67465218348935,0.00738584315581057,11833.0280006206
2682,0.229,4.06759443467403,0.0365027401566582,3859.38441116875
2683,0.3395,3.26346552007188,0.0102705901684375,10933.4255972848
2684,0.3655,2.51326011287285,0.00739314726287276,11016.6140644958
2685,0.356,2.72051679292882,0.0144288574941374,6626.04487480583
2686,0.1935,6.63994287290692,0.0386961942285125,6376.4768835332
2687,0.372,2.66404326905155,0.0108230732449577,8549.26956875938
2688,0.2495,4.07447399725431,0.00757400468016646,16599.299015493
2689,0.247,5.7892737921335,0.06030084828933,3508.58411451733
2690,0.213,7.13255530112599,0.0405262842395541,6462.31370487934
2691,0.215,6.23656721937913,0.0148986087691698,14296.4712765387
2692,0.2275,2.13977539603306,0.0105198357223875,6545.48384263061
2693,0.1245,2.66268807422293,0.0313692611364932,2955.75084454656
2694,0.2625,2.01902886148684,0.040600675583233,1745.35458255501
2695,0.276,4.45850202644512,0.0794901083606621,2002.32075818981
2696,0.2035,1.99395395914528,0.020782227287552,3306.66230642389
2697,0.175,3.50473760687083,0.00917315784814756,11355.5170719364
2698,0.298,2.3854112535262,0.0242810184289183,3540.37573699743
2699,0.422,4.4674371528871,0.00615794252036025,24041.9304647586
2700,0.4415,4.26898526608728,0.0106317369949765,14346.6318378803
2701,0.248,1.83747262749633,0.0176473375663136,3587.04552529601
2702,0.1915,4.16423631224164,0.00918883096689588,14000.0494462652
2703,0.0885,3.90992479444344,0.0565166319984919,2403.81867350414
2704,0.443,4.75787172950275,0.0120365473203485,14350.8138863301
2705,0.289,2.12428600830999,0.00689727731137442,9352.2328524673
2706,0.259,5.89887379757725,0.014474287374558,14077.1857843494
2707,0.3185,3.46940872747635,0.00693892126674404,16123.5924194369
2708,0.342,3.17518345169119,0.0127662874498396,8689.7458707207
2709,0.071,2.60797998467253,0.0623223853124671,1384.54251398504
2710,0.1215,2.52709979702345,0.0485640000849724,1870.13189163966
2711,0.2695,3.52221857318304,0.0135370607546625,8945.92667515996
2712,0.1265,4.252342537534,0.0666600424126566,2292.49367761264
2713,0.2865,4.44671322968628,0.0137184807865823,11478.8874832498
2714,0.1565,4.0198269252954,0.0117736316461732,10306.1790580144
2715,0.388,3.17411996980609,0.00522873989099467,19037.2755007162
2716,0.087,2.68663133767718,0.0745256897331139,1310.31532630593
2717,0.1245,1.86915843609607,0.060032157422416,1106.54246586167
2718,0.2245,2.94283779139519,0.070807879303528,1554.39601107696
2719,0.3425,5.07181958043079,0.0078212545927797,21480.6940957093
2720,0.2155,4.3458103525718,0.0119299862124344,12233.479721905
2721,0.2265,3.07117744910198,0.0180264064954247,5905.28011847722
2722,0.268,3.48249054837667,0.0166789969341676,7422.86610125446
2723,0.17,5.29045955380501,0.011942633896379,14114.6193872099
2724,0.1055,3.04282801480499,0.0927373750360492,1159.76012253577
2725,0.201,3.54608247540816,0.01575431581776,7490.86412702051
2726,0.2705,2.70920740626236,0.00569435166877382,13971.1702956543
2727,0.232,2.58923758976474,0.0103977157619615,7980.2065747513
2728,0.2035,2.97203673450978,0.0153809373983135,6477.89342169536
2729,0.4125,3.68987055904225,0.00478124277409839,24092.4207894773
2730,0.3215,5.22567269618212,0.0307626010181647,6024.37596707799
2731,0.235,2.20812291895919,0.0201743873497396,3812.06856628674
2732,0.372,3.29875495760627,0.00936209723866477,12083.201968428
2733,0.2525,5.46017626841949,0.020114014747091,9725.51525155175
2734,0.441,5.02529485215592,0.0141806708766472,12827.9609801409
2735,0.312,2.29554686538923,0.00523467119063525,12870.0387035286
2736,0.1745,5.01699285845749,0.0127964259369644,12311.9545898742
2737,0.101,5.2265360417423,0.0992064712598179,1830.87571964808
2738,0.3565,2.73387488566059,0.00835307944956373,11025.6336758766
2739,0.1465,3.64886527915573,0.0443478245340178,2940.57743520068
2740,0.2335,7.21853537243139,0.0321757989426542,8230.25204146296
2741,0.446,5.03666563159261,0.0118345715655963,15279.5847378446
2742,0.3115,2.46940322648296,0.00746137281628777,10655.8065848462
2743,0.3185,4.34086537919229,0.0178920719379123,8511.45046466862
2744,0.201,4.11108724162133,0.0100078427006542,12722.0566053375
2745,0.3785,3.01411008710137,0.0632478173270492,1784.98139433008
2746,0.129,5.57861637011417,0.0608739165321557,3310.66747449849
2747,0.3795,4.49324469547479,0.00560705068838412,25738.0777907148
2748,0.133,3.33239132568056,0.0890150082899386,1335.84105211058
2749,0.1245,3.19075135117801,0.0923183900548213,1246.44477443536
2750,0.3095,3.592342159628,0.00697654599965066,16433.8364115271
2751,0.3025,2.41777284844371,0.00651158754113919,11438.4856141634
2752,0.1105,3.66962932562171,0.0170946703060681,6507.151920893
2753,0.1075,4.02096137491722,0.026726905010056,4924.73962598392
2754,0.4375,4.41702488151842,0.0190570167495865,8527.67885905343
2755,0.162,3.985791021434,0.0142949328979942,9014.42181760102
2756,0.157,3.30541194286725,0.0135608519958031,7718.89707667369
2757,0.2985,3.22105728119665,0.0466445078224081,2557.09850146131
2758,0.245,4.5086489211429,0.00792864773685637,17819.2476127895
2759,0.2495,2.47873585247728,0.0269001230922611,3298.40270972634
2760,0.282,5.07773516189939,0.0111490610050579,15593.7340805471
2761,0.212,3.73096826225509,0.0376472635914174,3559.75487465181
2762,0.409,3.90741716085518,0.00560707063470072,22439.3306708709
2763,0.309,3.11852153542338,0.00957137913822964,10881.4661811429
2764,0.0865,2.6582325895806,0.0204254006294516,3849.88147088866
2765,0.278,3.94649754149684,0.0108734930760575,12196.7516312272
2766,0.2635,2.25339694285987,0.0172950648323898,4563.23216796199
2767,0.2815,1.9381988916634,0.00477555851671588,11108.8345487502
2768,0.18,5.85075951618133,0.0462901817793388,4595.29478534815
2769,0.2105,2.32589070460045,0.00804670136705202,8747.74872946916
2770,0.398,5.58509720874874,0.00854749317626607,22706.9458235545
2771,0.152,2.49972431442523,0.11252345729877,797.229166591057
2772,0.214,3.74002095110149,0.00799391759514857,14222.9062359129
2773,0.2195,2.10177578129676,0.0177436792613443,4029.94809770175
2774,0.273,3.1202459175469,0.014171588442827,7593.89404338081
2775,0.288,3.74817747862907,0.013390171925008,9635.34422543255
2776,0.392,2.96775453305785,0.0124823094419874,8379.7614197965
2777,0.1945,4.10091102504541,0.00964164672755109,13209.1460302513
2778,0.1545,7.69735787174908,0.064273407111356,4288.61428139205
2779,0.2515,3.53814545474967,0.0153535262613696,7936.91144986131
2780,0.3595,3.06529361349272,0.00824770501228726,12428.0647831157
2781,0.2685,2.93279312092587,0.0742337788700835,1424.29250141823
2782,0.272,4.74218414851255,0.0150631439976457,11078.7305668431
2783,0.261,1.82960298681846,0.00800897106305588,7061.53635333646
2784,0.147,3.89932440380321,0.00705002768660739,14392.3831393991
2785,0.3815,2.52479280443074,0.00434206448967742,17381.7681084918
2786,0.2125,2.030892904601,0.0115722926503486,5630.91742486329
2787,0.218,2.75610254902235,0.0363742642377698,2773.80270375362
2788,0.299,3.19101463224851,0.0115345311051366,9481.05148766973
2789,0.3045,2.968487063625,0.00778260841483002,12295.9787892179
2790,0.1225,3.60688331586539,0.0905997742077834,1358.77262860453
2791,0.4075,3.83702352398525,0.0064724704223398,19488.7533137006
2792,0.264,2.00065624255318,0.00416866376623489,12702.3282435344
2793,0.2715,4.28703749515063,0.0563723447726468,2720.48199999893
2794,0.276,2.34943518188287,0.00854336560108764,8734.18718377124
2795,0.35,3.19184074442582,0.0084585405122225,12716.1083815093
2796,0.2605,3.13836848039071,0.0260280082192577,4218.87954608715
2797,0.173,4.62377920010669,0.0131972513135005,11262.1063168948
2798,0.2665,2.95262074063617,0.0143011944817084,7035.31009691237
2799,0.381,2.51129245193441,0.0125684158066433,7054.05353392731
2800,0.2655,2.06739469833327,0.0123754550866881,5605.40897187621
2801,0.272,4.37189381503442,0.0114063315359495,12985.8601565693
2802,0.3965,3.1753485352796,0.00952081343971966,11657.9889442167
2803,0.3825,4.43579352096132,0.0175956941646289,9136.84281556425
2804,0.1475,4.2828195972064,0.0196307226889209,7224.05977814672
2805,0.1595,1.62769290728294,0.03888760129903,1478.72835857569
2806,0.405,3.49604560461778,0.00894377163486323,13341.2461209104
2807,0.156,3.66702349882964,0.01582637878343,7507.85064892202
2808,0.171,2.55550979982028,0.0174829005438624,4834.78240506858
2809,0.131,4.27313103359341,0.0155888612346556,8609.07019010431
2810,0.413,6.25195129707121,0.0124548112876944,18091.3068667421
2811,0.1625,5.22787539291098,0.0154316880109857,11122.7251563036
2812,0.2495,3.578740731582,0.00525816528349422,19372.6432990349
2813,0.2165,3.82615776370614,0.00684003813719754,16501.3189086833
2814,0.2125,2.43486509055518,0.0227823193458836,3724.93640587432
2815,0.239,3.22763652448212,0.0083924299237979,11958.5939096513
2816,0.205,3.48647243665414,0.00852988974324436,12445.2243687735
2817,0.2655,3.47905412482809,0.0101669030180218,11264.8150285448
2818,0.273,5.0463013628115,0.00710803072801745,22451.1613038906
2819,0.338,3.06365436363811,0.00696019549521883,14252.2781762365
2820,0.224,3.60299358684955,0.0174756759213983,7110.54443189219
2821,0.243,4.57343779765817,0.00955992766773997,15574.0561259278
2822,0.4365,5.78838915190252,0.0169389046894817,12658.3249462802
2823,0.2865,3.66415465932619,0.012993138500451,9705.20837810857
2824,0.11,5.21330184640238,0.0813440675370791,2182.6373786834
2825,0.1875,3.06523300661504,0.018576465256927,5706.12526438214
2826,0.215,4.09637598586754,0.0188054028892874,7545.39048606486
2827,0.2925,2.18585405190387,0.00701852244878866,9649.36870281018
2828,0.173,6.6468721338881,0.0413557416222842,5837.290804308
2829,0.439,4.31477647407156,0.00814073443572695,18385.5905111193
2830,0.1765,3.48411172833295,0.0164654660708586,6941.0685471159
2831,0.258,3.61212453547507,0.00649806811281204,16756.3612477277
2832,0.2065,4.11896604912505,0.0294895024615394,5040.5246978819
2833,0.213,4.30567952382187,0.0159336545773779,9103.24333637615
2834,0.103,6.59270730898766,0.0432668869945393,5308.11422403245
2835,0.419,7.38342775872283,0.0175800909985216,15681.2124948471
2836,0.217,3.85706017347356,0.00909688698257721,13317.2428543051
2837,0.2655,2.27621626258044,0.0054375568162701,11812.2619402172
2838,0.138,2.81727861264087,0.0422741693421413,2334.72656404303
2839,0.3085,5.02081346699424,0.0217685662725337,8385.00119330879
2840,0.2405,3.42451483648621,0.00791804875879834,13461.3605061156
2841,0.21,5.20167020396097,0.0617400469145446,2972.82820599347
2842,0.1535,4.34975017982888,0.0995786925414153,1453.90124031058
2843,0.204,2.94293263976833,0.00970902028979394,9399.26050983581
2844,0.3435,4.55728573933882,0.0138638813730097,11677.2072287265
2845,0.3575,3.3624207246002,0.00951121533927281,12087.7851984312
2846,0.29,2.66032544702301,0.00475884014246319,15773.6179588537
2847,0.1825,2.99964169197885,0.0134765474474279,7225.65599232176
2848,0.272,3.60486775738045,0.0134307606461604,9291.41349417397
2849,0.3785,3.50798909666179,0.00777278998941276,15287.2505155219
2850,0.274,1.79371823142323,0.0150511681298163,4035.82121422705
2851,0.3005,3.41274366417984,0.0054249405111483,18970.9973758488
2852,0.315,1.99462820359084,0.0136029912065869,5034.63735109875
2853,0.14,1.94647846108778,0.0619730103236295,1099.08886837469
2854,0.45,4.51460873137844,0.0108109724744632,14971.711671379
2855,0.294,3.35903286070619,0.0234848752555521,5040.23176409726
2856,0.1545,2.47539640125384,0.0144644862560784,5316.25641922755
2857,0.1215,4.32147601730042,0.0204794950379009,6943.90714704578
2858,0.226,5.60313989227347,0.0220355505976723,9064.18612927292
2859,0.304,3.92438379898126,0.0109362126149767,12236.3942473788
2860,0.2105,4.42513494607054,0.0101108025397592,13911.9018156789
2861,0.1615,2.57734130785273,0.0339579659216692,2573.33614300605
2862,0.255,1.7393789461202,0.00434827949273731,10444.8849367992
2863,0.257,3.12928314872788,0.00676567582031926,14008.7013454444
2864,0.286,2.79499307459171,0.0070340114414768,12445.3267702835
2865,0.2835,2.8971756622302,0.0105017674920017,9140.03148537904
2866,0.3035,3.835916438504,0.0124274848771055,10727.0836099309
2867,0.202,3.23375338794415,0.00819405775027495,11874.5338860261
2868,0.1405,3.34008193939267,0.015530869140706,6776.23111507082
2869,0.112,2.61580236070472,0.0571290942347742,1628.72072797045
2870,0.264,2.43001096706139,0.0051107134024935,13371.3172638531
2871,0.229,3.85915778761586,0.0125149320027275,10268.454740562
2872,0.1635,3.54710679879292,0.105135212479802,1183.22849203597
2873,0.1165,2.59255376986663,0.0700309783604414,1283.40362315162
2874,0.2545,3.24892771296954,0.0118244149248899,9236.78395543879
2875,0.274,3.77428107150135,0.0549496161132548,2606.79319776475
2876,0.2485,4.85294104424241,0.00955965373014381,16636.9342979864
2877,0.303,3.40685367300868,0.0443757731965042,2774.24089344043
2878,0.26,1.8375093548795,0.0139522531435665,4437.36152911433
2879,0.155,3.89136918953272,0.142655381158976,949.74053747601
2880,0.11,2.28482091377151,0.0572168074999217,1408.81349698674
2881,0.246,1.71032960761814,0.00831671058916196,6425.37655760832
2882,0.2815,4.13574012001737,0.0113910321006323,12416.767315995
2883,0.2945,3.58606690762705,0.0111806764912144,10974.4674976665
2884,0.3395,2.36331425315961,0.00791542339551938,9584.98081874866
2885,0.1895,4.07612653395662,0.0105225937123998,12177.991618957
2886,0.265,2.76461177272402,0.0128758626005041,7235.02386223479
2887,0.259,5.32597956246219,0.0189041685847359,10026.9735290469
2888,0.1315,5.1626577055477,0.0371509877990108,4799.07728417534
2889,0.2065,1.97279150523212,0.0192965574462998,3472.54925222585
2890,0.24,4.27576733108395,0.0165250242279243,9017.47271968579
2891,0.192,4.13666922572873,0.0079827830274459,15061.4462926838
2892,0.3345,3.55148573825078,0.014636296003319,8612.56158234475
2893,0.222,3.45830515391852,0.015952946208179,7414.61431025546
2894,0.2485,3.38471021976592,0.0684759128390225,1820.5160743505
2895,0.345,4.65275040986056,0.0147311464305635,11150.9877954254
2896,0.347,2.68588537943204,0.0106812700427331,8720.02842218375
2897,0.184,3.60796645114056,0.0222878431858766,5775.83123940864
2898,0.1425,3.73220277374058,0.0548019386011192,2447.61790457279
2899,0.4225,4.4947214240614,0.00697028292621135,21893.1784099684
2900,0.133,1.91424336103815,0.0320192327279461,2044.95705887842
2901,0.28,2.11673603797604,0.0115624209222096,6052.8357780898
2902,0.434,3.91991043009498,0.0769654951280688,1839.37522050374
2903,0.2585,3.69303826176271,0.0113214687113802,10848.3721830912
2904,0.456,4.0117027421599,0.00695442301942104,19675.9819929111
2905,0.335,4.08166487337132,0.00905061809290878,15247.9242920151
2906,0.144,2.90506674083507,0.0209271990020334,4512.47198390628
2907,0.2735,6.21435413174514,0.0436252502538771,5258.05838723569
2908,0.224,3.65072446613815,0.00510037359595089,19233.9125731679
2909,0.2835,2.6964496400287,0.00730088658557311,11666.4986154741
2910,0.393,5.48286066540168,0.0542705938994417,3732.2243305292
2911,0.358,2.89223495675011,0.0117812589379339,8537.49608855558
2912,0.2975,2.09934989462205,0.0168231420385978,4344.1309096714
2913,0.374,3.39687625553815,0.00482282371456032,21706.3139079581
2914,0.2205,3.2940335972736,0.00620611346893142,15152.9400553529
2915,0.2165,3.42340067710551,0.0132660988553333,8635.75679822384
2916,0.411,4.48484966630725,0.00809045221816539,19022.168108248
2917,0.18,3.00711909591281,0.0109064680589277,8491.98047885796
2918,0.1485,3.35654128576354,0.0152363922286431,7086.94151592498
2919,0.155,3.1835003534745,0.0176834996946389,5940.41500177191
2920,0.407,3.77359698329357,0.0165625620634064,8225.26969375063
2921,0.225,3.46571853810823,0.00905132338394424,12178.670935549
2922,0.314,3.89148790925731,0.00794452681407687,16094.0733336288
2923,0.2475,3.30030476219467,0.0103098855585271,10555.1636680209
2924,0.1555,3.76405760367131,0.0158980379841243,7563.48464564212
2925,0.2215,2.88069605460103,0.0123846170766396,7559.19081789297
2926,0.3375,2.37059684060852,0.0140507941489422,5931.21584767038
2927,0.3795,3.01346945940192,0.00516665253329483,17750.7715173932
2928,0.207,4.06292735958703,0.0467556824604046,3244.63178328129
2929,0.393,3.27909458090709,0.00522824649666871,19868.7357667908
2930,0.3055,2.03060856395425,0.01673450444589,4181.10087098156
2931,0.2885,2.38577654828111,0.010138559796354,7677.65816422957
2932,0.273,3.65935367405438,0.00635121589938047,17482.5554202192
2933,0.21,3.77016005591661,0.0617125933554139,2102.92817147548
2934,0.3695,4.0760866186903,0.0150383704336574,9742.64371346933
2935,0.1625,3.36755313045417,0.0125671303494252,8306.85951491335
2936,0.3765,3.91506146270154,0.00652640559492199,19426.016677432
2937,0.252,3.3748319202127,0.00532341648422862,18093.6309654151
2938,0.162,4.64261362645993,0.0721571686065884,2274.03660924743
2939,0.1335,3.32698602006917,0.0212001055543931,5257.25378025643
2940,0.1955,3.66389579896212,0.0698225991415463,1908.98061227255
2941,0.3645,3.12742095712169,0.00957709690086991,11176.2177035499
2942,0.4115,3.29716490870523,0.00993010278422418,11662.2828163471
2943,0.296,4.0555828541686,0.0172822946427743,8181.17948279946
2944,0.281,3.70029024424827,0.00665739570329652,17134.4347580668
2945,0.305,3.07457650684393,0.00547423248383872,17057.9009945376
2946,0.2315,2.36612942259203,0.0159250320279931,4997.46559007345
2947,0.309,2.58243819390892,0.00636272225348381,12635.2164545476
2948,0.3285,4.84577742757398,0.0124541282282278,13603.2598570178
2949,0.26,3.65203353047302,0.00805099593868573,14253.5259263707
2950,0.2395,2.60917102679683,0.0225184668294871,4090.3753115379
2951,0.3315,2.3393819747666,0.015256178314945,5355.38813737935
2952,0.293,2.95472656728453,0.00444222964576131,18561.0547719946
2953,0.2785,3.75961523846266,0.00820838122286246,14704.8907302455
2954,0.1635,3.61609923747554,0.0104709380140952,10361.7074366521
2955,0.1455,4.98003764410275,0.0254464007970729,6772.6087584417
2956,0.205,3.45869827996357,0.00683093425474455,14705.089794427
2957,0.3705,3.80717289433673,0.0104737325228778,12624.5297926636
2958,0.2475,3.39147255984789,0.0163127437058145,7078.02241235584
2959,0.298,1.9772877665515,0.00382128301338975,13488.8464415166
2960,0.2915,2.23685047722995,0.00721695686284876,9660.01600613101
2961,0.141,2.98558646261544,0.0422808941802904,2511.93202461396
2962,0.2715,4.01336638921354,0.00731776136201755,17001.5629069834
2963,0.428,4.33198158842765,0.00778001114822573,19313.6365787827
2964,0.198,3.37269161699296,0.0268955424838046,4449.21987899136
2965,0.428,3.54409624547716,0.0168781889527617,7724.96014401326
2966,0.1605,2.5315071619943,0.0549198132385165,1561.83997858411
2967,0.328,2.75469524090373,0.0211752786101278,4619.73188527719
2968,0.2595,3.25952908619382,0.0226979186718504,5000.05965643122
2969,0.233,4.06715402872971,0.040003662784592,3655.27750611443
2970,0.117,2.14969659964696,0.0449334215877563,1650.22557486972
2971,0.111,4.69065028518718,0.0340364220518993,4830.76895688669
2972,0.2235,4.17339819598284,0.00576069439971172,20109.1670459051
2973,0.1555,5.57565655888577,0.0257881307207868,7190.74139892582
2974,0.342,2.71611102091849,0.0308585345182357,3097.29848330126
2975,0.1515,4.48934392266992,0.0109945342797537,12292.3863867229
2976,0.2395,3.90484247726193,0.0112603505826505,11398.0350587399
2977,0.0885,3.76141189252552,0.10077246644174,1304.71019649749
2978,0.322,2.90229891973146,0.00819692848075546,11637.5925168266
2979,0.126,4.22032735570854,0.0164648157912143,7976.42623662821
2980,0.248,2.76154458991057,0.00662821649742117,12358.6127498833
2981,0.2615,1.75832190737122,0.00570115707614628,8794.84092138625
2982,0.328,3.33837163587689,0.011166071428854,10262.7685195047
2983,0.389,4.93952075707473,0.0199209591219172,8868.03434921903
2984,0.3365,4.60763994223932,0.0182351905795334,9073.08983936035
2985,0.2245,3.14773516806487,0.0205382374658856,5322.5781468922
2986,0.289,3.30265404447518,0.0195340639815141,6032.40372452231
2987,0.353,4.54104867460219,0.0128649576966027,12533.6678100353
2988,0.169,5.18750316634797,0.0417478517339117,4558.22848920685
2989,0.088,2.27246970121469,0.0261833528424802,2776.21616178308
2990,0.4475,4.39236019376164,0.116510463838847,1352.11157253602
2991,0.1355,1.99081274759692,0.0182301364652347,3423.00683869539
2992,0.4275,4.49099514777936,0.0126497989541796,12865.3043836524
2993,0.2855,1.97384690163013,0.00640867938436972,9229.2192314824
2994,0.1695,3.42182535239287,0.023422125522966,4959.21418006431
2995,0.2455,4.35193517589153,0.0179488442632309,8653.07322030585
2996,0.4015,2.68695323809439,0.00759866966500547,11738.0401554032
2997,0.1405,5.64856576583861,0.0367786329490465,5194.28382773667
2998,0.2205,4.59241259298459,0.00704035802445815,19591.52640083
2999,0.229,3.07318638910243,0.0398928117974692,2812.48732971393
3000,0.177,3.63066669575932,0.00947469200126067,11456.8622753522
3001,0.148,5.42600008039289,0.0364995910257752,5225.09874204647
3002,0.2855,4.32840233907742,0.00900060591131546,15835.4283356875
3003,0.1875,2.98365888678824,0.0140098401619153,7087.06802793159
3004,0.2185,4.2387153916804,0.00799671469918099,16147.4535494133
3005,0.241,1.71807255889452,0.0280429022209199,2166.1807226556
3006,0.4265,3.97374456999378,0.00640589316222148,20735.9605757976
3007,0.416,4.07039874644277,0.0204635599895142,7352.28718258209
3008,0.2965,3.92331352284039,0.00654364505235541,18804.9969411685
3009,0.365,4.3563136446513,0.00717510140624936,20029.3935366332
3010,0.328,4.10577537255544,0.0160491848980405,8948.27588520873
3011,0.268,3.91949368025815,0.0356771899208172,3983.09928106029
3012,0.219,2.2717580637882,0.0136803129059717,5541.7436321169
3013,0.32,3.90915358832581,0.0266276389077425,5396.59305755237
3014,0.383,3.04636425722074,0.00538508806543505,17628.9966866735
3015,0.1995,5.71003230240349,0.0202346014726452,9748.16883482291
3016,0.3575,3.64244207675851,0.0109746741678219,11544.6155445745
3017,0.4435,3.39892831349846,0.00923598592024418,12904.8822319889
3018,0.2725,1.92954308609378,0.018829557845944,3613.81717058722
3019,0.2785,2.93827081391581,0.0279539902923326,3908.47265655277
3020,0.28,1.84292449492762,0.00951587508938319,6277.42401255559
3021,0.3035,3.71127493231318,0.00741745597903572,16073.5332613476
3022,0.385,2.9787347304113,0.0697413350750083,1583.37077320395
3023,0.288,2.77577493888653,0.00691245307801616,12707.5592556317
3024,0.3155,2.63364707766349,0.013124358451639,6923.90319555019
3025,0.179,5.11095906693022,0.0127082990974888,12989.3091249665
3026,0.1985,3.65042939563618,0.00891381457046616,12533.0588680131
3027,0.387,2.66507253416132,0.0101385013147715,9080.44800476474
3028,0.2445,1.72721837310322,0.0143248262617579,4000.49918271229
3029,0.207,7.6842708083856,0.0287853162615033,9711.9042362476
3030,0.206,2.07529285208326,0.0276940399480164,2615.52271755738
3031,0.261,3.23221150268185,0.00958654648462969,10975.9743678628
3032,0.4515,5.49446419463593,0.01179202122212,16955.505069433
3033,0.2685,4.10772011975674,0.0076510337745847,16835.4333473856
3034,0.183,2.94120565194469,0.0145692866077491,6646.26782831001
3035,0.215,3.94803122571464,0.018000367064865,7659.51010337549
3036,0.148,5.2211001671038,0.00911245228323227,16448.2496290649
3037,0.2245,3.45054316628675,0.0143483879263686,8140.00215431145
3038,0.4415,4.44184674769225,0.00599918819439765,24300.9570423943
3039,0.088,3.55982157519468,0.130644555921922,961.962969995566
3040,0.305,3.66909507322081,0.00959497314001147,12918.5852013457
3041,0.282,4.29608427642225,0.014620090202182,10192.8319159059
3042,0.3685,3.27251234222125,0.00845949979282392,13070.8533331566
3043,0.385,3.02736649497898,0.0148305496515251,7363.484052844
3044,0.3955,2.88721302933683,0.0180650887782932,5812.30923677165
3045,0.181,3.74627769634405,0.0205824175925093,6161.54891524709
3046,0.212,2.71564274098472,0.016211218054869,5667.4111704364
3047,0.247,6.66975244744225,0.0633296550546805,3745.53228757395
3048,0.434,3.16957735435127,0.0120080358519293,9444.40798378673
3049,0.2605,2.93210734605291,0.0128013209571807,7684.01190894509
3050,0.2265,2.16985699068006,0.0669175743770915,1180.95864384646
3051,0.342,2.28048164520783,0.013933461714455,5716.90359406653
3052,0.0965,2.36587262397582,0.106366043358763,786.235832453361
3053,0.3765,4.5820857240194,0.00830589589565081,18811.5393703248
3054,0.2805,1.86901585901152,0.00391666263099806,12778.5519387748
3055,0.2585,5.33351332081575,0.0232637702156074,8402.81815570309
3056,0.196,2.53962574661778,0.0168734477273223,5029.33839476899
3057,0.352,5.18893407614246,0.00862752752904827,20484.6783142262
3058,0.1905,4.43842637117268,0.00974780594742838,14042.0623449147
3059,0.1985,1.48083927376963,0.0151839869091829,3144.71450443337
3060,0.326,2.95966461686186,0.0211099012788621,5074.38554743958
3061,0.348,4.66284842385157,0.00844195618848466,18737.3226172854
3062,0.432,6.89242038256413,0.0349915033520111,7361.89769078112
3063,0.2405,3.97891379627838,0.00880649950775493,14279.5665201189
3064,0.3435,3.29693161480516,0.0132828874448035,8769.70330596635
3065,0.302,2.52960375687201,0.00631521856059608,12117.7360399929
3066,0.1775,2.40535971130157,0.01575557565883,5024.73610474808
3067,0.149,5.28315705419909,0.0103560841328621,15258.9580738683
3068,0.2635,3.43464737138371,0.0112184299919678,10291.2202331944
3069,0.1825,5.46849037261998,0.0864772120717731,2060.60930139953
3070,0.321,4.15556485598134,0.0728545651503908,2103.28057877452
3071,0.271,3.57216730606725,0.0618788821928831,2010.52411829196
3072,0.2495,2.39071411551911,0.00855804821133235,8726.92537074633
3073,0.3355,3.21705885993669,0.0114336490096324,9799.55627903973
3074,0.1915,3.75590930766413,0.0110927932558477,10653.1265195909
3075,0.32,3.08028689986975,0.00768277143058984,12977.3535217739
3076,0.347,3.35794065133741,0.0166939273769248,7336.3069138822
3077,0.2345,5.36683223945008,0.00917985448098459,18822.5646782782
3078,0.1835,3.61671955344852,0.0204283466383324,6034.18118352866
3079,0.294,3.43693032233552,0.0203765803888952,5972.9613365292
3080,0.2995,3.42375447498551,0.00572158557076583,18059.1412277228
3081,0.1545,5.33639107574978,0.0123014894789879,13577.9447750912
3082,0.317,2.64040632869648,0.00869999752339298,10012.6910346676
3083,0.3685,2.48340011995303,0.00624057655750633,12739.0387532204
3084,0.3,3.99831473215787,0.00959915923648269,13909.9566712871
3085,0.3565,3.05848773519568,0.00501338250065923,18675.1133845452
3086,0.363,2.5032255224514,0.00856992932082767,9786.87908869229
3087,0.301,2.37253400788675,0.0104839152997402,7543.68576200017
3088,0.255,3.16264781261029,0.00969069067540141,10626.9105052163
3089,0.2135,3.91509408275608,0.0190880464375305,7095.66523246956
3090,0.132,3.22528432588282,0.0158246344164931,6327.84011088842
3091,0.348,2.93104725402258,0.0166223927540127,6323.81263543164
3092,0.3785,2.61194809504882,0.0325594831305571,2854.39472800566
3093,0.2625,4.04948488335864,0.0142886969076958,9574.24694310601
3094,0.1675,5.81145684903064,0.0175864862702047,11043.1059939537
3095,0.114,4.40447193690333,0.0639735774598976,2378.56507033325
3096,0.1455,1.45273296874016,0.0389693312126103,1279.3901150421
3097,0.1095,2.72337085507858,0.018027787683762,4699.59454341175
3098,0.1555,3.58513268277037,0.0134274733388322,8591.74161363753
3099,0.3535,2.51354508433379,0.0141884140942138,6294.99655131012
3100,0.2435,1.69434079466365,0.0300992863967718,1965.19429858546
3101,0.1925,2.91896180160466,0.016576778922122,5907.22556957259
3102,0.15,4.01048556343525,0.0176921759102066,7520.36062169263
3103,0.3915,4.48185307510115,0.00514247277014978,27572.4030405595
3104,0.2765,4.75531485368152,0.00844283319398074,18371.7694108362
3105,0.369,6.36275189119879,0.00683630188996896,30957.975345617
3106,0.2445,3.91133780505279,0.0183967241356213,7418.15943813651
3107,0.3095,3.15577618444104,0.0230457321065318,5004.82152293095
3108,0.1945,5.71776214553118,0.0251155226029772,7845.60152381722
3109,0.344,3.88564365598933,0.00642753312110254,19525.109388594
3110,0.4535,6.43870847427481,0.0143279371000465,16647.6586636371
3111,0.2555,2.15654075223873,0.00901167426258073,7567.33522248152
3112,0.341,6.28303962286246,0.0347786099386526,6779.35381007279
3113,0.3185,2.08266895195254,0.00423772371196281,13763.3009185759
3114,0.345,4.20965389797184,0.0118208292975124,12490.6298924008
3115,0.295,3.10498156389956,0.00880171843108863,11571.2199396313
3116,0.324,2.51226611023876,0.00595298327967549,13088.2201926348
3117,0.179,4.6074954586856,0.0227121300030124,6893.62108970043
3118,0.2795,4.94609186738838,0.0241372410051317,7470.00624780153
3119,0.159,4.3837947751381,0.00710950676008125,16960.8462641389
3120,0.1385,5.25961273904915,0.0140093536361896,11701.0437444306
3121,0.1955,3.85693654961969,0.0399382731553764,3540.85239362939
3122,0.324,3.34559276349929,0.0102937514870818,11141.5870548621
3123,0.121,2.22918386159437,0.0557779134814776,1382.74021732017
3124,0.122,3.62779768725602,0.0642192831406376,2000.85891685292
3125,0.2815,2.24733677378956,0.00458200033331037,13497.1976659553
3126,0.3935,3.53136616953459,0.00834609911461816,14397.6316958085
3127,0.204,4.09885473431496,0.0169365418876946,8129.30956998555
3128,0.3795,3.07947118699234,0.0154771783883394,7168.16375734925
3129,0.2245,3.55530318914412,0.0085243313325591,12891.7494247693
3130,0.3905,4.97633268727337,0.00932813694063229,18590.0846293401
3131,0.3055,2.00148672829496,0.0101576310598986,6541.68584089605
3132,0.2295,2.37248783098624,0.0109459210235841,7011.49212994493
3133,0.206,3.75961161271419,0.0098950156418972,12071.5682707725
3134,0.341,3.79169544602018,0.0137669545578236,9690.13079259991
3135,0.2145,1.69271807925652,0.0179983460528137,3174.01963998376
3136,0.2695,3.7342476408457,0.00498685942647008,21341.4966173368
3137,0.315,2.08432360307128,0.00770030071212529,8497.40372020835
3138,0.3255,2.42864531569089,0.00759206203283117,10342.4035209549
3139,0.2315,3.15938478374107,0.0122034273616562,8577.67460345128
3140,0.2405,3.32587095437251,0.0205444657685678,5652.93727743153
3141,0.3825,3.49054651805202,0.0181552563369678,7031.78307713527
3142,0.185,4.27805621154493,0.0244157499703473,5827.7798435576
3143,0.1465,2.9335785443227,0.015836024006675,6010.70576569892
3144,0.2355,4.30920647732445,0.00777176958467142,17121.1103758752
3145,0.3445,3.94717151076173,0.0554866025645919,2649.20090970676
3146,0.338,2.97670173070201,0.0315813533325974,3370.00237185743
3147,0.31,2.76546214135538,0.00456815177705028,17465.4007944014
3148,0.2895,3.11615972084145,0.0152130073006481,7219.66340665329
3149,0.262,2.35495661985095,0.0156738811739381,5163.67653280318
3150,0.163,7.28799128493193,0.0659950077888731,3754.38473595295
3151,0.339,4.06446109902925,0.00748415276053802,17864.3101568475
3152,0.2935,3.41077637924843,0.0388009572245516,3169.37775103654
3153,0.1865,5.96545835935425,0.0116940228715811,16510.4065802198
3154,0.2785,2.42130875422487,0.0148161840428946,5555.02242739671
3155,0.364,3.36204525806469,0.00834810964188335,13599.3618286643
3156,0.2725,2.54130049254896,0.00603365570916836,12480.7791558807
3157,0.367,3.77883753695507,0.00929780614493987,13930.3251990928
3158,0.4515,7.93476330203795,0.0168471176078209,17574.3584724752
3159,0.3325,3.96307068419051,0.0132576480665857,10532.3959738771
3160,0.299,3.08509573937321,0.00553741527627938,16737.0524927381
3161,0.1915,2.38425731741058,0.0087581381202118,7961.54320946154
3162,0.3675,2.78225302227028,0.0179051243472844,5584.36221789997
3163,0.258,2.60045246969888,0.00661612832080547,11887.9237048914
3164,0.23,4.35055620224285,0.0239138439777607,6532.52918834159
3165,0.177,3.63103643846551,0.055368035053173,2363.93311090027
3166,0.2505,2.45271875498429,0.0124361923800613,6513.56519941933
3167,0.3025,2.97664615644477,0.0218967024379669,4868.54575211534
3168,0.252,3.77928866029862,0.0102113722686368,12149.5186772591
3169,0.162,1.56894882389089,0.0154378256834639,3232.25811089477
3170,0.451,6.88607235851262,0.0248683269690845,9970.60678061953
3171,0.3345,2.22587278878647,0.00430560021835173,14650.3733805464
3172,0.3825,2.3740137091687,0.00734943349397141,10644.6379915809
3173,0.1845,1.98764256072362,0.0267183703286702,2595.48551982857
3174,0.3535,2.38856754631986,0.0105308939834321,7780.77532015669
3175,0.299,3.70188406154482,0.00690940855697794,16822.9501178745
3176,0.353,3.89957486364829,0.00768949433743313,16874.1971283384
3177,0.196,3.05372635573367,0.00820038660882171,11063.4247940467
3178,0.386,3.89834011145186,0.0108860718231991,12523.8404674101
3179,0.324,2.09115434233877,0.00675974981432457,9704.03308452757
3180,0.2355,5.12099603478014,0.0093072403251428,17550.9717490471
3181,0.3045,5.10210018068049,0.0107174164709318,16229.998623146
3182,0.304,2.39561672501559,0.00970728720482096,8204.85335957162
3183,0.3525,3.62406098231963,0.0616303982933487,2204.66489122947
3184,0.2145,2.53284630391552,0.0647135022054705,1448.03215288039
3185,0.23,3.43940691767114,0.0196950246196428,5997.20951000038
3186,0.127,3.4186398119818,0.0178518294438339,6164.30589875531
3187,0.2325,4.12119587494864,0.0250815446592467,5767.3130524737
3188,0.167,5.34064825700144,0.0424433940144802,4488.61943441276
3189,0.2505,3.82918506557778,0.0073634889538936,16137.5305984741
3190,0.0775,2.56361246829677,0.029322797435664,2751.0252660742
3191,0.2455,2.00562566698046,0.005826721819666,9695.24608423251
3192,0.222,3.73616613265609,0.106646387936138,1160.4924992137
3193,0.1975,5.05430571690361,0.0132060813043361,12626.6349140043
3194,0.2755,3.16998435765928,0.00594118892703935,15980.2364214056
3195,0.3945,5.21736696360692,0.0111389906658056,16679.4633648582
3196,0.1415,4.85804530969092,0.0203607545953398,7936.85416767872
3197,0.145,5.77756287214439,0.0268967895285848,7335.26357506374
3198,0.2945,2.03530609937154,0.00552274531697615,10743.7055061791
3199,0.295,2.26406836388717,0.0117939988518031,6605.56304137749
3200,0.302,2.8311786446848,0.011437516006144,8471.18098130897
3201,0.1305,3.43242509321192,0.109636042806584,1057.88080747885
3202,0.344,2.84764651384129,0.0096190972647156,9958.75918009857
3203,0.3545,2.71782187371586,0.0107950206331524,8551.322914186
3204,0.2815,4.53050299456171,0.00843530073020755,17557.9540714361
3205,0.2865,4.52190173573778,0.00729953974978767,19852.9100000167
3206,0.1215,3.73560295859976,0.0523536831773675,2486.80476310304
3207,0.1135,3.405906002651,0.024877729722599,4485.32987555875
3208,0.1465,1.95924236577414,0.0276243951607074,2405.31825983008
3209,0.333,3.15352483025889,0.00571595355340198,17037.9918638854
3210,0.3425,3.2009418783568,0.0101290118654278,10750.5280387059
3211,0.1995,1.4943823898686,0.0213873399765396,2397.73139883128
3212,0.3095,1.90153239448179,0.00737654437880107,8096.8977692863
3213,0.292,3.40412781257521,0.0181823026288436,6619.11439160085
3214,0.1325,2.67147493088353,0.0190723861322404,4510.07367451588
3215,0.2365,3.41393389620889,0.0102028786737442,10822.4958799811
3216,0.236,3.8095738521515,0.00873112752387867,13790.7516343379
3217,0.1575,3.44822105382432,0.0688843453529567,1839.54891342003
3218,0.1825,3.06715455439211,0.0155994546478745,6477.93600454606
3219,0.185,4.15803690154717,0.0435499520613008,3465.03728080305
3220,0.32,2.06462888615797,0.00938283665311556,7295.50175321586
3221,0.1125,3.36793297214528,0.0317886358884284,3602.31234425559
3222,0.2695,1.94028760355268,0.026612407417674,2569.90572197062
3223,0.276,4.41347614997957,0.053314409126231,3044.82848324257
3224,0.193,4.38353420235917,0.00867919765229588,15431.5721971984
3225,0.275,1.9430529603556,0.00534773422135042,10463.7131552525
3226,0.1875,2.03267887344957,0.0131928914185556,4868.3895089066
3227,0.433,3.55005034116669,0.0379720876930829,3310.6313236826
3228,0.3445,2.32271352030625,0.0109727272811246,7151.74639091843
3229,0.2225,2.9690603480295,0.0210140270400184,4875.91618437435
3230,0.213,5.49095926333585,0.0487393139981735,4158.67922820266
3231,0.387,3.07970988465676,0.00606375165748858,16297.1893003739
3232,0.334,2.97962385176179,0.0238971121531784,4529.92970365755
3233,0.418,3.43754139002706,0.00674635418681313,17014.2613361593
3234,0.179,4.08470301110326,0.0136198634518466,9644.86200902718
3235,0.2915,3.69061083528417,0.0100997349219781,12312.4426069732
3236,0.235,5.86759300689524,0.0155401223252804,12929.2306390594
3237,0.35,3.17490736185675,0.0452045753506632,2377.86093713356
3238,0.119,6.0696155437327,0.0256911418566718,7847.894808936
3239,0.2855,3.40004104219692,0.00593359601925794,17535.3708389135
3240,0.1085,4.64194468437761,0.0127215923486714,10356.9327594994
3241,0.4,3.04564562608626,0.00705669899375427,14190.4594949924
3242,0.21,2.62706307253157,0.0481355671683517,1958.61866266986
3243,0.269,3.44307338885468,0.00788799175044618,13839.1505434029
3244,0.3025,2.76219209610552,0.0112495944636365,8199.62047794614
3245,0.142,3.34722138100327,0.0561940996798607,2151.93458005987
3246,0.201,3.96705454366519,0.00934603718889635,12856.2985013182
3247,0.1845,3.50672384126357,0.0314052747011257,4023.77272819021
3248,0.2485,3.81680354640141,0.0159633016777677,8224.03663618668
3249,0.4265,3.96801358833721,0.00854375792126114,16156.7315510906
3250,0.168,6.1836845890962,0.011797699582591,16455.3501573676
3251,0.228,5.56143917317496,0.0154456626189373,12386.3472047397
3252,0.277,3.03311090855662,0.00981433430402634,10287.9664140584
3253,0.161,4.96597525297302,0.0263996101077344,6579.51932322855
3254,0.1975,4.11320087344871,0.0476763383957932,3177.97913988917
3255,0.1775,3.47890583244681,0.0382320510635563,3311.03664830139
3256,0.2025,4.07949462066942,0.0379915788313991,3665.9298487036
3257,0.3025,3.54719597701553,0.00557480495196896,19440.56564072
3258,0.3565,4.61526627209956,0.0075889235918067,20410.5045229708
3259,0.2155,3.57470399557468,0.0065346488425127,15907.3321265876
3260,0.2995,2.79575421787666,0.00606834047992093,13840.7519368608
3261,0.13,5.46081521792709,0.0314719030782997,5865.46514266604
3262,0.256,3.16146408266842,0.00779213585631881,12741.8179608688
3263,0.2125,4.92981457748113,0.00770319346203016,19254.5586271557
3264,0.135,2.36074513092039,0.0611457212002997,1348.3442665094
3265,0.4065,4.08466785609188,0.0143130055977651,10303.3430596631
3266,0.461,6.79530008592582,0.012670694455188,19622.7474682244
3267,0.156,1.93968387348526,0.0195703003638752,3146.32855882614
3268,0.167,5.93919280489835,0.0344327838123917,6090.13305709024
3269,0.266,2.69405634003517,0.00590780484340691,13428.0281572163
3270,0.2665,4.43044247139751,0.00668387464008049,20313.8254786096
3271,0.364,3.83313670445991,0.00878389237711991,14865.9570071904
3272,0.2755,2.84595144756905,0.0708732590875429,1469.55061894329
3273,0.4035,4.82733182490258,0.0231285101936275,7624.43186226239
3274,0.36,4.79554179961012,0.0627184289902523,2787.87845255896
3275,0.374,3.04424351619827,0.00909037951869824,11453.4885191425
3276,0.2315,1.98905993817548,0.0256577383468098,2688.91094222681
3277,0.215,1.77366087910533,0.0192481280281508,3127.57077596343
3278,0.456,3.7405127827952,0.0299467700288851,4467.96845781909
3279,0.2445,4.34544493260872,0.0086521857121886,15924.251954425
3280,0.196,5.16327828249103,0.028918877267757,6392.69657725347
3281,0.1135,2.90982343949802,0.0179138055584264,4953.37471479842
3282,0.289,3.70262506257822,0.00869650936792761,13955.9953318341
3283,0.2495,2.89251695714864,0.0049656572031012,15856.3180071833
3284,0.3395,2.87525388774202,0.0110962234772247,8954.9544184247
3285,0.362,4.31512525828297,0.0067271796236397,20990.803679133
3286,0.2905,2.34436800045688,0.00610083448815303,11566.7473062334
3287,0.2195,4.54450374001568,0.0145832702077868,10492.717664939
3288,0.263,1.77496100186778,0.00572134309500503,8762.15332915361
3289,0.293,2.34339526171208,0.00499799340932967,13441.4655153096
3290,0.2535,1.73766501245021,0.0140573288800455,4140.11554212607
3291,0.302,3.79286470318172,0.0168356156187651,7972.12613975247
3292,0.2265,2.92745829871715,0.0156025994877431,6420.45247740274
3293,0.4365,4.56607214364111,0.010569697240893,15407.7135979493
3294,0.355,3.54568670960973,0.00619331237626617,18383.2218037204
3295,0.2145,2.57319137702796,0.0322483182117771,2873.80330783833
3296,0.4165,4.63967765040918,0.00831282031721931,19332.1539698378
3297,0.284,2.58101261150707,0.0394938158597731,2361.74223193321
3298,0.1615,3.95941913327742,0.0118288860241547,10472.7771594834
3299,0.2145,1.58467159557511,0.020689037099995,2639.37596997515
3300,0.2335,2.29887741437063,0.0175299689861524,4485.69502500823
3301,0.2425,3.29526231710436,0.0392410741594694,3004.80650668446
3302,0.2465,2.16121021947865,0.0175241940002803,4222.43262561784
3303,0.289,2.37829467058322,0.00734889253236744,10201.324669333
3304,0.1465,4.18968861756916,0.0083731780352073,13890.5731021413
3305,0.209,3.21757271951785,0.00578896884065862,15304.3450015307
3306,0.2855,2.21394308777322,0.00509103301518592,12432.3697830656
3307,0.207,1.9892800030947,0.0173049673786665,3880.09932114222
3308,0.3895,3.50760633697987,0.0200352682610196,6366.06793260268
3309,0.3605,3.73081491438638,0.00880467128772622,14316.4716559429
3310,0.251,4.09358270694157,0.0260112108222877,5502.00636762827
3311,0.2425,3.44626546575428,0.0143523098143244,8215.64330742395
3312,0.476,7.41878072501233,0.0529969089501338,5274.94568909422
3313,0.1795,4.74906931757079,0.0121528037652574,12598.5104641625
3314,0.205,5.35754302694767,0.0932961578780229,1677.85417593812
3315,0.2905,2.00701336717197,0.0524091726487923,1394.89524895275
3316,0.208,4.31689616495309,0.0540899855023955,2721.517143803
3317,0.294,1.86661861185161,0.0130211732510158,4942.02966597878
3318,0.3575,3.55259962193111,0.0179679706226093,7162.48916988909
3319,0.2555,4.70220041714672,0.0150363298941176,10780.6333793557
3320,0.3535,4.67054893399664,0.00733505433579201,21152.5272112898
3321,0.172,1.7192112592219,0.0173541589406532,3252.69003805272
3322,0.41,5.02149350790202,0.0078916322371613,21815.6748343021
3323,0.343,2.39291291791499,0.00553775500237699,13274.8332947536
3324,0.1745,3.80103768979438,0.0297118832747732,4553.74986370386
3325,0.3745,3.63149676907134,0.00521070957011032,21926.7688221697
3326,0.3005,3.53008548328329,0.00604790262634904,18209.4655570331
3327,0.2145,4.80509026306556,0.0280935809389328,6244.88042064822
3328,0.1415,4.39210949685265,0.0263320479147547,5728.84238365529
3329,0.1705,3.09833838870368,0.0221228038545934,4774.4602191731
3330,0.2385,3.72980638098092,0.0114095713131254,10805.6333979703
3331,0.1065,2.73921667559834,0.0938790769291175,1012.65717587362
3332,0.2535,4.63773978441289,0.0255422201328089,6689.12814622921
3333,0.4235,3.26926538432998,0.00547135096329697,19111.4048168759
3334,0.253,3.36984376914064,0.0201112872806109,5806.14403708665
3335,0.2425,2.31617986179041,0.0163385021639328,4876.70699789489
3336,0.388,2.76360058683412,0.00875095897055596,10703.6631510748
3337,0.289,2.64440004076308,0.00822756144745949,10321.7858100784
3338,0.313,2.59138192668053,0.00746785157415313,11163.9032723678
3339,0.1735,3.22147555221754,0.0125028424723331,8098.82086844105
3340,0.1305,2.43379358148531,0.0678839019331986,1267.97741886705
3341,0.19,4.65471630593431,0.010003491752968,14462.0210925166
3342,0.2335,4.84491524989288,0.00984717535404982,15798.102744097
3343,0.3985,3.53076519544503,0.0110399063732253,11212.8593293414
3344,0.257,6.44957041957579,0.0178249409190943,12710.070791743
3345,0.1845,4.20152241887492,0.014958714671327,9357.63830878755
3346,0.1275,2.04256147507838,0.0263157355800274,2587.60396852218
3347,0.1465,3.81686529425116,0.0101396232946571,11112.9945947032
3348,0.4115,3.51099853240718,0.00685076857275008,16928.248329203
3349,0.199,3.10160357240421,0.00894183918791908,10554.0651399407
3350,0.308,3.20371886276396,0.00541223211020354,17842.0783306322
3351,0.212,1.9555456010007,0.0168560202101155,3945.53090383516
3352,0.281,3.2554576689134,0.0109048696742974,9925.0290835458
3353,0.4415,6.58814943440668,0.0162993181868819,14848.3028268355
3354,0.1915,4.6509752764451,0.0163225968862803,9591.76875576982
3355,0.2225,3.37081567755455,0.00758148558139646,13385.2374624205
3356,0.389,3.71460666210313,0.00671349759317595,18288.2608689352
3357,0.384,3.97582723993873,0.0156790222122272,9055.81854019071
3358,0.168,3.46523311213846,0.0254991305348635,4792.81756527636
3359,0.145,3.73511357412312,0.0141256245366993,8193.34039430868
3360,0.2385,3.55518766260541,0.0108271001898786,10769.6197876192
3361,0.3105,3.06315712705122,0.0131795813178175,8067.75622163637
3362,0.2505,4.09700843097638,0.0100015009440677,13316.7243304963
3363,0.41,5.43753507765248,0.00876243393779083,21727.7649551494
3364,0.3285,4.12610951632696,0.0144216395878786,10121.315650339
3365,0.086,2.66065576302798,0.0841743457036746,1098.28087607408
3366,0.2105,2.93627342831805,0.0219795367872986,4597.14443488987
3367,0.3095,2.57533945601739,0.0136636674690506,6418.53630557207
3368,0.2765,2.19487569546262,0.0167006548646722,4567.42276770021
3369,0.294,6.51147230972687,0.0241680239958531,9943.06551363983
3370,0.2555,4.42933537212273,0.00558253468647179,23195.0602921447
3371,0.2145,3.8049989611111,0.011184016560598,10957.8995925702
3372,0.313,3.8401759118279,0.0188585990234825,7300.27735295505
3373,0.2045,5.25126703100542,0.0668025260700406,2609.93021626252
3374,0.2785,3.88449237185264,0.00854003205771655,14694.4500419301
3375,0.1225,4.93787094850888,0.0290921268398915,5606.29587618956
3376,0.1955,3.37278085974293,0.0104107617330993,10171.0362143209
3377,0.198,3.08457891646018,0.0152695528888358,6760.06773809991
3378,0.164,5.43887177231274,0.0117218629250843,14482.4528654634
3379,0.3915,3.13826846430684,0.00561755248430362,17669.0573930962
3380,0.167,4.21537461648649,0.0196828972860068,7236.63607965638
3381,0.207,4.06930701517456,0.00683702351660799,17341.0052312285
3382,0.341,4.06088660542979,0.102381923349366,1358.34058327931
3383,0.137,1.51344426177846,0.0291320120933404,1717.77301588295
3384,0.201,5.07312391072165,0.07794224010344,2155.06991206288
3385,0.2165,4.39676339122181,0.0212680842242114,7191.67160113876
3386,0.1685,4.11525454485301,0.00598412753750635,17881.3339509944
3387,0.192,4.14273951233401,0.0340242081005922,4427.19994738881
3388,0.153,5.66569035528424,0.0215669153521381,8982.44835900435
3389,0.3075,3.33174576619299,0.00784550289064856,13776.6750252941
3390,0.1315,2.29531750630201,0.0174636128374327,4179.09884072304
3391,0.155,4.22925124338657,0.0304803913099456,4951.95766170169
3392,0.142,3.24962954377233,0.0186509149697393,5698.35508941805
3393,0.2185,2.58213590125582,0.0126838374713598,6660.61659190008
3394,0.157,1.73170152983843,0.0306258413198999,1948.33097259277
3395,0.118,5.07454478777114,0.0324427261061041,5257.90366881461
3396,0.373,3.98067844697578,0.0143014936191566,9973.58004238527
3397,0.18,3.89616019389075,0.0180978671988664,7272.31550969962
3398,0.2195,3.83651367658148,0.0129737449407855,9889.14785886599
3399,0.3985,3.61231422956835,0.0148714882785824,8808.35528433118
3400,0.3255,2.6039099905981,0.00475604059045025,15873.3908590522
3401,0.3075,2.30771841164779,0.0143878870474224,5543.42459723778
3402,0.181,4.5030009755106,0.0130614230054458,11263.0896535247
3403,0.2435,5.05317382995082,0.0071035360818253,21914.8371883581
3404,0.214,2.73273854221461,0.0148150254004292,6138.41463915262
3405,0.215,3.03292010203586,0.0236243003063072,4331.80352408167
3406,0.181,3.06939484860961,0.0196219888344977,5303.94088285526
3407,0.1135,1.48205946785815,0.0519797178415377,970.646817456784
3408,0.3265,2.23863974569649,0.011384975007467,6650.25076863984
3409,0.2365,4.75838204353448,0.00953904932626408,16035.5224189753
3410,0.152,4.19051933439158,0.0322351539424488,4579.78955837328
3411,0.168,2.86413778802813,0.0650265828032865,1558.57409827414
3412,0.4375,5.88679193279008,0.026940339357017,7798.29897820829
3413,0.217,4.25445004447424,0.0116917026814104,12012.0250877708
3414,0.1365,2.23713023070527,0.0929901682372937,874.110967294461
3415,0.252,4.03107317891255,0.0795731253050792,1772.2416332053
3416,0.4265,5.79746878426452,0.0528438150485661,4113.4121188798
3417,0.225,3.72918719990804,0.00728323024345573,15433.3906330877
3418,0.114,6.23646149574483,0.0368561940364092,5930.76812437732
3419,0.232,2.1917470328223,0.0148629859045351,4966.20919087806
3420,0.221,4.14696601326796,0.00903645289039981,14246.4379677107
3421,0.2545,1.99359476224088,0.0903535909457332,765.397227913704
3422,0.211,2.26600752913506,0.0112946309318056,6357.12877800938
3423,0.2145,1.7277760027756,0.0209562283396577,2815.4320339294
3424,0.2955,3.75727518040496,0.00738617263844859,16248.2964461674
3425,0.452,3.95685544786462,0.00851987245295125,16220.7043102951
3426,0.126,2.63569634339862,0.0341879747632975,2634.88219742363
3427,0.1125,6.00986196761358,0.0470812959809095,4457.72939012732
3428,0.2585,4.26738714717954,0.0283555624138845,5557.72683916408
3429,0.3195,3.23455564589004,0.013096231799941,8682.57526177857
3430,0.339,3.35316178736668,0.0163765955535334,7423.56529639415
3431,0.1785,2.01580376494993,0.0117684614953887,5322.31894255323
3432,0.3785,2.5763155053805,0.00990361614107088,8877.73391741758
3433,0.3125,3.26137322859481,0.00819579447170243,13198.6664732417
3434,0.235,3.81513031672893,0.00648841706097556,17243.9720792085
3435,0.255,2.45334382693243,0.0117726450135115,6920.59305722805
3436,0.3555,3.68357833942357,0.00575733559295505,20399.8190143902
3437,0.0925,2.86909706584799,0.0323146492305422,2934.33388133923
3438,0.334,7.0419964954547,0.0398910890673538,6651.7015880691
3439,0.275,1.91662111379534,0.0380228119385406,1795.10855941845
3440,0.1845,3.63345404455923,0.0141326933208556,8468.83484766951
3441,0.226,3.20942254686594,0.00766833530522617,12571.4418686935
3442,0.317,1.95752870224442,0.00885904242750927,7202.49863739279
3443,0.272,3.63198802661149,0.0101248250971215,11970.0092011146
3444,0.3465,5.15569189944467,0.00717712764020425,23505.9242611568
3445,0.2445,4.78530911271235,0.018272458487208,9181.41318130565
3446,0.205,3.57676242167827,0.0097724608483345,11421.2124798831
3447,0.174,2.00089990017931,0.0703266504493148,1024.69366284533
3448,0.2015,5.23723363945061,0.00835301051153249,18852.5700631304
3449,0.2615,2.92731237596274,0.007115988633808,12741.7694767602
3450,0.164,4.97444232321178,0.0159699509641501,10146.2920120815
3451,0.134,5.65408739324964,0.0331614653278219,6066.01234019965
3452,0.3345,2.65480244276825,0.00609692142400205,13531.8792748408
3453,0.1585,2.57388058330898,0.040086872122367,2279.0139840664
3454,0.3395,3.74904368633959,0.0173353093766029,7790.06816660674
3455,0.259,4.50344325524027,0.0139583781396938,11087.7020438801
3456,0.3655,4.97177744627568,0.00946823149492816,18131.7480480492
3457,0.4145,5.2031137658563,0.0128870203285143,14569.0532419159
3458,0.217,6.09419992236089,0.0357216541682623,6334.46302553153
3459,0.218,4.19684864426133,0.0363872452039433,4243.60614204194
3460,0.2285,4.50534827336595,0.00936058083749855,15417.8027010726
3461,0.266,4.07697038967297,0.0101100068238749,13449.2825269029
3462,0.124,2.74104323857846,0.0275885946398306,3366.3668659073
3463,0.2755,3.73724603146614,0.00680015962757873,17012.8752242319
3464,0.29,3.97104451298422,0.0102069899787789,13169.0074492165
3465,0.401,4.45162552808666,0.0107702876686096,14549.8243793363
3466,0.345,3.11623081926787,0.0114437049434268,9465.53109752389
3467,0.176,3.67121275498037,0.0112178422913815,10167.9724040015
3468,0.098,4.04770729154666,0.0341762467219173,4120.76285931754
3469,0.432,3.68141209341483,0.00710972719914779,17323.4919454338
3470,0.3425,4.7168121385981,0.00657592635886587,23358.7783200829
3471,0.137,2.88315519939829,0.0227922912235348,4294.57051210621
3472,0.273,3.9642442188134,0.00977159807636714,13326.6180560997
3473,0.4695,6.61107104203517,0.0120122365429878,20022.6407198025
3474,0.2365,3.35953633389687,0.0141733624198521,8067.56740614335
3475,0.2295,2.0517040679279,0.0108790830052625,6081.25444720218
3476,0.3055,3.4678068029287,0.0176015866024172,7067.75774924928
3477,0.1795,4.39990151631658,0.0417385879891939,3826.81945314317
3478,0.437,4.61223248370787,0.00787402552082011,20219.2549845481
3479,0.279,4.04515993490769,0.00748480633915148,17250.4730394598
3480,0.3125,4.11614982459024,0.0088723422763694,15573.8273727565
3481,0.26,3.07658302654186,0.00736901961668194,12823.31206852
3482,0.142,6.04639533619942,0.0145246230103511,13057.9277782391
3483,0.2175,2.36230884910636,0.0666415356985641,1267.00077248746
3484,0.2225,2.24441141847307,0.060532213005204,1261.063692235
3485,0.097,3.59443056359366,0.0280623595728478,4245.53561201633
3486,0.276,1.83051334083992,0.0160730910191278,3919.17323292584
3487,0.0915,2.19486422060368,0.0379577660572012,1947.27283947154
3488,0.324,3.02579329366989,0.016642700628773,6442.89891527017
3489,0.145,4.0994846790387,0.0190715737726845,7113.31574811141
3490,0.422,4.16229824433724,0.01109105450014,13409.4818327306
3491,0.11,3.13669299506116,0.0142722195859758,6327.7870050433
3492,0.1895,3.6834740968243,0.00830625765728453,13148.8538451193
3493,0.1935,2.87533875549359,0.0223653706915752,4443.69687555023
3494,0.135,2.84004593578619,0.0159271819820011,5692.17267593647
3495,0.257,2.00691605149625,0.00877328858900805,7195.44892551407
3496,0.1305,2.18245345078031,0.0748216799421127,1021.70806380535
3497,0.105,2.41969652848014,0.0288112127995576,2743.173885828
3498,0.25,3.04761207839355,0.00980388596195264,10135.3159190749
3499,0.233,5.35353513285481,0.00718327417949271,22778.3950593035
3500,0.199,4.41110307182669,0.0105159043133277,13249.2157220421
3501,0.1955,3.95657365761907,0.00971561582305875,12675.406109723
3502,0.1615,4.35566644858902,0.0131539869272216,10466.9376975746
3503,0.1895,2.59379818665817,0.0130406861086245,6528.34261767828
3504,0.1665,3.8497652298107,0.0136777434750307,8932.01745599382
3505,0.1965,2.15943184220579,0.0612570101062288,1272.89227739946
3506,0.253,2.61010526728766,0.00639493855643936,12209.5092049428
3507,0.2855,3.87042210835296,0.019899577688328,6797.02795937871
3508,0.1255,3.01827834515798,0.0879191395045426,1185.91420574645
3509,0.125,1.34289986156726,0.0595388720433739,778.601087105468
3510,0.176,4.25311257193953,0.00928937413217302,13795.9156128278
3511,0.1965,2.98732439075632,0.059395425551848,1832.8354533728
3512,0.109,2.8716602788558,0.040317768634584,2455.83336548301
3513,0.4005,4.41963592531572,0.0118050486405189,13366.7574902256
3514,0.096,2.05680426916658,0.0406085372937986,1723.59476647811
3515,0.385,3.62902361478322,0.0054957145951966,21118.92951365
3516,0.282,3.40555102411607,0.00991198952673839,11425.8093451884
3517,0.422,5.00613380339711,0.01080740758444,16432.838224749
3518,0.2945,3.40492581444975,0.0149298985196994,8027.31732093644
3519,0.437,3.76522639092274,0.0120880517338511,11191.8373456423
3520,0.1345,3.40191173911437,0.0289336538491215,4014.29137101772
3521,0.3665,2.30952756425129,0.00744739029826135,10137.0054358205
3522,0.1545,1.73446936283762,0.0545946854164774,1117.18757115181
3523,0.244,3.19801031396892,0.00697400724711461,13884.2005576578
3524,0.25,1.84599065053126,0.0233256501003769,2754.63038722658
3525,0.2025,3.65941975733462,0.0119976941270836,10056.269653888
3526,0.1935,4.50474617590952,0.0209888035010918,7424.61843850263
3527,0.2215,3.49175312591299,0.0162872405551096,7363.57681472157
3528,0.151,3.32065268437812,0.0149227015806506,7070.03349796248
3529,0.2235,1.62823544294483,0.0276390419903794,2077.30823781063
3530,0.1065,5.71391632947835,0.100166450595431,2004.60748570727
3531,0.3135,2.60609524519588,0.0138840721538797,6465.70737293193
3532,0.16,2.38817703729657,0.0808403467694927,1023.58520703978
3533,0.2015,2.72719333368062,0.0153855627809874,6010.52980103943
3534,0.2645,2.1843425154483,0.0124962999723481,5877.67750612421
3535,0.413,4.35159965459574,0.0408915076788609,3923.43559721118
3536,0.284,3.71778950967739,0.0208170819418727,6266.9010688019
3537,0.4695,4.86353346086347,0.0140174272089872,12686.9944301691
3538,0.2805,1.79883780636142,0.0119586081646718,5024.08967654465
3539,0.1085,3.64901531039698,0.0211069821302415,5464.35505854481
3540,0.3775,3.57314776902539,0.0149518666613565,8438.49466785582
3541,0.2,3.07147890144557,0.035023846831826,3260.27457911449
3542,0.2435,3.3908707913547,0.00834659552695001,12875.0204908773
3543,0.2555,2.030736319557,0.00933291011996349,6978.51347916354
3544,0.191,3.63085566439034,0.0960487482549809,1378.43147703326
3545,0.422,3.79386618638899,0.00644669326310935,19412.3181033878
3546,0.143,4.22013784693304,0.0154854963020024,8723.1831448016
3547,0.414,3.00330521178428,0.016505743853529,6550.23615937539
3548,0.3075,4.01911017127243,0.0359077286674543,4168.73399735138
3549,0.1835,4.03320393648184,0.0129043686911962,10033.1047258389
3550,0.2005,2.74934357144392,0.0153036998966659,5959.1774301676
3551,0.301,3.54788403437287,0.00600620548083837,18180.3941772387
3552,0.3365,2.34100490004145,0.00974558881227734,8051.67358582092
3553,0.192,2.80552517334186,0.0253244643837603,3856.74315241716
3554,0.1845,4.6012359007772,0.00903885782708561,15454.3372388892
3555,0.232,1.67320813312675,0.00759254381811244,6639.23590096286
3556,0.2395,3.52047340733611,0.0132021464919417,8969.84306482145
3557,0.2225,2.08611730694209,0.0721045756041027,1055.48347148448
3558,0.262,4.53928942945624,0.010056771447313,14878.6792605754
3559,0.1515,2.7312123863602,0.0262545349150912,3554.49190240936
3560,0.308,3.92066330611316,0.0078660030314315,16065.0774055498
3561,0.2165,5.78231488491411,0.0265985444446658,7675.29643045954
3562,0.2035,5.05990768281193,0.0083227934421247,18237.7647974802
3563,0.4035,4.43546414302993,0.00862602051097548,17628.9789991291
3564,0.428,4.05701867814776,0.0131159104163533,11216.4752869781
3565,0.2135,3.27565372700517,0.00612006099141605,15059.3891539302
3566,0.1205,2.97000944189443,0.0342520806006105,3038.71655799863
3567,0.2135,2.99108038236597,0.0271298256360062,3935.09984798025
3568,0.1945,4.27124534789861,0.0222117430981512,6612.64704947921
3569,0.1635,2.26031304269249,0.0147700743006459,4826.0828507118
3570,0.3455,4.07356613210327,0.0064565487610475,20366.2054459395
3571,0.343,2.88745574581983,0.00614348191259727,14738.9525680674
3572,0.2245,5.07006654089821,0.0246617986789866,7023.70554738184
3573,0.354,4.04196520892475,0.0166764794778116,8777.10704341658
3574,0.153,2.20831471194905,0.0296354136895004,2551.53707709731
3575,0.212,3.66002174087724,0.00840771805317914,13138.7121605413
3576,0.3855,2.57608668370944,0.00666408269718321,12611.2661607915
3577,0.3615,2.27009338368764,0.00900740290253608,8400.11291853903
3578,0.4415,8.61632155480344,0.0126397908206925,24912.8567000203
3579,0.325,4.44771319989816,0.00634761538900077,22403.3295948458
3580,0.163,3.16037971424671,0.0299889851416309,3655.53845253469
3581,0.3515,2.37577297625576,0.00727153938297695,10602.4884764114
3582,0.211,3.77806304217662,0.0471476185946528,2656.98395091073
3583,0.241,2.40744455437875,0.0297437529502753,2928.82263677952
3584,0.23,3.7127071438316,0.00795022527851765,14322.8138336345
3585,0.273,3.18065954364285,0.0318232237392543,3620.10314728293
3586,0.3255,3.01246635454171,0.0200885330076427,5436.97158353639
3587,0.2385,2.63417711655385,0.0975342595855215,953.404539672791
3588,0.2335,4.39073695160707,0.0130941260479844,11491.0943625234
3589,0.4005,3.39018045793432,0.0117631499779037,10273.8105908563
3590,0.197,3.34422774400333,0.0133273958014553,8210.52797203712
3591,0.413,4.0694925698321,0.0138734861384828,10637.047460766
3592,0.2635,5.31960954410196,0.0146875610023921,12608.3529471006
3593,0.3665,4.33122555255802,0.0112068550442253,13576.0273038351
3594,0.428,4.77075242266208,0.00655980280429832,24529.7409624723
3595,0.344,3.80640310903337,0.00914506377661741,14223.6357865363
3596,0.2175,2.46420478994839,0.0146842002222545,5627.79233731997
3597,0.249,3.47016814192522,0.00965870125710494,11700.0272336048
3598,0.158,3.58149168263928,0.0164153140698936,7144.86145110021
3599,0.394,4.85169386832468,0.00556662475548883,28156.5304355911
3600,0.144,3.64046545959848,0.012563683718706,8877.50302488626
3601,0.277,5.63142215954243,0.107901621502088,1555.01813681359
3602,0.1425,3.43478741237617,0.0125431093870297,8442.20697766377
3603,0.158,2.73347300981548,0.012227552204501,6971.78535151029
3604,0.1685,5.77720972690835,0.0129880224421722,14035.4865884388
3605,0.222,5.09460035973777,0.010522462279474,15698.7754210974
3606,0.2175,4.332957170496,0.011799889629803,11978.568707405
3607,0.138,5.39350930762012,0.0211655125102891,8352.00110242779
3608,0.351,3.01082876455995,0.0135818930443946,7796.82957529674
3609,0.3155,4.35319827352064,0.0310472250937477,5210.08452730893
3610,0.1995,3.75273276882469,0.0163065714769527,7884.74363882752
3611,0.294,2.79957845841537,0.0101185312939833,9214.90558334834
3612,0.215,3.90493632457843,0.0329322705828863,4163.25393303639
3613,0.251,1.73685417528031,0.00925355833862497,5904.0733132754
3614,0.188,5.26286920769359,0.00754918304005881,20380.9372757156
3615,0.282,3.38448843424681,0.00595872937019827,17269.5764909248
3616,0.212,2.15252882356647,0.012284743760043,5692.63047675628
3617,0.175,2.9345745909169,0.0079323541969622,10468.1188669104
3618,0.296,2.79514551513746,0.00558238372909123,14980.3370449047
3619,0.1785,3.3809644470609,0.0136134217348978,8124.50374871172
3620,0.3065,2.51772936761187,0.0289927371944313,3103.83206451383
3621,0.24,5.56730537388618,0.0163016245425537,11879.5347736566
3622,0.428,4.11364935644477,0.00868548127825316,16469.8693584593
3623,0.2045,2.86363884228689,0.00856758125059836,10198.5170587319
3624,0.192,5.13612497735033,0.0405519640412633,4638.58711994696
3625,0.2535,2.98250106298116,0.00557057343263989,15341.9466118443
3626,0.336,3.70542815142182,0.00614176958492395,19140.1433412734
3627,0.1895,2.98027823934231,0.0132433434101778,7215.38988740294
3628,0.455,6.32779735665836,0.0128395168376504,18095.2382693889
3629,0.3365,4.87505733906458,0.0063182071852748,24608.8429382369
3630,0.1715,2.95145616274888,0.0192898394709156,5157.43651208222
3631,0.204,4.2651491856944,0.0120460556763855,11470.7388946434
3632,0.136,3.98751549096199,0.0199868887123427,6561.50847917024
3633,0.189,3.20727974890347,0.0133596838993607,7820.64958791248
3634,0.1025,4.10393333285184,0.093867114675725,1487.15515642554
3635,0.125,2.93378220355789,0.0660080822697602,1535.87043943217
3636,0.174,4.09776153913208,0.00983565063898559,12667.3284436205
3637,0.2345,4.19159551374868,0.00647019042625582,19240.992277391
3638,0.219,3.81537926130403,0.0076413251306638,15203.6875471766
3639,0.2035,4.81231845159123,0.00780919109748477,18486.2346795016
3640,0.0985,3.55293717089173,0.0251280859065635,4633.95968130772
3641,0.355,3.34991944569234,0.00904762573703519,12575.839923978
3642,0.2845,2.79837421146177,0.00711513777424878,12229.701309585
3643,0.2195,3.98488754369138,0.0136054794886691,9763.4969801612
3644,0.204,2.53161003496066,0.0210405958502673,4186.53824233643
3645,0.3445,3.32594066089905,0.00750106056952572,14441.0474505136
3646,0.3095,3.5764688596124,0.018097465719171,7101.49406645042
3647,0.3625,2.52791265910576,0.0122783039082694,7226.74389862959
3648,0.225,3.72430656634646,0.00795636834917265,14532.2399006582
3649,0.237,5.99596918668343,0.0113443531202609,17605.9960103869
3650,0.228,3.87964923269474,0.022159773030772,5994.22073837769
3651,0.2745,2.99306416122653,0.00903019232071559,10884.3912839782
3652,0.304,2.29801947181255,0.0172868423177059,4680.46081041719
3653,0.298,2.67356159783816,0.0108146057962519,8262.30678638795
3654,0.267,2.51063250418816,0.0132042544785308,6441.98647320837
3655,0.4365,4.26094456358246,0.0115364679986993,13194.3221119858
3656,0.21,2.78271301966223,0.0144304555175849,6393.3853119406
3657,0.139,4.00422155991767,0.0223920296571512,6186.48736858663
3658,0.2145,2.26860009150233,0.0306055748595172,2668.71237298828
3659,0.274,3.41168149528584,0.0100694982695529,11335.5163748448
3660,0.143,2.27628955619805,0.0782708575285835,1039.96949708857
3661,0.2075,3.60388446299299,0.0408913983776691,3245.48455884901
3662,0.1565,3.21370114843622,0.0165897666422807,6307.38989705282
3663,0.305,3.40455929006296,0.0282323100137654,4303.46999098304
3664,0.3215,3.00197744130744,0.00457131175322254,18999.021608246
3665,0.13,3.25391370243879,0.0654093893405857,1786.07048238209
3666,0.186,2.66819357369847,0.019666917723294,4590.09054039131
3667,0.4,3.07282269917626,0.00766878303514747,13532.5556125908
3668,0.0895,2.97798398162552,0.114014730864679,890.618232656493
3669,0.255,4.99757412086123,0.0100178687794233,16459.4493589418
3670,0.356,2.71270039038404,0.0120703341810664,7822.9397503748
3671,0.375,2.74149680460081,0.00823095122556068,11272.3592356588
3672,0.233,2.53821175644036,0.0628960137873652,1505.38725904389
3673,0.2015,3.39867650115209,0.00562043770395471,16278.4637439166
3674,0.1875,2.63659799557972,0.0339982972846455,2804.01847126037
3675,0.3925,3.92348136640701,0.0199574870488326,7035.97594628258
3676,0.192,4.00100092384525,0.011840788061942,10921.9331117948
3677,0.208,3.66386854198375,0.0202793994797241,6285.46570933094
3678,0.2075,4.32989242694831,0.0199498910375468,7570.66621720518
3679,0.3865,3.99354497220545,0.0239037061913605,5921.80534318449
3680,0.3855,3.44657651301227,0.00565739454970811,19357.4899488748
3681,0.2945,2.13968661015389,0.0152172537590677,4871.4052921913
3682,0.4695,10.836796447266,0.0166914508266704,24360.1331241387
3683,0.2555,3.20372381477824,0.00861102009384159,11904.6450820421
3684,0.32,4.88263594543206,0.00809010775072577,20141.575023747
3685,0.41,7.80498794946425,0.0213240465853313,13238.599015071
3686,0.3825,3.63091013301325,0.0102870512181656,12413.9242011228
3687,0.194,3.38662726046867,0.0137033575568229,8224.56911775517
3688,0.1595,4.3702603112699,0.0087623526760642,14388.4100982671
3689,0.208,3.01566996472653,0.0272653321060376,3908.19777081417
3690,0.1545,5.52090911934039,0.0133437730386013,13001.4075496234
3691,0.2215,2.27865760427453,0.062477951331096,1316.00011188748
3692,0.325,2.65673423804833,0.00677547599497578,12473.2914979161
3693,0.2805,2.02412139680385,0.00560021886765198,10398.1352974076
3694,0.34,2.38029920946562,0.0154832002121628,5429.35152204696
3695,0.3125,3.06241761956082,0.00644912741559495,14738.5393971444
3696,0.314,2.84048117451873,0.00763197146475546,11918.0563057856
3697,0.208,3.15372881205117,0.00805038158933436,11854.8110031537
3698,0.235,4.47782185520248,0.0266881662086208,6078.50004568745
3699,0.192,2.40144198648567,0.0132644220254614,5800.96418555124
3700,0.371,2.65750878821292,0.013748569560773,6756.98591031986
3701,0.239,4.96102043410895,0.0421757846270945,4278.67074069512
3702,0.1995,2.61198566943847,0.0294350988367115,3053.38212190937
3703,0.1135,2.2453326310893,0.0700810359733432,1189.3877134292
3704,0.222,3.05290391325924,0.00693139074923089,12871.7155741293
3705,0.377,6.13479713900054,0.0128019495834849,17266.8314678984
3706,0.1985,5.18791111135642,0.00863550451414812,18357.185199326
3707,0.302,3.44011765987005,0.00634795803870316,16861.1989271923
3708,0.22,1.5064862589093,0.0135164156354419,3608.10480103445
3709,0.241,3.64691778016694,0.0172452908458235,7287.17281253469
3710,0.1575,1.46046561408886,0.0199485833230037,2391.49237472767
3711,0.2085,2.51029059902071,0.0194571851855605,4455.32625655332
3712,0.1535,4.81682643704304,0.0170097652259857,9303.38849522376
3713,0.2865,6.20915226963373,0.0122047248513801,17630.5983940851
3714,0.157,1.87820149738324,0.0191849995056713,3222.21836489084
3715,0.248,3.83473976107661,0.0119739765056953,10611.6834131042
3716,0.1055,2.77137533952725,0.0373861216020717,2553.71284221512
3717,0.1705,3.55560524600654,0.0100743287623822,10698.850633683
3718,0.2625,3.079460901193,0.0180965913480226,5959.74749969287
3719,0.213,3.39008108150349,0.0354600852942746,3492.38260741046
3720,0.2935,3.99352057270603,0.0110596389745265,12288.3404830504
3721,0.128,2.5517315460917,0.0318216395262697,2694.48308999957
3722,0.265,3.5072938040669,0.0204782831085908,6051.17605675197
3723,0.2505,2.1697134463226,0.0116259912501597,6066.52973568282
3724,0.2165,1.51868210791398,0.0180123046060653,2885.82009941178
3725,0.2455,3.11747179962879,0.00906148701622459,10979.4489607561
3726,0.2935,1.87947167571641,0.0107149316487723,5760.94493128715
3727,0.171,3.33040557032949,0.0192539106977894,5816.70649191071
3728,0.2355,1.61656216849478,0.00685312158757063,6853.45448340912
3729,0.298,4.98772972678492,0.0511917754939136,3646.34950761039
3730,0.375,3.04292799724533,0.00476347373067636,19423.5514886687
3731,0.3385,2.54280953650813,0.00514701760616539,14789.441772467
3732,0.438,6.8947120963915,0.0235552230657628,10790.1831008101
3733,0.295,4.990195998418,0.00735394597030282,22042.0741989592
3734,0.3125,4.05852034327495,0.00664471780222057,19592.4957566201
3735,0.213,3.85212125884506,0.0120816605160899,10619.6648524215
3736,0.188,3.44292643589469,0.0635091339566562,1985.61082341274
3737,0.2145,4.64359628284719,0.0265976098796738,6064.17277751094
3738,0.187,3.37977030338637,0.0286889571303473,4259.47952230354
3739,0.326,4.23098147471485,0.0146802228806503,10144.4628594225
3740,0.29,1.93592801895217,0.00529711085884583,10637.1485044927
3741,0.308,2.51750583291888,0.00752105603580045,10521.8869463496
3742,0.3485,5.56308402232285,0.00776613904028963,24039.2136998339
3743,0.3815,3.27518050207755,0.0114109249744328,10109.3979116431
3744,0.2485,2.94738489119721,0.00975591481698232,9773.05422914998
3745,0.284,3.42890715936497,0.00522425289149204,19312.8877756583
3746,0.379,3.67555510493795,0.0127750014161115,10222.3576816068
3747,0.162,4.13230786834726,0.0127235328886034,10248.786563995
3748,0.234,2.37495289941556,0.0459252917655355,1869.13382978124
3749,0.456,5.76691810005488,0.015437962210644,13827.9538323085
3750,0.2255,4.07187913427229,0.0740353526962193,1939.45008351729
3751,0.1875,2.68636875696901,0.04768967237833,2037.09808282366
3752,0.4135,3.30515498545107,0.00634322723161695,16909.5526538238
3753,0.317,5.38302381605674,0.0112988505567579,16545.2954567555
3754,0.254,4.62972744290612,0.0079961653596791,18017.7681251795
3755,0.252,4.40739043096633,0.00692859850929229,19357.8471065417
3756,0.299,2.04869454644699,0.00530257304544858,11126.8705689505
3757,0.3005,4.20317430111263,0.0077447251442329,17622.6394780691
3758,0.1295,2.84644911584996,0.019116311811247,4793.00538721185
3759,0.3685,2.39002805722619,0.00686233605219069,11299.9155885853
3760,0.2415,3.49702482661121,0.0109348605884719,10633.362648425
3761,0.331,3.50952408081569,0.0365460445708937,3551.29719748607
3762,0.1105,2.55343239976262,0.0578854383957037,1507.29089348354
3763,0.115,4.80309062929272,0.033401761576884,4935.4125315617
3764,0.1945,4.51444073180974,0.0130561601735804,11389.8304665274
3765,0.277,1.69577984380273,0.00771095160395815,6890.00904349728
3766,0.2425,2.79685898914578,0.00761847111971592,11353.7616325459
3767,0.3365,3.99491333323351,0.00762613936844224,17291.3674593896
3768,0.233,3.34736485856891,0.0149672032870364,7563.41773107302
3769,0.419,7.8240352619624,0.0124139392943805,22997.047020672
3770,0.374,3.17868401509961,0.0161560845621885,7116.43794147982
3771,0.117,2.96092424218756,0.104783751533447,1011.46725524416
3772,0.299,3.31847791952911,0.00621898275646866,16396.4693641401
3773,0.391,4.17906121821387,0.0148580708508758,10151.6013978743
3774,0.225,3.53607241794039,0.00678453958865933,15270.6712984225
3775,0.3885,4.36387867706456,0.00610123602416629,23233.8762582517
3776,0.239,2.85654165302502,0.0231728062004263,4253.5446177339
3777,0.2615,3.84406116157545,0.00828343298319155,14782.5267701482
3778,0.2645,3.71791204497405,0.00728838334916561,16038.9107863422
3779,0.1515,7.53298642413058,0.0960116822694476,2690.78394588162
3780,0.1805,4.8655129362797,0.0246175064145807,6783.11046416543
3781,0.4295,2.94248172941601,0.00980374851925327,10468.8927178339
3782,0.1195,3.23045041716117,0.0179001251036595,5744.32840634836
3783,0.1325,5.87223232029643,0.0118143302420415,14705.4133985726
3784,0.436,4.16922295818702,0.0168250556503766,9124.94028201803
3785,0.4675,7.7093461489535,0.0600612120004708,4830.35758082807
3786,0.2815,4.52491747149484,0.0142032045192936,10983.9304953603
3787,0.266,3.27651228106656,0.0126672544951037,8721.7961433589
3788,0.261,2.61396428292042,0.00823121641299976,10070.4334168045
3789,0.1895,4.64557010480945,0.0124964775995592,11902.6048301022
3790,0.318,4.6043661207486,0.0218688990541127,7552.55747441564
3791,0.3395,4.69047032510408,0.00570652776550654,25975.3144669421
3792,0.3525,4.02086711007987,0.00518818169242997,23996.8924709549
3793,0.234,3.46321480796493,0.00635079583060605,15993.9818557341
3794,0.141,4.73663799527129,0.00657808751018215,17835.654233241
3795,0.3925,4.61388137248487,0.00953858698298834,16928.7675334796
3796,0.2435,4.50489112639722,0.0126103793617078,11998.7207010496
3797,0.2965,2.09424379662333,0.0120284973741737,5870.21410608444
3798,0.1315,5.64007777103483,0.0374480469114037,5290.12355628675
3799,0.22,4.0123130985411,0.00576488215469826,19715.1905920755
3800,0.27,2.90039164721343,0.0239548613249225,4311.09137976661
3801,0.28,2.40901396855578,0.0131289467665026,6188.0924405742
3802,0.0995,2.34118051928588,0.0439450188309567,1842.73142634375
3803,0.233,4.34629932171529,0.0248086960792868,6102.36582729238
3804,0.3055,3.04916670016906,0.00714713697750864,13580.0172292489
3805,0.153,4.56442641844674,0.0114751758553895,12201.790944946
3806,0.2895,3.71562345342481,0.0140874350041655,9243.60509995803
3807,0.213,1.6225003382079,0.0137447305283806,3869.16324421929
3808,0.1345,5.36344040333602,0.0303770234873231,6011.62509929993
3809,0.3255,3.5635934143642,0.0095330881070302,12723.7752162378
3810,0.243,3.41308432504251,0.0126980872099229,9128.25169130234
3811,0.322,2.51020774969701,0.00735602672181216,11018.4904264344
3812,0.1195,2.89322681449315,0.0253705554248619,3778.59497905876
3813,0.3865,2.75864461346024,0.00611741544447555,14428.9292871457
3814,0.2375,2.9001796968219,0.00924595867260126,10028.587509051
3815,0.138,3.24423406223118,0.0646422352250753,1741.64523753814
3816,0.257,3.44450474816791,0.0344371940549233,3752.00057760621
3817,0.132,3.60911685315732,0.104185632854766,1131.64860651388
3818,0.1955,3.87131346394915,0.0183709178380657,7164.89065507606
3819,0.1425,4.40061238581844,0.00976077368665386,12969.9102580852
3820,0.3285,3.64216078007651,0.00513998351318814,21426.2167317383
3821,0.1905,4.30092094097443,0.0072727675070952,17090.7038247673
3822,0.419,3.59939471235852,0.0148726016391463,8610.43359749677
3823,0.2815,3.79063674069924,0.00890005666851463,14035.8521106966
3824,0.2435,2.17700040103414,0.014732331696944,4989.89657769398
3825,0.144,2.94062518565217,0.0370466173917964,2874.1126349044
3826,0.1965,1.67353798680075,0.0204578159862468,2789.81007969056
3827,0.4045,2.55548371687502,0.0124599791790645,7148.79178887866
3828,0.17,5.53065040344724,0.0494384160425764,4099.68959790626
3829,0.2125,2.35901401345998,0.0317725019287743,2596.99599533692
3830,0.335,3.64451682874501,0.0141188670568425,9133.59025932695
3831,0.3645,3.13758551551953,0.0116262499128731,9450.93863166991
3832,0.1555,6.42051194041146,0.0185890782874068,11727.6632211851
3833,0.112,4.62668914169092,0.012223061455311,10872.1477846802
3834,0.253,1.79419491114185,0.0176126394911056,3480.68170368438
3835,0.183,3.27316422540013,0.00751259067405876,12655.5286799987
3836,0.19,2.85217242724075,0.0288575657325368,3467.69664753632
3837,0.442,4.37095663162484,0.00951369857510149,16102.4946502985
3838,0.2975,2.12583683885054,0.0142798188237648,5117.35810748737
3839,0.2825,3.53138668142595,0.0100444699922757,11655.3113928263
3840,0.415,3.05256704824316,0.0120188519631152,9082.73255340954
3841,0.2705,3.29129956791995,0.0103549731644082,10581.0220475542
3842,0.2365,3.42002233639564,0.0846111651584156,1482.44618228901
3843,0.351,3.4272086252732,0.0100843324859315,11786.6176230475
3844,0.413,2.94212838721882,0.0125500760098913,8302.54402932159
3845,0.1795,4.12851076984471,0.0242388136573319,6040.71491120509
3846,0.229,1.65808058003188,0.00682486651682881,6900.9737525046
3847,0.213,2.78194163419053,0.0217260182429555,4494.9408006807
3848,0.23,4.26612550330695,0.0250740859670516,5918.46578040716
3849,0.2875,2.59325323443953,0.00786089024666938,10464.8743904918
3850,0.2865,4.39376517640118,0.0316905494976093,5144.68517877377
3851,0.158,2.9779968950362,0.0179993507048131,5494.75590784013
3852,0.431,4.26968718257448,0.0132395461629437,11729.1325182554
3853,0.164,2.60449197610999,0.0172938416026423,5013.86176041124
3854,0.272,1.82887081001207,0.00811132381200397,7080.56308012558
3855,0.1285,3.880970711726,0.0199723295664093,6222.81785093192
3856,0.2865,2.13684845330305,0.0119420118683531,6029.90413499508
3857,0.3465,2.58952505606993,0.00593084820589516,13652.4884420962
3858,0.195,4.10706810660756,0.0262496466438572,5576.17675121271
3859,0.278,1.91344488941697,0.0133164422877351,4829.30420095096
3860,0.3875,3.4004560379563,0.00698361130963299,16061.1615211075
3861,0.228,3.44864216033847,0.014375564748731,8076.26566921928
3862,0.1455,3.14386281011924,0.022347831981026,4723.51691289229
3863,0.4335,4.32764353821748,0.0112500234249368,13796.955893013
3864,0.401,7.29685385462789,0.0373869548291425,7406.96384034362
3865,0.229,3.09333566747783,0.0146375615460193,7207.54761649747
3866,0.2345,4.02765727659983,0.00697918388543856,17526.1567526637
3867,0.2595,1.85321286507954,0.0101918410759596,5857.84379845685
3868,0.2835,1.93267548449179,0.0173926871580629,3889.42994420777
3869,0.248,3.45024344513122,0.0268864816105818,4507.56662993542
3870,0.1725,4.12867169363073,0.0947038215055503,1447.15445722537
3871,0.3645,2.95919583481899,0.0109457376158516,9313.80632255904
3872,0.17,4.511706161591,0.00688734676028048,18019.406117027
3873,0.429,5.36143589958987,0.0103495214251425,18631.3736794032
3874,0.2615,3.93249798444094,0.00771023746333774,16061.1330951518
3875,0.355,4.79927394906889,0.00658203370078295,23863.7299201579
3876,0.102,2.78354684093478,0.0827603419552083,1181.3921967463
3877,0.386,3.00946840115469,0.0112299976412409,9367.06750048503
3878,0.2055,4.65313580252482,0.00836959492333093,16971.7499828318
3879,0.305,3.29756008112962,0.00634174350926125,16281.7477325344
3880,0.1565,5.59727408096239,0.0644253181754873,3088.61364065347
3881,0.404,3.78994019757191,0.0088006467511147,14852.235504341
3882,0.2125,3.84935137118734,0.0180199296303903,7266.78141875724
3883,0.1675,4.22068469580328,0.0315136215793511,4393.1889346786
3884,0.2265,3.66074337326288,0.00655337576682724,16356.8729218096
3885,0.168,2.51830159081454,0.0604502960231212,1476.19554424842
3886,0.1705,2.59978437604604,0.0185035651347552,4684.9441601624
3887,0.1865,4.59537555558537,0.00773364342920867,17334.3429520738
3888,0.2785,4.79853479472946,0.0100524192378271,16041.6680462395
3889,0.1155,5.62497053389912,0.0770978003079508,2441.76672882105
3890,0.2455,2.0859123939316,0.0179936447976152,4017.23146801036
3891,0.3775,3.19044615264298,0.0113013328164104,9905.51563970373
3892,0.1585,3.23997176468505,0.0313565440088658,3559.4323145029
3893,0.13,1.42903724571937,0.0482303134286839,1023.27673372686
3894,0.2425,5.44730954549447,0.0243597863320021,8172.21852277468
3895,0.2945,2.45183803002564,0.0224742426756806,3913.80585017538
3896,0.202,4.95456345935397,0.0289957460373784,6132.40309720325
3897,0.1655,2.53651094806714,0.0523179114626839,1811.70113228641
3898,0.286,4.99867621419634,0.0278124830938565,6656.48135228397
3899,0.241,2.3043109925165,0.0178192859195334,4441.83432839015
3900,0.2635,2.57187913526502,0.0143694205895356,6155.89867913597
3901,0.4135,3.99637287906778,0.0074874219562053,18225.8528049012
3902,0.224,2.18614398159865,0.0172936113525753,4287.2077795378
3903,0.2845,2.91281039703385,0.00977973490020898,9820.94068098087
3904,0.2995,4.66750015470832,0.00661130720520606,22259.5728630721
3905,0.403,4.62068297362543,0.0328385169308097,4918.8310636982
3906,0.4045,3.14689874024906,0.0102238438038436,10781.1303409092
3907,0.147,2.86128604722202,0.0617176186685131,1601.02965020576
3908,0.224,1.51107516158077,0.0126798954765211,3889.32534616518
3909,0.461,5.7489790672781,0.0250619646491468,8657.41639014403
3910,0.1885,3.69522261964349,0.0110012192258471,10646.6046917955
3911,0.1745,6.13868720739955,0.0123429610959124,16122.3326836823
3912,0.3075,3.64335425243378,0.00660763887040841,17429.2169258221
3913,0.2465,2.55163255310936,0.00726193080288776,10731.6534284424
3914,0.171,3.69832721495103,0.0301924837868457,4316.84459895411
3915,0.196,1.52526896310045,0.0444880037501478,1233.26479736358
3916,0.0975,2.19638350988234,0.0419782820768577,1735.25621363768
3917,0.2635,2.67134710387987,0.0187946529871424,5001.90301518208
3918,0.1935,2.26430995480626,0.0894541794187331,921.839595136562
3919,0.2475,1.80005941213477,0.00704186307373162,7552.71304347826
3920,0.277,2.18379063442925,0.0109420434902059,6677.91643751415
3921,0.423,5.30087919320767,0.00757546617793041,23938.8695901486
3922,0.1255,3.5639818392686,0.0495198907849259,2527.70837679738
3923,0.3595,5.75613849164689,0.0197330007509029,10359.4105420183
3924,0.1495,3.27772779224052,0.00855313651263566,10518.2036690994
3925,0.102,3.04081974631048,0.0438247138766081,2417.08700024076
3926,0.1965,2.19710116667303,0.0313358596688486,2474.82330841569
3927,0.2695,5.40551203269796,0.0674251872595326,2918.08523918074
3928,0.189,2.59034690933017,0.0580958700903981,1634.17907770838
3929,0.2435,2.21103378567505,0.00862478709734699,7835.95172612024
3930,0.188,3.69491135751024,0.0183133417738269,7032.56852204337
3931,0.316,2.70038593635272,0.00438440839646171,17739.4420131291
3932,0.128,4.04864347390625,0.0163703508143115,7764.030609388
3933,0.09,3.2446445068898,0.0993208575565683,1155.85446416448
3934,0.3335,3.5687562787008,0.0108571632223163,11362.316730291
3935,0.162,4.38211555608238,0.0197082717414347,7399.21767610602
3936,0.2285,2.15523094455278,0.0259597722545142,2902.09733969388
3937,0.176,4.31891221402733,0.0206082210920904,7161.2198589677
3938,0.125,4.00696086787299,0.0200045361607157,6543.12852239562
3939,0.2325,3.55435545229308,0.00727028134713288,14685.0065242183
3940,0.3335,3.51691663057045,0.0071047822732729,16144.5852728845
3941,0.234,1.99983286456287,0.0159549914542896,4250.03581338173
3942,0.43,5.67144443367778,0.00950325617748802,21048.1372506249
3943,0.296,2.64616218623943,0.00720449536866238,11398.3835395977
3944,0.2605,3.54488768450777,0.00935023113456331,12361.8121935586
3945,0.3475,3.96962028730546,0.0122761407016743,11394.1093941026
3946,0.165,2.18568673656034,0.0162296539585471,4413.26071194494
3947,0.255,2.06580152184746,0.00666080268894765,9382.15048655629
3948,0.127,1.84687919294219,0.0576534358791755,1144.30543643191
3949,0.301,3.56169363705932,0.00929342370656562,12823.2389111437
3950,0.1225,2.84754629558827,0.0585896836903367,1719.7217489595
3951,0.1665,3.35831937311965,0.0104512077081444,9855.39150690579
3952,0.3845,4.92766917066858,0.00671585758484268,24413.8943480868
3953,0.269,2.0797517201278,0.00999003028371991,6812.32492609047
3954,0.394,3.58576016057942,0.0142348296202687,9085.77123962669
3955,0.342,3.41018845666003,0.0169849877791032,7256.25206425076
3956,0.3045,3.01260961856985,0.00515274069807474,17363.830220983
3957,0.1825,2.15118040463606,0.0161753764228095,4470.0074543909
3958,0.1975,3.80187205314436,0.00914372240176453,12822.2246141493
3959,0.338,4.02839814338278,0.0134694679839265,10572.6625830318
3960,0.241,2.84468871939819,0.0139633730983769,6866.21385460576
3961,0.237,1.63641618736311,0.0178333975595595,3160.11461172054
3962,0.288,3.57206826723199,0.00512030743040728,20502.6808057865
3963,0.445,3.84162492912219,0.00691665607396942,18741.9990244144
3964,0.1395,2.91189701264546,0.0198652894001492,4792.00990381868
3965,0.1565,5.76164964247269,0.0105048108444171,16611.9435221932
3966,0.3025,1.9284203654845,0.0132173118877073,4999.02084110364
3967,0.3435,3.34640342789725,0.00979868224981754,11750.2639396971
3968,0.394,3.26500319545965,0.0168959921581101,6955.35201669761
3969,0.1615,2.42129074116933,0.0146000719090357,5301.1526949852
3970,0.166,3.69199979859859,0.022457021419802,5689.80644931093
3971,0.3885,5.13425947567493,0.0119243498017362,15403.3969361769
3972,0.1645,6.47826066256757,0.00921522178468802,21151.4049074522
3973,0.253,2.5052906984553,0.0325405681164673,2638.78062013085
3974,0.2045,2.48347649535882,0.0946155334499737,952.092270165443
3975,0.138,5.98720116694383,0.0152477093590752,12414.3815673531
3976,0.206,3.30594060020773,0.00957198118149667,10759.5599291158
3977,0.237,2.97667840055949,0.00679002206761037,13087.5067362672
3978,0.4215,5.01780281991588,0.0217304961372742,8617.48410334806
3979,0.154,3.78665365987504,0.0806633925123188,1696.60649362389
3980,0.1815,3.50292452974408,0.00966697009388787,11031.0618755257
3981,0.456,5.37998992905807,0.0295621995275098,6879.61199657762
3982,0.413,4.99045538691051,0.0166994122154172,10700.6133496889
3983,0.1945,2.67474280864033,0.0202625672987203,4541.21820092486
3984,0.207,2.37231549070828,0.0179720071103892,4505.73460621574
3985,0.408,2.77307340648071,0.00869941018247243,10854.8573787658
3986,0.332,2.15248758382031,0.00607806259549231,10856.8717922024
3987,0.418,4.83022985341271,0.0122721437117456,14288.2468755977
3988,0.4125,3.17681417065646,0.0158710164306835,7146.66277841519
3989,0.384,2.71330608349981,0.00891812771440412,10298.212435674
3990,0.2855,2.04837193872565,0.00915263426314139,7146.97474206461
3991,0.4465,5.88366893867818,0.00973116236326989,21613.7632468992
3992,0.21,3.75415007459351,0.0106160701684187,11306.9576303425
3993,0.225,2.59228693502656,0.0859073567719185,1104.35100509138
3994,0.2245,4.1414976117496,0.00605138517102806,19799.4854622672
3995,0.236,2.66009317158096,0.0261195500938311,3617.16896450428
3996,0.3035,2.19066580322182,0.0311692546986563,2526.62710328195
3997,0.4145,3.28882854755698,0.0110662372683239,10563.1413611021
3998,0.267,4.01871549236595,0.00781164352153947,16380.2673570347
3999,0.229,3.73661586369328,0.034249886769556,3840.71038714117
4000,0.264,3.14945237756537,0.00773497852368272,12855.7387951928
4001,0.3385,2.60415761827936,0.00602156168258102,13270.7300403254
4002,0.12,4.11731774147745,0.0118642884595961,10038.9122653963
4003,0.451,4.84374215120981,0.0219234425529251,8092.16440169616
4004,0.1335,5.52935794852007,0.0337049888164489,5781.77677280835
4005,0.149,3.32671133891429,0.0268122684704085,4325.99794875502
4006,0.377,2.40646409008789,0.0202978017530584,4270.76975160128
4007,0.2095,1.84085525833922,0.0225332336874531,2813.67517847499
4008,0.183,3.15480491410217,0.0213474577176877,5086.23405688406
4009,0.2895,6.99661475012067,0.0191896007102202,13204.4961619829
4010,0.244,2.97173159926428,0.018971563834924,5533.53721751056
4011,0.1595,3.3117871871298,0.0194817861732009,5644.2269826378
4012,0.4465,4.85552925836569,0.016390893211531,10938.9951441388
4013,0.319,3.06735885840223,0.00472510319081988,18791.0695156968
4014,0.2045,1.9512776577334,0.0123823699359846,5059.60794876767
4015,0.245,2.03680174917048,0.0109112011023095,6008.93091661482
4016,0.325,4.24788315747015,0.0465111079634515,3386.64520736571
4017,0.235,3.4808582631506,0.0104096276991773,10922.4757498033
4018,0.337,5.21773631760322,0.0169859960591671,10933.7479211355
4019,0.4355,5.15033864509109,0.013009232506845,14355.2506926003
4020,0.174,6.67834549864801,0.0271078712905729,8849.2908087353
4021,0.3325,2.12962526058794,0.00556036194172032,11560.6189571382
4022,0.2235,1.74722096491677,0.0195617493081306,3101.53000029018
4023,0.2265,2.09160298491086,0.00885964492522431,7249.71966954736
4024,0.3265,5.32495299888673,0.00696943902878084,25020.8926777839
4025,0.229,4.1589751705111,0.0147611449482277,9708.38441363295
4026,0.3755,3.88755243286134,0.00540080701253717,22740.146230798
4027,0.096,5.14128457592258,0.103569295693059,1722.7619418299
4028,0.2925,1.8056287366633,0.0113636779640612,5356.10977670254
4029,0.263,3.93377898233438,0.0104177240394559,12534.2357406438
4030,0.3175,3.27760286223627,0.0134773086938688,8548.84555920017
4031,0.2465,2.50662368484235,0.00872880004410351,9045.49416058132
4032,0.217,4.12237479648064,0.0291252849830832,5085.25840970411
4033,0.2255,4.49783267954963,0.00707743858089137,19151.7947637716
4034,0.1155,3.51212024893826,0.0729670464052331,1578.08362523243
4035,0.3835,3.05938252115565,0.0102421509424588,10417.5910962002
4036,0.437,3.16914310412139,0.0166485842330449,6959.25634817685
4037,0.2275,4.42839529339226,0.00619532156012812,21006.7316493184
4038,0.447,4.04821837088641,0.0126042008232452,11524.8253604734
4039,0.2625,2.71264300562967,0.0153862702217512,6061.20586570646
4040,0.4325,4.82970629461183,0.0170617694608203,10335.8258129142
4041,0.3065,3.54913805576348,0.0061905679375213,17844.0043471487
4042,0.311,3.31579466061878,0.0149682919258902,7883.75246343811
4043,0.2215,5.09401710861536,0.0082022207059449,19146.8647533955
4044,0.3865,3.84907232455411,0.0207619198323691,6659.31407256537
4045,0.388,3.96553172153337,0.0129234398018676,11054.5838131282
4046,0.186,2.07669890398401,0.0243612795220081,2934.31843656406
4047,0.378,3.52124639569408,0.0060542873875162,18813.5978241467
4048,0.298,1.85384141559325,0.0100314095615673,6037.61333656433
4049,0.443,5.33461480747706,0.00893761814294985,21030.7179227059
4050,0.219,2.90591197178704,0.0319475853492386,3269.00276822829
4051,0.253,3.97066307992655,0.0102661747851371,12813.6793800569
4052,0.307,3.84373527870274,0.0096602888397528,13358.3405646745
4053,0.3115,2.12224257161896,0.00563774700118993,11209.7162807614
4054,0.1845,2.89639100333958,0.0908509958157329,1137.06441511682
4055,0.2325,4.0341397547339,0.0140784073406695,9658.98602661518
4056,0.291,2.75853621872316,0.00771179151452968,11453.9435330869
4057,0.2305,3.07895865167814,0.0141975879705209,7333.52761249438
4058,0.3955,5.43001171605743,0.0268061462757655,7323.0742205579
4059,0.222,1.48242137613474,0.0402383162314246,1323.69529388567
4060,0.281,4.5663761325048,0.0130515347633554,12057.7102833659
4061,0.23,3.9199766018686,0.0360715453139291,3923.64645612241
4062,0.3545,4.33156237455919,0.00839894788550805,17253.3912274858
4063,0.2555,1.7234491870094,0.0112135885955304,5033.6892973614
4064,0.3135,2.55916493504181,0.00634787349215186,12577.6420018111
4065,0.239,5.92080734074374,0.00941348994360153,20490.4995116187
4066,0.424,5.82263342297167,0.0102166403178461,20411.963927803
4067,0.3865,4.55084559876238,0.00910329391242924,17186.5242218803
4068,0.132,3.35511329434423,0.0519769495070118,2359.8759539355
4069,0.409,3.01443128033659,0.00855322297052586,11907.0854829773
4070,0.232,2.90336572225427,0.0115249058156833,8164.11012977107
4071,0.297,4.47275091373899,0.00809410371363445,18036.4852216319
4072,0.321,4.31769949401344,0.00997657909272398,14741.0691112054
4073,0.2445,3.42702764486494,0.0100077809028775,11159.0213617485
4074,0.234,3.18157539972318,0.0127248231769658,8159.07172749335
4075,0.1255,4.23068664495659,0.116268323809053,1222.0717010817
4076,0.35,2.55291169026078,0.0110355155683394,7904.87132407521
4077,0.367,3.55164960543825,0.00780605915617923,15135.4742803411
4078,0.2065,3.05255433784199,0.0195592384470744,5393.40350636369
4079,0.161,3.31798515794492,0.0175663291587829,6248.10252857253
4080,0.218,3.99244495219788,0.028905764186978,4937.05041591924
4081,0.301,2.49752992268262,0.00588991217664973,12725.1118915621
4082,0.1785,3.23994914486461,0.0069677551664322,12838.7240642744
4083,0.2645,3.7778713969241,0.00792297854498258,15328.0171193426
4084,0.25,2.10511812411666,0.0543833641742644,1418.24015979098
4085,0.2675,1.91017286885376,0.00857558645922793,6819.33118051232
4086,0.177,3.59796674118055,0.00990527460234959,11250.161034927
4087,0.389,6.02393060449242,0.00869070290131112,23872.4559637433
4088,0.363,2.30887090843716,0.0150426990128586,5455.40915047813
4089,0.097,7.02727402815773,0.102330278390887,2366.11203674024
4090,0.285,4.7082559938388,0.0502514747761844,3438.44021904988
4091,0.2135,3.96442218551387,0.0057473145679976,19289.5090168368
4092,0.379,3.55232398230192,0.00600431568245839,19017.6151614031
4093,0.1255,3.47065773847548,0.0410169604172196,2995.24648255607
4094,0.416,3.83926198240387,0.019101318513235,7273.60311891049
4095,0.1475,4.33183457983339,0.0271845599352881,5526.29855050293
4096,0.2435,3.15828865077629,0.0118804551896705,8938.64226317292
4097,0.439,3.57528008825431,0.00913171706429375,13748.9511235741
4098,0.3335,2.48450728343602,0.008707839467235,9372.12874158959
4099,0.144,5.13856201124607,0.008178443263591,17475.0189877924
4100,0.217,2.99560122758536,0.00752139924207168,11970.5973424191
4101,0.134,4.36721544870551,0.0315782028448143,4983.19291963807
4102,0.1885,3.36355978608036,0.018720772881507,6242.73700975637
4103,0.2475,2.18797012965823,0.01980279849927,3841.53889396885
4104,0.3125,1.94688845939005,0.0197147796269968,3505.46420593227
4105,0.248,3.533165314042,0.0173975118503963,6921.03764631612
4106,0.2475,3.56094114132413,0.0172448244169692,7333.32469418697
4107,0.168,2.90442679769833,0.041696237458039,2480.44618312662
4108,0.1355,2.0738054730684,0.0352299203489572,2020.86684224469
4109,0.297,3.26236140655436,0.00819827753531429,12957.1425286599
4110,0.078,2.29601457492719,0.0355163101356859,2053.87962604365
4111,0.253,3.92120847324563,0.00998959613339165,12946.414748607
4112,0.283,4.9981771394679,0.0128354993826304,13416.3511980037
4113,0.331,3.18357986451735,0.0103924862425364,10427.8118632176
4114,0.3415,2.5015716364238,0.00706094052268398,11391.000078911
4115,0.454,5.47547959168339,0.00741864787113806,25456.1058407096
4116,0.337,2.80318412028635,0.0116406138047257,8314.24991703865
4117,0.172,3.15736614819062,0.01654590065398,6217.48147477332
4118,0.3775,5.30990439262107,0.0205189437927867,9767.1256273495
4119,0.221,4.45670251374082,0.00649675062263256,20006.2670216653
4120,0.211,3.57516393364073,0.0451623645193851,2871.30042426161
4121,0.4675,4.35365354389973,0.00967012516136603,15851.3929348271
4122,0.454,5.15644377848645,0.0204987430282033,9416.11948648489
4123,0.351,2.18770335630561,0.00718403316225161,9808.16445168418
4124,0.176,3.31422841914845,0.0154601591754719,7028.45734696506
4125,0.348,3.46683405621061,0.00611925150106326,18048.7941699802
4126,0.2165,1.61176437139215,0.0127969720520636,4069.60104076323
4127,0.1495,2.91500587678784,0.0127160100835923,6981.93229704293
4128,0.2325,2.69925932672448,0.00907471292195979,9423.11997643576
4129,0.153,4.48615231459541,0.0144179804487975,9929.06146244084
4130,0.165,2.10038956075019,0.0250976037146409,2895.64889969087
4131,0.3625,5.21146914472035,0.00690528320882581,25023.1275350397
4132,0.2535,2.1016008735407,0.00714206699204699,8903.94028542043
4133,0.3,3.657905156428,0.0160027101157809,8096.27946584877
4134,0.2295,2.91620933245497,0.0242245918363571,4170.05923217501
4135,0.166,4.75410768719266,0.011513970416399,12883.1852167856
4136,0.2945,4.24850193048336,0.00726535767382713,18793.6198310122
4137,0.1875,4.16466898808518,0.00759756286223697,15886.8276122766
4138,0.152,2.98179263127144,0.11679401246162,909.892810097182
4139,0.241,5.00197947771544,0.0148484053561629,11576.1339142236
4140,0.1485,6.50421567845593,0.0614203171531239,3907.51601206896
4141,0.1505,3.0364716999147,0.0704359243940517,1575.15701074193
4142,0.236,3.53187141637365,0.00677152909252981,15728.4543625341
4143,0.1675,4.6536821418775,0.0159711877335966,9703.02418353666
4144,0.352,2.39818887715845,0.0107978280383054,7555.5069280805
4145,0.3785,2.98443170394643,0.0187542698724831,5706.66796692781
4146,0.2575,1.84769803947531,0.0082169122283999,6987.58969586305
4147,0.4135,2.94119718468658,0.00630700228314163,15146.2826068926
4148,0.3015,3.01543441063437,0.010461094935982,9766.52632634171
4149,0.191,2.91300638789409,0.0779938068178392,1323.46153713284
4150,0.288,1.79993735278556,0.0229924077712668,2739.06241628934
4151,0.424,5.21608616434043,0.00762941607015922,23614.8320765982
4152,0.245,1.79427692770978,0.0068903555668034,7642.19031610606
4153,0.139,4.15990823980872,0.0112556307116574,11023.0165674301
4154,0.198,2.73975201824141,0.0203343193461782,4577.36128362286
4155,0.088,2.75463898164654,0.0388456500128335,2390.63144133409
4156,0.426,5.25180468594541,0.00760580429994389,23576.0721553934
4157,0.1555,4.78073928547439,0.0207634237456005,7620.05349945845
4158,0.321,3.03261718125969,0.0092598248216615,10800.8710546313
4159,0.216,3.93994577202551,0.00610642298994049,18289.012989569
4160,0.2425,7.36987406552581,0.0417705368124975,6529.11068388067
4161,0.2375,4.0431797407103,0.00657569634156271,18089.7179279922
4162,0.203,2.49842393815475,0.0166008547370711,5111.31938318049
4163,0.255,2.23375795867404,0.0113415902643443,6448.78669190909
4164,0.211,3.16303737290508,0.0222333255274293,4942.43750009256
4165,0.2205,1.84481676246581,0.0213877200628925,2934.86990757121
4166,0.2735,3.92037860592055,0.00828994897242061,15170.2479410373
4167,0.459,4.26277519164776,0.00754373525950051,19528.0408656241
4168,0.157,2.81476545560849,0.0473023913385792,2185.33220106579
4169,0.129,4.24328296694918,0.02704517872468,5349.14099579969
4170,0.2775,4.01172829521577,0.00622555426345868,19778.5125979588
4171,0.2395,1.89924806437649,0.0135746371026954,4682.1262034938
4172,0.3325,3.28513189799152,0.00680313629592895,15478.9017174523
4173,0.239,3.03782307755658,0.00928783380883154,10335.109973835
4174,0.191,4.53875109087071,0.0109127687047136,13012.8854423819
4175,0.3245,5.00090936896992,0.00957281209256835,17679.3001231559
4176,0.2485,4.5979585862393,0.007556660147073,18837.6279595724
4177,0.292,4.52932142926228,0.042640958166528,3884.23708367371
4178,0.1885,2.35236675106411,0.00785676396732366,8747.3247458721
4179,0.244,2.78929509599637,0.0116560932067744,7905.09818295724
4180,0.1275,3.94753459022132,0.0397206058802168,3358.66705867643
4181,0.1815,3.46441950655368,0.141465728323634,859.174160100343
4182,0.4635,7.79113635343812,0.01127632836553,25213.7789675791
4183,0.1165,2.78183809488392,0.0621453772887319,1572.95827546646
4184,0.3375,2.42887766168427,0.0130615348130801,6505.83726744162
4185,0.2885,4.82370767186279,0.00707923451524882,21766.2811898421
4186,0.4,4.37402176868216,0.00885451217653957,17173.9471727652
4187,0.273,2.76903379367198,0.0817749864891888,1256.65406507355
4188,0.2795,1.82195057652075,0.0182180727057103,3440.45986183367
4189,0.092,2.08956649240464,0.032868579427142,2077.36131207647
4190,0.303,4.0634121830828,0.00900658827122749,14989.5067771578
4191,0.1705,2.06894396844148,0.0234157796505757,2989.16918985772
4192,0.235,1.53600401603745,0.012497626452475,4034.42175439287
4193,0.4485,4.64375067621163,0.0131219608498095,12850.4423114188
4194,0.3395,2.63125831073796,0.0222956475073892,4285.05042470928
4195,0.2285,4.01714607436398,0.0219837457084646,6488.93627876883
4196,0.221,3.26098501080174,0.0339940144708635,3463.84229491125
4197,0.1975,3.31370820280547,0.0155820931601035,7023.6574900641
4198,0.3255,3.98280523402463,0.0299025828701773,4959.58282765263
4199,0.2265,2.88664309765864,0.00758734590661318,11228.9699973911
4200,0.172,2.46283451012847,0.0357145420418783,2449.73718902679
4201,0.444,4.82578332702118,0.0183986729033285,9650.29998502169
4202,0.359,3.96160697056064,0.00582864625566582,21269.3222895466
4203,0.1185,3.18745925023582,0.0480772028397005,2321.7453051742
4204,0.194,3.53853369040646,0.0264906121516806,4768.78623859691
4205,0.431,3.85745456575879,0.00803736068735058,16534.3948140185
4206,0.317,3.06443212126208,0.0104017372223475,10031.84242557
4207,0.3,2.53444218245228,0.0088078038987966,9290.79509913004
4208,0.1675,1.58557083263441,0.0286707773022822,1909.81897596014
4209,0.451,4.85374400834516,0.00841201067481056,20246.7073588228
4210,0.3115,4.64314715155097,0.00939557918932966,16709.5089300844
4211,0.2955,1.8256287270721,0.00639577076551061,8635.18458320664
4212,0.247,2.22381967025545,0.00913729646290673,7591.21908843626
4213,0.2895,3.15688461029802,0.00628797363873749,15490.6082522473
4214,0.107,4.95326193461246,0.03689416656176,4531.81594291948
4215,0.2235,1.58650908604243,0.0139761033335193,3736.24855096541
4216,0.157,2.87170302460363,0.0232368031978489,4180.00780600462
4217,0.3955,3.43943755079227,0.0108698187217092,11085.337224124
4218,0.199,2.49786165464704,0.0438448190094384,2091.79221344229
4219,0.222,3.51808157997559,0.0143607818254061,8298.17457044004
4220,0.139,5.58081578993355,0.0338266796499001,5800.34070662134
4221,0.1695,2.18153613388556,0.0398790516472564,1999.09445053037
4222,0.1625,5.67805646969345,0.031637854082721,6363.33135648299
4223,0.284,3.06643480212277,0.00452045510936594,19036.5560522022
4224,0.128,3.417543975815,0.0136302645201616,7594.50475964096
4225,0.1245,1.86157974821048,0.022041058067789,2742.36550088008
4226,0.135,1.70732046771528,0.0345814589713469,1696.07670516985
4227,0.3295,2.66224287361367,0.00387885595718304,19122.4957411813
4228,0.135,2.32920219057251,0.0274858443119194,2831.62165511318
4229,0.427,5.3583319339155,0.0100156026513415,19075.2658791574
4230,0.357,2.23435927837861,0.0148450760306311,5330.13142369924
4231,0.2175,2.46711742058962,0.0195720463542992,4331.23660765166
4232,0.349,2.45296228984476,0.00461833548934023,15650.590852719
4233,0.1995,3.18201470434248,0.0140214762799862,7464.796840684
4234,0.2695,3.84128072734939,0.0106938487558932,12113.3034989331
4235,0.3845,2.77706598499312,0.0133109678131158,7377.74751106981
4236,0.2595,3.47471352178863,0.00798774570105829,13532.2642983142
4237,0.1505,3.81072760709878,0.0208131837022076,6082.11457033918
4238,0.3575,2.60273678676867,0.00799049717226502,10742.9893473501
4239,0.3125,4.01823718345752,0.00652598549227019,19669.6107146961
4240,0.324,2.39532971150086,0.00382263942131075,17293.3424610849
4241,0.3595,6.54083482664021,0.0212870803917913,11370.4678081006
4242,0.131,3.08210464519868,0.0420325831766882,2585.6234128674
4243,0.236,3.4468601793664,0.010707823026867,10517.407447994
4244,0.265,4.05267170370485,0.0162969695277244,8715.04323755046
4245,0.412,3.34490300754705,0.0132914514875612,9027.17199802314
4246,0.2735,2.84422410634161,0.0206950580910791,4847.95193435463
4247,0.096,3.29803790852573,0.031682796632577,3427.00771188099
4248,0.3425,2.55639228923394,0.00671641786079403,12028.3962289463
4249,0.2995,3.54232173455874,0.0498173482061955,2687.12371590123
4250,0.1805,4.54721676946944,0.0766820090800626,1957.93171734125
4251,0.4595,5.13263672786332,0.0230016440624044,8111.00534769294
4252,0.3285,2.37646168568878,0.00420221658789601,15963.9258150726
4253,0.1535,3.42013523236325,0.0195178561269943,5858.38446972422
4254,0.103,5.23383113758769,0.0559017213514484,3229.26419235445
4255,0.376,2.8447508694724,0.0139553597939788,7259.69775468824
4256,0.274,2.65103717204925,0.00647185366574482,12116.483149805
4257,0.221,3.92142616882581,0.0155169890376588,8615.47684275512
4258,0.398,3.77868670433405,0.0132238756039741,10306.2365278057
4259,0.1345,3.19118531239893,0.0195552498537576,5400.15538971176
4260,0.202,5.91349302366531,0.0268013035532037,7803.22081213501
4261,0.356,3.84858555346398,0.010106403741917,13189.486443147
4262,0.266,2.21419771336899,0.00801333121457624,8645.18330766211
4263,0.268,4.51549295559976,0.0172231032955119,9167.07815973881
4264,0.212,3.33175359022892,0.0104647254255047,10170.5634672802
4265,0.446,4.69354472745497,0.00699866325989664,22823.1912543916
4266,0.2775,3.35102442125991,0.0679638324851021,1825.65792636416
4267,0.3395,3.26820976886,0.00668902703363264,15751.286233862
4268,0.433,4.83796496651434,0.00803190428141111,20805.1952433709
4269,0.2865,3.00010860552614,0.0218297986955871,4744.7808254008
4270,0.2125,2.9066600358602,0.00578246058041057,13777.1708746687
4271,0.374,3.01757246828217,0.0106417681662003,9866.43165700524
4272,0.169,5.78489566609289,0.0125421663341958,14778.0144135009
4273,0.1355,3.22123907373612,0.0266234641266144,4086.87704538928
4274,0.374,5.2028041448102,0.00976861598287786,18561.8599091147
4275,0.268,2.59492559420676,0.00736094933464897,10956.3534918027
4276,0.242,3.84021216134578,0.0119043965316366,10867.649734679
4277,0.16,4.74014100733839,0.00741514405394669,17594.59798755
4278,0.433,3.90612024024929,0.00548939580105497,22988.4664294138
4279,0.3925,3.3001938784403,0.00952221063059237,12154.1132892983
4280,0.3035,2.13157606137922,0.0259210351392442,2876.31416513007
4281,0.434,3.74046733425846,0.0113517256552305,11730.9273317105
4282,0.272,2.8388620615088,0.00866402467532201,10494.9334127043
4283,0.3825,2.96352725167786,0.0149137555315966,7132.12219375345
4284,0.315,2.51694032763449,0.00576248082151997,13198.7804622351
4285,0.1,2.09502898487286,0.0497853653304548,1504.53051806873
4286,0.31,4.86767642194225,0.042959448517724,4114.90845231008
4287,0.3105,2.77201834886854,0.0151782702170468,6448.38415030255
4288,0.3035,2.05181621589438,0.00773103506925295,8448.55840815027
4289,0.302,2.07273715927111,0.00544830324296025,11241.7349137556
4290,0.2375,2.66462436709987,0.0108582460757136,8119.61698898835
4291,0.2555,3.56136617536341,0.017010252988626,7334.9117302528
4292,0.212,5.11042237823819,0.0349864721074006,5274.95966956708
4293,0.351,5.10619696738439,0.00559527581858674,28979.9680918953
4294,0.2515,1.93083228230417,0.00957708082435621,6294.40673963471
4295,0.2755,4.85045990480647,0.0102804320524879,15709.0247329252
4296,0.1465,3.64365726609135,0.0119874308992508,9164.8412465336
4297,0.3845,2.90257575753084,0.00866215587545518,11464.0200078142
4298,0.3555,3.79677836848137,0.00655178455558828,18871.5915244155
4299,0.23,5.78350364290281,0.0370890756011127,5753.79455082459
4300,0.139,6.47022475808162,0.0236323074956403,9347.29875468361
4301,0.283,2.4288411994829,0.00976939534994016,8243.94194233736
4302,0.1355,6.55951136365635,0.0167327539372661,12526.5996975482
4303,0.32,4.70056616998036,0.012203163104405,13449.9260625142
4304,0.3015,3.34615995663021,0.00406513073506069,22802.9724837205
4305,0.104,3.31051902711799,0.0432975832038386,2559.97450737557
4306,0.1715,2.35514572537325,0.0390670478097131,2111.71234394622
4307,0.326,5.19559412279004,0.0300583636298154,6495.80103606897
4308,0.307,1.99310549767366,0.0191967115067157,3659.4433041628
4309,0.3405,3.45912645634965,0.0128620390992721,9396.327012691
4310,0.443,5.90305905229979,0.0175670565958087,12441.4418230283
4311,0.2925,4.1184723558717,0.00999020048131103,13961.0621767151
4312,0.2875,2.00703803929124,0.0275809351850143,2563.19305806802
4313,0.185,4.81820301731522,0.037856735227623,4608.32053553524
4314,0.1355,2.68120149593147,0.0183519011175242,4784.54057271626
4315,0.257,3.55923502876623,0.00513027931253479,19787.2391403812
4316,0.2155,1.60043803697961,0.00469493282646139,8642.37546451707
4317,0.2505,3.49122505953635,0.00810298703307501,13503.1605159441
4318,0.2025,1.75749472971062,0.0275664805060801,2233.90362179532
4319,0.2765,2.33806077795261,0.0058891502087649,11596.3178192042
4320,0.346,3.61022923116743,0.00579241918132957,19550.7282738961
4321,0.1275,5.529072837394,0.0228143061377644,7882.78675718892
4322,0.3015,4.07618457668668,0.00482752487680853,24848.3590016282
4323,0.374,2.79227220416308,0.0168872962161846,5909.33890297471
4324,0.1625,1.69230882299646,0.0264064431988362,2201.99032728236
4325,0.235,3.50650528425189,0.0099203888733017,11356.1605644194
4326,0.124,1.81739266236543,0.0427676631401134,1463.72498194976
4327,0.4375,5.02131989647322,0.00756082533491455,22721.271974022
4328,0.142,6.78491247589535,0.0247227267941887,9448.39390080565
4329,0.368,3.6702082384702,0.0258210113659268,5220.48899942003
4330,0.2875,3.4101838475319,0.00663114971625262,16051.8810737176
4331,0.339,4.23824418545659,0.00814158959267423,17387.2653049942
4332,0.1005,3.89065742040626,0.0156429669872807,7321.27943643678
4333,0.353,5.37453594886788,0.0138521774066889,13907.9708583202
4334,0.133,4.68381519201621,0.125916095902566,1275.41311374043
4335,0.165,5.25920772319771,0.0262959654846481,7160.41393803583
4336,0.3175,2.3175266722147,0.0230595001363186,3591.62557097269
4337,0.3075,2.11606258315176,0.0075674096395466,8903.95110227392
4338,0.2475,3.57811993398663,0.0209711596875576,6088.45195539774
4339,0.2085,3.94113456144257,0.0137742249571768,9532.87564224548
4340,0.2695,3.24806308826929,0.00941062269086396,11197.493525947
4341,0.116,4.72672091767737,0.0130739740403675,10458.266450441
4342,0.3795,3.60961307763842,0.0277457221832988,4701.23543653578
4343,0.226,2.91893240754826,0.00963905457820764,9620.93178763237
4344,0.314,2.00456531210226,0.00730271780669289,8582.87446992827
4345,0.1295,3.52625349394576,0.0189947474381189,6007.02075453171
4346,0.1325,4.54111318849469,0.0131296614063296,10636.2840025907
4347,0.249,2.82683046110651,0.0101904400496023,9014.2349088561
4348,0.2725,5.18636633062982,0.0215838291512797,8399.54214402594
4349,0.315,2.33285058770448,0.00488514627125601,14011.6309647764
4350,0.4305,4.79526077200369,0.0258374843773334,6692.23376136303
4351,0.206,2.27635150980626,0.00756041437967235,8825.38984730843
4352,0.219,1.74546849794864,0.0100839942404938,5319.22236518113
4353,0.45,3.8664416221241,0.00629122870523292,20498.9896234527
4354,0.346,5.4769008218346,0.0289313411020544,7134.88028825682
4355,0.2235,4.12575498646796,0.01120940578354,11972.5582653946
4356,0.4035,6.00791747625671,0.0141223473971049,15364.3864845274
4357,0.243,2.73559655308088,0.0413480226417934,2445.14181282697
4358,0.2985,3.95584277194044,0.0101623641283058,13094.3587172187
4359,0.3105,1.97823822214081,0.0197424149160686,3563.66048231092
4360,0.2785,1.93289661688053,0.00643678938288519,9143.40181112673
4361,0.232,4.35932400865954,0.0177394899539384,8439.98793695703
4362,0.178,3.5724433468736,0.0164198674997304,7165.26513153346
4363,0.1885,5.66111249093469,0.0164170590511957,11636.8761787111
4364,0.363,3.04576834823941,0.00628683591347221,15645.3804996862
4365,0.1755,3.90431014488925,0.0140654672257302,8780.97492357992
4366,0.272,1.62960752257011,0.00993612476685127,5284.04995746655
4367,0.1645,1.93563703243918,0.0555703303019617,1251.65499660548
4368,0.109,3.28597766263208,0.0140376789489235,6948.90546592645
4369,0.454,6.36992431065728,0.0115422912266266,19886.3585836423
4370,0.293,3.38988505624163,0.0137569122303987,8617.30043162184
4371,0.146,2.34521054537399,0.0435090354300862,1940.5574028042
4372,0.1335,2.7819379364063,0.027572879007925,3391.58587510825
4373,0.2945,2.14026144695132,0.00889833745723086,7718.52107475574
4374,0.1935,4.58870370950949,0.0167549302371638,9284.53820918369
4375,0.381,3.03073111477658,0.00460838325637566,20118.0682564652
4376,0.282,2.88466749029099,0.00495401784430606,16645.8977894714
4377,0.2415,3.59072138695857,0.0602642612547767,2197.21535972233
4378,0.1445,2.84879760233343,0.01468901920794,6169.3374122008
4379,0.295,2.40707447194441,0.034649904449732,2435.40636235066
4380,0.2585,1.84810175925624,0.00584515949605332,9094.56530676973
4381,0.1835,5.47248526689682,0.0163172580341477,11191.4383999414
4382,0.143,4.0059724731167,0.0117726669610683,10282.6746055649
4383,0.2775,4.31544559917573,0.00605790045989881,21787.3233433046
4384,0.153,3.57110332017671,0.0385713170897041,3308.70346718423
4385,0.093,2.68336563604566,0.0441375360121169,2089.48482543687
4386,0.211,2.42499656698075,0.00598324784001543,10953.8833163286
4387,0.1465,4.31943079771636,0.0156018161903288,8703.72660045498
4388,0.2145,1.86733734950671,0.0120927007759972,4928.57128720691
4389,0.3615,3.04053526797609,0.0116194536275554,9115.28838472615
4390,0.1255,2.21067114359387,0.0116524922625603,5549.56188375314
4391,0.297,2.06816661647952,0.0070869921402074,9218.31961593262
4392,0.265,3.21291313435075,0.00646139010854146,15192.8949686738
4393,0.2035,4.0741572780895,0.0119171278350445,11197.9647025334
4394,0.205,2.96779265117556,0.00529482175955901,15080.4015725337
4395,0.278,1.74531360596007,0.0147559963430738,4018.00801346115
4396,0.317,2.50578683642864,0.0135582906651166,6440.9709919089
4397,0.117,1.94414820254611,0.0495976505767684,1375.01929153366
4398,0.235,5.40637320670419,0.0102057246201643,17427.2188143371
4399,0.1115,3.30839920700625,0.0296710908476365,3691.45313553111
4400,0.3145,4.59322980680567,0.0119995575360788,13326.5685235441
4401,0.1945,2.20469339783897,0.0141424437352162,5119.61650900279
4402,0.0885,2.30522250335395,0.0462600350696764,1705.75847765931
4403,0.2365,4.23427739645583,0.00731143301047171,17907.4774137317
4404,0.1835,4.13903797506493,0.00722176620512082,16429.9536534619
4405,0.358,2.84291984198313,0.00408842593026723,20108.5145773269
4406,0.181,2.75570125076117,0.0305347952447172,3197.87124040599
4407,0.102,2.91495169546996,0.0305820750854272,3136.10839283847
4408,0.36,2.25474483114353,0.00860398557438858,8589.34401914243
4409,0.242,3.12301444021786,0.019346458598571,5618.89859024858
4410,0.212,4.79965195148633,0.00698988345711491,20262.2871534777
4411,0.201,2.71473581097981,0.103282932540889,901.578131527861
4412,0.3875,2.78977405568727,0.00579543529989366,15266.8953455536
4413,0.4745,6.27394612920933,0.0369446706190978,5939.19105204898
4414,0.3915,3.38951361951218,0.0113643969656826,10542.0141754138
4415,0.2635,3.86673199669812,0.00954544510620931,13392.0459680134
4416,0.3795,3.0946961827912,0.0117944274518177,9296.16738242915
4417,0.3375,3.76560664030164,0.00757335563151542,16333.190630374
4418,0.2995,2.2223340836342,0.00974172170779739,7479.91835521617
4419,0.399,3.09279984620628,0.00740161124857978,14077.8954023661
4420,0.3435,2.93040940927969,0.0110707583886935,9107.52303941173
4421,0.327,2.49140076412408,0.00968132662933405,8562.78890426611
4422,0.21,1.93081711647376,0.0379574515323946,1806.914807605
4423,0.259,3.27839657059973,0.00580079806835536,16427.3853622249
4424,0.2695,3.06530237880921,0.0304890454528836,3677.89300599322
4425,0.337,2.58311795029735,0.00432893226810698,17185.7089585991
4426,0.2275,3.7919932080669,0.0595133130870148,2402.64818541018
4427,0.4205,4.90478729965686,0.00823162071081769,20455.0381778705
4428,0.212,4.91383991474826,0.016352838224574,10336.1240864106
4429,0.186,5.49475745076231,0.0208327430875943,9242.13287206585
4430,0.142,2.8420218275746,0.0619720676671009,1640.93996376826
4431,0.4125,3.88470874215079,0.0139587070492391,10053.9984635266
4432,0.358,2.36406320472049,0.0081048037019878,9620.47911213547
4433,0.317,2.32254001373572,0.0200107599354302,4155.7275970843
4434,0.207,3.58442458457378,0.0057921513528206,17058.9995919377
4435,0.3095,3.98981258226986,0.0307113653064509,4831.18768502857
4436,0.2155,4.95829704425514,0.016662008825231,10215.9312300764
4437,0.379,5.17039811197914,0.0464554573355078,4190.56549913646
4438,0.1425,1.93800850174883,0.0685530928255508,994.276196203206
4439,0.25,3.90809091257697,0.0347950873903106,4078.16752845014
4440,0.194,2.5620039975793,0.0165030496597371,5165.52841470389
4441,0.2795,3.84521096164907,0.0101071447758702,12733.4629132638
4442,0.207,5.20403568559423,0.0196158726003163,9010.86825496595
4443,0.095,5.36744102883675,0.0370780923543924,4953.28474817328
4444,0.2295,1.81224476385366,0.00798275580113256,6813.63078232327
4445,0.2615,4.77587725470353,0.0075266770037211,20081.2904156287
4446,0.2425,3.19929291002471,0.00753536453521262,12954.6071846474
4447,0.13,2.5056979546257,0.0970985960879193,917.845254200046
4448,0.225,4.43903451968485,0.00878721029782428,15831.0042391952
4449,0.306,3.78141052395275,0.00632496448584349,18771.8173268416
4450,0.4605,6.46769129572977,0.0465748782848594,4766.06015765047
4451,0.182,3.62625435964192,0.011855841494249,9624.22904304798
4452,0.1545,2.18031537837655,0.0188925005023279,3776.30247419055
4453,0.353,2.55551903847579,0.0062430429519041,12882.1853292746
4454,0.307,2.15655867712922,0.0313503081174283,2476.75680081499
4455,0.3685,4.33156498455196,0.0103929265405978,14549.9926659594
4456,0.1755,5.56158533511267,0.0159410779123644,11668.5434982933
4457,0.131,4.87695205944003,0.0955315054703443,1813.05044740473
4458,0.13,4.57776172348775,0.0449262006856888,3451.31993953996
4459,0.397,2.81394268034081,0.00567850765550777,15800.5732922144
4460,0.301,3.86027389773231,0.0088394543776924,14515.8095935915
4461,0.272,4.49318673076551,0.0382952102561306,3984.18428029287
4462,0.317,5.06412598312063,0.0362434012928318,5130.62100530839
4463,0.405,2.76445799073133,0.00562851310042312,15667.6478982014
4464,0.336,5.13475361751811,0.00961852967025951,18461.7857873542
4465,0.204,2.8808374657055,0.0209673572727356,4639.57603424339
4466,0.265,4.20548551424046,0.0245286258561595,5951.3802304407
4467,0.155,2.90654164937698,0.0207688065131395,4671.99765679945
4468,0.24,3.58684162142434,0.00648995283116825,16365.8936819866
4469,0.2815,1.76911659153595,0.00971589740312479,5901.62818595328
4470,0.2775,1.87121028790327,0.00567478833533614,9597.85893717676
4471,0.277,3.75543035135084,0.00976247295011969,12846.4465937043
4472,0.2275,2.36688296696398,0.0515116819487698,1673.71438871388
4473,0.3525,3.71033843105476,0.00951994809260068,13248.4858455624
4474,0.279,3.03058338350855,0.0144675087861081,7205.78256375528
4475,0.1525,3.79075869373159,0.0235053485694357,5487.31948002637
4476,0.1915,2.8707701628154,0.085798032588176,1246.42726780769
4477,0.1945,5.28715232808145,0.0195672958163976,9054.28092315671
4478,0.3235,2.97432571368651,0.00507867855140625,17712.5807915047
4479,0.233,1.74078003848861,0.048846740962756,1241.82203603011
4480,0.2695,4.27575714671831,0.00747865177727271,18274.1372343248
4481,0.1815,3.98466274210089,0.00734224558295778,15614.2298326399
4482,0.1575,5.22962165067715,0.0240574491074309,7493.6594069798
4483,0.1335,2.50071432303475,0.0353868169661315,2459.50113830393
4484,0.318,1.96814031553826,0.00750178202483608,8414.37329860002
4485,0.415,5.35731406025214,0.0132818835020713,14343.9759599246
4486,0.2775,1.80100334305616,0.0114937710199598,5205.2101979149
4487,0.3215,2.39118114299153,0.0154625048601533,5448.07729158647
4488,0.2905,3.52903381145088,0.00610278832431544,17834.7295062087
4489,0.3255,6.01044424858491,0.0134732659324532,15809.9201766058
4490,0.3035,4.46757316946195,0.00822586166475449,17867.4105909724
4491,0.217,6.42127385775127,0.045432825429428,5209.39279021882
4492,0.2695,3.37158404826518,0.00833745899751217,13034.2867051487
4493,0.297,4.77012514091431,0.0185178812007592,9014.87353781617
4494,0.3245,3.3055629904304,0.00756413573138673,14091.3378116719
4495,0.4455,4.22495874117471,0.0101420192505943,14861.0216129859
4496,0.205,2.40116228968308,0.0207393563565357,3942.12936648563
4497,0.279,3.06795817814945,0.00753666702195548,12839.9237214478
4498,0.29,4.58531937758291,0.00728697248375156,20075.707037207
4499,0.1365,1.85192936011457,0.0416610389279925,1590.3021371519
4500,0.256,1.72398733541652,0.00797207672600866,6575.70422505353
4501,0.264,4.02439764903157,0.022691529139575,6141.93805367787
4502,0.426,4.72468529767575,0.0103046898564582,16188.468012969
4503,0.2485,4.2995042351942,0.0221323033791519,6786.82651138763
4504,0.2275,5.90479832924959,0.00796905944535784,22970.351470199
4505,0.189,3.87266059793149,0.00774896490656842,14454.8559125538
4506,0.256,4.54280310017571,0.0127761159687267,12083.330816432
4507,0.449,4.945912602651,0.021693788286607,8193.09648302154
4508,0.2055,7.37533683388532,0.0302372743160847,8856.25312402216
4509,0.1165,5.17246119633412,0.0149917969852096,10341.6685972595
4510,0.291,3.32040851335633,0.0093703499697356,11634.9416947321
4511,0.1925,5.46830523672145,0.0131731000324625,13710.1013201059
4512,0.315,3.25086168532989,0.0228437373245535,5151.43053247959
4513,0.2385,4.16036518334013,0.0129316028223095,10732.1883910387
4514,0.2125,2.2836683460718,0.0691457588101022,1203.06084863749
4515,0.1225,2.25648937444609,0.0897469658796846,910.755607241897
4516,0.4445,5.36180258260847,0.00775736778808284,23964.0356112124
4517,0.3115,2.915705907823,0.0125315578331604,7989.36421139148
4518,0.1955,4.899482938665,0.0279884031729128,6231.5179481176
4519,0.1035,1.31476326814714,0.0444350449756149,1030.87493068701
4520,0.2945,3.04133730473829,0.00862700946186741,11446.1408686654
4521,0.2085,4.29153233476481,0.00660085258669479,18894.207565038
4522,0.253,3.52470127297525,0.00869758809894289,12853.820227644
4523,0.4245,4.0083007621372,0.0148538383825031,9791.2239890059
4524,0.3575,2.98983201758037,0.00694042706884741,13983.8928398826
4525,0.1225,2.74078598130665,0.0967184126215714,1009.04276980893
4526,0.3,4.13024903086477,0.0123173688623487,11450.3567996951
4527,0.295,2.75519081236499,0.0113048218249883,8305.7408268658
4528,0.456,5.23036741502762,0.0129570631464186,14770.065873002
4529,0.15,4.48622435453481,0.0881834914662369,1639.36677145356
4530,0.163,3.69486077364845,0.020432030863371,6217.791056047
4531,0.3755,4.72751414527392,0.0113467761940146,14746.4245240254
4532,0.4125,5.02546208301709,0.0174635544642539,10446.593622958
4533,0.092,3.29833149160797,0.0792890246630016,1457.18654557347
4534,0.299,2.3262662243038,0.0529159200430976,1600.69752313816
4535,0.3505,3.26098491373195,0.00669979401490642,15739.1693446075
4536,0.2385,1.4989566083836,0.0165277344544764,3075.69600225357
4537,0.2035,3.68260112718444,0.0187770857683788,6638.34548417765
4538,0.4375,4.18372304542801,0.0159828223772549,9546.95163477282
4539,0.4215,3.87791438676969,0.0129658816117214,10786.7219905554
4540,0.3065,2.04427691069898,0.00793120655795101,8243.67141310003
4541,0.189,5.55018397862259,0.00747786753628073,21552.3210230219
4542,0.2415,3.05603333304892,0.00966090737581812,10173.6950449061
4543,0.1745,4.34428859393645,0.014650374808362,9597.18908667881
4544,0.4055,3.05874169472629,0.00639557347987126,15733.3747359842
4545,0.2375,2.49813700700422,0.00784130708134476,9621.0134255602
4546,0.4095,4.65794882088135,0.00702173345154981,22383.6428891022
4547,0.181,4.63458272517338,0.011845484391787,12350.2334670432
4548,0.324,2.81031053497772,0.00719192127739951,12429.9630211251
4549,0.4355,4.02181866455168,0.0101504970277967,14062.7743449284
4550,0.1895,2.86075829320422,0.034850133701978,2920.83554366117
4551,0.419,3.55844105466435,0.00967648053543998,12937.0086582482
4552,0.1875,2.79016153449144,0.010887910421863,8049.56689275242
4553,0.1425,4.1036497513013,0.0207536284348168,6633.61242609911
4554,0.278,2.22575720692888,0.00778151528827429,8917.93467671341
4555,0.3675,4.30314043372682,0.00935150465544497,15872.6525432295
4556,0.268,3.97497410198444,0.0106308564721364,12430.4637208935
4557,0.302,1.77387478749316,0.0100943432256193,5788.6883430249
4558,0.269,1.71844162769466,0.00935910418222627,5796.33255937946
4559,0.329,2.44683769205431,0.0158127977913173,5443.87546985862
4560,0.209,5.50438548435504,0.0183661130300442,10659.8262035551
4561,0.476,7.5600011126936,0.0085153744469186,31580.0477087741
4562,0.357,4.39626224118995,0.00957943003839907,15694.0045306451
4563,0.269,1.98546598337941,0.0169233832008971,4067.46051503402
4564,0.2995,2.15700384026054,0.00557625163112925,11391.0261925992
4565,0.306,5.90565210648153,0.0720551573603295,2800.74205673667
4566,0.279,2.80366489415734,0.015120774287606,6390.24675176174
4567,0.3815,3.29110589946032,0.0188539549632916,6319.83559592125
4568,0.1385,5.84570673626473,0.0658489151608109,3073.77349896177
4569,0.186,4.6093071462936,0.0439084679268173,3800.33318785588
4570,0.1975,3.32550939526372,0.0197558335625285,5807.91309438092
4571,0.295,3.64141604355927,0.00720243236886098,16137.8977784673
4572,0.2755,4.27709926076556,0.0139583053425368,10643.8322902302
4573,0.2925,3.1320931207219,0.0196646012649487,5610.19788575971
4574,0.181,3.83111717653031,0.00996514242816933,11707.7605899305
4575,0.2245,4.76428550621903,0.012491455020149,12759.5435435435
4576,0.177,1.91911254298918,0.0231772075380337,2779.7649722635
4577,0.4385,3.71427309858615,0.00632875012782457,19699.6463506994
4578,0.216,5.41291482328097,0.0357087814807568,5515.88574275651
4579,0.337,4.13614904005277,0.0537030639859323,2920.42740662271
4580,0.34,3.99454574491291,0.0169045925045734,8443.8837749661
4581,0.287,2.14068901272822,0.00864949474474686,7940.39096412225
4582,0.379,3.2045573507222,0.00592392346001712,17146.3423356144
4583,0.3855,2.88986168790746,0.0107113010683275,9338.25707940033
4584,0.3005,2.96697055128806,0.00519138008069673,16734.3452506215
4585,0.3115,2.94333760396091,0.017747014337178,5897.67811648074
4586,0.1355,3.88682385281887,0.0945096137933236,1382.13649488213
4587,0.155,3.75234468100473,0.0189565789979101,6559.75816869008
4588,0.278,3.51953583258097,0.0134598017722904,9085.06533843213
4589,0.2495,1.87181086905779,0.00791249251946183,7142.73050872596
4590,0.2695,4.70378739937609,0.00871416492097039,17629.6238334059
4591,0.1885,1.9011365534272,0.0211453246121828,3057.7596825721
4592,0.2455,5.62203151503935,0.0363037824545142,5684.62392101837
4593,0.205,5.18708451583378,0.00931298973005923,17266.9304816097
4594,0.1655,5.1877218658558,0.0288902583057568,6411.29430402836
4595,0.29,3.11585257952851,0.0305991749911763,3577.80782931709
4596,0.383,2.61142940323252,0.0186323439494781,5006.27283311855
4597,0.3425,2.29406435830589,0.00495118753305573,13992.792673668
4598,0.14,4.14329690659566,0.0926971099606955,1528.96792212421
4599,0.386,3.05943124611182,0.00940244458218459,11165.5964789634
4600,0.1285,3.91727334044645,0.0182773971312946,6797.66765182572
4601,0.346,2.26736322228996,0.00991087355425081,7791.64636958602
4602,0.249,2.95432645276777,0.00766690007531529,11967.8072777652
4603,0.2305,4.42220240834079,0.0399522211423951,4098.88603246531
4604,0.393,5.82555053897251,0.0117423474589103,17753.419334959
4605,0.3785,2.3280646077489,0.00329605173423102,19448.1036139926
4606,0.2115,3.66174473703859,0.0244958013141419,5312.15318459774
4607,0.139,3.59076175031824,0.0783906429848607,1588.03224534121
4608,0.2445,3.66165529081495,0.0169989668578627,7458.60059800976
4609,0.1155,1.91991010656732,0.0235516712205721,2654.86498743642
4610,0.206,2.47145535991655,0.0118558624184137,6778.34554837524
4611,0.2095,2.28244230164861,0.0106565603406724,6829.24553759663
4612,0.275,2.14095524033891,0.00775587233604282,8583.22259948341
4613,0.19,3.61096329150048,0.00762468504771716,13768.8272036127
4614,0.153,2.41147401185531,0.0193239562003868,4152.68788431956
4615,0.2295,2.66995556165885,0.00732205606865391,11059.9128250855
4616,0.174,2.75462023401223,0.127579837395512,686.936008281883
4617,0.2555,3.87035490029342,0.00763533899005865,15849.8225727956
4618,0.145,4.16705218390328,0.0363653165655597,3992.27234024828
4619,0.142,2.75848115452315,0.0266007131068078,3494.2185941328
4620,0.1945,3.92467284239282,0.0163498952655572,8056.07871389971
4621,0.3885,3.72768163234865,0.0125965015799184,10569.9870773522
4622,0.3515,2.59472919910776,0.0148670675097804,6136.77135675718
4623,0.4485,6.49933569965147,0.0100682082399941,23130.0969536972
4624,0.208,5.28858461015418,0.0307301537032822,6205.7443011859
4625,0.1985,4.01540348617321,0.0126392593366261,10310.7420229058
4626,0.3725,2.73636032123379,0.0125783013059425,7596.69660694897
4627,0.244,2.96590673237283,0.00623458570218696,13916.5291867336
4628,0.177,2.33709807467918,0.0100633207143811,6941.31279583241
4629,0.2875,5.58552574531346,0.023226633382967,8871.50194655055
4630,0.249,2.60881935533628,0.0804562102227179,1206.42272880976
4631,0.3965,4.80343250401127,0.00870686254602488,19119.9058294153
4632,0.4,2.73076323181695,0.00529301085763896,16287.7223761431
4633,0.173,1.9360469713629,0.0487620502940036,1386.04238190888
4634,0.114,4.78596067654097,0.0289097368238503,5691.28512437271
4635,0.294,2.56062289097092,0.0257971616438104,3517.23822425879
4636,0.094,3.12778720325852,0.0575789112706209,1945.05709704995
4637,0.323,4.04318542162455,0.00773738694943595,17140.9271840798
4638,0.069,2.16121622362469,0.0689327019937622,1053.08412986808
4639,0.28,4.38225502382648,0.00704361344483768,19559.3622056423
4640,0.281,3.79826567379246,0.0073315596309812,16354.3319692075
4641,0.2105,4.91147359975043,0.00743662774778397,19778.2016071911
4642,0.184,4.33738569652931,0.00661242680697939,18137.8447860876
4643,0.267,2.09373796813338,0.0453422271726781,1687.81183756218
4644,0.3955,3.93162126990074,0.0153812276047021,9205.34464354833
4645,0.205,2.40518082345292,0.0140902551971237,5530.93440472725
4646,0.1515,5.53505388303082,0.0479035344984068,4212.22545161599
4647,0.2435,2.96702816159318,0.00689218930502149,12688.3156944514
4648,0.1685,4.54558021848155,0.0079069613194254,16446.4020110273
4649,0.2735,3.58314115588171,0.0080601447423704,14262.4722659224
4650,0.226,5.15952335297201,0.00882556039241736,18386.8756883543
4651,0.3095,2.70422893244307,0.0159654010085251,5941.44085208881
4652,0.1,2.64334260166318,0.0636807085660647,1469.71737865598
4653,0.289,4.54024875459573,0.0131161094264329,11976.5656587343
4654,0.149,4.02404843151608,0.111324671694584,1103.62556716653
4655,0.425,3.84763557316021,0.00548804558144193,22655.2091322907
4656,0.261,3.03845357596634,0.0100385413898092,9914.52062342501
4657,0.1395,2.44676267868673,0.0329686497249643,2599.92741001107
4658,0.325,3.54097867683095,0.0336506498478427,3902.78348775452
4659,0.1735,3.10024917999917,0.0194167201415095,5372.45475374073
4660,0.164,4.0982425080998,0.0279115517570853,4989.11070048715
4661,0.2355,1.70641681496626,0.0190885915587762,3093.40912841701
4662,0.2005,1.6566629275249,0.0585260828510065,1014.65549329888
4663,0.4305,5.99567041726917,0.0277351229503237,7909.51902878393
4664,0.158,3.78480966337069,0.039768612542938,3421.16189957734
4665,0.1695,3.21430256174997,0.0448549208032493,2645.10828869992
4666,0.1785,3.37068635991608,0.0087287573196174,11401.4685775686
4667,0.174,1.96542215287088,0.040821415090594,1718.45312616574
4668,0.2345,3.4789791711241,0.00916722173357768,11788.309193599
4669,0.2735,4.38679763940711,0.0194131286593045,8215.76898013797
4670,0.2215,5.18347735525344,0.06423828839026,2803.67389431182
4671,0.1175,1.95211980081171,0.015167094928513,3881.96464153598
4672,0.4625,4.89490585520232,0.0326196629448203,5346.19639108532
4673,0.268,4.75600769525636,0.00989014043053581,15737.6169804396
4674,0.279,3.98843035858595,0.00493028822029691,23400.8082334578
4675,0.4125,4.38265860266374,0.0067111714416141,21901.1881154912
4676,0.229,3.20486912138456,0.0846799484774218,1375.95995601499
4677,0.1765,7.23090605242102,0.0181691990064032,13485.1867304544
4678,0.3155,3.97235561889501,0.0142880150106712,9724.12644446536
4679,0.3335,1.95750139349566,0.0150784419248224,4543.05036208808
4680,0.3485,2.14815177151381,0.010692712793977,6820.77345105654
4681,0.236,2.97777191714648,0.0133156341276668,7521.19113828475
4682,0.1425,2.73603358626646,0.150013145602547,585.13832718309
4683,0.139,5.37047786587535,0.0743573785655494,2268.85828430602
4684,0.3745,6.49615714868033,0.0247576178341553,9793.57485512878
4685,0.3245,2.39552186642289,0.00917990564104606,8599.88984422628
4686,0.127,5.48810830906248,0.0679106849468064,2938.9368067097
4687,0.204,4.26796317603122,0.0554520542438671,2754.35357687758
4688,0.1925,4.24708407609817,0.00777029012431435,16154.51603118
4689,0.3615,4.49560261570502,0.00938452777492594,16418.8909276445
4690,0.273,2.39905558088829,0.00737613124800906,10126.1302752294
4691,0.317,4.32815704183327,0.00858411664230722,16726.9204685487
4692,0.11,5.90945380118788,0.0192705577506007,9559.12689943657
4693,0.2345,7.07985143218334,0.034776431604366,7479.81355921872
4694,0.2295,5.33698338274532,0.00627686067981376,25140.5236893476
4695,0.347,4.10605468523392,0.0083454475279007,16658.0889936967
4696,0.293,3.09228238652632,0.00771264449959061,12823.5921016125
4697,0.231,1.57098888290993,0.00954656082329593,5177.37041515518
4698,0.2525,3.28342213934278,0.0101314695720663,10623.4657088072
4699,0.263,4.35736885642228,0.0267474706172857,5935.56533897705
4700,0.1835,3.19495070043851,0.0719388758156853,1490.6258109777
4701,0.211,3.65104163018566,0.014253870912446,8508.39112516376
4702,0.153,3.92860181034264,0.0412069041103464,3403.92152828041
4703,0.1955,4.96763123471797,0.00897576234946045,17199.3019835824
4704,0.2025,2.39004878974058,0.0137788061235435,5727.74250208149
4705,0.161,3.64674481330568,0.0445612458818681,2967.82845829636
4706,0.191,3.70657359490832,0.00794261361781603,13619.1397630384
4707,0.252,2.11611763499389,0.00917555476078041,7285.44639456181
4708,0.2615,3.02011901371479,0.00535460330707119,16199.2542887777
4709,0.4285,4.71750876988464,0.0105145499185808,15940.7357145639
4710,0.302,3.52537397731752,0.00974267774492468,12121.4689082682
4711,0.286,3.84377422987878,0.0128793484826171,10346.011515231
4712,0.283,3.86695987433425,0.0145494903766523,9385.15431795517
4713,0.2215,3.24439686567037,0.00830564531279417,11862.1679325382
4714,0.1335,5.84610294085124,0.0264165820998743,7610.8647774293
4715,0.3575,2.41224950303347,0.006986620130426,11054.1238476193
4716,0.2335,2.01286786439971,0.0467862411504865,1568.50575894162
4717,0.343,3.667156175973,0.0078225949515845,15642.7340004335
4718,0.2735,2.59988141121509,0.00615995847653965,12733.0435681675
4719,0.1205,2.79237527425977,0.104120682737477,962.518617770742
4720,0.2405,1.85040487113685,0.00504978900830421,10041.136716702
4721,0.439,4.14730200807906,0.0258668477905236,5943.24283526921
4722,0.3205,2.05386897874732,0.00777782613781399,8438.93946205183
4723,0.2645,4.28360043613613,0.0117648334325677,12349.7516258908
4724,0.2485,3.41031965079563,0.0112770018748823,10033.0684535918
4725,0.312,2.17011941555544,0.00501564936559192,12631.7171540587
4726,0.359,4.29521598405319,0.00515684960805932,26045.0768165528
4727,0.2185,3.026440370828,0.0157255253235358,6484.68461490046
4728,0.14,6.20730920116131,0.0509718423882647,4405.16596875115
4729,0.226,3.86185100229056,0.0100574648952433,12271.3109134228
4730,0.286,2.60719456826776,0.0104501745641111,8272.31869344319
4731,0.1185,3.1564750042248,0.0290190795383604,3734.40256503006
4732,0.383,3.21660021295452,0.0292553254843561,3898.87785982432
4733,0.26,3.14403957764546,0.00513047792814745,17517.5561588263
4734,0.3345,2.16921242280789,0.021309368702449,3639.44025908881
4735,0.316,3.37015179237483,0.00694528332615562,15505.7017358864
4736,0.183,3.90189937976699,0.0233548782480142,5764.08202853783
4737,0.3005,2.642512458234,0.00976063591938671,8935.07847271516
4738,0.156,4.07839268836139,0.0252104690676442,5473.14426693809
4739,0.3615,2.49374363387821,0.00682967619534609,11881.6141049387
4740,0.2195,3.72814741172801,0.0122046935543636,10093.3320663938
4741,0.2165,3.46440050552019,0.0112074028480166,10108.2600912729
4742,0.331,5.08811247108696,0.0329274006966567,5615.96271681512
4743,0.1985,4.60874678783416,0.0157648099119315,9780.89720474085
4744,0.165,2.99283465121171,0.0113575951021953,8110.32205043308
4745,0.1975,5.27324929164388,0.0401673235968642,4577.23127368735
4746,0.4335,6.19944903672297,0.0093384377825527,23597.1223895973
4747,0.3115,3.78781445049941,0.00836784289453022,14741.4155781793
4748,0.172,2.7119876654666,0.014950574625841,5974.92615631584
4749,0.3245,3.09346993058279,0.0105848225401304,10045.5384342111
4750,0.3555,3.60406278242847,0.00683648104071207,17164.9700624931
4751,0.4355,4.76042720678455,0.0221145032244379,7733.40511160159
4752,0.1655,2.7176041569513,0.0637561988626111,1531.85563481572
4753,0.15,2.93292651628141,0.0486473595303748,2090.97621325701
4754,0.14,2.64494714760333,0.0618632560504351,1468.37908347964
4755,0.432,3.66796065819492,0.00512728147065091,23098.249773303
4756,0.211,4.34606371335418,0.0445858757551774,3526.06884721206
4757,0.401,4.04816054165258,0.00667473616725115,20208.4465015701
4758,0.159,1.82085917874876,0.041015578108198,1593.30160742839
4759,0.2385,2.95064616135281,0.0122058629737414,8074.75346021937
4760,0.2345,4.10796788930427,0.0149517843310788,9542.34389565816
4761,0.2375,2.60698994324551,0.0406614757022981,2280.22077018847
4762,0.144,1.81607804015342,0.0295751149811549,2094.51049954846
4763,0.245,3.05306722762702,0.0094213353166815,10382.077680976
4764,0.354,3.06680657624089,0.00855321969614799,12061.5347254337
4765,0.332,3.59627290368908,0.00769695277992439,15493.8934543064
4766,0.125,2.6544909859589,0.0241264953002039,3676.61104173762
4767,0.2105,3.71179585611231,0.0291208061202417,4516.5887325955
4768,0.171,3.66258937605728,0.0105781208828041,10642.1875741383
4769,0.1925,4.2153773302419,0.0168791966161259,8439.35368032883
4770,0.283,2.55737937193652,0.0338180273144803,2534.95484185975
4771,0.2485,3.06258368364842,0.0178324401387572,5932.57826209934
4772,0.254,3.73167317379496,0.0163288613670717,8014.19599415835
4773,0.327,1.91774734745623,0.0177364088814421,3842.59824041132
4774,0.2585,1.67193935876786,0.00800714287958549,6462.89597638452
4775,0.1175,2.93221352182909,0.0164595478375093,5488.35544325121
4776,0.1195,3.01471278716348,0.0758398030527126,1452.37296701881
4777,0.278,4.53440598835521,0.00750190837026681,19398.2557231447
4778,0.382,2.8892171220311,0.0157430279595591,6568.6596403111
4779,0.3245,2.91757509391644,0.012167328407914,8242.90325985669
4780,0.2955,2.69631685027736,0.0103060047095073,8832.02342586772
4781,0.1345,3.57578806318153,0.111125262279555,1094.72344786755
4782,0.2105,1.61160465979327,0.0256232986359189,2147.0535621599
4783,0.2385,2.7960012746486,0.0216549948199751,4565.73968253968
4784,0.2295,4.04667467300435,0.0101302359542019,12850.4769187317
4785,0.325,3.25547529024014,0.00939053901668372,11718.3303600963
4786,0.374,3.80694911625231,0.00581792369304019,20910.7423374387
4787,0.242,3.75369744301883,0.0058002604618326,18729.4403802954
4788,0.2785,2.81614829952896,0.0103856522844486,8867.43123419277
4789,0.348,2.41098335384373,0.010891859137887,7490.38737409131
4790,0.2695,3.33967599847339,0.0134615111843247,8381.95765589467
4791,0.192,6.06967454751309,0.0834335146901818,2513.82875100629
4792,0.2135,5.17658355366333,0.0400716072304833,4816.25602132084
4793,0.153,4.316073367182,0.00991688223245137,12960.9404152029
4794,0.4335,4.1330099118239,0.0193492408988127,7910.57402216091
4795,0.297,1.95936491277959,0.00762027865438863,8098.66257541394
4796,0.313,2.62558262463344,0.00910389846400412,9576.82181367562
4797,0.3505,2.38882483913315,0.00602346184952011,12409.9246190858
4798,0.2125,2.74537373393005,0.0267048047417733,3635.53780400117
4799,0.1465,3.05971603091399,0.0950566312901823,1098.31980459158
4800,0.146,2.27524242720724,0.0525735815020409,1540.63359690414
4801,0.3,2.42577360135631,0.0112331542354356,7180.27913725565
4802,0.1185,3.09423466049573,0.0308171855850319,3444.4229513581
4803,0.2665,4.6008504472163,0.00757275809010503,19461.2947493213
4804,0.195,2.01196204514316,0.0128351644426088,5002.12043203061
4805,0.138,2.90433212238195,0.0257107005222242,3812.49817812955
4806,0.15,2.3647788457635,0.0840075995251787,1003.50227658193
4807,0.403,2.93832510991758,0.0254918341935831,4197.38603576996
4808,0.247,1.84961045827922,0.00755598991480213,7341.03278758718
4809,0.356,2.97257861360194,0.00926620859695241,10896.6673474001
4810,0.3005,6.3625502544733,0.0316154892201786,7525.68164583207
4811,0.305,2.97859363314265,0.00438918998615655,19013.3613191802
4812,0.319,2.18036098517148,0.0105673765825883,6923.33083101806
4813,0.248,3.68258290782947,0.00550825180165432,19255.4014505176
4814,0.208,2.85279877974256,0.00890244541251008,9681.67303940694
4815,0.4495,5.34038435323217,0.00933213991598296,20215.9205975928
4816,0.2945,6.02049944182091,0.0213604165241385,10329.263870709
4817,0.2135,4.79112361945378,0.00865319649453204,17154.2844298591
4818,0.3355,2.0821978712507,0.00504205311128795,12005.5516524226
4819,0.277,2.45889320731725,0.0537474034044839,1678.64966937039
4820,0.2325,4.21463277405431,0.00838333601875897,15854.4564724135
4821,0.119,2.49800857355679,0.0697558288745325,1264.78463347203
4822,0.3605,2.25023043840373,0.026419970007617,3087.21494816926
4823,0.1785,7.03181922754317,0.110865605352619,1695.85939736822
4824,0.1465,2.80280465336945,0.0271095853187523,3432.23510108673
4825,0.339,5.12147669742895,0.0283892207799166,6726.13620788954
4826,0.335,4.07500056889872,0.00958925191554599,14525.1581789068
4827,0.381,4.42583078710201,0.0100307644794267,15402.6496642317
4828,0.1695,3.0087606779545,0.0328908244341518,3063.59420135656
4829,0.434,4.56962670878038,0.0119283348216749,13835.7753686167
4830,0.1415,2.54400110729904,0.0377445908122925,2279.65647120097
4831,0.367,5.82580871265696,0.0347903925911787,6277.06170804983
4832,0.1155,5.93481195555011,0.0339873311641247,6030.73255309926
4833,0.1505,1.94485322165912,0.0465779324781397,1448.37519376373
4834,0.1645,5.59765132875955,0.0166290931245674,11372.1740270662
4835,0.4185,4.99118925013455,0.014924277521178,12054.8689025988
4836,0.152,5.16232706719328,0.0107504014172096,14483.1744798433
4837,0.2285,3.26367747872899,0.00882303123111224,11488.8004665567
4838,0.276,2.33099281101475,0.00511088303620136,12901.8697311362
4839,0.4115,3.0699938334987,0.0100711863773664,10594.7038708128
4840,0.1905,3.01715367999563,0.0616517957822916,1803.94500616302
4841,0.128,2.45634000960149,0.121481822487182,712.30166329179
4842,0.1135,3.30521815939806,0.0298825868638138,3694.84027731036
4843,0.26,5.6072404443261,0.0293655851887167,6989.73599274682
4844,0.3405,5.73107240718864,0.0150677337103993,13736.3497194012
4845,0.215,3.78666044486054,0.00634439859673958,17194.4239858065
4846,0.217,6.85972755997633,0.0214501339996549,11017.0881742121
4847,0.2005,1.51320302749461,0.00605935346399551,6875.81254127791
4848,0.2565,5.0432448025242,0.0288358279008185,6018.28765512887
4849,0.2595,2.57583760407667,0.015181611623447,5860.43147003395
4850,0.109,4.80650569027802,0.0232640744007,6796.29727863796
4851,0.254,3.22172180112242,0.014967409112756,7306.68758256379
4852,0.207,1.76956551273545,0.0083658041431443,6343.70635345957
4853,0.289,3.33092730445931,0.0132604065549831,8737.38431779006
4854,0.316,2.63959327481719,0.0116796688356193,7725.32495192471
4855,0.248,2.63079143508894,0.0110074158324675,7675.67285694252
4856,0.193,4.50707591332329,0.0126318494973216,11604.0675183118
4857,0.1215,3.12878724366442,0.0565325020309399,1897.87513391263
4858,0.2325,3.33600179306972,0.0107838834785898,10143.8798925322
4859,0.304,2.08102826008494,0.0311444674387446,2354.35954022448
4860,0.2425,4.5398866810974,0.0688695839808769,2299.89571670532
4861,0.1875,3.76713506460585,0.0666985091805727,2027.41825584089
4862,0.216,3.47433362704656,0.0114384878096434,9808.84731904884
4863,0.176,3.84625138378208,0.0151744550995501,8356.63683559951
4864,0.124,2.53168912224262,0.0240583505327273,3518.10364379565
4865,0.2105,3.4199284835497,0.00500592756095473,18053.8720495811
4866,0.4095,6.34416497565514,0.0458246166856892,4831.18225356483
4867,0.158,3.22861397211494,0.0197915414768903,5385.96772579722
4868,0.295,2.94878417860802,0.0203383518891869,5213.90240534845
4869,0.2375,3.19519087086498,0.0622709897888821,1907.45305664353
4870,0.313,2.88430782088467,0.00729148015578101,12677.0202919772
4871,0.3165,3.38322143514851,0.00951541175602255,11978.0122233764
4872,0.2055,3.78004448521548,0.0118257551619733,10367.8220084641
4873,0.1665,4.44479997247369,0.0098109206714221,13728.7205454686
4874,0.3265,3.20938296910736,0.00549701193777689,17843.7493262519
4875,0.1815,1.7728720423963,0.0324300294111463,1892.3928669545
4876,0.153,2.61112586274082,0.0465103879015762,2052.56777456278
4877,0.3615,3.49573160298007,0.00911980548273498,13084.8837446505
4878,0.3295,2.20139659751174,0.0108087137408718,6876.97818840202
4879,0.198,3.79004325365358,0.0254684617524871,5202.79229594167
4880,0.311,3.9863732995495,0.00584987142158107,21069.7157313961
4881,0.2145,3.39906747526484,0.0247048228558816,4878.81428699586
4882,0.416,6.14081856075162,0.0667606985952382,3428.29878598202
4883,0.3775,3.4283268866191,0.00847235394337266,13826.8643164883
4884,0.3225,2.15444205302635,0.00706424123046099,9657.23734576556
4885,0.128,1.52827370017282,0.0200120169557727,2447.15264797508
4886,0.241,3.14095591754453,0.00847863088313477,11609.5379849535
4887,0.178,2.37989637426361,0.0254774847052155,3209.38890616507
4888,0.247,3.90222051226454,0.00838946751174239,14600.0620979394
4889,0.2985,3.28048566580451,0.0227594243432559,5008.65205304504
4890,0.1355,3.33253180321948,0.0304579137771033,3794.50829176662
4891,0.165,2.86250915184324,0.0130534012717913,6970.15182543639
4892,0.2665,2.38882708758434,0.00646359427884498,11122.5972803434
4893,0.122,7.10582928725454,0.0303192416638246,8083.19596612212
4894,0.362,4.90639199446326,0.0115877586193659,14881.9006726698
4895,0.2505,2.53359944749015,0.0762910034661848,1135.28442255953
4896,0.3665,3.47390625162674,0.00996187544156678,12028.4759245676
4897,0.149,2.29559730848014,0.0635499860411048,1277.71929525004
4898,0.392,4.94170593315615,0.0112713322193203,15537.7828682783
4899,0.3455,3.55090271763802,0.00709441208049349,16231.7514751766
4900,0.356,3.37414169525987,0.00701438841387085,15772.1571013523
4901,0.3455,3.11687510969782,0.0068354132967942,14774.2278704286
4902,0.13,3.30700760473128,0.0917286996990814,1303.57932985965
4903,0.2395,3.93756044876042,0.0121145942839341,10683.254420345
4904,0.272,1.92240701906875,0.0343277334366066,1998.01934678132
4905,0.235,3.76463250643864,0.0160210953328134,7949.74186975864
4906,0.1675,4.45092222503965,0.0106714374173986,12825.6705019741
4907,0.27,3.59981810308373,0.00785252806545061,14533.9559480931
4908,0.1895,2.31697622951315,0.0603896194539674,1392.24980055593
4909,0.1955,4.72768113337819,0.00896033584777185,16053.8412279046
4910,0.2205,2.19998334746753,0.0395836283350007,2011.33428181542
4911,0.063,2.29938442145709,0.0675830113042269,1027.65085182593
4912,0.3265,3.98838019894463,0.0302741507344279,4609.81603689771
4913,0.199,4.75692080392515,0.0108672298508279,13819.3513200852
4914,0.2495,4.33790330237109,0.0158655985603877,9461.19088331442
4915,0.251,2.53679945268572,0.0387303520573991,2422.17677764901
4916,0.3265,3.61649203059993,0.00872521010393269,13955.3764721481
4917,0.2235,5.28176508663324,0.00742258340467822,21578.1077506203
4918,0.291,2.58681790782651,0.0111168521787481,7844.23804283367
4919,0.4105,2.63848713791182,0.0102185401944387,8976.09102187886
4920,0.1795,5.21144030819548,0.0547080610855578,3438.9238563327
4921,0.1315,3.76483753757134,0.017254795327746,6927.40386199651
4922,0.3095,3.39957744675297,0.00711038947230767,15389.6756376116
4923,0.4385,4.61598358808029,0.00665703301180649,23278.834391521
4924,0.3225,2.07038436821443,0.0147681611998403,4849.69779999733
4925,0.2745,2.15536854373591,0.00466539426452731,12720.810022789
4926,0.211,5.68281460951065,0.0131633697589257,14417.138485866
4927,0.3795,2.42245352883208,0.00870331685453945,9421.3015941545
4928,0.3105,2.61126486275978,0.0243645656420787,3870.72046159799
4929,0.2605,2.25287339151555,0.0116847608165533,6424.35634827006
4930,0.315,3.69799715992101,0.0060853102361941,18985.4827048871
4931,0.2945,2.49540177893411,0.00771004231575662,10280.475812311
4932,0.379,3.55022963755526,0.0184759896916609,6946.25694614342
4933,0.368,4.14405183819514,0.0077694022883462,17861.4887216489
4934,0.2275,1.71967133315012,0.011808296939429,4654.66506931371
4935,0.3045,3.00050224661027,0.0208391027384901,5112.99383661912
4936,0.2005,2.42492620584756,0.044231714092604,2096.57281251304
4937,0.1895,1.68389698414648,0.0195210061116739,2933.09612901222
4938,0.271,3.97929586300651,0.0079222763962188,15873.6107738271
4939,0.1965,1.60647315474235,0.0283119633810677,1952.21603419083
4940,0.255,3.93469465434467,0.00748398286722007,16525.6170600029
4941,0.3115,2.91308930780832,0.00971255751765797,10042.8225334735
4942,0.1685,4.20226041767023,0.0122022151838142,10641.231949753
4943,0.2935,6.15742831717037,0.0516831349993521,4486.73816433742
4944,0.288,4.34601693707933,0.0118863636215793,12510.4222026737
4945,0.122,5.55143167780916,0.0235321200849261,7948.30268066505
4946,0.3085,2.63926974529163,0.0045648322158389,16183.1361446056
4947,0.204,4.60135307398279,0.00988667213177275,14547.4526675349
4948,0.1955,3.98697334522684,0.017004969930203,7904.46370534313
4949,0.1405,3.84153599270388,0.0688744593454185,1976.49359864208
4950,0.318,5.26679818117384,0.00765199431663706,22630.2641199636
4951,0.091,2.19133699194446,0.0658768373990172,1171.42493299905
4952,0.375,4.52061673498803,0.00968112311347231,16151.9536390561
4953,0.307,2.93019775588692,0.0120419475022978,8442.07055553645
4954,0.389,3.07674685127459,0.00758138659346238,13430.8150208117
4955,0.315,2.09561786210735,0.015929909862532,4564.40006454593
4956,0.2455,3.82875509226314,0.0130594102137482,9896.88833623834
4957,0.1685,3.32554986600574,0.0367832068872375,3215.04666451081
4958,0.2945,4.00810629313544,0.00983815495504394,13608.1351633882
4959,0.3515,2.77668141099647,0.0484912185165331,2119.00047374533
4960,0.197,1.80615988112904,0.016540160658894,3619.31390453497
4961,0.14,2.31471225036163,0.0152083846544763,4843.19699172627
4962,0.195,2.21205311119762,0.0859582729578114,926.952829430533
4963,0.3285,3.84548399656409,0.0125475026126365,10749.4162486839
4964,0.3055,4.43243517293664,0.0104692919635771,14374.5495963227
4965,0.3525,4.06668726287455,0.00966160948892172,14474.2519965595
4966,0.289,5.32082962838661,0.033834704273213,5762.11967956723
4967,0.36,2.50332535361536,0.00576364227879162,13596.3726721003
4968,0.2085,3.59904908047872,0.0389882670302822,3339.1324022524
4969,0.311,2.80835659807774,0.0274282706461684,3738.65001236293
4970,0.282,4.25333994467201,0.00586409632334388,21727.5360907642
4971,0.16,2.7607164010776,0.0155610182912613,5741.56820582046
4972,0.17,3.92912326195867,0.00720317455067587,15267.3235995932
4973,0.2765,4.84818359124686,0.0163427303076557,10623.1811408247
4974,0.2635,3.98688013307887,0.0141001508776136,9636.19827788576
4975,0.128,4.53531212730567,0.0775076843335199,2075.1082542637
4976,0.247,2.97408469674874,0.0144945304358788,6986.41719266437
4977,0.2635,3.91054397357266,0.00656663483039484,18175.1912710506
4978,0.245,2.54813654771911,0.0155815577524093,5592.6718580148
4979,0.368,4.51705140622439,0.0132105346968139,12135.5488472917
4980,0.207,3.82548964201611,0.0109687106101654,11272.6246011719
4981,0.23,2.55533698705236,0.0167671280391653,5177.48103203425
4982,0.311,4.15981796688865,0.00737434164277052,18396.880552015
4983,0.27,3.91575244026142,0.00724756141117438,16952.5674395583
4984,0.358,3.92761279345763,0.017401242744598,8144.47169194434
4985,0.2465,2.70805747620818,0.0144840689012577,6396.83599384905
4986,0.401,3.42701013646865,0.0123701735189437,9950.7051417266
4987,0.187,3.27461608272842,0.015295886212063,7165.25299043686
4988,0.173,3.48536264709871,0.0181210763214625,6387.56584247022
4989,0.1835,3.94784133193898,0.0182400357205157,7336.51965566491
4990,0.1155,3.20022230571053,0.0161968743154737,6032.64790643386
4991,0.255,5.14843288970723,0.0276846109114232,6543.66603305013
4992,0.2155,4.73363461726215,0.00870466641806983,16919.9084723241
4993,0.383,6.13157211206418,0.0412402920402314,5611.73440012609
4994,0.3665,3.44523484324131,0.0568861918430215,2271.90650419938
4995,0.21,4.52604648845398,0.0268446893390114,6153.46074936283
4996,0.248,2.81740231650801,0.0167601564467232,5736.24865777384
4997,0.1775,3.81750168070575,0.0216077398670684,5863.61573551215
4998,0.1915,2.95187840037755,0.033768029680049,3085.19559886546
4999,0.133,3.78086705545129,0.0736950645527447,1792.82803956435
5000,0.4165,3.73424361662319,0.0143082474986486,9347.73429780398
5001,0.223,3.04955652931776,0.0424212534856471,2571.05937817467
5002,0.173,2.53833372009225,0.0178148971378109,4688.11853667368
5003,0.3035,2.54807755920928,0.00773863982034664,10565.4198265349
5004,0.2425,4.41130970734036,0.100950673790595,1529.52562922003
5005,0.1515,3.45557082239703,0.0298212786308637,3990.97042714511
5006,0.1795,5.08147551667365,0.0122123147692004,13304.8417812515
5007,0.361,3.14026639408234,0.00538029914291957,18288.266062535
5008,0.1935,1.49641392998204,0.011167425568503,4162.27239962061
5009,0.1395,2.53403257098891,0.0399363193573135,2176.20633146292
5010,0.2485,2.56719258455803,0.00738521082317984,10648.6233644546
5011,0.261,3.49797466724547,0.00447001304877069,21299.4741890502
5012,0.279,2.44468286032948,0.00759490395120905,10194.9764232523
5013,0.4135,3.39461346165331,0.01445726414503,8403.00774703449
5014,0.149,2.09444366958815,0.0393960464882581,1809.24742784921
5015,0.105,3.08749338808132,0.0303044433244894,3418.6507299349
5016,0.1475,3.01118537002706,0.0748118494684498,1434.42260031382
5017,0.372,3.0676346864983,0.00401755542314403,22055.7128968612
5018,0.2575,3.48490830586772,0.00779836779540181,14166.2934450333
5019,0.419,4.44839507938765,0.00903582643685154,17251.3431567526
5020,0.1185,4.68112066711654,0.0444525927603482,3749.05593395687
5021,0.241,3.78251060092648,0.0225084764676049,6043.47050279936
5022,0.317,3.14992861469436,0.0064381542477001,15431.8995968372
5023,0.2015,2.30729816187989,0.0253472894390334,3275.84186468621
5024,0.32,3.85518467189962,0.00630659618969246,19012.0700676173
5025,0.4205,3.56551347667822,0.0115475691756519,10995.2414731727
5026,0.1245,3.54179633874337,0.0625672998911034,1997.82808311471
5027,0.238,3.68832533624155,0.012748699130172,9849.54847472945
5028,0.1935,5.58811855893395,0.0114009589760311,15709.9447341715
5029,0.1855,3.72886533009553,0.0102857714466684,11153.7115431101
5030,0.218,3.35601049199969,0.0164296744560676,6975.51495513459
5031,0.31,1.97694263267172,0.00666335182348267,9246.38714337844
5032,0.232,3.30892218647709,0.00722099829568402,13681.1539691574
5033,0.2595,2.22781710396729,0.0145764591116943,5196.01010205855
5034,0.2665,3.49266283500925,0.00882271664533312,12886.142102701
5035,0.405,3.53952615081224,0.0204954934635147,6386.02995298712
5036,0.2635,3.74749961516861,0.0103702008397592,11979.7452210031
5037,0.2335,4.82914905268075,0.00933314999346301,16658.4050078198
5038,0.216,3.61449733996935,0.0153919857004305,7907.75899848196
5039,0.2625,3.3937634962748,0.014663720378577,7932.80717986347
5040,0.155,6.04570808032862,0.0645445678720155,3416.67055617076
5041,0.173,4.60505449318865,0.0100280940848125,14143.7335484603
5042,0.1685,1.93645463521372,0.0289433593310492,2400.78217504206
5043,0.3665,3.33342353629308,0.00528670990245955,19680.3136949346
5044,0.2355,1.80420714194692,0.0197371029752933,3176.06267672008
5045,0.2075,5.75377709933034,0.0287476460316939,7206.65014617318
5046,0.425,4.6589959107056,0.0143008886096707,11588.9352601051
5047,0.104,3.10553704813839,0.102141553212487,1080.78120582036
5048,0.343,2.65470885983527,0.00503384229070048,15798.1227426532
5049,0.413,3.31125500569426,0.0101092798691179,11518.7029277964
5050,0.2975,1.92462322751875,0.0178207067035538,3745.66817472618
5051,0.0995,2.30500811645098,0.0949708802666303,831.044811768628
5052,0.21,4.09401285962933,0.0340029893205677,4163.49679277923
5053,0.2925,2.07671506187597,0.0109580418446801,6207.91495571532
5054,0.4405,5.49321734679887,0.0208591232189357,9724.03405483997
5055,0.2,3.31374200667812,0.0933228873756051,1270.54790472045
5056,0.212,4.20901242668036,0.018060578163036,8042.6819884402
5057,0.374,2.72623574935483,0.0137699570736713,6984.19157374586
5058,0.3025,2.7539105818078,0.030866869739782,3154.26623691316
5059,0.1825,3.57097590291185,0.00504460271051388,17974.7436828531
5060,0.289,3.05753261109668,0.00914622423420583,10957.7684461985
5061,0.2035,4.03664030143812,0.024315989298333,5762.70713874783
5062,0.23,3.18817067271778,0.00809153143294174,12155.3496124881
5063,0.254,3.89648598783298,0.0723030919720527,1843.93899177689
5064,0.3635,3.01681322845788,0.00398627920361346,21584.8287364233
5065,0.3255,3.01840394484642,0.00720963231430057,13454.1055667832
5066,0.4685,8.67326732368874,0.0107204127630126,29258.5025577462
5067,0.2965,4.34445790768586,0.0089471740626536,16258.5204504869
5068,0.257,1.87909469505024,0.0174035054857194,3674.58985660145
5069,0.402,3.55225957141203,0.0157932753052635,8185.17957579131
5070,0.246,1.83594852780743,0.067523511687018,981.028170530217
5071,0.275,1.79493743748962,0.00936696293237266,6174.31248577941
5072,0.422,3.88932230246534,0.00987792895562867,13896.2838504363
5073,0.144,3.27205662740039,0.039384470798166,2924.49651337336
5074,0.163,3.44942442221869,0.0128978312797138,8291.59313470404
5075,0.323,4.47621020031886,0.0474463412495675,3495.36277673084
5076,0.1795,5.43960374249688,0.00662973284667793,22936.7555499591
5077,0.2095,3.585723020611,0.009164677545734,12205.7909594342
5078,0.438,3.9121746770933,0.00832419341693736,16274.1710063874
5079,0.35,2.58791062690696,0.0178729288223978,5191.34454524299
5080,0.166,3.86623609066756,0.0164952423893541,7813.12374928057
5081,0.345,2.51302169687638,0.00831913208796548,10115.95414904
5082,0.2445,2.68571321168703,0.00859760266756068,9945.18613374008
5083,0.158,5.83227480228757,0.118359623142433,1549.44866903279
5084,0.0935,2.37404761072542,0.0607783911007451,1387.73217800857
5085,0.1925,2.6759551928366,0.0133339925172135,6437.89847540954
5086,0.211,4.39139251508743,0.0354063212569935,4470.08145734517
5087,0.4,2.6434812155873,0.0122739005620844,7537.35004363222
5088,0.36,2.36737383938494,0.0102433610184967,7869.15524534482
5089,0.36,2.29951411697092,0.006397768677518,11504.5537893869
5090,0.285,3.01801469495613,0.00535030463441225,16664.0905214867
5091,0.1455,6.55409201877747,0.0178002396503369,12214.8774161887
5092,0.2765,1.70049336000898,0.00598006724732807,8342.51856060606
5093,0.169,4.62687910560768,0.00943849799855978,14687.3814598067
5094,0.3485,4.29676836885032,0.00835616899349402,17320.312300699
5095,0.1775,4.9472234178824,0.0269383125369686,6508.71836257255
5096,0.192,4.53430596040103,0.015603899357842,9722.90759727029
5097,0.3255,4.28835920615078,0.0115154182513129,12949.7076536903
5098,0.3165,4.17265087199417,0.00889024624369746,15698.5461745018
5099,0.2545,2.09417397023008,0.0138742830601261,5123.92263523806
5100,0.1985,4.16131293727255,0.00722804213776702,16653.8550057537
5101,0.1365,3.12730321125529,0.015097250519668,6506.47572288065
5102,0.1845,4.89849821749741,0.0173350289725791,9515.54450042697
5103,0.3645,5.43841596512596,0.00756419865571057,24109.5496252514
5104,0.3685,3.36651441151409,0.00515739102920052,20250.0005302036
5105,0.4345,3.20767885543831,0.0105245417295806,10854.0240840479
5106,0.2345,1.79644929194849,0.0258407236576424,2458.16229200146
5107,0.2185,3.55312989246782,0.00895646589624484,12370.6234012902
5108,0.219,2.20899711135288,0.0126644672966375,5670.59968372861
5109,0.375,3.86230199687812,0.00855750860829782,15441.2313686322
5110,0.347,2.52709565900577,0.0136652921190517,6431.92479395089
5111,0.128,3.02921666785211,0.0351039469143378,2967.72801123578
5112,0.2865,2.41215272635833,0.017561999583794,4833.6346512249
5113,0.1375,4.93208646954554,0.0130122870796469,11362.9519872814
5114,0.1755,2.210647234561,0.0558024530498253,1396.64496599908
5115,0.3335,5.27052530389946,0.0109668387232436,16753.6789470682
5116,0.3285,3.41694266723046,0.007128053374947,15486.7791023531
5117,0.1785,5.84870332589771,0.0193609738583654,10307.8299560959
5118,0.1935,6.35345481951879,0.0462343213469636,4892.92893928065
5119,0.2195,1.79135084644739,0.0151667329553948,3943.64437433095
5120,0.116,3.09145463165829,0.027583221367638,3788.5004127047
5121,0.3265,5.50820835578052,0.0194302459056783,10353.9662857148
5122,0.3325,2.12408922700949,0.00727801105101268,9412.43754478624
5123,0.285,3.68040330505796,0.00975748919192401,12711.8773534158
5124,0.102,3.62664288616533,0.0329705672379589,3667.17271670327
5125,0.222,2.82067459674703,0.0190487388995565,5129.23655855758
5126,0.242,4.88744246350662,0.0696599773385131,2309.053216623
5127,0.139,3.42847238729055,0.127706911666198,974.908665752471
5128,0.182,6.98205579988956,0.0199676803206258,12398.3442771188
5129,0.1845,3.50079312317261,0.0214933323568583,5553.2283568719
5130,0.1765,2.61263419743999,0.0172434258226363,5109.24232258787
5131,0.2595,4.48707841832116,0.0128922615473049,11901.302292302
5132,0.109,3.30623202759802,0.107511617470896,1067.62971607297
5133,0.2975,5.36961600110313,0.00712393692734199,24019.2844196873
5134,0.1985,3.29654336075684,0.0157466584152411,7080.97943595485
5135,0.1895,3.28555276166817,0.0318198963752338,3756.42445547284
5136,0.301,2.52293438427382,0.0151888956544285,5857.04392727448
5137,0.1955,2.72399757819906,0.0783118083687303,1285.36512720837
5138,0.3095,2.68974439214419,0.00571016390576446,14255.3835456207
5139,0.381,2.65782420714596,0.00575651326826358,14602.5687310192
5140,0.3735,3.34595167571621,0.00852349105777386,13345.4429031538
5141,0.4545,4.63460566219384,0.0109333699270018,15148.8727775494
5142,0.3135,3.40451028264237,0.00787085266652577,14050.0515151725
5143,0.202,4.13906148349725,0.053318690812868,2772.11055960138
5144,0.2065,2.25899535609977,0.0224944741275771,3468.91754988064
5145,0.2295,2.31556116519208,0.0216758788862178,3747.89737567929
5146,0.1315,3.23980124083306,0.0189482842478179,5582.7220587262
5147,0.254,3.3795657934744,0.00910113842652544,11831.2249174703
5148,0.401,3.40568189544632,0.0110831328325964,10822.8023869726
5149,0.2185,3.0213763396261,0.0209619321068335,5010.93417498445
5150,0.3035,3.71090934882252,0.0106975489499343,11741.9527914441
5151,0.2965,3.9001358482855,0.0290053600436135,4675.23829011789
5152,0.4535,4.83690048145662,0.0212079566460692,8542.51098111571
5153,0.1405,3.72210847254348,0.0275227612957444,4632.08112353493
5154,0.428,4.11427194595961,0.00748562361600249,18863.4814116316
5155,0.1415,3.82567723206887,0.0580845449919105,2365.07719017226
5156,0.393,4.9597068807293,0.0100025851075381,17371.8053953323
5157,0.1245,4.84439606345583,0.045141516247187,3761.87400250031
5158,0.237,3.65928585346402,0.00581908293404511,18213.5330766736
5159,0.1785,3.80636775169412,0.0167351790189259,7507.42631728518
5160,0.098,3.12826075117231,0.0151574820416941,5980.69618208001
5161,0.3345,2.23455486579378,0.0183700499743147,4319.48926579058
5162,0.402,2.73244576405724,0.00875501268762164,10619.0916593763
5163,0.1015,3.8567080396905,0.0236733024245325,5192.14304712977
5164,0.248,3.58997963866702,0.0103105105940148,11340.4202135318
5165,0.273,2.43987690149567,0.00707373742363912,10563.9788452689
5166,0.207,5.66256863142729,0.0104259444472153,17456.1401563748
5167,0.2345,3.21304237403328,0.0111465162508708,9444.48218174219
5168,0.2085,3.15185594578245,0.00989075388698084,10012.7768030874
5169,0.1985,1.55217635469315,0.00929829028341011,5067.18302952865
5170,0.421,3.70576333827334,0.0140951241138531,9471.71418227272
5171,0.248,2.24944361336712,0.0115637044532806,6346.39789856155
5172,0.288,3.4368053063266,0.0150840784555509,7898.27064881804
5173,0.192,3.44242824354623,0.0436437509290975,2843.42040472022
5174,0.1645,3.12900036252257,0.0315880697511005,3308.0468660281
5175,0.389,3.1655451579182,0.00692529943773742,14972.301119425
5176,0.26,2.02476730343625,0.0132229581359642,5179.49796870488
5177,0.2,3.59200375168291,0.0103337347511481,10964.8777560895
5178,0.1585,3.89156989047878,0.0173827797168482,7423.53150625809
5179,0.2035,1.5148440424575,0.0188617381244416,2682.09449952614
5180,0.265,2.15613098074904,0.020797383484802,3647.36825508291
5181,0.3175,1.98090642923871,0.00391400841920636,13963.8173301082
5182,0.28,3.10623819384322,0.00595167850911903,15695.7715678236
5183,0.3775,5.15367837367535,0.0131272986227458,14025.0335957314
5184,0.201,2.9350555033125,0.0176557823476727,5698.07647477544
5185,0.2255,2.61702909153437,0.00820521437364367,9640.88890529268
5186,0.2415,2.66529312776157,0.0157944064010642,5741.95203302309
5187,0.455,8.63633884867761,0.0304448976107495,10784.8285342434
5188,0.363,2.16355459208982,0.0304625102997339,2564.7218900425
5189,0.191,3.23812089313039,0.0282846701775192,4066.23630012803
5190,0.276,3.11802739999141,0.00869567352098939,11739.4807734173
5191,0.2215,3.00704209785509,0.0153527062540841,6632.55434668072
5192,0.2995,2.90156866591744,0.00700103057661668,13088.3834349135
5193,0.262,2.29192800694219,0.00496031654401785,12826.2468061318
5194,0.2305,3.32524938456787,0.0425670932694879,2792.28550619329
5195,0.266,4.978352122319,0.0574976834143592,3246.91911768867
5196,0.1775,2.37797680875201,0.0528687968109758,1621.60633132748
5197,0.1845,5.18136923251703,0.0104290317227352,15471.6303213976
5198,0.33,4.44831910516846,0.0342205575045752,4868.86796813155
5199,0.3525,4.53703438709887,0.0114273734027314,13955.5824478808
5200,0.438,5.48879791521797,0.0118864747006798,16564.7174904399
5201,0.307,3.16950592156123,0.0130723346412894,8285.41561140208
5202,0.397,4.00206217645853,0.00907322881002778,15329.1619180248
5203,0.2335,1.75893557223709,0.0177008351505421,3345.83416760465
5204,0.2695,5.55180474731535,0.00859754863197766,21155.7515126399
5205,0.0985,4.42781210771787,0.0667332937993662,2474.59206209406
5206,0.308,3.68995749340249,0.0327780288554796,3883.91469131939
5207,0.1755,2.90701497100924,0.0114464638363559,7844.22985807508
5208,0.231,2.7446008685288,0.0144039403236569,6454.32097653428
5209,0.188,2.76046405963238,0.0303699426328347,3219.41010964619
5210,0.252,2.3012629860606,0.0162323297036721,4861.07749899766
5211,0.454,3.883359878524,0.00891800314471558,15371.8279687889
5212,0.2685,2.69086267176916,0.0225929444497382,4265.9042004048
5213,0.4155,5.50390480045155,0.0111691134392055,17461.8885797063
5214,0.2725,2.05235454778615,0.0119488594581926,5767.3011365081
5215,0.262,2.64343571513236,0.00933552309454017,9203.14894629128
5216,0.162,3.91164714249706,0.0218464987414097,6013.60588333205
5217,0.325,4.16405072052593,0.00615792897423202,21607.6095801998
5218,0.4285,8.46669932565562,0.0565047635146272,5668.92395575054
5219,0.403,3.32468660927138,0.0104781983433771,11078.4197095728
5220,0.327,3.58598692711353,0.00635826382190625,17790.786744335
5221,0.258,4.17574975842533,0.0307907148557757,4962.69026605484
5222,0.2865,3.11261247029081,0.00560513176776144,16545.8327802163
5223,0.108,2.6437224255016,0.0361281941920265,2478.3380989148
5224,0.3475,3.68328366791068,0.0154436499951395,8502.58485255655
5225,0.2205,3.32777873913537,0.021394142139712,5350.12266553233
5226,0.3355,3.37101043488713,0.00445948927127619,22229.3138662857
5227,0.4275,4.40354305858166,0.00899358739660336,17011.4737728304
5228,0.3025,3.25213853142395,0.011152419156558,9871.50039292362
5229,0.2355,2.93416450988968,0.0801450779762808,1322.95299881242
5230,0.4325,4.82533364297806,0.00934753945142464,18205.3860584808
5231,0.4325,3.95937027965131,0.00808986924106629,16925.2517389122
5232,0.1205,2.67482144523131,0.0953309205510662,980.200531182276
5233,0.219,4.96124292078509,0.037108635000736,4929.406506655
5234,0.376,4.45697221778504,0.0282610827031418,5759.93733812481
5235,0.187,6.65892996976936,0.0343666724982895,6992.89808308816
5236,0.302,5.09805580841667,0.0141819169999322,12769.1718086907
5237,0.157,5.2810089745522,0.0328186074139582,5697.08139549518
5238,0.3155,5.19350068896354,0.00695030300700804,23915.4673789796
5239,0.12,6.11361509746351,0.024409833144346,8340.97873306438
5240,0.366,4.03278562877891,0.0094991013676095,14547.0673970586
5241,0.1805,6.65331809366581,0.0421888067519782,5702.43901698522
5242,0.2145,4.73030368894041,0.00565377405744702,23211.8670511972
5243,0.296,1.85401130062432,0.0132745631419491,4771.7480065666
5244,0.299,2.85922450521007,0.00754721562048298,12236.7395531569
5245,0.203,1.8449621091832,0.0296560913789481,2184.39669471518
5246,0.3015,3.15348091245297,0.0105355396175693,10030.3418511504
5247,0.2525,2.79159161864358,0.0152456793485525,6349.64331814064
5248,0.256,2.44675266946403,0.00731283630630026,10230.179028133
5249,0.44,7.80668391017544,0.0232563898855215,12360.9486716081
5250,0.3565,2.63312904838686,0.00786519685632022,11120.8167488297
5251,0.349,2.54718871000835,0.0106797646384232,8249.32331443868
5252,0.388,3.60200110299404,0.0150059026702694,8690.86786765052
5253,0.114,2.57111978000425,0.110993418744549,826.116649767404
5254,0.3265,3.07560458437552,0.00938141047633538,10966.4789814632
5255,0.1975,4.48352723766613,0.0143938873845895,10338.2280297264
5256,0.2705,3.04456932949478,0.00801149192925162,11928.064160097
5257,0.2465,5.52849020272183,0.0069526577742968,24296.9885341383
5258,0.335,3.02348264518996,0.00933722063854252,10970.4688791341
5259,0.234,3.66903654727521,0.00901713143640775,12838.0089253606
5260,0.175,4.5648684810191,0.012518273505006,11662.0066296729
5261,0.349,5.44269686237215,0.00725184745793698,24897.8895504721
5262,0.2355,3.12768057571526,0.0662843478354393,1763.11065670316
5263,0.1865,1.43696973563175,0.028014041036583,1765.26404461936
5264,0.274,6.71443931527421,0.0293976655712097,8387.87548264951
5265,0.2305,1.70156215042798,0.00508631899846283,8910.5410010266
5266,0.283,2.07990110440262,0.00764999719735287,8458.37023564764
5267,0.322,3.52704463079851,0.00577696197786247,18946.8992286001
5268,0.46,5.42295152401339,0.00902277625070157,21263.1083290968
5269,0.337,3.15566049555744,0.00527954418871507,18217.9947705025
5270,0.262,1.88312649843737,0.017042684368043,3861.96468158147
5271,0.464,6.70176612483355,0.0152905014439101,16326.2827652485
5272,0.2665,1.78920483841692,0.0195845570959176,3197.20793902034
5273,0.218,1.6883502388858,0.0042968785702206,9699.63214839436
5274,0.276,3.03605412693543,0.0101739894329314,9884.88886501509
5275,0.3195,4.23644869265216,0.0076814600935432,17940.4972745176
5276,0.182,4.31918797200269,0.04210690845539,3686.12742395594
5277,0.307,2.15471730164547,0.00628772042809113,10650.98152342
5278,0.2345,2.04737178715062,0.0113097051515476,5916.38333637858
5279,0.1935,3.92199144379267,0.0107440714249644,11540.7437554155
5280,0.338,3.7184894246326,0.00526654043557102,21778.4184669784
5281,0.197,4.59050689920894,0.0330443368494024,5069.29691686514
5282,0.2615,3.23783908940832,0.00461313053773942,19558.4130100482
5283,0.296,4.20671648849862,0.00836641583263661,16592.8171886142
5284,0.2225,2.97989399754112,0.0131305216303822,7637.46507232248
5285,0.1185,4.11157286855369,0.0245032195260181,5575.55283958183
5286,0.236,3.78480639407326,0.00736804050762292,15701.1380644628
5287,0.184,4.44061770592794,0.00962993132999867,14225.8736787855
5288,0.422,3.76023352681969,0.0433971519588154,3254.53831265795
5289,0.444,5.4973004740168,0.0105475197108042,18839.5531431936
5290,0.126,3.28000534118897,0.0494704797431862,2371.7403039565
5291,0.278,3.65085406718353,0.0110049506825682,11113.2732849989
5292,0.359,2.75305572916737,0.0109214033443599,8704.94423939514
5293,0.4075,3.93811266523627,0.0120722831847171,11617.32638233
5294,0.163,2.73920618218653,0.103607186035561,932.939623996303
5295,0.2525,1.85505579948793,0.00744830908726512,7462.22686400811
5296,0.2095,3.71335453382781,0.00922288203327867,12758.6892965725
5297,0.23,2.51868344351094,0.0408580293130827,2245.57039222415
5298,0.3295,2.39909507854992,0.00812504677630773,9644.44031591165
5299,0.3315,3.04262667287031,0.00619726241544997,15411.8054008959
5300,0.2815,5.61854519671259,0.0181800742524216,11176.2475631181
5301,0.317,2.73611955992346,0.00883548446053601,10239.0905724496
5302,0.176,1.82136499470432,0.0229740931565257,2681.24259407526
5303,0.22,2.22948638717783,0.0114188106204032,6322.14271353259
5304,0.3235,2.82627163758682,0.0119695188075751,8104.44266307544
5305,0.3375,2.06417266009341,0.00770303120230846,8692.59336426123
5306,0.1445,3.98820800460281,0.0222362153534311,5962.09076260186
5307,0.2675,2.28126626081833,0.0141136840101455,5502.53766156268
5308,0.3175,3.08913324942605,0.00788717488653972,12842.3950565146
5309,0.4475,6.88530662156019,0.0095981141346166,25726.5110297365
5310,0.2895,3.33968828282921,0.00886671866464587,12274.939456614
5311,0.366,2.870220113506,0.00442979283938862,18990.1873372919
5312,0.2255,1.89535670884848,0.0156134250073803,4084.02096529051
5313,0.2405,4.41800210803559,0.00624902055544039,20800.021873618
5314,0.1005,3.29258014615654,0.0560793806514792,2074.70119227931
5315,0.3265,2.67539447810353,0.0644123697690499,1522.08771156676
5316,0.408,4.09365058229369,0.00965768718360172,14756.394040585
5317,0.4495,6.92767032607239,0.0130892255537235,19380.4843723491
5318,0.3405,4.49043121949083,0.0113670796440738,13712.0284457758
5319,0.23,1.71537456960648,0.0125886950969098,4471.27357893185
5320,0.3145,3.11341051074657,0.0183221825332867,6076.18909255291
5321,0.154,3.07710347836213,0.0151915350302152,6398.81893932557
5322,0.2015,4.62738060057253,0.0314934759521384,5188.25599739379
5323,0.3365,6.63499528944507,0.0568775758498034,4259.15781392551
5324,0.369,3.93701348239822,0.011631081614064,11921.253054835
5325,0.365,3.90228134532656,0.011407443234729,11920.894355488
5326,0.1135,2.5228940960591,0.0586386182195799,1514.87401425178
5327,0.1785,5.73323042082067,0.0401673928067971,5205.57067360289
5328,0.1735,2.73617544313086,0.0441225682930014,2196.73938332453
5329,0.246,1.65001463602709,0.00824654807123057,6123.57267695893
5330,0.1885,4.01716338810318,0.0137282113327998,9550.16175147161
5331,0.1715,4.56616672337629,0.0349380058210289,4703.90220521995
5332,0.239,1.67338372534423,0.00695113266531604,7123.99806416317
5333,0.2355,2.66903447873263,0.0469186489852379,1958.63977384288
5334,0.3635,2.58634909563116,0.00819386938305698,10475.9662501216
5335,0.361,5.38015976317375,0.0217068868058709,9212.92833139885
5336,0.268,4.32460982529392,0.0101411271326401,14238.3998441736
5337,0.142,1.79574497726946,0.0280456293384667,2154.92463346539
5338,0.248,3.12706142125766,0.0368843341474332,2927.71776964102
5339,0.135,4.38319351472295,0.0356900039618076,4374.35187140171
5340,0.2725,3.3836986307832,0.0540325988658188,2323.95565924888
5341,0.282,5.47855148944623,0.0443165310905792,4522.36956699638
5342,0.4375,5.57768964152303,0.0190436549412184,10849.9080065545
5343,0.13,4.51147473834691,0.0383733567524735,4157.95155765781
5344,0.2375,3.10101797535712,0.0124907781528014,8343.52128656188
5345,0.433,4.17498337208265,0.00545121473423419,25029.3500848302
5346,0.323,2.33903656870245,0.00600824391763085,11988.3573927375
5347,0.263,3.06814988482658,0.00776847901714691,12420.0359217905
5348,0.2465,2.31560710498195,0.0795733902179832,1050.12669753337
5349,0.2935,3.56637836613216,0.00592630427594412,18239.4255901271
5350,0.3035,2.32534492135412,0.00932135729421359,8294.82389351929
5351,0.249,4.34567151173311,0.0147996667688363,9979.46532174489
5352,0.284,4.48421119406268,0.0117568045022108,13029.8694294163
5353,0.1865,1.50483866873164,0.0251271826056274,2077.78170547136
5354,0.216,2.51872411450236,0.0270057343485673,3304.81100874518
5355,0.2645,2.42101234350913,0.00684054293616376,10749.9806424618
5356,0.099,2.02704027137917,0.0678319406260534,1035.69990835292
5357,0.247,2.590074881091,0.00773340897862218,10158.7925044245
5358,0.2235,4.2466157145337,0.00942234603653872,14331.4166203656
5359,0.347,2.77950351767444,0.00502766059478685,16554.4964376713
5360,0.297,2.42458069818279,0.00730679506048537,10529.8038238059
5361,0.107,5.06088306790731,0.0346718063941543,5167.31866805049
5362,0.1675,3.27246929548693,0.0248892635958969,4568.95953132876
5363,0.304,3.43085773664041,0.0249172382169532,5017.06072217907
5364,0.2845,2.66458242353528,0.01262698397683,7214.14274256345
5365,0.273,1.73139670217869,0.00540089878143641,9019.89306996389
5366,0.178,4.17037756481864,0.0269454197662849,5325.72783967459
5367,0.2765,3.08072475227408,0.0151253427273619,7148.09523102828
5368,0.1755,2.36050164439494,0.0638708619871805,1345.76231420035
5369,0.316,3.67414898426232,0.0051776216343772,21090.8927345532
5370,0.4645,6.39834689426058,0.0111324398488867,20867.5286890038
5371,0.3295,4.21330703804312,0.0147701115617048,10199.9841282481
5372,0.3555,5.05642759682091,0.11349377816863,1344.26437657597
5373,0.292,3.47634168014524,0.0150810752092427,8086.08413738024
5374,0.2865,4.69649025148284,0.0147726188086336,11126.7474564647
5375,0.0875,4.05411486916483,0.145062884552629,887.19899369477
5376,0.333,4.41784657719544,0.00630342425969439,22496.0815390503
5377,0.1265,3.77404131231473,0.0194834337876493,6195.83571186096
5378,0.3855,2.48892481726704,0.00607298586607129,13197.012242408
5379,0.2725,2.25467503992498,0.0133988016531482,5790.23652901549
5380,0.1875,3.06994195889655,0.00855691824596489,10738.3402142561
5381,0.311,3.06839053657744,0.00723432528364707,13494.8979591837
5382,0.098,3.3903041589648,0.132679958049814,863.297825318246
5383,0.3525,2.58863761829334,0.0117169936436681,7596.53699458358
5384,0.318,3.18304585812335,0.0173199063013084,6580.6527280213
5385,0.352,2.52904633574266,0.0389371290063972,2311.05421697218
5386,0.137,5.88051153640297,0.0148877627575479,12483.8610465584
5387,0.177,5.0047803343466,0.050032662981806,3678.15211489335
5388,0.407,4.17092976038787,0.0169241519601142,8955.58987018075
5389,0.3235,2.05830369272437,0.0367919483547559,1994.990456735
5390,0.247,4.85004728508882,0.0116271914522441,14017.8103130707
5391,0.3015,2.10085876044369,0.00508143259667871,11911.4569956143
5392,0.3395,4.59821614766234,0.00798560211152307,19254.2412552858
5393,0.388,3.65121547860631,0.0087408031398256,14395.4432656064
5394,0.1615,1.39844276101609,0.022625700297073,2112.76530415899
5395,0.1395,3.45891203979044,0.0173314994574857,6435.20940079584
5396,0.142,4.84535503165672,0.117554239583989,1361.03134837837
5397,0.1725,3.75063764987461,0.0203192982399107,6137.54460902786
5398,0.1025,2.45766116612484,0.0540718572549053,1595.12901136598
5399,0.3235,2.26715430990115,0.00835813139334123,8773.91698363275
5400,0.3855,2.98991642667389,0.0110877287564513,9470.6330148908
5401,0.4185,7.19463367228838,0.010484386850138,24606.2341806819
5402,0.36,5.71350324626057,0.0296002670664853,7327.13701130424
5403,0.2015,3.08783936580982,0.102828929855565,1067.69805471772
5404,0.384,3.03265260730839,0.0103738957038399,10090.8241750938
5405,0.2165,1.69295065954273,0.0112334020860862,4770.7061354431
5406,0.3405,2.22627738858639,0.0108011691162853,7008.51359407127
5407,0.291,2.96539267056674,0.00942117787299073,10413.1256928947
5408,0.3635,4.26810364779963,0.00838660587864846,17206.8163328729
5409,0.28,3.55416399372052,0.0050669688059668,20359.5142597378
5410,0.2035,4.74171806117059,0.0193159030159161,8387.69778117827
5411,0.179,3.47453758191413,0.011470617197334,9346.99093217618
5412,0.3375,4.80935000423182,0.0136657113640143,12354.6613915628
5413,0.287,2.17191415570217,0.0109010376629392,6650.45109649966
5414,0.255,2.13268078455433,0.00664688315017163,9568.5096023764
5415,0.4465,4.94213656429948,0.0118013573924361,15071.3084305955
5416,0.198,3.40204968365079,0.0600814475249452,2069.27955822088
5417,0.289,4.12467043973035,0.0113712934778899,12538.6160346278
5418,0.179,5.89768443946217,0.00947081985500722,19361.5659766986
5419,0.275,2.9364064536273,0.00532807380636135,15998.4020714746
5420,0.1535,2.69087757863032,0.0253497203085188,3618.86638252402
5421,0.2975,2.79097603476696,0.00755434377053368,11746.4861170287
5422,0.442,5.24325079250871,0.00712742366236766,25351.6531057924
5423,0.232,4.64710710183819,0.0215132175834085,7372.79540705646
5424,0.2985,2.76957202443831,0.0795726253773612,1269.05528376674
5425,0.298,4.13137184285093,0.00640115825012499,20018.3641903629
5426,0.3645,4.99871468758434,0.0164630012810392,11025.9532618876
5427,0.345,4.21338902283592,0.0312673286620194,4930.95065507404
5428,0.2305,3.16283750584589,0.019742909730562,5529.50905522814
5429,0.216,1.45000089664542,0.0163773391878577,2978.77894222309
5430,0.2775,2.03621868266021,0.00780325062841181,8145.30935920983
5431,0.1745,2.83871571429227,0.0137951254526251,6635.34674559792
5432,0.3895,3.2347531229096,0.00796353974307939,13798.5106401854
5433,0.264,2.34353702031267,0.00559040227232139,12180.9686826883
5434,0.1555,2.41170965334769,0.0356709075944036,2404.46564825423
5435,0.2145,3.76250195083905,0.0269497212864489,5013.03436031995
5436,0.1485,4.00129464782839,0.0116558093064902,10358.7100851056
5437,0.2765,1.905496375204,0.0109496088431061,5743.49293866919
5438,0.289,1.8864052785788,0.0107438442207442,5848.87529783844
5439,0.265,2.99732699450836,0.0146031407942001,7002.22102011223
5440,0.2585,2.70506758491027,0.0212676014428908,4484.60022954013
5441,0.3935,3.50973878865958,0.00674449110933435,17207.1486011813
5442,0.335,4.06146338880275,0.0149719285673228,9703.51252054762
5443,0.3245,2.04514297682293,0.00756061929826715,8667.83941125583
5444,0.103,3.44218605519861,0.0470717840831075,2473.31217526719
5445,0.205,2.93001950017208,0.0215349740132529,4748.01562039035
5446,0.196,3.80736353739513,0.0084429096576731,13610.1449433367
5447,0.342,2.99048979043664,0.00855420271923892,11749.2109894886
5448,0.1835,3.49783950127338,0.00738091452536572,13402.7649791998
5449,0.267,2.47887097426359,0.0130854634698368,6441.2880003577
5450,0.4505,4.5932465903077,0.0117012166519421,14239.6894474812
5451,0.149,2.92823546226636,0.0169303300596464,5640.40664998824
5452,0.144,3.44814897291043,0.0496806284464104,2307.47140290368
5453,0.157,2.73941757186169,0.0299569463512343,3132.61950096309
5454,0.2095,2.81333763946835,0.0124264116386598,7418.07814757134
5455,0.3145,3.0979585534836,0.0171723014689466,6400.61258910124
5456,0.2745,3.97146565046808,0.00794001013104088,15912.4967920751
5457,0.32,4.02908116966913,0.00678000834895107,19207.5673197371
5458,0.3995,4.96934676166232,0.029721892345046,6080.22565585946
5459,0.3095,3.97107738290608,0.00467935823412228,24886.2586051213
5460,0.3705,4.77194640435227,0.00776068377614059,20839.3071696354
5461,0.1265,3.19742868360404,0.0428904192070277,2524.42462498826
5462,0.2405,3.94317674739814,0.0137212246845208,9849.765454473
5463,0.409,3.11970071717099,0.0123739074750776,8963.27781944866
5464,0.145,2.0669307067169,0.0166891111350821,3921.24470843712
5465,0.392,2.64992183357231,0.0116522579347563,7983.04772810015
5466,0.1595,5.98308934419965,0.03515962945335,6128.3821942535
5467,0.2165,3.94531944545276,0.0314116530563687,4489.20521343373
5468,0.2395,2.46510261957978,0.00834255962187954,9229.47044477299
5469,0.3455,3.48105568677838,0.0130187273996773,9386.62664918237
5470,0.2445,1.92484883336667,0.00817758110014485,7209.79386477483
5471,0.325,3.08231212943348,0.0171466139780797,6348.91748227747
5472,0.2465,2.32951293316344,0.0121653619849195,6232.49668031729
5473,0.235,3.24623860202241,0.0108636168681458,9889.49491640141
5474,0.317,2.91788149140806,0.0438442812761451,2264.61594704418
5475,0.2755,2.09727019228131,0.00819401328077546,8032.71545597495
5476,0.2885,2.6174952761409,0.0122556853596948,7313.49989791095
5477,0.327,3.30492101704683,0.00477056175931099,20353.3838445593
5478,0.1665,3.64099682427059,0.00877382059326051,12087.7457259135
5479,0.1575,2.47866999355844,0.0452680677184774,1966.30901619077
5480,0.349,4.73444783741593,0.00787093349777183,20148.5560367981
5481,0.3585,2.94409577763672,0.00616937106176103,15250.500215143
5482,0.2925,3.37813793902024,0.00896002522751987,12462.6341992437
5483,0.3615,2.41452905847401,0.0259213008422517,3325.90112142793
5484,0.2075,4.5893538364526,0.00720458244856124,18711.4059626269
5485,0.391,3.2278246781046,0.0273469072159777,4251.29384162165
5486,0.4155,3.95520314392028,0.00697191501735736,19071.2084308599
5487,0.1915,1.62061199101407,0.0292016469608569,1938.56259299657
5488,0.1695,3.41509150779283,0.0170165325431417,6606.40787863529
5489,0.1895,2.9007368349101,0.0894330054910923,1146.22311629899
5490,0.3135,2.7703183749503,0.00446411046236657,17665.5209097125
5491,0.3595,3.11436176711013,0.00970084987281136,10963.7479734236
5492,0.4535,4.44597844540842,0.00853399109188884,18346.4218490171
5493,0.1,2.09017853684391,0.105120599401987,673.962027893719
5494,0.322,4.06610507361368,0.0120153598601984,11700.0200565124
5495,0.322,2.22194974806195,0.00907533344513606,8091.68634505197
5496,0.1975,3.10455730231242,0.0114610171895277,8456.82081600197
5497,0.2135,4.61844137399876,0.00642134751582789,20628.8099987308
5498,0.203,4.28816024884413,0.0244656945725867,5782.08333039973
5499,0.395,4.53664375405737,0.00617440143163554,24240.0688637202
5500,0.316,3.15647537523056,0.00808050664685708,12753.7014221712
5501,0.26,5.12968506907954,0.011940487745319,14758.0022812515
5502,0.3655,2.57384297425815,0.0094255432036363,9308.82522490244
5503,0.2775,2.89250559123264,0.00668500335024175,13407.5577291065
5504,0.1945,3.37541211058892,0.0116423656028372,9390.27761594138
5505,0.186,3.71746538352563,0.0113446227262548,10481.7444740555
5506,0.2315,2.45044383345335,0.00767872351607851,9520.31654396165
5507,0.23,2.89289990870066,0.0059465480798456,13878.8503613761
5508,0.194,1.78620452735235,0.0237541904883272,2563.32439930227
5509,0.4105,4.90679534154716,0.0100802752575592,17138.3430400513
5510,0.4775,6.74803176307089,0.00932459222547556,25894.4195746199
5511,0.223,1.59529595959434,0.00512729144498112,8143.34125796733
5512,0.2045,1.80281962297844,0.0294002424830812,2125.68368762329
5513,0.2365,3.65226368041249,0.00475377019382546,20760.7229020519
5514,0.152,1.42964579712964,0.0214922521118141,2219.02917455537
5515,0.3185,4.35758410997491,0.0108674943584755,13898.8492822396
5516,0.253,3.30350027278906,0.0901715123354566,1334.61669219394
5517,0.3565,3.45103575668998,0.025756998362686,4915.0726372587
5518,0.18,4.52655789892251,0.0246435334340544,6358.42246330568
5519,0.2525,3.25350043339641,0.0237157027386577,4789.46200669907
5520,0.2285,4.69425686024092,0.00607795842776373,22470.8909878815
5521,0.3005,2.0298391212576,0.00910373324065932,7268.3470616009
5522,0.2915,3.65036284532384,0.0153763617253617,8375.32400208695
5523,0.264,5.47966410684762,0.00733502789871999,23541.2798532833
5524,0.2195,1.71315799756163,0.0102638009808859,5099.86131832324
5525,0.2065,4.08333309247569,0.0567776959369591,2692.70735874283
5526,0.221,3.7870560580101,0.0116961830393274,10636.325467711
5527,0.25,3.24101343843832,0.00569787066095273,16482.5040416948
5528,0.4195,3.92395961296597,0.00882858096618178,15315.0722666093
5529,0.382,3.44162600871772,0.00954715885769758,12477.777140053
5530,0.274,3.09183260075861,0.0123321379305626,8277.16035340781
5531,0.1165,5.87532717648238,0.153338873045686,1226.247243133
5532,0.1375,5.62594499574634,0.0082728823067038,18815.2669445054
5533,0.325,3.3930513233427,0.0109239350315823,10716.7120946582
5534,0.1775,2.35594964513533,0.095084741696572,907.831916241353
5535,0.4315,3.80919358817986,0.012455638199277,11012.2140683908
5536,0.2365,4.67708180299125,0.102114049425232,1479.70004710639
5537,0.178,3.27188287229817,0.0682857836247923,1585.33404596331
5538,0.215,2.80462848428777,0.0118273222346689,7678.01610015779
5539,0.177,2.47772214324109,0.0248708392702773,3390.01725489279
5540,0.2,3.51133873405041,0.00781511430373046,13301.8580054613
5541,0.233,3.11563059275923,0.00785147074620135,12208.7731025621
5542,0.262,3.1566017295457,0.00711291731686018,13573.2872708794
5543,0.2555,5.24666964644864,0.0299367674546317,6358.93324500116
5544,0.126,5.66594259620824,0.011871105591591,13917.3222255292
5545,0.3875,2.94000620607198,0.0122771353069436,8373.2414853515
5546,0.206,3.2049419295934,0.0118972750535442,8841.75299092024
5547,0.3005,3.94802134240642,0.00493173527513412,23413.9705506789
5548,0.35,2.94605409823491,0.00699829827643879,13664.7523821348
5549,0.1555,3.37830810920249,0.0728147437389322,1682.13012405789
5550,0.1545,3.02287321585097,0.0352868352183749,2986.40523634736
5551,0.377,2.71016755482178,0.00804861867087018,11189.8022768133
5552,0.2445,3.35988507509538,0.0236614307175392,5092.14733693564
5553,0.2935,3.864791943028,0.00768667117775644,16045.0766635902
5554,0.343,3.8078617526895,0.013320636875436,10118.6109756644
5555,0.189,4.26791802444672,0.0139513453908434,9990.68896460937
5556,0.3585,3.00693868294001,0.0188328654047053,5765.30073312565
5557,0.2185,2.84952750617138,0.0122810074129272,7601.08660407068
5558,0.4535,4.76515032501253,0.0154614418824967,11414.9670503694
5559,0.206,2.29726282295477,0.0182548093357569,4268.09914966868
5560,0.1185,5.2905940254361,0.0190953556750791,8684.1891370608
5561,0.192,4.44937345901904,0.00965595353853401,14360.4928257996
5562,0.303,3.47669034695962,0.00664579811439938,16359.1482990603
5563,0.3485,2.13987377423349,0.0104738763661329,6950.55133017394
5564,0.2155,3.77649899277605,0.0139993498260681,9006.26766284637
5565,0.2935,3.9322754971744,0.00547299587388071,21203.8099770113
5566,0.3885,4.26608677155548,0.00698418786309381,20441.4755936557
5567,0.145,2.46884866283207,0.0294873748303903,2944.73081087584
5568,0.2535,5.07723032133326,0.0378036807516526,4428.91360051353
5569,0.453,3.3898295985351,0.0257017185364492,4842.03638828008
5570,0.4085,5.41722564547241,0.00913089530737155,20771.2236536942
5571,0.2645,4.10522590918597,0.0144647626783165,9895.78993074592
5572,0.1775,2.33995452371676,0.0249003200845356,3254.56649713058
5573,0.399,3.51542199947729,0.00927081198209814,13140.2952548728
5574,0.2565,4.21197203664574,0.00644644966609596,19740.1810876291
5575,0.191,4.25926607621264,0.0104534734822081,12887.5448676529
5576,0.2925,2.66826441562754,0.00566027439413248,13966.6760971292
5577,0.212,3.4721185579175,0.00908995014105106,12005.2984957759
5578,0.2415,3.14631412499694,0.00743754276996642,12974.9418855106
5579,0.232,3.27018001663942,0.00764382152132146,13008.7413752443
5580,0.1225,5.38221921239615,0.0810246195811584,2337.61688170407
5581,0.2545,2.48488204477823,0.00968997281245295,8242.41030544539
5582,0.1175,4.98066324973063,0.0167272786969869,9392.2667996409
5583,0.1535,4.17015406120127,0.0444032253190056,3234.25551762645
5584,0.272,2.29171748881253,0.0767742994899129,1078.01051303988
5585,0.2365,2.97390426514008,0.0106112640528899,9120.85390027817
5586,0.3655,2.37721539152125,0.00550591900214729,13367.2995987306
5587,0.1675,6.14579187055792,0.038308521830109,5740.17265906702
5588,0.1985,3.72606273817726,0.00710170668003556,15078.8107255762
5589,0.4285,3.94465830607535,0.00522876013808155,24272.5749892038
5590,0.144,3.06926962930761,0.0192919233460248,5275.09120012852
5591,0.394,3.77337613292635,0.00764768033958914,16645.9397339877
5592,0.1955,3.91414329202227,0.0126110494095793,10057.1389116145
5593,0.172,5.19374159340838,0.0220013062704466,8069.26531704605
5594,0.1965,4.82330811580187,0.00734840343248993,19294.8918040757
5595,0.2565,2.79741214247105,0.0125346965006748,7417.58985611215
5596,0.285,2.78148641829777,0.00958366357272261,9553.77521074309
5597,0.275,5.49926831839021,0.0193616755291438,10196.895391763
5598,0.3695,2.86666884494995,0.0163589848229985,6198.81576241439
5599,0.2045,3.11841145086501,0.0172055841217574,6110.38112356812
5600,0.16,5.47533759899464,0.0168466838718902,10756.5555534097
5601,0.1705,3.73960127305355,0.0131100926283803,9238.30511729463
5602,0.179,4.00163861170631,0.0216813335264966,6257.88994764599
5603,0.2015,3.21028129563032,0.0209778503359007,5306.37436051375
5604,0.187,2.21920378184183,0.0164155065905106,4485.18563924298
5605,0.1825,4.00121347517031,0.00974120795925099,12524.770560659
5606,0.3295,4.28861710762235,0.0261388666153219,5875.48146311763
5607,0.243,2.68784952350874,0.010108425886191,8581.90665635596
5608,0.2045,2.36975824609894,0.0390132583688408,2158.75699124514
5609,0.3345,4.66938035270879,0.0243374489836609,6864.57762447979
5610,0.4135,3.02168397164319,0.0174364628097547,6303.45918072182
5611,0.3095,5.11974063026466,0.0194659162301646,9668.48287972245
5612,0.31,3.66191268622017,0.00550130993570486,20164.9668015877
5613,0.239,3.31297904380053,0.0106127697792779,10198.3023368908
5614,0.209,3.54925981474436,0.00898231646968486,12162.9846819969
5615,0.209,3.32766442103647,0.0104623305768583,10154.2129353853
5616,0.367,2.832524618407,0.0733908836493189,1441.283938951
5617,0.273,2.64028858045919,0.00634452638284475,12483.0916982734
5618,0.2195,1.86647422079679,0.0270350096300045,2448.47112264763
5619,0.2075,5.38305790012685,0.056955283787425,3526.40384168278
5620,0.2795,3.22367208691886,0.0101422539499232,10423.8846593694
5621,0.3935,3.83856154357416,0.0176248839298353,7834.36032647421
5622,0.3035,4.69114651432348,0.0122607221099948,13322.3888756521
5623,0.221,2.05287116518966,0.0120876046451608,5546.85683734522
5624,0.1075,2.0423951377748,0.0384229969105489,1864.40657687838
5625,0.309,3.47588613928561,0.00524956932182549,19814.7451200953
5626,0.3245,3.71501162184005,0.00726744223755497,16632.9631811512
5627,0.153,2.02722536705069,0.0425919792128921,1679.52588922269
5628,0.151,2.00552179852383,0.0352450386144759,1987.6608883725
5629,0.4575,5.79829851675063,0.00915141977945673,22432.3593588438
5630,0.2415,3.92992832408526,0.00828182823315914,15086.6388416509
5631,0.264,4.58484814350205,0.00612338222172543,22431.4339007265
5632,0.409,3.03493585557262,0.0142972527853217,7620.45905231499
5633,0.3125,3.57451012867533,0.012468592511554,10024.5718029271
5634,0.3815,3.54125812078302,0.00818989453636901,14735.1315480144
5635,0.2935,2.18545700224833,0.0146154416088908,5136.01489890032
5636,0.1815,2.91866986915116,0.0444397095895686,2352.29608146472
5637,0.2885,2.89433083551906,0.00707863374363965,12749.0060512229
5638,0.291,2.54360072567711,0.0109532961638629,7739.41520021017
5639,0.2265,2.2192784729224,0.0249087780524546,3189.78151254362
5640,0.15,4.51448209384244,0.00923350131816048,13992.5812455292
5641,0.2575,3.84885760738499,0.0234101669113731,5838.79064736466
5642,0.2495,3.15613291605477,0.0100099928926322,10256.8397756084
5643,0.198,4.84297638252953,0.0144857886103775,11291.48607137
5644,0.3275,3.87057108450651,0.00963294215581281,13646.4457620824
5645,0.3955,4.76241520013467,0.00766519234285165,20937.488032988
5646,0.282,2.98641495897853,0.0158716383270903,6566.24402308219
5647,0.332,4.48558058054041,0.0185198214847738,9051.09936109748
5648,0.34,4.51925513607963,0.0101445115748692,15349.050380857
5649,0.323,5.33961549622336,0.00632578033835345,26912.2045365473
5650,0.427,6.21692436719838,0.0098731970899153,22318.3103621357
5651,0.205,3.07955885829696,0.014019122352879,7275.15417344715
5652,0.2465,1.98918257711226,0.010221323945729,6215.47650874779
5653,0.297,3.27452382096456,0.0103824008269349,10593.5646919122
5654,0.344,3.16906912259614,0.0241343378984447,4778.52153821639
5655,0.2325,4.55957053778052,0.0101658537342934,14582.884702067
5656,0.172,2.94974084731954,0.0136368898416404,6933.49831357001
5657,0.2845,2.05704185981682,0.00590975383096516,10333.3025120257
5658,0.1585,3.48393475612181,0.0437924395714414,2825.6479836049
5659,0.199,2.37644174046771,0.0120683575491322,6280.51847574593
5660,0.2735,4.2003480283308,0.0121083113463947,11784.8774628574
5661,0.217,2.74915243993428,0.0982527763160161,970.495422564194
5662,0.3025,4.10776176283623,0.00618241684706409,20718.4549639784
5663,0.2045,4.08888011151211,0.012193198333701,11064.5739391496
5664,0.2105,3.57784881857807,0.0103110924642724,11011.1684606958
5665,0.171,2.03324609468197,0.0273443513651402,2496.09321118907
5666,0.169,3.07719675035737,0.0424149887302802,2565.71022014856
5667,0.466,8.22495446617306,0.0169181579140542,17878.8803783626
5668,0.3305,3.32735329349177,0.0148299484317137,7904.00204459033
5669,0.137,2.95361251559184,0.0238186906486033,4263.32026821091
5670,0.134,2.53890092508787,0.0397343584051482,2162.73398248938
5671,0.3335,4.56910124596932,0.0159152942717114,10246.2578846651
5672,0.3335,2.57289848980974,0.0151197322114828,6026.79336532138
5673,0.382,2.63872850927472,0.00519952398901755,15712.4939391759
5674,0.121,5.91383456538496,0.0794694055727865,2646.16648485914
5675,0.2115,4.32306794975807,0.0533633843473061,2970.47045881151
5676,0.3225,2.26017777861306,0.0140765513137468,5595.38834465173
5677,0.202,4.56077611085705,0.0204468876881727,7502.58297753389
5678,0.3735,4.52766194131564,0.00657882736841182,22417.8979972609
5679,0.2185,3.49394180948405,0.0095675611102561,11513.7920510132
5680,0.2115,6.30501776472231,0.0220860615973468,10135.4266112681
5681,0.366,2.46483128515878,0.00806860559933668,10084.328270494
5682,0.26,3.59337108626092,0.0106185263317951,11206.5669853019
5683,0.127,4.25046208751907,0.0166122267900009,8123.9181572423
5684,0.2025,1.45002151385476,0.015653238137722,3041.82348455519
5685,0.1335,2.49594936522121,0.0249184554163799,3400.40590019093
5686,0.293,3.89585567753632,0.00880590309604504,14609.5278452317
5687,0.106,5.17430534715083,0.0689549949386549,2564.2192524416
5688,0.222,4.16714548096971,0.0157069335587211,8944.68800139852
5689,0.442,3.49033914421211,0.0112683271006065,11009.6530141333
5690,0.24,1.89121386524247,0.00810047218712367,7028.41993581352
5691,0.3445,5.60919660534538,0.0293591550515016,7078.9536958423
5692,0.4145,3.58207863365309,0.0102781846346586,12306.4274243074
5693,0.2665,5.18214548975745,0.0082809833225365,20166.9948571953
5694,0.228,1.99659087795786,0.0120291825444203,5409.64056989924
5695,0.094,1.86551902026983,0.0507931342797738,1263.0573059442
5696,0.2575,4.04215832407683,0.00559282581560095,21259.3061498714
5697,0.2925,4.38862829541013,0.012132467758637,12400.5836215814
5698,0.186,4.01061752790364,0.00961105297132515,12869.9794922389
5699,0.289,4.56414579717221,0.015915328487466,10137.1677823839
5700,0.287,5.92321485058883,0.0124362740605412,16597.2305135751
5701,0.124,3.9083365208508,0.101095568796567,1324.07680465795
5702,0.3475,3.26809342176383,0.00638356331270862,16512.3237504892
5703,0.46,5.90356384596311,0.00944730112924325,22475.1275464586
5704,0.3675,2.52506550459715,0.0186745108943283,4806.66703988353
5705,0.271,2.13861092073771,0.0178267073454227,4160.90820808786
5706,0.182,4.608792880576,0.028213157862619,5829.75022718678
5707,0.3115,3.99512596653898,0.0139348841210462,9959.89315774218
5708,0.217,3.35136253928025,0.0250182420836114,4622.7049252561
5709,0.2585,4.60021206395105,0.0057742098493281,23910.0122070431
5710,0.1525,1.71970435183355,0.0412696572004435,1461.52227981913
5711,0.2135,4.51419407663318,0.00785072955081194,17403.5660826822
5712,0.285,1.84553656305296,0.0255665037321018,2578.40576552807
5713,0.1865,3.74292921518593,0.0804115357213898,1682.74262448912
5714,0.2815,2.48731487731493,0.0899202850919081,1026.49109963584
5715,0.2025,2.52771642352666,0.0282255381148993,3119.84645286515
5716,0.211,3.44971783830976,0.00768225805803321,13566.4355820769
5717,0.3875,2.92053514463002,0.00844193180389413,11752.2856826533
5718,0.3555,3.64675132354518,0.00735234196772835,16522.0292126985
5719,0.3615,5.91212093764987,0.0123232854483936,17061.5856026279
5720,0.2665,3.13659495053783,0.00823459201022596,12152.490800004
5721,0.231,1.65667035654094,0.00700761096538598,6926.8147123976
5722,0.379,2.56104634492679,0.009146674329613,9534.09832074468
5723,0.414,5.42609204460796,0.0164702764411815,12039.2530110663
5724,0.327,2.72476050385297,0.0197784148990498,4929.65101301252
5725,0.316,3.43378355213276,0.00928314981017499,12313.0150729017
5726,0.2515,3.35248164450738,0.0209793906305204,5505.43934651716
5727,0.2665,5.12247805458135,0.0189723154192324,9616.83918120573
5728,0.2075,3.37287593332959,0.0109567390823911,9867.30759341861
5729,0.129,2.4864315392483,0.0173039389083198,4525.37805257575
5730,0.278,3.37345879823276,0.0121130199780485,9468.84283105967
5731,0.4135,4.34882786330583,0.00871666610095497,17391.995664582
5732,0.351,2.74902082017474,0.0112756614652629,8468.62376133674
5733,0.353,4.08721812286605,0.0105885885331714,13485.9300879657
5734,0.303,2.45798429765661,0.00798298558143109,9823.59003290003
5735,0.154,3.70459980425533,0.0138636544306695,8472.5401940377
5736,0.191,3.26875954078146,0.0188735358115237,5944.29880040531
5737,0.2405,5.2977569617686,0.0164526229509222,11243.8748673385
5738,0.104,2.84645506527182,0.12418571926191,790.970976363532
5739,0.3765,3.21177746784033,0.00947143763679236,11543.8673385119
5740,0.2235,3.45255153797237,0.0110517897903198,10165.9525526344
5741,0.324,3.49237474316037,0.00548794979606005,19451.6510658637
5742,0.245,4.32707479319112,0.00671979143514515,19600.5362140443
5743,0.104,5.83017177650067,0.0539662751104238,3754.89633432572
5744,0.2875,3.69372675886888,0.0106911904072399,11697.7600309847
5745,0.367,2.35256417188848,0.0047219824889892,14755.4480076431
5746,0.2135,3.84876196136621,0.00985353735827962,12189.701951542
5747,0.171,5.05919452173114,0.00886471177091518,16653.8673517671
5748,0.1695,3.59792289669056,0.00672271538845454,14466.4577384641
5749,0.408,5.48888779586358,0.00976687062135164,19607.2259470229
5750,0.196,4.4302019166028,0.0117819853643821,12041.6769628035
5751,0.312,4.48990081395088,0.0262093859346426,6367.32418717213
5752,0.2435,2.96964174716926,0.0165430961437905,6174.39415780963
5753,0.445,5.38420933018136,0.0146786277023513,13551.1097378418
5754,0.324,2.26812464457615,0.00934608114773546,8109.5741579056
5755,0.292,2.84939901368059,0.0176125113399511,5677.29608809903
5756,0.345,2.26168082221034,0.0107473515812773,7227.45728008315
5757,0.1725,4.1752962454408,0.015922302887814,8574.73346095092
5758,0.1345,3.80379795546892,0.0235243472188588,5228.1233309317
5759,0.2895,3.03142638758615,0.00562499140972348,15987.3702938411
5760,0.2915,4.22606495024809,0.00977176331364493,14611.0049408325
5761,0.256,2.92769568101702,0.00721993652233449,12290.9220295597
5762,0.2935,2.05498736113748,0.0219365548026511,3317.41715003372
5763,0.205,2.94474532508009,0.0203628349219158,5018.14198473282
5764,0.209,4.24460733403172,0.00753434508590039,16795.4111475312
5765,0.4335,3.85569542053981,0.0175301137190458,8000.50286303668
5766,0.2035,5.22349226734681,0.00784192147886119,20193.3409498322
5767,0.412,4.69755214949709,0.0129648933405727,13068.763242957
5768,0.3105,2.18804121167945,0.0424499073439664,1780.33194898241
5769,0.2305,2.05391651930432,0.0291751235818999,2456.229429499
5770,0.233,4.09347615974571,0.00998626040255507,13077.0034561069
5771,0.109,2.7086109436865,0.0611818268356261,1513.41143357662
5772,0.099,5.37142034654856,0.0558793148285541,3343.57940184612
5773,0.435,5.6236592180841,0.0214227750474747,9734.26008907087
5774,0.1685,6.05291500523071,0.0492364534445186,4489.52143735973
5775,0.2065,2.41329482565712,0.0215179143746878,3852.35005484707
5776,0.1695,4.30062478011717,0.0539829497120499,2867.61154281587
5777,0.343,3.53463530787927,0.0251367206445506,4979.04951632275
5778,0.2285,3.8450411590224,0.00683198733709042,16839.3635940175
5779,0.205,3.60077974966379,0.0104952860992612,10886.6336960265
5780,0.416,4.75307616237554,0.0362468297952549,4915.33902107532
5781,0.2845,5.02015100466746,0.0328008162129943,5589.46231309403
5782,0.2805,4.86684673279375,0.0130029433606936,12824.2866485942
5783,0.4015,3.99883332996196,0.0158093882347635,8988.76166398678
5784,0.3,4.50795077827645,0.00855545883096683,17339.7681872116
5785,0.258,4.68042909776468,0.00757793736066221,19306.130741604
5786,0.2885,3.43212852291885,0.00535160806946871,19131.8008739293
5787,0.305,3.57761360131883,0.0131198153740672,9555.70756004854
5788,0.1965,3.40244674495216,0.024875832344836,4811.18287104309
5789,0.1705,5.46282540653729,0.0221747975454347,8538.74804523991
5790,0.265,2.62391597206881,0.0232272655362467,4011.82006409126
5791,0.1795,3.92424670804561,0.006264298228248,16895.9684312454
5792,0.426,3.80506945235971,0.00941041581427244,14176.1204462701
5793,0.327,4.17204816209101,0.0133936947379357,11081.2999442261
5794,0.1795,3.68087798133827,0.00836843408982285,13066.068159003
5795,0.226,4.37145133711356,0.00874423048829884,15638.630403629
5796,0.38,4.69576468294624,0.0155800286958299,10954.7533070996
5797,0.337,2.83803718993856,0.0116660054528003,8378.51597433705
5798,0.1425,3.4772559770006,0.0335862059170236,3670.23979709105
5799,0.267,2.69955080528116,0.00654123661614722,12387.4891044447
5800,0.149,3.61832349922562,0.0166458996128142,6982.24497144276
5801,0.309,4.54926070675728,0.00844591766348719,17818.672355208
5802,0.1415,3.65653810600983,0.0198278906539094,6037.33427499105
5803,0.3455,3.08765293240879,0.00509208774750202,18443.4522130039
5804,0.2935,3.1208403625669,0.0181666994561411,6145.40114946419
5805,0.247,3.63754534532327,0.00599504620384744,17951.4706192971
5806,0.3875,5.50372676236457,0.0303526891107321,6826.12001148435
5807,0.198,3.28432159253016,0.0194557432787831,5763.97523147206
5808,0.332,4.11461458570962,0.0118612791018423,12108.6012614587
5809,0.18,1.9419322656681,0.0904284299257185,740.467817016752
5810,0.1345,1.9628552701761,0.0461153111843435,1466.16407373513
5811,0.113,2.49192109493102,0.0498473785297901,1775.13794779723
5812,0.4035,3.14633175404894,0.0112147270288602,9911.61867733498
5813,0.3425,3.04354098735577,0.0750029837105397,1483.50538864958
5814,0.2535,5.66772595083788,0.0567983420319983,3608.51880508401
5815,0.2515,3.44623720923358,0.00690487277048749,15162.1353043642
5816,0.2765,2.48233729910193,0.0188930682060016,4651.17530133486
5817,0.2555,3.01983262789153,0.00460872623429401,17629.1722456811
5818,0.2805,3.25655357775342,0.0313424104405824,3787.04529443661
5819,0.28,1.81247337585698,0.0108110661539112,5462.64206640894
5820,0.1535,3.24026052964849,0.0458821988888659,2479.29685600646
5821,0.3245,2.33016581082907,0.00547109403377502,12744.2685546424
5822,0.3495,4.33257419054871,0.00740029944080148,19510.4728581504
5823,0.1535,4.41525744764534,0.0780537616761526,1995.33940052157
5824,0.285,4.11743739246542,0.0060829475347004,20805.7866363377
5825,0.445,5.51144003974144,0.0544352066156598,3761.76639911995
5826,0.3095,6.16904624773899,0.00844008099046653,24662.7888157702
5827,0.371,2.74244926386891,0.0137756386234578,7057.93273480043
5828,0.3495,3.44804152667921,0.00750428422374577,15185.9082147578
5829,0.1305,2.80834518062602,0.051656168400122,1819.79166110767
5830,0.2085,4.40079196060888,0.00807244573461107,16568.9091028332
5831,0.413,3.24400627315931,0.00715578160277091,15211.7346650764
5832,0.247,3.36015695655286,0.0184641743534414,6377.60674621988
5833,0.157,3.89946630411957,0.0119506197339236,9971.2183111738
5834,0.1335,1.47098581236809,0.0334512799664949,1507.68750039267
5835,0.2655,3.33490843317229,0.00745443239674789,13973.0535892146
5836,0.098,2.1277576468986,0.0681587584760085,1098.75799164886
5837,0.3755,4.08867180188827,0.0237712129458103,6558.22716128696
5838,0.235,2.14889726227088,0.0134749951193287,5422.4306908904
5839,0.2635,4.42519654429107,0.0238251318142032,6655.70113249188
5840,0.175,3.39468085349585,0.106806207252088,1145.09060957334
5841,0.3755,4.42182261513953,0.0170200451511004,9403.20648253066
5842,0.4385,4.75528916355788,0.0156297732851834,11178.9089662213
5843,0.3505,3.98507030442626,0.0472694461227076,3178.99346403538
5844,0.2275,4.61711344648946,0.01260067511809,12236.0857671405
5845,0.195,3.1857690640714,0.0364978839351344,3144.83446425352
5846,0.1995,1.6177936894723,0.0357161957179661,1567.04772241689
5847,0.221,3.08133692879233,0.0275337532683117,3956.61534542126
5848,0.3875,5.28433275236011,0.012261723875087,15518.1773372698
5849,0.284,4.00131143928906,0.00587945245729444,20410.5900390856
5850,0.2715,2.0921182420221,0.00539575955070213,11265.0267105349
5851,0.1725,3.17056551110006,0.0198995006010543,5337.04258964133
5852,0.1915,2.75983427429328,0.0313884273828644,3020.83727271786
5853,0.2765,4.26217999345161,0.0061218846456061,21303.0684491979
5854,0.295,3.36028300583189,0.0088399015910932,12500.4020545842
5855,0.238,4.39898547280232,0.00974148214373373,14539.6702018146
5856,0.132,4.23553583475097,0.0116913649274185,10829.9274970457
5857,0.2975,2.45465812806304,0.00418179936702378,15845.7961824846
5858,0.376,5.03930133807951,0.0102149041084951,17342.6399762916
5859,0.1835,4.13585082595159,0.0110615139010761,11723.6368950086
5860,0.183,2.69399162403616,0.0232117034513583,3974.1491038425
5861,0.3665,3.08559458508477,0.0185957727900988,5979.71442366966
5862,0.148,2.97358247001363,0.0567395085982063,1887.20871914535
5863,0.2465,3.78250436150969,0.0149402563348199,8675.75182351944
5864,0.2225,4.63287425852551,0.00827890073069738,17171.920895052
5865,0.29,3.95408792918211,0.00803435212685937,16077.7018318563
5866,0.1445,2.15775819288266,0.0288239182352074,2540.84256599644
5867,0.3945,3.6401021566594,0.00716445667412959,16834.4294783514
5868,0.124,3.6852124178601,0.0698243347501295,1874.89440181024
5869,0.1645,3.16088744968634,0.0167858272070746,6102.88363332493
5870,0.1005,2.5237905756984,0.0220555034253244,3625.70888492872
5871,0.283,2.58376736229826,0.00779422937810723,10529.0676543722
5872,0.1375,2.76699373081116,0.0275882216384781,3440.84330179075
5873,0.4195,4.77929178072426,0.011768276540599,14511.5347322135
5874,0.3205,4.79360516198963,0.0117748100691232,14259.1242477816
5875,0.2055,5.68415467729668,0.0160589168329799,12204.4915078561
5876,0.273,3.78991404261703,0.00529267980060089,21031.95937609
5877,0.2675,2.17036415587753,0.00667662974778431,9838.5679647187
5878,0.339,2.40419106741444,0.00699474128991884,11002.7640628738
5879,0.2355,1.62895451881181,0.0077305920320793,6346.95479233441
5880,0.296,3.68303727228359,0.00647581997617216,17881.271307146
5881,0.317,2.37257180595157,0.00690306646316956,10806.0778031021
5882,0.325,2.4061631730295,0.00536472185443938,13290.0368394139
5883,0.287,2.40098848217293,0.00535638549787055,13148.5920403864
5884,0.1815,4.60446334820598,0.0166700356296022,9214.82835422169
5885,0.198,1.75838679528436,0.0223520672532594,2670.04001689925
5886,0.1965,2.80871224518444,0.0117136968290235,7616.0925076205
5887,0.153,3.22768943033316,0.0120679310305101,8125.25722373691
5888,0.238,2.8867965392409,0.0122961090205089,7799.24952070238
5889,0.0915,3.35299203248394,0.0355802915592766,3120.45415201738
5890,0.2545,6.20577714196976,0.0151041935939165,14319.7509308329
5891,0.4355,4.16041187708723,0.0194772595211384,7874.06807156421
5892,0.2805,3.15639583918329,0.00739025269916947,13546.3825858471
5893,0.227,2.12757569635025,0.0223289581628506,3346.60629531657
5894,0.1135,5.25165028349432,0.131744985777604,1321.33763472148
5895,0.188,5.8444037241424,0.0304163191379402,6869.80059120332
5896,0.416,3.15136526599025,0.0126806349848313,8788.08861982905
5897,0.257,3.20240445361563,0.00965826346519969,10888.8994162218
5898,0.2815,1.7714197226961,0.00970299366727511,5936.79633947265
5899,0.3105,3.19672445614309,0.00541620834097529,17823.9831595498
5900,0.363,3.15891791796011,0.0108439634230523,9997.16433234864
5901,0.3165,2.87465665613838,0.0136630867255678,7329.31228932724
5902,0.2365,5.3991758416457,0.00908970196675883,19000.932163503
5903,0.2135,2.79611278917606,0.0155760526518637,6118.53390953026
5904,0.158,4.59825848285914,0.0116835834042266,11828.3397082667
5905,0.1315,6.30436402641665,0.0196274259079161,10407.4199745975
5906,0.281,2.19223884578132,0.0101958952664596,7092.10746265248
5907,0.188,3.66988202734726,0.00821365785755776,13222.0016438739
5908,0.436,5.57244075975781,0.0119105357541351,16876.9637695567
5909,0.333,1.96943608886772,0.00593708079042709,10282.122178108
5910,0.2135,1.91102649884858,0.016244927731683,3927.74942407028
5911,0.2285,3.79103552697221,0.00705145410311894,16214.6626275626
5912,0.162,3.90033892365315,0.00729860275067982,14693.3247474992
5913,0.1675,5.74016138086893,0.0455201539198253,4572.20473234592
5914,0.2265,1.62677680909482,0.00944230969019401,5325.24339718451
5915,0.3,3.85296741138411,0.0150957930711672,8982.99869276497
5916,0.207,3.93672412854455,0.018923122028296,7170.09468580663
5917,0.2925,2.20074418240121,0.0197438255144963,3934.18229973715
5918,0.194,4.06031159805817,0.054995109544404,2702.75525100455
5919,0.1535,2.16202664214361,0.0609517657505563,1248.86550938448
5920,0.1555,3.76815690060849,0.015041367023704,8142.17398617324
5921,0.098,3.5796394081342,0.0493584836938366,2482.09622037022
5922,0.103,4.0430469561523,0.115159889570271,1202.04461928007
5923,0.417,2.89361208665388,0.00639542768282745,14841.2126903793
5924,0.21,4.38676709044043,0.0152457168069855,9678.4492978744
5925,0.215,2.97176320008676,0.00859067812363223,10623.1234758276
5926,0.3335,2.55997699110509,0.0102422377236493,8498.26372991402
5927,0.187,1.93661454445543,0.0198379523497884,3303.64151376849
5928,0.218,3.41985944039664,0.0799356181330507,1405.35739465635
5929,0.2765,3.05856663779675,0.00687881349747761,13650.1389591143
5930,0.443,7.04929076387914,0.0240191073033493,11027.1099402671
5931,0.3365,2.16300991465393,0.0154639494784971,4934.3891505628
5932,0.4435,3.88053435051449,0.0176940381426929,8058.91826528613
5933,0.2465,3.10966138884961,0.0589807673973287,1928.68657351687
5934,0.2015,4.76150097343706,0.00810082167825566,17661.0196284279
5935,0.3355,3.8527379628168,0.00749699934226541,16837.8321901417
5936,0.231,3.20763746831066,0.00399399713739271,20184.9685036809
5937,0.206,4.33276525636038,0.00657807886510096,18908.7454412936
5938,0.1555,3.45657336106341,0.0114692206653759,9217.00766939849
5939,0.199,3.51719995151555,0.012939160044623,8986.04817408665
5940,0.315,2.89008544828516,0.0103170707964671,9508.67763752511
5941,0.3985,2.87047484308523,0.00725946156585252,13167.9149734087
5942,0.121,3.04616440245283,0.026483349063589,3731.43536245014
5943,0.235,4.0607823643056,0.0149248905586965,9343.47702839965
5944,0.208,3.3837747709101,0.00914265768934081,11394.8168408609
5945,0.268,2.98568669649063,0.00630539823524584,14282.9084458139
5946,0.273,2.01007167158889,0.012504638384278,5448.12158431708
5947,0.2795,2.19926767336697,0.0120095042182442,6152.76446977442
5948,0.3455,4.38337171025343,0.0115923372030892,13164.1078235705
5949,0.2495,2.59777638464305,0.0194652176533238,4712.82622971059
5950,0.187,4.74504367812815,0.00803534602233775,17559.9314733124
5951,0.392,4.62501293064696,0.00760233600982031,20631.0479181819
5952,0.324,4.57111682459298,0.00852435535675529,17967.5085195544
5953,0.0975,3.14150199134096,0.107540147650853,1014.35281549704
5954,0.1415,4.610168083419,0.0142461294658774,10176.9936908517
5955,0.1835,3.08767281340777,0.0539247443476862,2078.49219885385
5956,0.294,4.23092003861796,0.00675614343716985,19646.4338937668
5957,0.2415,4.53060634536567,0.0214922234166485,7607.64339661047
5958,0.286,2.09252806242292,0.0043473665114662,13092.870495982
5959,0.1275,1.91171164786492,0.0487679694908189,1342.01426649077
5960,0.376,4.34657123381688,0.0356537852603715,4547.24851251038
5961,0.182,4.21689073390735,0.00866650260441234,14474.3848148636
5962,0.2355,2.06209516676893,0.0167692842556604,4180.56972082264
5963,0.267,4.21424307174562,0.0164431873713761,9165.80653522881
5964,0.212,4.63996713760799,0.0274438773141583,5933.48323213292
5965,0.283,4.38698093999357,0.00843473561290871,16918.8237181242
5966,0.3465,1.9366644215452,0.0149288470634587,4574.86522102775
5967,0.103,4.21009093419454,0.0288546185884342,4805.39308435497
5968,0.109,3.76344763725294,0.0828117105176508,1594.72121795778
5969,0.2175,2.00047596722785,0.00849114753383889,7210.88543539102
5970,0.27,3.36619105184307,0.00857769431284895,12686.9599793699
5971,0.1425,5.83227419401596,0.0242479357209773,8254.39717739469
5972,0.148,3.17327509135303,0.0460871269574537,2415.6412171699
5973,0.227,4.33833426403478,0.0179985576963406,8255.10181382426
5974,0.1915,4.27018216948356,0.00878692596485552,14633.2797602874
5975,0.1115,1.77166817577567,0.0227938668371573,2509.6460981126
5976,0.1365,4.62033766762836,0.0145175142127023,9960.27085348405
5977,0.198,2.03804728981139,0.0998756360959943,732.062393509556
5978,0.446,4.27737896594383,0.0082935756534488,17947.4929992386
5979,0.419,4.83447562389471,0.00546514803935379,28854.1385705096
5980,0.1995,3.40978426245801,0.0376048413302813,3324.22001078188
5981,0.224,4.9749331066844,0.0124477068902932,13271.0011408791
5982,0.198,4.19803365581297,0.0116737663940502,11617.6569844298
5983,0.456,4.83186080097629,0.010273929774271,16927.3013999205
5984,0.181,3.6301052192156,0.0178870454269974,6897.32830568469
5985,0.465,7.22858078075871,0.0216186308113324,12605.900106995
5986,0.383,3.07101382041502,0.00514927590879712,18690.1731610342
5987,0.3955,2.92683755180574,0.0193061799858861,5400.67261121442
5988,0.1735,5.47917718883212,0.0151502908242644,11849.9092566136
5989,0.189,4.38352314784629,0.0101004723016038,13674.470748172
5990,0.2025,5.31176602753906,0.0106779447347594,16026.357156559
5991,0.129,4.58985590872744,0.0410804982388994,3973.05742020267
5992,0.353,3.50049121517375,0.0107537847347352,11394.5902024414
5993,0.308,3.60781494741313,0.00945653472431998,12817.6807487006
5994,0.1175,5.29856869378799,0.0338290864116092,5362.847682644
5995,0.3455,4.10197682130737,0.00680241737536701,19523.2811396633
5996,0.2775,2.36590547943947,0.00837577750428058,8951.42228139762
5997,0.2315,1.55295504064913,0.0120113415678271,4187.51097224544
5998,0.289,4.14960645404882,0.11238038207317,1231.16027773756
5999,0.1955,2.78073491900622,0.0140219482453478,6580.7445053861
6000,0.133,3.02588021790456,0.0165688371005273,5750.66178225972
6001,0.2065,4.02360986030433,0.0108484681027466,11978.8201099125
6002,0.2255,5.02641752103345,0.00934657399574902,16917.6283348347
6003,0.13,2.63420680447419,0.027599602928379,3358.33314856092
6004,0.453,6.07879386155283,0.0135704135647478,16503.5152755472
6005,0.1435,2.80355033038558,0.0370264096627854,2665.96598734575
6006,0.236,2.7374138744094,0.00659776082500334,12147.5037409498
6007,0.3895,4.86380810836129,0.0126876277496236,13677.2198331217
6008,0.416,3.72753038344207,0.0129733912158691,10259.7385917475
6009,0.268,1.82851931702254,0.0124115352124505,4912.66500726427
6010,0.3775,3.83078213196012,0.00977162713294901,13591.7674072173
6011,0.3315,3.20016637490653,0.00857240819443567,12421.1492981433
6012,0.146,4.57643475780313,0.0203528329284389,7497.97361751399
6013,0.173,3.17801495570393,0.0399375377523168,2888.0022307018
6014,0.301,4.51351963218515,0.00623026069084637,22621.5526112513
6015,0.106,2.47735853283205,0.0283625192934308,2896.8967967523
6016,0.1005,4.83515834983391,0.0176288247612769,8434.19992676675
6017,0.26,3.7442987845157,0.014392330510731,8788.93820613552
6018,0.209,5.7264075490348,0.0188640297900171,10585.0909931111
6019,0.3755,2.78856328791635,0.00524636229568546,16523.4153277277
6020,0.458,6.08182317093001,0.0137071421985172,16256.5803119337
6021,0.2735,3.24205777999008,0.00902191892556004,11784.1827045022
6022,0.203,4.15294335379196,0.0164937359866433,8521.2469810139
6023,0.3965,4.17828390935447,0.00868936348021706,16525.351087754
6024,0.261,2.80019294102091,0.0109778912078556,8504.18715904419
6025,0.1475,1.9632656611755,0.0274110132601621,2477.69919683328
6026,0.4445,3.57642967695525,0.00974040173257922,12877.6655300539
6027,0.11,4.41245756031383,0.0508925167837621,2966.66101590214
6028,0.207,3.76336628830982,0.109825867422012,1209.82212525955
6029,0.1885,4.07324357439023,0.0109359531248665,11636.9737269037
6030,0.444,4.20621009571312,0.00716277439949817,20104.3287760417
6031,0.2835,5.66921114019137,0.0105911264867875,18177.7937504061
6032,0.137,2.41449484860591,0.0888459044655042,975.34737231307
6033,0.3225,3.56262129381035,0.0101592627374564,11813.643699968
6034,0.1545,5.71496802731037,0.017598239915937,10845.8616043528
6035,0.18,6.64455332866041,0.0362202442727755,6689.42775768854
6036,0.233,4.79366723035265,0.00661021298718414,21530.0208566423
6037,0.169,3.25871008336462,0.0673990582181732,1818.47733886026
6038,0.2005,3.5244370496711,0.0162116213646295,7354.06207923441
6039,0.243,3.84902494034324,0.00518644196302096,20964.3231437829
6040,0.37,4.33745704064029,0.0140342159346396,11035.7020517253
6041,0.4395,6.21575182558708,0.0830723365507609,2721.28902191458
6042,0.224,3.7386125912771,0.00809947414668877,14297.2080532167
6043,0.273,2.19000567436845,0.00777841832648332,8793.13108686748
6044,0.265,5.65031510909871,0.00639922308475236,27027.2714663165
6045,0.4615,5.24415290112394,0.0206972329133394,9460.59823144952
6046,0.3505,4.29402561264644,0.00668480731803403,21057.3737837142
6047,0.1155,4.59755557477297,0.09061640554876,1814.6194424291
6048,0.2655,3.17259132758247,0.00863727257914511,11785.2884126034
6049,0.2225,3.01350468926111,0.0189680618530808,5424.25488615196
6050,0.292,2.45559775549681,0.0375555581515048,2345.97995122317
6051,0.2205,2.14207791518589,0.0570074232348474,1349.20188148368
6052,0.2555,4.57648107468451,0.0115085376284403,13398.7727928486
6053,0.1495,2.07578847876936,0.0631568481549546,1188.94723635905
6054,0.225,2.74306517234659,0.0130195700827549,6867.0464056154
6055,0.414,5.95852199386965,0.0288608945338864,7826.58675423808
6056,0.301,3.56817348118819,0.0287732744444034,4350.30007968521
6057,0.286,4.02271000222918,0.0102365150299574,13389.6393804459
6058,0.395,3.59212588958102,0.00647421945656822,18102.592473667
6059,0.1345,2.97290205751024,0.0871306952291542,1269.4654970585
6060,0.177,4.5314418188105,0.00923870159800971,14807.5926687516
6061,0.3645,4.52846796350188,0.00557658816853853,25954.4742466428
6062,0.4055,3.3413112098861,0.011080804645085,10671.7747270337
6063,0.3005,4.18430792854876,0.0218559766245952,7162.90550317476
6064,0.3895,2.87486120074261,0.0237926478117404,4434.56104578542
6065,0.308,4.16819878290762,0.0106364081351893,13318.0806229586
6066,0.319,4.24460318056322,0.00746867075969229,18593.2936062893
6067,0.419,5.75731059052764,0.0141281568426784,14797.63504443
6068,0.187,3.38124264486306,0.0221212235995763,5300.23802951928
6069,0.306,4.0110891664818,0.00951674112793958,14165.398968486
6070,0.333,7.66844513590182,0.0109916283397798,24588.2506802708
6071,0.2625,3.82636616258238,0.0136263834490179,9702.93476366965
6072,0.3365,2.51669543123745,0.0186077295292989,4813.57664539533
6073,0.332,2.98878655916343,0.00820348157184779,12049.7762973683
6074,0.301,3.59700972624487,0.00973876642018573,12326.285535331
6075,0.177,2.77327256366289,0.0303864366553025,3205.41492337192
6076,0.324,2.50178712380621,0.00824386042962298,9951.08204367183
6077,0.326,3.14253456522999,0.0110390751804232,9799.19131985919
6078,0.374,2.33630719897085,0.00768570830563258,10165.0891396846
6079,0.1455,3.63257187763681,0.0239117228192007,5107.06190292794
6080,0.1455,5.51255079040804,0.0631066393235951,3065.33635149983
6081,0.214,4.3419974493966,0.0562834368154356,2819.79121116124
6082,0.217,4.87702963285423,0.0153886379225564,10874.0964411111
6083,0.3685,2.4985996546105,0.0142884596141836,6185.62501000655
6084,0.1805,4.12946599041429,0.0215687837321532,6664.7986286517
6085,0.4405,5.98384484361928,0.0244750941973107,8958.13546689892
6086,0.359,3.81203438858417,0.00538088449038442,22084.7903000686
6087,0.182,4.46477956287822,0.0201955180843322,7362.625841377
6088,0.1935,3.98820780045135,0.0164011149803274,8204.67974375575
6089,0.3925,3.24316863557641,0.00599274633204996,17377.2206603378
6090,0.2955,3.99456153044649,0.0180118386156652,7757.80728253476
6091,0.279,4.14913524190476,0.00904157204697902,15156.6112850116
6092,0.179,2.74710579647544,0.0115278454324048,7546.41836590039
6093,0.1875,4.81465383111278,0.0113955816915251,13493.3476427979
6094,0.1505,1.89370206692758,0.0312401336531686,2115.97135832921
6095,0.105,3.25774577228034,0.0318142383194582,3459.76253708034
6096,0.4545,5.03096358415533,0.0120673251803212,15099.6182612297
6097,0.1545,4.54506330442357,0.0187031253559025,8013.11896298463
6098,0.456,6.34496225513914,0.0220716439289913,10776.4215508778
6099,0.408,3.54614210866075,0.0136131703384922,9220.33093326947
6100,0.157,4.70892199319531,0.0270321423982602,6009.97218240547
6101,0.42,2.90806034329467,0.0178831029415383,5944.73184152441
6102,0.357,4.35894108402579,0.0156329165073106,9896.41641686633
6103,0.1955,4.4134686013322,0.0104192727870319,13319.6748509974
6104,0.212,2.26527428525541,0.0192222705147341,4034.33261029631
6105,0.117,4.19567111285601,0.0211584217826405,6276.23477733348
6106,0.17,2.0139275095901,0.0231586239555266,2970.52561191938
6107,0.358,3.03395706806841,0.0179037272960997,6119.69006341559
6108,0.132,2.10533041043879,0.0832317108225098,893.744552726898
6109,0.2035,5.30904865454555,0.0186171192473929,9719.11622027755
6110,0.2955,2.11197296525942,0.00541154045496622,11476.8890120628
6111,0.4425,8.59796706138448,0.0176914136550585,17915.7713723861
6112,0.203,4.20196842468234,0.00871934826831195,14683.3942073919
6113,0.0895,1.57726355552384,0.0353624423105852,1484.05393833624
6114,0.449,4.83884770631629,0.00873142193624656,19513.0485140923
6115,0.1795,3.68399553607287,0.0342605570014947,3960.51148009541
6116,0.1225,3.84468790783617,0.0173655042997696,7143.79464013901
6117,0.374,4.52698753796844,0.0483903833944978,3528.69040212697
6118,0.2815,3.01444635796966,0.00767445204698705,12441.6435903077
6119,0.307,2.52393220300816,0.0051132891956535,14482.1474544267
6120,0.277,3.38639291890034,0.0114590257497604,9985.21779562982
6121,0.259,2.54297413500815,0.00924493477122178,8922.55307803255
6122,0.3885,5.1421436400314,0.0336843587527293,5713.96096624894
6123,0.224,3.99379978751986,0.00590298509499792,19194.2057169341
6124,0.4385,4.25455981150829,0.00747146435300919,19540.8457095776
6125,0.2295,4.22187866040751,0.0124599511052816,11228.3893830361
6126,0.2345,3.41371899079568,0.00915919849776469,11828.8378701339
6127,0.286,2.41911143262545,0.0127644878351487,6460.36907060275
6128,0.134,3.96452709322886,0.0447798812084312,2939.79655915002
6129,0.247,2.91238809676863,0.0280727055181232,3728.78617592653
6130,0.1565,3.43769438927973,0.020339251285356,5626.86620058447
6131,0.4545,7.79233149575365,0.0154627111164794,18604.3348005709
6132,0.272,3.96404042690769,0.00961362566764608,13564.708743454
6133,0.368,2.44404833128187,0.00434881932811581,16500.4736596902
6134,0.367,5.02787733864223,0.00764579004676863,22209.5494487313
6135,0.283,3.32104896187165,0.00622949239950345,16170.0589213985
6136,0.19,4.39964237876446,0.0232910198496126,6505.24114451991
6137,0.2615,1.84847387096818,0.0126706296262247,4836.66842327404
6138,0.2875,5.6593653621946,0.00770099451185197,23572.0045357814
6139,0.113,4.68596525694298,0.0609295288314423,2686.11050767092
6140,0.3595,5.74505814742577,0.0222625810535817,9486.10266235799
6141,0.1855,1.51764212885877,0.0232437399743395,2219.73367603631
6142,0.3135,2.87910996372415,0.0130997725198302,7646.67637736368
6143,0.1505,3.50373286013839,0.0773787491878832,1613.88013112559
6144,0.3135,2.30434495068147,0.0103468318105493,7436.9750299505
6145,0.1585,2.36349392572431,0.0210177158348041,3858.15513602827
6146,0.201,2.94891719199786,0.00778635273529204,11246.7612388767
6147,0.15,4.17221989870494,0.010244208661001,11937.5476477684
6148,0.207,3.75044403127143,0.0110598840704982,10853.9001165773
6149,0.3275,5.07735439526059,0.0336190539469469,5656.98365500775
6150,0.295,3.76919397617727,0.00587488610668169,19408.8261160582
6151,0.2715,3.39997964117337,0.0223870413378677,5416.25117326706
6152,0.3625,3.36295440716477,0.0116667166861505,10137.1770974999
6153,0.297,4.62024210861716,0.0272181110040163,6355.4148115707
6154,0.286,4.70851943308076,0.012195789568085,13371.4758247167
6155,0.4155,5.64536522338489,0.0327143764037571,6515.91855570917
6156,0.249,5.09439834460352,0.0129348224078828,13521.5303772446
6157,0.1125,3.92071747977241,0.0253895041136083,5055.15496754219
6158,0.2045,3.87961060125824,0.00974379033139494,12405.7772952783
6159,0.351,3.09590148487005,0.0124316512187735,8660.91849949488
6160,0.337,4.85449833482224,0.0248902483533569,6795.81446313107
6161,0.3195,2.91676094792274,0.00456803890949565,18497.366179828
6162,0.1635,4.75956609369501,0.0227812463259868,7092.09662528738
6163,0.3565,2.39023564708773,0.0158637473864004,5309.08836403429
6164,0.1945,4.12122008130994,0.00669245389035555,17290.4697226116
6165,0.2855,4.8938238671044,0.0255586167429986,7105.52573648659
6166,0.329,2.33911824854012,0.00707982077022136,10477.7569349409
6167,0.26,2.56035512829318,0.061921866675945,1501.67787743182
6168,0.313,3.61122971824931,0.00762554871237993,15516.4518412488
6169,0.3585,3.29569535900673,0.0118458059160485,9646.72716591643
6170,0.139,2.86454858883861,0.0408306267555047,2462.38423019322
6171,0.376,5.04945928692061,0.0103938938056977,16836.3208324789
6172,0.3725,3.5176498686269,0.00570354766469232,19526.5462857949
6173,0.4035,3.30577811999433,0.00663034834266459,16558.7658121619
6174,0.2235,2.43689231259925,0.00570331906468814,11788.6423700313
6175,0.183,6.09630510559436,0.0412517479652943,5285.24693825079
6176,0.248,3.9304182383882,0.0318615539686573,4577.9888976913
6177,0.335,3.3375058692182,0.0601561935550563,1904.18320014822
6178,0.2975,2.1587344895925,0.0068322154773972,9635.35535946283
6179,0.1635,4.0578147050111,0.035014276465428,4267.92820461102
6180,0.197,3.63444570957138,0.0261098900753516,5004.54092410788
6181,0.389,3.15576164873174,0.00747256965149457,14147.7764027949
6182,0.256,2.97464709408696,0.0579366652322812,1879.60183882496
6183,0.17,2.49133091772909,0.0450781718035263,1981.81982806096
6184,0.3375,2.68558401050678,0.00848710246480932,10587.3221407804
6185,0.3215,2.9865206765583,0.00569662383276152,16197.8984463163
6186,0.4005,4.68875187741457,0.00735142843490354,21613.3973991384
6187,0.272,2.32147909752512,0.008152046616076,9018.85251408196
6188,0.296,3.78720695295238,0.00873006623846003,14112.2115682066
6189,0.431,3.59358303185057,0.00788920514459632,15709.7609944605
6190,0.291,2.7247332522756,0.00405914060263028,18148.214364555
6191,0.275,3.38253702490005,0.0123472377042683,9346.83967424765
6192,0.2625,4.1873771791627,0.0150967919261354,9705.87291097912
6193,0.2025,4.13806908926446,0.0207458839575032,6869.7726227929
6194,0.2255,5.19503961985554,0.0483056958791256,3948.37282444265
6195,0.3715,3.60557697426751,0.0058602300144257,19597.6039854012
6196,0.4215,6.83367757626057,0.129669195941077,1168.84058599423
6197,0.3,3.01893239915562,0.00547414367435648,16390.7141881257
6198,0.404,4.95847153250912,0.0223189360426937,8310.41489903385
6199,0.339,2.82369522214127,0.00893817366624372,10589.4934704779
6200,0.163,2.71422141019301,0.0814763687368923,1231.68273261553
6201,0.112,4.43554587153642,0.017001134004623,7957.39634106272
6202,0.2895,3.9330725608707,0.0128122055076802,10578.1985961851
6203,0.1815,3.96711265366817,0.0340202225795561,3966.10575711095
6204,0.1165,3.37381002919108,0.0548867569443787,1928.35711241029
6205,0.334,3.4974423744083,0.0054097588482911,19814.1351493752
6206,0.3165,2.38486158769125,0.00616249953831966,11869.3340214257
6207,0.394,3.36580632152828,0.00527363883133864,20189.3458629503
6208,0.258,4.011493600261,0.00798564057835251,15875.9207697327
6209,0.385,2.74584674610286,0.00832507903158949,11184.445646322
6210,0.392,3.47139843848548,0.0155651325085331,8058.53336637161
6211,0.1885,3.17430986129102,0.076026883862086,1520.20834838745
6212,0.39,3.79503983393691,0.00747777726002234,17004.359093558
6213,0.3395,4.06556606561106,0.0128839902840264,11180.7935320315
6214,0.3625,4.77386973375756,0.0198535418902338,8593.14929480154
6215,0.24,3.6597934078682,0.0076846221066984,14805.0322679465
6216,0.281,3.23742470020543,0.0213332402363229,5424.3833109457
6217,0.195,3.36841908533008,0.015709808729133,7164.85297934033
6218,0.2605,2.66184278449082,0.085766205725589,1109.85631873963
6219,0.2655,2.62773707241306,0.0113260207132776,7715.12256737789
6220,0.2545,1.97694062643944,0.00786198605536994,7807.30890399288
6221,0.3235,4.39331931550379,0.0139928916737106,11028.1191432585
6222,0.258,3.5508825978112,0.00730114870776731,15147.4410156515
6223,0.458,10.7623814247356,0.0124646336829831,31850.288394627
6224,0.3375,4.76333089861907,0.0129377310280885,12952.7809730721
6225,0.376,3.0490578279622,0.00983638766535792,10716.3748083584
6226,0.2865,4.97378786606801,0.0121404754812243,14156.4172806549
6227,0.276,3.15849345688225,0.0179073291756043,6163.78795276791
6228,0.176,2.50199751323595,0.0638009900737086,1416.81149143656
6229,0.148,5.21306846390426,0.0620762240133694,2993.53172890749
6230,0.284,3.20704363516125,0.0106851134989331,9965.21082530546
6231,0.398,3.45791648871357,0.0498637138329522,2549.31881703215
6232,0.177,4.67295436252592,0.0305082629475179,5421.87959268767
6233,0.401,2.94097917107048,0.0098709626888891,10368.659693462
6234,0.197,2.31047877461115,0.00947184789838298,7410.11466843862
6235,0.2635,3.31331465474121,0.0137459605346695,8250.68022107538
6236,0.227,2.92714900223161,0.0158935791908804,6283.59361574014
6237,0.279,5.91670892722611,0.00739774308032479,25479.3789666733
6238,0.3165,2.7047237962666,0.0089674690907729,9855.58389265456
6239,0.252,1.9061873372837,0.00958079383628894,6340.85569909634
6240,0.305,2.8196305240335,0.00467973412858194,17456.2698158364
6241,0.2525,4.27065276743951,0.00730069266482758,18165.2556338721
6242,0.4275,3.92937657911357,0.00739523564088912,18100.3232589036
6243,0.24,3.68712227043974,0.0330475350783457,4061.53740591492
6244,0.3905,2.86445026898103,0.0101419280354754,9719.45355843723
6245,0.14,4.35657298127251,0.0233675085464525,6320.67372484983
6246,0.129,1.99347038684946,0.0349497756223302,1980.01358066757
6247,0.1705,4.4971869471526,0.00749357138582774,16771.2473900788
6248,0.277,3.6430902038237,0.00989680322716288,12165.60929818
6249,0.3025,4.06464784004024,0.0324344523067186,4622.19869840875
6250,0.329,2.32508882677244,0.0121505651884892,6567.53183595087
6251,0.197,4.41953410072206,0.0120312272168026,11857.2995426718
6252,0.243,1.9377441037622,0.0382305969125694,1800.94623220018
6253,0.414,4.93802940835197,0.00774667164312956,21878.752714444
6254,0.1775,4.49062853287006,0.0134378812304891,10928.8857297218
6255,0.257,3.83807504175878,0.00811866744402525,15088.1758205801
6256,0.4645,4.10712101663495,0.0123676498340802,12027.8535777771
6257,0.365,2.27502861595275,0.00830367447044981,9028.19444335654
6258,0.267,3.13656504600425,0.0112917468341936,9246.31614059831
6259,0.137,4.61975499962481,0.0213538577931732,7145.41464774096
6260,0.157,3.80993348946979,0.00974075748238277,11597.7666019058
6261,0.3055,2.70888950757025,0.0119096122910257,7767.21341381279
6262,0.313,6.36055975298902,0.0499044356900896,4672.40182522682
6263,0.1495,3.43722356576319,0.0153700073132336,7064.91696978891
6264,0.3265,2.62378566488653,0.00683717324577175,12218.5279346868
6265,0.179,6.79351820216429,0.0420175043917175,5851.35902214377
6266,0.205,1.94828303797821,0.0340933924516032,2018.05021301499
6267,0.105,2.20765118854412,0.0834710552342277,953.627497937788
6268,0.407,3.20769499762698,0.0186380092081328,6211.88868719579
6269,0.251,1.68686960958099,0.0206401459636061,2830.90453724102
6270,0.1645,2.5043487836753,0.0528162135168347,1724.17506115904
6271,0.2685,2.41928582759104,0.0139959540634882,5835.65068008646
6272,0.2805,3.90937437227824,0.00727168301639503,16978.0438868343
6273,0.375,3.42013232567865,0.0328284785501416,3770.91613765498
6274,0.4455,6.13412782754171,0.00998618778396466,22002.1275167785
6275,0.3635,2.43220991166197,0.0122395766766472,6995.64961090429
6276,0.322,4.54920526957322,0.0072794544550149,20360.1500535573
6277,0.209,3.16141295086379,0.010020580477147,9807.46655947712
6278,0.439,3.72423656434263,0.00680794418264105,18525.4809782814
6279,0.268,4.23175299846445,0.00907394238655946,15262.0457252616
6280,0.443,5.94646052375133,0.0361203699116753,6244.50277045391
6281,0.277,4.27447776616989,0.00653755112573915,20440.8627097271
6282,0.426,3.31887864288751,0.0131321991086635,9102.24481996132
6283,0.425,4.69389923069617,0.0367995749481951,4710.06664636191
6284,0.385,3.7531117727994,0.0279617680361719,4704.8235047824
6285,0.266,3.24095827165558,0.0158772892395655,7084.44079735469
6286,0.256,2.28727019718844,0.0105849674200785,7047.0373624782
6287,0.236,2.54796497275384,0.0162525691737677,5340.48387403201
6288,0.2895,4.92434074245462,0.0106732048863758,15723.9441141975
6289,0.3245,4.59914989618468,0.00691600465036924,21533.6713008491
6290,0.3375,4.37868473356425,0.00646769078655731,21931.6567736402
6291,0.4355,4.6147344093102,0.0109268425669276,15029.9671042835
6292,0.1885,2.0709148974252,0.0427732148206779,1683.15526461792
6293,0.251,4.93959329854664,0.00801326933450439,19231.6630269451
6294,0.2285,6.15839525067692,0.0134555776483643,15521.3782885927
6295,0.353,3.57124178090291,0.0215758434854249,5891.54180896259
6296,0.353,3.58977530080084,0.0134306951413998,9415.28637962642
6297,0.24,4.46807914118908,0.0188466812827785,8308.71648894963
6298,0.1725,4.08717178475147,0.00831585960638616,14181.7465896191
6299,0.3255,2.98259792190848,0.00400126187805357,20802.1204551444
6300,0.354,4.24968246869151,0.055723094500688,2838.58095794809
6301,0.191,4.17957597853829,0.0763800556552541,1980.55883462715
6302,0.33,3.8943408707383,0.00888619316250067,14813.1409537677
6303,0.3115,2.24705025464119,0.0142176412860888,5473.55709422501
6304,0.2265,2.66843735285849,0.023055483207156,4002.44087961568
6305,0.3185,2.086007721397,0.00895145543480219,7658.50114246408
6306,0.2745,3.98685070618147,0.00829454807641938,15360.6887975782
6307,0.3155,2.48701805032397,0.00469360895944039,15203.3873410247
6308,0.095,6.03123296422507,0.0461665783044381,4283.40409576753
6309,0.3735,5.18324381679136,0.00933954077244246,19321.2035214397
6310,0.275,3.88816362584902,0.00588309482984027,19891.5049581617
6311,0.371,4.18250929312835,0.00631429149525719,21384.2169545173
6312,0.249,1.67449207901835,0.0111183915694847,4862.90276160191
6313,0.236,4.74482553155292,0.0236169116336517,6921.60784338127
6314,0.448,7.01922563429283,0.0113226392119181,22411.2816549255
6315,0.1495,3.98707892747541,0.0145283133266186,8576.6160516758
6316,0.2705,1.89948655155232,0.00443813915288078,11566.1856316427
6317,0.4565,5.64181157955593,0.0256342598793583,7998.66248314579
6318,0.1425,3.99146817544814,0.00940646325834499,11886.3155707324
6319,0.4365,3.54852390121549,0.0137108647961259,9354.79121132185
6320,0.1135,2.43555310776301,0.10834019161788,799.785532105537
6321,0.2415,2.80344112466867,0.0087374948855999,10047.7085252261
6322,0.306,4.48462040165021,0.0252514948845147,6308.44643559217
6323,0.2955,3.45792265902777,0.0446737604957537,2859.14571665281
6324,0.2445,6.12627011957841,0.0447629626027237,4987.47965435209
6325,0.152,4.49086114214956,0.0109574587635475,12488.8326352841
6326,0.2285,2.95858649669581,0.0197026004253655,5296.71389352149
6327,0.1865,3.08086176121573,0.0131804344589608,7533.63757063816
6328,0.185,4.30635511608986,0.00995672790796618,13388.2065014518
6329,0.4635,5.38749684213216,0.0106292773504213,18293.4891433771
6330,0.168,2.63487200536233,0.0233746977478884,3853.24642766861
6331,0.2665,6.25611697272057,0.0107591928701419,19730.8950073538
6332,0.3025,2.91832268969325,0.00723151828624554,12690.5502761953
6333,0.3525,2.80244897297955,0.00469996428228721,17790.1738129056
6334,0.313,3.55216376578791,0.0163598408348834,7743.17178355544
6335,0.251,3.59641015497084,0.00709403757522875,15516.5628316416
6336,0.2945,2.63307770244455,0.00554767619879466,14104.2375651664
6337,0.2595,2.12375156556536,0.0100856492237261,6854.0376386941
6338,0.2345,1.85419830824069,0.0181023504482329,3498.35302609231
6339,0.3465,3.60347996558588,0.0188517801214731,6780.82056704479
6340,0.114,2.33687981694596,0.0270765793370421,2819.75640404108
6341,0.1855,3.25200251900877,0.0159427931077484,6802.82631402165
6342,0.27,3.16641867721451,0.00977693688889065,10612.6749610198
6343,0.282,2.14932099962108,0.00741372555169672,8881.13452438139
6344,0.155,2.36705816548,0.0175874089465036,4428.20781371785
6345,0.3705,5.1421549874095,0.019700787096289,9610.83821102639
6346,0.2255,3.63145411563158,0.0195601278106979,6473.12090751079
6347,0.217,3.65524854792241,0.0191425673708003,6695.74420080802
6348,0.187,5.43360030924002,0.0453949634582817,4357.15694592169
6349,0.326,5.25376391162317,0.00615730912722844,27118.1789275981
6350,0.468,4.27987815078195,0.0191929923305328,8215.63172977535
6351,0.4395,4.27781489021101,0.009493962704465,15907.471424761
6352,0.3115,3.82902057947333,0.0125283310934915,10708.7394860233
6353,0.2955,3.00158282271068,0.0149210088697523,6962.98073561153
6354,0.213,4.45116856087502,0.0103711883121793,13759.9159957998
6355,0.4585,3.9365402932847,0.00676660656599866,19760.0443550484
6356,0.257,2.97778627073983,0.00976660323509983,9965.24373748133
6357,0.2285,5.03378374244995,0.0128637582524712,13022.1391990045
6358,0.2635,3.51771811386185,0.0825956117276062,1563.18845009375
6359,0.3095,3.90461247131387,0.0187686177779802,7424.43642151434
6360,0.2195,4.64124100042935,0.00949326824955984,15696.1857505616
6361,0.0865,2.81292194516278,0.0442411463236787,2117.76512075426
6362,0.268,4.23512762710635,0.0159837781000121,9335.09160151404
6363,0.335,4.59215140863268,0.0185016943496795,8831.91306387955
6364,0.1665,1.49300340284567,0.0133563643260771,3460.65576710089
6365,0.227,4.35717164361287,0.0163180707056061,9318.65682907514
6366,0.3075,3.52460116751486,0.00512352293596641,20489.1991317728
6367,0.4515,5.84179854244066,0.0102296348036868,20559.5073593313
6368,0.223,5.1965225910853,0.0413493942293227,4628.79702197224
6369,0.4275,3.82001159973488,0.0148851361008445,9326.41022016565
6370,0.1595,5.93966543862078,0.0279634449623601,7629.39580274204
6371,0.3255,3.47326371782498,0.00497281074577533,20914.1456580211
6372,0.1485,3.97816025727467,0.0230465010778399,5755.23443183456
6373,0.3875,3.38232825502009,0.0124099775081445,9650.20299239971
6374,0.1925,4.8228363311959,0.0510024635302301,3378.52593911372
6375,0.3615,3.46922478334796,0.00880354646086348,13336.1545522468
6376,0.338,2.73804730530803,0.00564476295435676,15167.7229799106
6377,0.3595,5.22021046766931,0.00609442055865196,27788.3501559772
6378,0.339,2.60959048350981,0.00493523565315114,15741.1486896166
6379,0.274,5.5557368112272,0.0381366268827278,5353.96433472493
6380,0.373,3.2851040679359,0.022752474097828,5083.92189476492
6381,0.191,1.90628692038307,0.0382515067187949,1758.04815628138
6382,0.3065,4.58123969994131,0.00981739018428461,15762.4788485055
6383,0.354,2.85943227077479,0.0139255708466191,7272.71351773886
6384,0.245,4.26008853715701,0.0339022524874207,4592.71222760945
6385,0.324,4.5842057834604,0.00720138514948952,20775.612037881
6386,0.154,5.2028618871497,0.0131232572733056,12652.5565771527
6387,0.135,2.49652099053818,0.0236536036098687,3583.5067523395
6388,0.125,3.20527893260801,0.0738077729245359,1551.89697252239
6389,0.3315,3.12385639200885,0.0121439403619164,8895.61192978251
6390,0.431,3.77381414899983,0.074010036806863,1879.2288394187
6391,0.3765,3.58245666516058,0.0112097317583004,11141.0672663028
6392,0.097,2.76580122336929,0.0826850279052127,1150.38094050489
6393,0.2325,5.34480473503755,0.0194398375632505,9723.93091393289
6394,0.358,3.21765921125925,0.0172637729752867,6688.67131793039
6395,0.148,2.22710737935265,0.0257429418015299,2926.53759445064
6396,0.3005,4.04700450310732,0.00997468798994095,13698.420316566
6397,0.2815,2.82442865546284,0.00475270196343845,16924.7953504807
6398,0.2675,4.26926305791922,0.0481158022412957,3119.04500121729
6399,0.351,3.48035240872149,0.0136315384139332,8923.84087312766
6400,0.212,2.08272637082371,0.049462869482081,1564.54261528284
6401,0.2115,3.40819772438004,0.0119440910859203,9422.96235814389
6402,0.46,5.68706540276751,0.0112886684648633,18305.0135895859
6403,0.225,2.95590135011097,0.0208632999269893,4853.23196681417
6404,0.1875,5.84533076210673,0.00871198442395075,20430.223524444
6405,0.2405,4.66884370656373,0.00703404353235955,20166.339369896
6406,0.2655,2.56396625180135,0.00447807017996572,15307.8137631293
6407,0.306,2.03235274100774,0.0422491368591906,1744.1773323215
6408,0.1145,3.19033269904813,0.023910915280302,4388.96237539375
6409,0.1505,2.00184204381896,0.0224899250655862,2950.54359893472
6410,0.369,4.1730015096467,0.00876513247335449,16256.4692923501
6411,0.411,8.16741915743266,0.0426134040995748,7291.35364214059
6412,0.302,2.13233051763071,0.0163413829755341,4605.76988563534
6413,0.3895,5.12524661753194,0.00890561890616159,20081.800869127
6414,0.224,3.60718501124574,0.0229234063797143,5362.53856804939
6415,0.1385,4.1331182790632,0.0190031794220801,7083.64887354584
6416,0.2765,3.43163924129929,0.0224985226384846,5354.50791694111
6417,0.204,4.66207895871901,0.0114586780532087,13122.7656838596
6418,0.336,2.51711209953727,0.00867381167816753,9599.97709055237
6419,0.2795,1.97272274723702,0.0202358334959878,3407.83718012961
6420,0.179,4.22716433201497,0.131079389270908,1091.08073410864
6421,0.1175,2.96871305506404,0.0438747019732334,2275.60979834464
6422,0.461,5.32092913206996,0.00890460475713002,21317.0456460898
6423,0.1725,4.70479682929532,0.0128365096202713,11618.2763988689
6424,0.2045,4.72407670011604,0.0608340556370427,2737.62322317858
6425,0.357,5.08908117015733,0.0130299987558999,13847.4792813567
6426,0.128,1.742272111898,0.0194042720041427,2807.51956181534
6427,0.175,3.60600103941949,0.0593545285677348,2255.26949484438
6428,0.3435,5.59080979495604,0.0292019718755313,6851.51147880401
6429,0.3265,3.35380153480125,0.00884276152361726,12723.0471748507
6430,0.1375,4.65408474405074,0.060775010976004,2593.289763874
6431,0.3035,3.0093610688897,0.00975743030838056,10277.6926604551
6432,0.2555,3.0891019593174,0.00758547105689766,12689.2892818507
6433,0.224,2.91708756030516,0.0392771081082782,2725.44904864187
6434,0.2415,2.7711000948449,0.00955364602471996,9255.88610197612
6435,0.2145,3.28499177289761,0.018389492573106,6012.55091777805
6436,0.2065,2.20435662466649,0.0710725046295713,1128.63368037892
6437,0.1425,3.56269601890256,0.0195967135704035,5920.70954560043
6438,0.094,5.25831369255939,0.103648513636897,1823.09216143679
6439,0.1275,2.24761413446192,0.0296083233733441,2578.67980048036
6440,0.4555,5.92502887321999,0.017106835393661,12831.9328762008
6441,0.203,2.43695067958931,0.106288034079407,770.037303310846
6442,0.1665,3.37758970664657,0.0102009873379564,10184.7460075196
6443,0.266,2.96273149256625,0.00779203105358524,11912.3723530172
6444,0.3675,5.60408335564216,0.0163917670525859,12541.5096250585
6445,0.222,3.25469627662047,0.00670130458110002,13898.4694831512
6446,0.266,2.15344613019857,0.00714951421694114,9255.53927329214
6447,0.2675,4.19322368200433,0.0122935225668805,11679.8847467123
6448,0.4465,4.11826663064718,0.0183046834424624,8215.03903663499
6449,0.244,5.16629969460773,0.0154059352292311,11497.225028401
6450,0.193,2.48656328456753,0.0208336721253543,4144.99787108607
6451,0.4085,4.86978490915678,0.0136450987891663,12761.3434705356
6452,0.2085,2.16285769000279,0.0142344026380094,5031.85324032089
6453,0.294,3.03579498595385,0.0112034717896792,9095.00459285676
6454,0.14,3.17824403141832,0.0143195689316395,6856.4998883214
6455,0.2835,2.01800040546164,0.00304685364608862,16087.3889066132
6456,0.198,5.11769996679108,0.0590543420002194,3166.30104403064
6457,0.15,7.02573255896603,0.0392497183837947,6501.77116306269
6458,0.2515,4.49237554459942,0.00705296129915645,19686.9224740947
6459,0.1625,3.32715309748573,0.014192659763403,7589.9962948949
6460,0.428,4.79709523417678,0.0101042460959726,16689.1325937117
6461,0.168,6.26565503784384,0.028977130183748,7634.34997669401
6462,0.4405,4.56691944526197,0.0133506170233917,12351.1070792444
6463,0.2685,2.57363426628508,0.0104238399083121,8174.3086376585
6464,0.2285,2.31203044674608,0.0111310381342767,6633.06886779973
6465,0.254,3.8454644209978,0.00693511521476435,17027.2451163237
6466,0.2625,2.33208422750486,0.0140513523098856,5725.26366811796
6467,0.2545,1.88922231544055,0.0116778944656495,5433.23827463003
6468,0.269,3.7970657842325,0.00725433195546381,16207.3728557208
6469,0.2605,6.4650208644501,0.0285167599403404,8497.08103045344
6470,0.2135,2.21888107322497,0.0251466276330142,3091.5226779626
6471,0.171,6.05207434963209,0.0374066357394632,5758.79546493267
6472,0.2575,3.50461657113166,0.0118237876304115,9993.00849202832
6473,0.121,3.01265758421908,0.0544233502435555,1804.00713819228
6474,0.36,4.01693219718942,0.0189040168718921,7649.51471020955
6475,0.1065,3.33938086156906,0.0289564372358975,3721.78580095247
6476,0.4245,4.39795218674985,0.00791323105259048,18981.1084752952
6477,0.166,3.26684411382544,0.0132095234235699,7896.97613095031
6478,0.3805,3.97827672781997,0.0114379220530557,12241.6576166677
6479,0.1965,2.52072656750077,0.0160739166413097,5281.85501704814
6480,0.302,3.57794326271545,0.00651576249774058,17043.655065863
6481,0.1625,2.84278767001894,0.109208795548639,896.217875722786
6482,0.4475,5.48707874282224,0.00894499342600158,21562.5508512712
6483,0.1495,3.31394134220633,0.0233389747338939,4835.88146812419
6484,0.289,2.57774327991573,0.00766308038144363,10699.0174501376
6485,0.373,4.91064344422733,0.0190720263049067,9506.63472351244
6486,0.377,3.99904193293915,0.0178992946048125,8166.97478093676
6487,0.303,2.55969750410204,0.0292334315152581,3230.55461818541
6488,0.1195,2.39506710636933,0.0850732768961079,977.472792640445
6489,0.2155,5.02806716160374,0.0115749069382518,14356.3465370956
6490,0.3265,2.89598667230234,0.0125749012134384,8043.22174496716
6491,0.309,1.96056911492224,0.0126012706160941,5263.72704793528
6492,0.385,2.9001023526885,0.0052430901412189,17232.1989076659
6493,0.359,2.40403089374796,0.007228285654644,10827.4497710056
6494,0.2895,2.94319747652644,0.00616190586828617,14682.3572701853
6495,0.444,6.80077735888398,0.0100425636499798,24354.7679981776
6496,0.4105,4.92044983779955,0.0198614957940568,8952.35813933
6497,0.183,7.21837466961377,0.0787362522802698,3145.36647511564
6498,0.2085,2.79138523038537,0.0143610991598742,6467.63032035696
6499,0.2475,1.65943463070159,0.00785298921763694,6398.8830571122
6500,0.284,4.07621295442416,0.0143404158839901,9813.80780713969
6501,0.368,5.05742011492839,0.0128276795971516,13994.1093859787
6502,0.1045,4.743830470225,0.0192838170947882,7776.94757291703
6503,0.2535,4.38989034412497,0.00858776584073831,16410.595439683
6504,0.175,5.07064754320723,0.0535136238513133,3189.34338482472
6505,0.2115,3.89610902614316,0.0114199007922882,10997.6631294613
6506,0.224,4.6745199190052,0.033994601288882,5017.48261590289
6507,0.397,2.69382064312766,0.00966205158974617,9640.72865818501
6508,0.1775,3.78555018303648,0.0107157933149263,10835.9226481305
6509,0.344,2.87168471276864,0.0099026750466125,9766.96800499872
6510,0.371,2.88229563038468,0.0251758533235949,4187.98380449936
6511,0.114,3.0179650726707,0.0684636742695672,1559.40098300294
6512,0.1785,2.38151385094886,0.0988415538549366,833.889597316478
6513,0.19,2.60746589837311,0.00602410795444661,11685.7167296219
6514,0.277,4.67981784567,0.00632821390724831,22609.9745680672
6515,0.2545,5.37259074244663,0.0155285191444698,12164.9166529572
6516,0.2255,1.62599627172205,0.0131947853943474,4006.41983894583
6517,0.104,5.39045986835466,0.0314625151568752,5809.22448222143
6518,0.342,4.11971700652116,0.00614630927036702,21393.6329858142
6519,0.262,3.06578910095672,0.0163742553610862,6476.74195663815
6520,0.2645,2.34778271405599,0.00684386186237557,10354.8341515098
6521,0.1955,4.61969341169452,0.0796842877218485,2056.40701105215
6522,0.248,3.6716229538534,0.0434439689172523,3125.68288152389
6523,0.202,5.07080483966788,0.0119587814837844,13621.5463613255
6524,0.383,3.98326329262203,0.00486800435342011,25437.9622694728
6525,0.32,3.89046498881383,0.0061686677184017,20061.8001041705
6526,0.374,3.4576340906998,0.0104763884043686,11496.3029796425
6527,0.1965,3.24470665509326,0.0181393680956977,6114.32869347834
6528,0.185,5.60344327884728,0.00822332173751357,20137.458198072
6529,0.29,2.72746794109408,0.00945170211756706,9477.63635344441
6530,0.3305,2.12022101684181,0.00618527820599649,10665.8354531002
6531,0.1695,3.566638940808,0.0297843348234363,4116.62955078801
6532,0.3185,4.39023059493487,0.00681563270422074,20880.1289887763
6533,0.3155,2.9929609065996,0.00827848626807889,11769.4831262997
6534,0.42,3.50709319268578,0.00533299676353025,21001.1839639413
6535,0.2655,4.31336881716087,0.0232291837778444,6519.87876547586
6536,0.137,5.18599026069763,0.0379407264539094,4804.55389922752
6537,0.187,4.83465119268886,0.0229765608585832,7276.27310259706
6538,0.478,4.97747539597129,0.00993191031884212,17809.3903094484
6539,0.222,7.46868505462692,0.0252559868907905,10711.8004765948
6540,0.256,2.15978982391256,0.0226076521775961,3381.25173702469
6541,0.166,1.58697489629916,0.0290456321164735,1885.94945405745
6542,0.1245,3.53692048250778,0.0239118444377322,4905.92554735895
6543,0.277,3.92870404013375,0.00560612509009261,21001.2997829239
6544,0.3865,4.05955032617501,0.0670212750729211,2230.89117288436
6545,0.3595,2.6602300443228,0.00626249438147639,13550.8313520892
6546,0.3085,3.35932831222841,0.00787843725023311,13941.8816299692
6547,0.297,4.50383217187776,0.00680817798112612,21118.226192638
6548,0.3875,2.68140180924309,0.00841099968778067,10690.9849252421
6549,0.1815,6.82986639489442,0.0373636502600418,6556.49677420808
6550,0.3245,3.91199729220146,0.0110766737639575,12175.2607742286
6551,0.11,3.65680019166243,0.107814145078221,1144.37979098479
6552,0.2295,3.51274484629121,0.03071305322073,4152.2725953225
6553,0.2465,4.75126325633507,0.00954594876271093,16127.0584188043
6554,0.3205,2.52641973917484,0.0247755346967256,3654.36118550319
6555,0.254,1.62605099366697,0.00996886682105884,5215.3800745015
6556,0.46,5.63335809812953,0.0118300209300457,17236.6900884504
6557,0.3075,3.19334494293662,0.0318018447040146,3694.88668961916
6558,0.275,1.83594114228544,0.0093241296231371,6299.87598755725
6559,0.1865,2.55944742747263,0.0272081863745737,3310.49137710969
6560,0.3395,3.73704414587672,0.0152861391016954,8679.10388601222
6561,0.2755,4.09387906232508,0.0118643135409516,11699.8553811819
6562,0.4275,3.94491189639125,0.0124388541460457,11466.7115212668
6563,0.1775,3.63899114331072,0.0561661847543934,2387.31451041373
6564,0.338,3.00283998639299,0.00724559216670618,13370.5272655234
6565,0.3075,2.04446342795178,0.0103728765554742,6512.89289346663
6566,0.255,4.99968128369763,0.0138703794713286,12409.7999714674
6567,0.1645,3.65332083228896,0.0209137973967586,5999.34037050194
6568,0.3215,4.13528583323989,0.0222200273662605,6669.99264034212
6569,0.274,2.7197379165982,0.0654374519542834,1512.61599713487
6570,0.138,4.72426562126401,0.0303425280247035,5361.80915666343
6571,0.34,3.2976903343509,0.00871080649097452,12661.9796219997
6572,0.462,11.2591366226438,0.0192427496585364,21932.6910391254
6573,0.1205,1.85746632591869,0.0198776794165774,2933.48847479535
6574,0.263,4.96243285902164,0.0254192049623608,7073.92166918038
6575,0.2465,1.69582602578873,0.00908534840173538,5883.73051872411
6576,0.4335,3.2274050957964,0.00584976780889477,18172.0531598686
6577,0.304,2.52240146385865,0.022498240844859,3984.37436887994
6578,0.1725,3.65941477202127,0.0116558539224529,9950.01953411278
6579,0.4425,6.01977869804134,0.0118502445127475,18364.16794551
6580,0.1895,3.27580985514523,0.0398401823878365,2928.65607765629
6581,0.407,4.20925957648887,0.0152008554285339,9933.72007009412
6582,0.212,3.14668410986255,0.0678941095794595,1602.66588498227
6583,0.2075,3.96189491906702,0.0150582428361044,8813.27880465464
6584,0.127,2.02934958235113,0.0408668429702406,1728.0041669615
6585,0.35,2.44540619449015,0.00739259358196875,10687.1296484305
6586,0.291,3.25985511630692,0.0162969853928339,6987.85666153814
6587,0.1655,2.61719829133513,0.015971136283735,5303.46533536838
6588,0.401,5.71143957919948,0.0112247338798755,18220.5314113121
6589,0.312,3.63965097719388,0.00572516529219494,19507.2495881278
6590,0.328,3.06819718685204,0.00568063489338439,16578.0066963538
6591,0.3365,3.73403404398279,0.00906153420755242,13982.118510322
6592,0.4285,3.46976526733673,0.0154765413367423,8191.705131732
6593,0.31,5.06979662280203,0.0736944250479948,2310.51455348465
6594,0.273,1.78248859671673,0.00528854256804977,9327.73137122478
6595,0.299,3.2193301025303,0.0113565305976982,9761.86035102042
6596,0.2445,3.15935744243913,0.00774162064079229,12624.4799865223
6597,0.1475,2.84800500982554,0.0348776182938068,2839.07671417083
6598,0.314,3.60644589134839,0.00932223274299589,13053.4586672064
6599,0.224,3.39440399434263,0.00497397075970184,18228.8956991321
6600,0.4125,3.60105888858848,0.01666509901292,7942.51430758757
6601,0.2285,3.36627486862943,0.00831645687539504,12573.9907482293
6602,0.4525,5.60769770961109,0.0116822408568563,17456.9633370802
6603,0.3165,2.59025021670564,0.00986620825926677,8817.6030644443
6604,0.459,7.65699015102512,0.014776092337224,19086.0902852413
6605,0.1945,2.73594274261885,0.0864532797681401,1153.80747670777
6606,0.235,4.11267695463997,0.0933814890123951,1441.66279556684
6607,0.225,4.34975017472635,0.0197553236761499,7754.15010103778
6608,0.2245,1.79624445671526,0.0262445566862343,2407.72671874185
6609,0.344,2.98750751145841,0.0231335000379817,4660.58764770015
6610,0.384,3.73648144942518,0.0285775612300435,4682.9456453953
6611,0.1285,2.89206480129801,0.0849808940062065,1196.29436082546
6612,0.3835,3.79022206336358,0.00509644939651981,23383.100193284
6613,0.266,5.28480099574817,0.00871722543577987,19727.6882640098
6614,0.3205,3.36863786714916,0.00720555553612279,15063.1250798134
6615,0.235,3.00687530340641,0.0128632992849959,7799.89676003697
6616,0.1635,6.2147870499617,0.00983258348066057,18904.2675233084
6617,0.348,2.49107886849759,0.0256328313288057,3532.43791429973
6618,0.3675,3.86824456326393,0.0271755356507362,5012.13237511755
6619,0.195,2.91748575486222,0.01401938650614,6836.47809396361
6620,0.2425,3.69005330017334,0.0201345310178148,6441.81798960444
6621,0.2765,4.40058820206256,0.0394651826236634,4060.53199457536
6622,0.2545,1.83697713723308,0.0149294701559681,4183.52895584618
6623,0.106,3.32615141243484,0.0200581538285308,5252.19203958244
6624,0.217,3.1539469940495,0.00944688084536354,10373.2904710078
6625,0.364,4.03818410953723,0.00927733034858836,14957.2795272106
6626,0.1095,4.46879040040892,0.093096636742445,1680.10118212029
6627,0.179,1.74476508247359,0.0123950233948872,4410.29201040609
6628,0.2705,3.10916061325415,0.00823010905067398,12251.2398536928
6629,0.213,3.30447958969071,0.0206068430124304,5578.41644441172
6630,0.2155,3.59555334790569,0.0203352374793316,6159.70062481246
6631,0.1795,5.40635008992255,0.104027841221382,1724.08174372819
6632,0.4025,3.96115155879928,0.00869734659794451,15592.8165231447
6633,0.3725,3.17308764617652,0.0132545262371438,8554.69431743842
6634,0.224,4.06183919430025,0.0179489487618038,7717.95533129959
6635,0.2065,4.37580426837447,0.0123442773315276,11685.2902547447
6636,0.3225,2.01478301440053,0.00957105308198176,6974.75800210872
6637,0.2495,2.31790213664832,0.017742195205532,4477.96228103212
6638,0.405,3.09064960218562,0.0104133652218708,10293.1338184654
6639,0.1175,1.8608186432222,0.0326292714766968,1931.72297836335
6640,0.268,3.85355553618411,0.0515801081193687,2721.18667476442
6641,0.2665,4.19630971289938,0.00613694794383817,20778.8200826001
6642,0.258,4.25872865073062,0.00732004174580913,18117.3699121851
6643,0.2445,3.462915485305,0.00779741138181145,13767.9059397656
6644,0.331,3.24333051326916,0.00447757340802324,21073.0094757056
6645,0.343,3.29030881413488,0.0090061877424361,12360.587805881
6646,0.308,3.19446856548007,0.00675416845629921,14903.1283191884
6647,0.223,3.96364745330043,0.0120859256834358,10870.6114719389
6648,0.2575,1.90766061648377,0.00933594547416857,6371.15032386724
6649,0.1035,2.24140425454897,0.0261350114072633,2758.40823632087
6650,0.308,2.01678970706718,0.00756472119796974,8374.80343801903
6651,0.262,2.96759942735718,0.0132437438865538,7654.24944592377
6652,0.3345,4.68760451460821,0.0481207067515365,3560.38163680323
6653,0.2905,2.71918575165218,0.0126353658487339,7373.03240632899
6654,0.329,2.70314545234672,0.0078903291311765,11209.8798252716
6655,0.236,3.41528428124884,0.00891740829055374,12046.1667918471
6656,0.1955,4.85967122597449,0.0199451916308096,8400.49094215091
6657,0.3385,5.4729029488888,0.0284542537348204,7083.38277792514
6658,0.265,3.52153501288395,0.0109411352960691,10779.8225011583
6659,0.1145,5.54768846717557,0.0320372011099943,5798.63618546653
6660,0.264,3.77896529850802,0.0128278075392161,10064.858465414
6661,0.1375,3.88816750025983,0.0354522929791466,3885.34956374794
6662,0.306,3.62505915011876,0.00971288844564715,12457.6273047338
6663,0.1525,7.0332379804158,0.0822411643876972,2637.62952685423
6664,0.35,2.78383904418524,0.0161995887366481,6129.57269181714
6665,0.114,2.56188243307748,0.112720795803425,803.389698599496
6666,0.2145,1.4972500996695,0.0059364305752573,6827.40762271827
6667,0.3455,2.30800842350606,0.00480530281931185,14293.0637913511
6668,0.2235,1.67047859114192,0.02252675162753,2569.59090424081
6669,0.198,4.95690766526958,0.0130105596959542,12476.7960717252
6670,0.1785,2.55520594785753,0.0140501424175736,5921.15381762395
6671,0.367,5.56357718115404,0.00716490603595391,25604.0493855653
6672,0.206,4.15363338592648,0.0266581344304487,5666.60437764113
6673,0.1835,3.31436436263703,0.00946405582509316,10579.8476427072
6674,0.4,3.86540874945255,0.00889174459937026,15079.5144658233
6675,0.201,3.12622991258478,0.0124145505567199,8168.64842379577
6676,0.227,3.8484614266791,0.0152495612572066,8783.99539842801
6677,0.265,3.24387258567628,0.00920930652345723,11651.316447643
6678,0.3865,4.04155055894763,0.0128662118328017,11330.1168487
6679,0.359,3.70906385452475,0.0173870331325511,7623.46738879727
6680,0.317,3.12829084143087,0.0217432801592142,5098.94987793484
6681,0.4375,4.12772581716288,0.0160749308479738,9428.30213014463
6682,0.158,4.48277260789662,0.0578455711826817,2756.82863414988
6683,0.445,5.27807379872996,0.0228181465050222,8478.55163343849
6684,0.1575,5.84332416445726,0.0633383472627595,3079.4859926741
6685,0.1665,2.9235225004674,0.0141256361284625,6710.77852783545
6686,0.4145,4.72062274596599,0.0129459139658704,13095.2599699273
6687,0.255,3.17517971132145,0.00588826767847946,15514.5450879979
6688,0.164,4.18944757534411,0.0788335573089681,1859.13162154682
6689,0.3555,4.12707958076893,0.00676425205278128,19969.7976298082
6690,0.2765,3.15608209639802,0.00955427221543696,10869.0641237644
6691,0.3525,2.83326796993655,0.00581766728410988,15370.5280622028
6692,0.19,2.99526958981767,0.0195196865198294,5272.37850479639
6693,0.3825,4.64313617371153,0.00761788923142602,20648.2540888957
6694,0.349,3.4884963658528,0.00672393760979514,16874.5959453356
6695,0.2045,3.09238966615328,0.0103917866972389,9489.6798378821
6696,0.3015,2.22432332721577,0.0198252797911722,3973.0533678744
6697,0.2775,4.49735739588926,0.0163144103205567,10127.6228520584
6698,0.217,1.68588709968684,0.0137931751360997,4006.17362573656
6699,0.12,4.74417420764455,0.0187565916804004,8097.64389253506
6700,0.307,5.22206176229434,0.0175125790363357,10559.7767463458
6701,0.425,4.43763161055596,0.00718196917809603,20915.1131344511
6702,0.211,3.52974912027182,0.0117155455014234,9755.12266352778
6703,0.2875,3.26586905817989,0.0200388958050954,5768.32187557501
6704,0.3225,2.37061969454637,0.00649856815721899,11434.2178363388
6705,0.268,2.02959087174756,0.00451240158467009,12162.6652783083
6706,0.1525,3.85768198867947,0.0140688688960701,8656.31539129714
6707,0.146,3.03186134492012,0.0563179543042027,1806.60428293831
6708,0.2955,2.03201980899009,0.00343229245084115,14935.0993102559
6709,0.233,2.58980456734487,0.0148521025721817,5915.87525989551
6710,0.181,3.36479440890664,0.0396446397483683,3049.07948281576
6711,0.158,4.38271722852176,0.0101607261028398,13013.1492649159
6712,0.29,1.84482158605294,0.0101395912618556,5906.45345665408
6713,0.2995,2.7675681896017,0.0160091007193006,6052.37465901246
6714,0.3015,3.86396362703318,0.0117120436073898,11277.3702073345
6715,0.279,3.68784376116396,0.00657568707461856,17198.756181645
6716,0.2635,3.23704277576716,0.0155862550411869,7245.60181406222
6717,0.2295,2.87522337040318,0.0245938280453403,4198.18408147319
6718,0.2095,2.28118215879221,0.0459094228594459,1690.67800365975
6719,0.2665,2.34462170325233,0.00878722598664066,8441.45240231767
6720,0.254,3.70023362866628,0.0167097376836758,7577.67524410416
6721,0.086,2.46180956113937,0.0228885486300635,3258.31693420853
6722,0.164,2.3763560084695,0.0218126656082129,3716.06179570063
6723,0.277,3.49018788648188,0.00552211962513044,18715.3322842117
6724,0.2475,4.35063472991949,0.0117719903830872,12342.5907755448
6725,0.2,3.76063378547538,0.0214354408859689,6133.51247072036
6726,0.1195,2.00496158673974,0.0234358943999241,2786.7546951215
6727,0.163,5.34237719909028,0.0136515380048017,12515.1061037915
6728,0.1685,4.64431564750861,0.0174771266237118,8810.71606184639
6729,0.2685,4.00874437226964,0.00605123214694574,20096.9553508436
6730,0.2435,1.95715513643665,0.0139604196108839,4687.14264150241
6731,0.182,1.96861439982077,0.015990606165804,4020.83723373129
6732,0.2225,1.65241774728599,0.0191455067080934,2887.10370465678
6733,0.3105,4.67061627806787,0.00586693108622655,24242.7785653199
6734,0.3645,3.35446939390703,0.00713329124063817,15470.834919287
6735,0.289,2.65037057028999,0.0477760889259954,2075.66303640752
6736,0.3555,4.34905636445708,0.00907239742573916,16253.9990331566
6737,0.37,3.79901791247223,0.0164444073594632,8469.24498403384
6738,0.336,2.53475205519346,0.00378598939454287,18728.7053915374
6739,0.3415,4.1196211953966,0.00768740910788016,17767.0558680772
6740,0.262,3.36741989788344,0.0138731221359438,8241.12777156866
6741,0.3015,1.81911098997611,0.00835103091082807,6939.89932190244
6742,0.414,3.16772557364289,0.0118953949191542,9523.94695421481
6743,0.355,2.95911381375407,0.0110816882802041,9217.65891566797
6744,0.313,5.18344762070435,0.00972321662618248,18185.4199736808
6745,0.1895,2.24445867121871,0.0456133697822957,1770.00926695461
6746,0.2675,1.9475708607476,0.0199011357453281,3432.36236444984
6747,0.4015,3.46545566404235,0.0112558245976024,10901.8086403378
6748,0.1765,2.16367871058604,0.0271522253428397,2794.28310257613
6749,0.1695,7.06007852068541,0.0592829806977546,4023.35996284034
6750,0.187,4.04903802929354,0.0210721656333051,6571.04389825364
6751,0.2995,2.09157451869089,0.00363290766553867,15083.24000418
6752,0.265,2.87359880092031,0.00845747457839925,10855.6116655172
6753,0.3115,3.89062314529792,0.00479073594585176,23694.0279174071
6754,0.286,4.94099366309097,0.0129454728618332,13275.311102458
6755,0.3105,3.32295462994792,0.0123811181645246,9320.49209142296
6756,0.1475,2.83441661183965,0.0918120375008558,1101.50936305775
6757,0.2295,2.23952878452805,0.0137466816764546,5450.4580743517
6758,0.1675,2.99889610444636,0.0113246605809164,8168.33748909663
6759,0.285,3.59320775184108,0.00489216446377212,21182.8735260787
6760,0.1595,2.13387616338895,0.0495785774221252,1546.78839771307
6761,0.282,2.39353675662847,0.00630199263142558,11479.2472950447
6762,0.2595,3.76864848240528,0.0221573739846074,5898.79355407946
6763,0.314,2.87755588774555,0.0292694760547085,3535.14704600228
6764,0.3055,4.76638422024482,0.00872733675207435,18252.0691199657
6765,0.2595,2.59792264215892,0.00950686942778173,8859.1018115893
6766,0.144,4.07698169020155,0.0540162589528018,2695.80013360053
6767,0.2155,4.1156204519383,0.0199324885083063,7029.9149713598
6768,0.2435,4.25704711770253,0.0144315440093612,10167.8597522894
6769,0.2335,3.97916752611112,0.0160291707563404,8572.90468623975
6770,0.1545,2.67750169967739,0.0239002049239137,3692.47106595788
6771,0.152,2.46173570542181,0.0789307104422631,1091.84870346615
6772,0.3405,2.84017853866369,0.0250015845539506,4070.05450764603
6773,0.232,2.53950760213834,0.0386699724853504,2355.64516175176
6774,0.232,4.20211527564054,0.0365138787189194,4019.66817827013
6775,0.3415,3.6233423952893,0.0437063778467535,3097.54052837433
6776,0.38,3.54884182427216,0.00548446094583259,20630.2678057786
6777,0.305,5.14540900399379,0.0103187471510906,17179.004688143
6778,0.2215,3.14123993393637,0.0161294236005458,6654.70501593963
6779,0.1815,2.91470565011457,0.0861441661667166,1194.69484959739
6780,0.2635,3.59336974843467,0.00547794552133193,19205.8168861017
6781,0.2425,2.0921430515984,0.0100608265751417,6637.18378187235
6782,0.3085,3.01123335135887,0.00752409376144467,12838.1370033573
6783,0.2045,3.92644664442986,0.0442954278154693,3248.2712806755
6784,0.424,3.93786220029683,0.0103630587611738,13484.3161242443
6785,0.332,2.86232903505479,0.0527543897327158,2002.21023508303
6786,0.1385,2.92762286017195,0.0620679930571167,1677.95664343378
6787,0.235,4.91507442267851,0.00932885476999763,16865.4381206188
6788,0.3175,2.4611801494185,0.015327542370796,5557.21134795695
6789,0.113,1.90662297304937,0.0267630105170766,2369.93663781599
6790,0.1825,4.26107982245229,0.0114345387698069,11716.2866768236
6791,0.1865,3.56538986922416,0.0118674479309909,9781.75483383638
6792,0.3035,5.38498418876282,0.00596892152541791,28097.2452520627
6793,0.2865,2.29180186310088,0.00969862913445162,7755.33156433
6794,0.3085,3.03271406458269,0.00689794045580219,13843.7741522187
6795,0.177,2.84703696523152,0.0647205904926956,1478.45659549915
6796,0.1645,3.90229915313531,0.013238991979812,9490.93618528225
6797,0.138,4.27942849317193,0.0133126508773823,9966.24378591234
6798,0.183,2.55312952175409,0.0152145462747938,5499.84321834619
6799,0.206,5.08272757739428,0.0194691262907844,9127.5146609549
6800,0.1795,4.51295012171191,0.0255743730014305,6229.79713223512
6801,0.3245,1.95652203263845,0.0080311902241852,7779.55550954707
6802,0.214,2.91065060114871,0.009868308471221,9359.6353053925
6803,0.126,6.07157917506248,0.0542954733158307,3891.93286447362
6804,0.1495,3.89312856156565,0.0170637311980457,7369.34911271934
6805,0.1275,3.16611286558235,0.084887029643206,1340.09515550689
6806,0.3295,3.13125634049555,0.00844597875988956,12392.1281896241
6807,0.3205,5.72545540310998,0.0121600672095042,16378.8575690525
6808,0.1785,2.81195704777693,0.0285447815015858,3441.01895331947
6809,0.275,3.99524492150269,0.00938555910719234,14118.3988126315
6810,0.2255,4.13713885982235,0.0287277345672051,5140.65520178099
6811,0.2995,2.55949647224456,0.00868951969645902,9621.76334237225
6812,0.4125,5.1419719286355,0.0118646633027486,15529.9297243514
6813,0.319,3.39365845915127,0.0176319101594455,6812.43331157787
6814,0.2135,4.07205290205729,0.0140792731594084,9604.21215226733
6815,0.258,3.50324377691605,0.0164152943622626,7457.73923781608
6816,0.255,6.11407716600315,0.0222727038088226,10038.9486177384
6817,0.11,4.80380334545733,0.0140076608087865,10066.2897850313
6818,0.385,3.71048957924234,0.00585219068034569,20211.2738619363
6819,0.197,4.13852924111535,0.0114712509704276,11692.901734061
6820,0.2115,3.25548543717357,0.009856010779386,10515.1967852817
6821,0.2175,4.21825446804219,0.0128399492591795,10855.7265806565
6822,0.4575,3.451545647288,0.0105404734831174,11640.7840935673
6823,0.2835,2.20979635682405,0.00868520668306741,8130.15674887177
6824,0.2635,1.96795749970993,0.0128890571552048,5128.87579200578
6825,0.141,4.29327331502725,0.0848477367217689,1750.73903048634
6826,0.3325,3.52575926391192,0.00955657551101807,12577.9053492425
6827,0.1175,3.74452577220516,0.125866816532219,1032.69354872073
6828,0.3415,2.83270198195021,0.0271568399716533,3716.11243051394
6829,0.3055,1.98765584599733,0.0135496277309685,5042.23236059543
6830,0.305,2.95739204088629,0.0737206498029218,1496.08699015327
6831,0.2295,3.23522933880104,0.0158055345317283,6974.1000464195
6832,0.151,3.8143526164013,0.0213623580703644,6000.44418100688
6833,0.0785,2.88753832138665,0.15064121722159,667.524118492596
6834,0.403,4.52310368263626,0.0121980833736919,13273.2739827055
6835,0.236,2.1954249255461,0.0120432121289183,5981.19326404052
6836,0.3825,4.24726908805778,0.0122344419385719,12323.0918296207
6837,0.3275,3.44304534070826,0.00697995519672575,15894.9499925823
6838,0.2645,1.72630008679664,0.00568405732494183,8776.18037416644
6839,0.342,2.51435320292101,0.011631153411987,7459.81750924058
6840,0.156,4.10502259325937,0.0170813798863048,7962.52345497506
6841,0.3135,3.71423266747677,0.0115454228921664,10954.8729531618
6842,0.3445,4.93724121761503,0.00773862969692192,21310.215852632
6843,0.1785,5.80200863776517,0.0252108054590912,8122.10003087992
6844,0.306,2.41008143298037,0.0147587153716488,5663.45134348886
6845,0.4075,5.7592358988717,0.0165794059018741,12820.1785441696
6846,0.3475,4.18544974364451,0.00688494702523184,19671.5761117298
6847,0.269,2.45067918540076,0.00417435250957797,15631.7150850677
6848,0.135,2.70832529750601,0.0719758955298548,1212.49410351756
6849,0.4545,5.13520712068047,0.00923433367161952,19597.2740509243
6850,0.189,2.57091903499231,0.029090583940755,3053.09819829232
6851,0.1565,3.65837541469932,0.0422808476010057,3130.76767200407
6852,0.271,2.5342442927863,0.00699849562401961,10922.5803081653
6853,0.2745,3.62877722513693,0.00460824183379039,22122.88736489
6854,0.1965,3.4775703683033,0.0102632574549269,10596.9710256402
6855,0.109,2.65803094888226,0.0459898555337877,1951.64173913601
6856,0.319,3.39275980678862,0.0494718553053876,2553.2853275201
6857,0.1915,2.81037170581096,0.0145899841226936,6328.93812666541
6858,0.1685,3.67460101889053,0.0432881161602384,3070.62939436835
6859,0.213,4.10648694207008,0.00723577918076253,16729.2061520687
6860,0.1375,3.54137592576291,0.0869375381341884,1372.37941613327
6861,0.26,4.64097174678066,0.0124020111797241,12717.0241658215
6862,0.296,2.18259354667639,0.00816900247375362,8644.77427003835
6863,0.133,4.85536200657541,0.0256041065884986,6519.35302806187
6864,0.2265,3.99380947922009,0.00732211243178593,16276.4828024827
6865,0.157,2.2803249609215,0.0688563682133625,1217.98045247567
6866,0.37,2.64676126400854,0.00926351584750083,9672.91816435265
6867,0.437,4.49066682296924,0.00875190968504752,17998.8383492417
6868,0.256,3.47518633695629,0.0124910017860891,9394.12148974187
6869,0.2345,3.86358568829154,0.00544371698515204,19906.0806729294
6870,0.4015,4.02783989581094,0.0145183164729462,10032.7877623168
6871,0.18,3.19684300235719,0.0414235564530685,2578.27474328909
6872,0.1635,3.63506319307593,0.00853896640090657,12389.1442212777
6873,0.1485,2.37910164861499,0.0519037211970319,1665.64848266709
6874,0.2905,4.21633125186073,0.00644725019140161,20232.689943074
6875,0.2265,2.55879796467786,0.0445090787822164,2059.5568630973
6876,0.1605,3.95430671489331,0.0819275493441746,1690.3396393609
6877,0.2855,1.88397218674978,0.0366593134678942,1837.37097035091
6878,0.2045,2.79493487248974,0.00816554180364741,10301.4802055098
6879,0.211,4.23969907437333,0.0700793441538432,2085.61659221658
6880,0.2615,4.17849887133059,0.0145813710014972,9874.6705918134
6881,0.2815,2.35551332728586,0.00490332470866247,13382.8628780715
6882,0.4265,5.15609089719367,0.0137628588925571,13707.464975952
6883,0.177,4.26969337551026,0.0161272349207786,8938.33907805678
6884,0.1535,1.93052809695024,0.046492827740167,1451.31401456006
6885,0.255,3.36293525898037,0.00826588162524518,12757.1480899357
6886,0.115,4.38343796707954,0.0156753405304278,8495.72126130809
6887,0.2875,3.23507451691153,0.0125601316992607,8905.25192293954
6888,0.4055,2.71839136648428,0.00457102836285571,18222.4877424076
6889,0.3255,4.65333211998921,0.00726538576307898,21104.2266238453
6890,0.325,3.13132774088482,0.0102493108106932,10444.2303371287
6891,0.1395,3.25236666216693,0.0617079469068966,1845.84936727456
6892,0.174,2.84892037665447,0.105829058171793,958.760442007382
6893,0.2575,4.47113877434854,0.00876109798052874,16484.6628418953
6894,0.2185,2.60959185164379,0.0112560933210926,7450.93157044182
6895,0.282,3.24902384630997,0.0628055526591613,1930.71445004609
6896,0.1195,2.76981103085442,0.0698908048783959,1311.33570331358
6897,0.2485,3.4711597589202,0.0111945766283666,10367.1283616677
6898,0.282,4.95139002620591,0.00836482149330836,19328.4141453529
6899,0.418,4.32109034695952,0.0124918278343437,12431.1522871069
6900,0.2555,2.46286239047636,0.0292658634021794,2994.99924815947
6901,0.184,3.68552193559919,0.0239232957181063,5337.55206933659
6902,0.3825,3.65801654872928,0.00642047408075363,18642.3479105281
6903,0.421,7.87577663941185,0.0142383381500714,20333.7950621165
6904,0.208,3.10253081396412,0.00934210540875913,10381.3825177492
6905,0.399,3.14722591351317,0.00497606662082564,19619.9273741218
6906,0.162,5.30287278349726,0.125846145992404,1464.84639311721
6907,0.2895,7.13913561470791,0.0348532808251162,7565.46990676014
6908,0.241,3.23720783599461,0.0229228806919913,5000.17152617912
6909,0.372,3.07019926516916,0.0242995099081403,4549.16602469171
6910,0.305,2.14393620970848,0.00435331637348104,13890.3996499587
6911,0.233,4.42420186144851,0.00673891222219392,19654.5463871779
6912,0.2575,3.47426971908101,0.00569034567673422,17841.5587383031
6913,0.298,1.97126244280988,0.00787424204575426,7936.14188414211
6914,0.119,4.94348534319522,0.0166951890618438,9058.14880975958
6915,0.1635,2.4303654134377,0.0804282792458814,1096.00065958652
6916,0.299,2.30371163014144,0.00475980902384977,13786.8227362832
6917,0.2845,4.33374552453232,0.0149111586186341,10165.1974982427
6918,0.303,2.04137617448958,0.012121887438298,5740.75284704702
6919,0.3165,2.0883956558074,0.0076222899705317,8745.621023164
6920,0.2095,2.69088341705688,0.00955170753922315,8786.01634452248
6921,0.2515,4.6328270350254,0.0403475665131269,4331.58560180937
6922,0.161,5.20140260640455,0.0103994674268577,15087.1471049316
6923,0.1655,5.21881268738647,0.0219864647096857,7989.67812017642
6924,0.096,3.41036223520454,0.0372585647074771,3104.44173462505
6925,0.362,3.84083256330919,0.0114572059822596,11708.1597633904
6926,0.3295,3.91662167663632,0.0171572241124233,8177.04281773051
6927,0.2405,3.79254771510451,0.00967992770701475,12616.529930885
6928,0.2885,3.64715285517771,0.00959701320593352,12701.5241998326
6929,0.2025,2.84519394375753,0.0853235501428443,1193.02671288132
6930,0.3145,4.3906592550596,0.00665304048635952,21061.9987116796
6931,0.201,2.94184322565407,0.0198027030003744,5133.27051901439
6932,0.1245,6.37881813216609,0.0260841193363493,8363.97560858336
6933,0.133,2.52936890515078,0.0715692983306233,1251.75189876379
6934,0.1325,4.43551548439144,0.0074589832959035,15483.1696255408
6935,0.196,1.5093267614703,0.0202215187552645,2543.15944902139
6936,0.1495,2.96010877394404,0.0622163321822823,1701.54189178292
6937,0.284,1.81873150963065,0.0109152188088168,5537.9564112845
6938,0.169,5.52046191311694,0.00777264148076045,20365.1622193535
6939,0.2645,6.23286299452552,0.0222479655088114,10129.7346807526
6940,0.2655,4.02192864455059,0.0126539166918091,10686.7264126621
6941,0.2165,1.57037669541972,0.0058880198233558,7381.09882291552
6942,0.415,4.33365238243427,0.00735605007741249,19909.6882484665
6943,0.2485,1.64431193827845,0.00751395531872374,6674.98415250345
6944,0.277,3.65893864163081,0.0112166451978565,11091.3110091743
6945,0.158,2.42343364625659,0.0966741757139086,893.558160106148
6946,0.197,7.88210777462946,0.0410898727740476,7013.34683187745
6947,0.29,2.27659229705679,0.00685003530338543,10413.3930935063
6948,0.276,1.77952526210555,0.0219650693480149,2809.38128046063
6949,0.249,6.3580049200133,0.0486745980382873,4734.16034618578
6950,0.4375,5.74982393785176,0.00806114776344419,24840.0941185028
6951,0.232,3.79262953917816,0.00978258485661273,12436.6063598542
6952,0.3225,2.9308252762322,0.00665728942191696,13827.2725140124
6953,0.196,4.24879565538857,0.00914639937975741,14063.7431517284
6954,0.216,3.34328777649109,0.00571052671568488,16260.8932010584
6955,0.371,2.96644539380547,0.0223144751848953,4752.57486702424
6956,0.241,4.61504842837437,0.0081304156082283,17876.8345906884
6957,0.2785,1.93088684769978,0.0084703008400196,7215.40523131565
6958,0.133,2.09752617048067,0.0514371169826862,1449.26532176388
6959,0.142,4.84219847305416,0.13716071030684,1143.81914554449
6960,0.4275,3.50342963538299,0.0177905077664192,7232.28658173504
6961,0.2465,1.91832391225585,0.0100654104574672,6109.82006907893
6962,0.32,6.29568383673513,0.0211516784652473,11043.6662402634
6963,0.203,2.31260543099812,0.0701952751008919,1210.66846354739
6964,0.2435,2.56759922869615,0.00731765310687371,10562.7599390586
6965,0.303,4.62603016808929,0.0157202556732541,10513.6659054951
6966,0.327,3.93481446149554,0.00629774349345109,19795.1964176074
6967,0.2685,4.54506571474838,0.00624125256181272,21986.8926903782
6968,0.1435,4.5924001473514,0.0114733679474051,11941.6517226385
6969,0.2425,6.53279331602294,0.0170245047863876,13530.3457551724
6970,0.2465,1.79526417479576,0.00504688979731605,9615.42844087004
6971,0.2135,3.60241090732939,0.00549165878150324,18088.4942088249
6972,0.343,4.32465433118147,0.0606093225951363,2562.45934377731
6973,0.265,2.06120781657361,0.0199748607642276,3509.20935287542
6974,0.165,7.04268737209234,0.0244080599435022,9994.43258069111
6975,0.1105,2.82223888344556,0.0286275093720251,3330.295100533
6976,0.198,3.08342090454676,0.0189891643990098,5513.74471801276
6977,0.148,2.18701999461015,0.0177236563388801,3995.52846241019
6978,0.2315,2.47546341958591,0.00890811702923644,8495.47129798366
6979,0.367,3.98437573799188,0.00917241919526321,14897.0943731839
6980,0.1685,4.0875528284887,0.0481079102757322,3009.97909666236
6981,0.301,3.79103547270058,0.0220824501640075,6199.48537075055
6982,0.3235,2.10849639276633,0.00803054137507026,8486.15634847689
6983,0.318,4.12398428447264,0.00705155753859219,18775.9505885284
6984,0.253,2.2932505426846,0.00882070234715942,8232.4111139397
6985,0.323,5.68061670601539,0.0557053924936476,3822.53504164229
6986,0.2915,3.50050258633158,0.00640078422436398,16933.4532126894
6987,0.31,2.6506235201816,0.00950543858388536,9353.3769046576
6988,0.2735,3.54632069026549,0.00810436826216102,13900.3079132416
6989,0.2565,4.14656195128761,0.0148777015882994,9678.23370090905
6990,0.3585,2.84964632678156,0.0079244214649092,11926.2415858238
6991,0.448,3.78516357185986,0.00675878823886944,18771.513698642
6992,0.2115,3.00105499706901,0.0174420853682423,5926.15713565994
6993,0.1885,3.32048285296673,0.0170180405815818,6582.66973907781
6994,0.2325,4.33594405372898,0.00890284152526169,15617.5460395747
6995,0.216,3.31537897341929,0.0694502074492168,1706.77572322707
6996,0.3035,2.72455824373879,0.0128033092449995,7357.02513654915
6997,0.437,3.77817659705254,0.0174709907308646,7970.61350078684
6998,0.24,1.64160430631573,0.00869433558866168,5735.07508870559
6999,0.0955,2.23197495012724,0.0659391888597143,1234.9657039439
7000,0.1235,4.51844059089832,0.102932925855971,1461.28519849537
7001,0.4545,4.63656819543793,0.00875482927747052,18500.7748491939
7002,0.3165,3.90074858645313,0.00964764578345269,13672.6186921709
7003,0.191,4.07404497365339,0.00495503901240977,21369.3336661882
7004,0.1715,3.72947483101883,0.00776980837860686,13641.142065633
7005,0.3205,3.30563758026889,0.0242992127937106,4969.3673916867
7006,0.333,4.146588455704,0.0104693391725142,13503.4922744246
7007,0.3465,6.0811423025314,0.00762560772310482,26715.4750273432
7008,0.2885,2.09790379881555,0.0179740272311718,4051.95495287225
7009,0.209,1.67664352404552,0.0307133765314401,1898.17431028883
7010,0.3195,3.35170214417187,0.00587217734310513,17730.7925467733
7011,0.199,3.36513089527068,0.0134121454758939,8289.61174260841
7012,0.319,2.63329230153398,0.0157982112238221,5876.93318641245
7013,0.137,3.06285244177683,0.0155002517426535,6305.59649285534
7014,0.3925,4.13349589643388,0.0122566593780316,12000.0991237626
7015,0.3765,3.26000753193998,0.0128955375730895,8908.14132165043
7016,0.296,2.19341170473959,0.00484641421594241,12866.19458482
7017,0.2935,3.40285943587796,0.0225695894193784,5391.77900352327
7018,0.3995,3.00905351797777,0.00765604400833779,13152.2001147879
7019,0.3485,4.44419601649235,0.0123258383601106,12884.8998484987
7020,0.1605,2.6344451749527,0.0173528538684379,5045.52123222986
7021,0.219,4.08739296738089,0.0190888182606522,7412.82480208973
7022,0.361,4.53000806672487,0.0102042773999713,15533.3421499508
7023,0.1635,1.49594372565926,0.019328872527326,2561.40186502447
7024,0.4245,3.53054310695403,0.0101816419857813,12307.6812997646
7025,0.1585,2.83581261359466,0.0137179592727053,6542.78202174451
7026,0.1315,3.68002271967006,0.108026995616876,1201.73012906422
7027,0.162,3.26840797014244,0.0461229355253687,2555.5652754801
7028,0.2825,2.82632825246976,0.0110996716055874,8530.30136324603
7029,0.202,3.4818341733958,0.0161481445763943,7272.96202531645
7030,0.2735,2.04352520112265,0.00693049950800022,8926.90819597552
7031,0.3885,2.90143353222595,0.0304902546162694,3358.53841003025
7032,0.0915,1.58136688581718,0.0410509457488542,1256.84302175681
7033,0.226,2.80853019648402,0.0102174697249007,8873.62461488257
7034,0.1345,4.15521629960374,0.0165948079043314,8005.65922858314
7035,0.363,4.13398213708816,0.0149208551778291,9918.07521008649
7036,0.3715,2.89345260949267,0.0101203400721063,9966.00446666791
7037,0.1795,4.48479258663415,0.0137099407536573,10672.2220191618
7038,0.3445,3.65291820817956,0.0102023049357594,12284.1835522617
7039,0.21,4.25139389736885,0.0153518264907183,9343.97867736309
7040,0.1165,2.33062679082731,0.0217667748332731,3483.73876885672
7041,0.2705,3.89851349282717,0.006174985732864,18922.4724890365
7042,0.1265,2.75152928137972,0.0688198493674375,1438.0397577461
7043,0.2835,3.34601399913161,0.00662226806394681,15757.8146233985
7044,0.245,4.34597304864393,0.00827195999456622,16677.5649442152
7045,0.329,2.45118695792065,0.0120376315561323,6942.20232138745
7046,0.398,3.35780476812753,0.00918113542365307,12431.3055973859
7047,0.3115,4.71822579817601,0.00746575736694675,20466.1923442569
7048,0.1135,3.14528965335067,0.0800533679987252,1298.03570466333
7049,0.289,2.44034192632407,0.0196460946864276,4424.08999574873
7050,0.123,4.66011037170853,0.0400266871755289,3969.64205142935
7051,0.2695,2.14840304452521,0.01323509986035,5555.9658532059
7052,0.3625,4.32721643270617,0.0100904378056156,14823.3257969469
7053,0.211,6.82566395673052,0.0289956572186604,8422.94407227387
7054,0.2245,5.25631639287937,0.0182825475400072,9990.4246122816
7055,0.172,1.43959975766738,0.0185797892819196,2572.2852190678
7056,0.1425,2.96329360677987,0.048438119126039,1995.58461756549
7057,0.147,2.23752381708695,0.0599707024786549,1323.6651376311
7058,0.2495,1.64590960276907,0.0373805250702812,1569.87165480427
7059,0.124,3.84915445513119,0.0137392376723191,8464.41111384683
7060,0.2465,4.93958818584701,0.00688493009006008,22035.7036406782
7061,0.2755,1.86741399364338,0.0201421965400744,3258.25391004459
7062,0.3975,4.33850674414855,0.01120136276023,13751.8728940493
7063,0.2405,2.40602840407713,0.0168246801041308,5007.61392751935
7064,0.193,2.37985314183588,0.0230980705720777,3610.08183797582
7065,0.1855,3.49653285080109,0.00731188802629014,13866.5511742997
7066,0.3615,2.53498916520891,0.005178937184342,15045.3447744023
7067,0.379,4.40494088381102,0.02189704942267,7413.61920630152
7068,0.1615,6.23839241467816,0.026713118515057,8062.63463365107
7069,0.274,1.97576926800795,0.0113228268789518,5831.14681670999
7070,0.1925,3.62360440431228,0.00625340043136031,16279.7047056573
7071,0.206,2.83288843305615,0.044309601137658,2344.3459164746
7072,0.4475,4.63258266457262,0.0109044600160676,15216.3334141556
7073,0.1815,2.93494228890887,0.0149280718487533,6415.36838889714
7074,0.3835,6.44271685933961,0.00914155376848722,24518.8836212459
7075,0.184,4.74543751598155,0.0840984160765462,1789.63866434677
7076,0.2645,2.47697539528137,0.00795859071293625,9730.24547189766
7077,0.397,4.1723458430978,0.00954299979422384,15177.3316837289
7078,0.348,3.68159123028754,0.0048476086745714,22806.747730607
7079,0.236,2.33745973598655,0.0180301285284514,4492.24332881148
7080,0.209,3.36905922587017,0.00794997306869452,12700.1913457965
7081,0.315,2.92224165203951,0.00665466536386352,13727.203147117
7082,0.3,3.5966885444701,0.00886779087934392,13600.2929576094
7083,0.145,4.06210959505911,0.0385027108183993,3642.13794769419
7084,0.3455,3.17657796050034,0.00584774455801025,17094.3468851785
7085,0.1385,3.76440544207478,0.0103835975357906,10328.4619905423
7086,0.428,4.2489749100418,0.0103932581994898,14545.7922105676
7087,0.2375,4.80524820769446,0.00741036378015134,19866.0239385552
7088,0.3465,3.98402314998028,0.00690783586099994,18776.9527692685
7089,0.281,3.16827504507486,0.0179876932156368,6296.99304009156
7090,0.243,3.63205735062578,0.0136730402786056,8957.19662263418
7091,0.338,4.37262068303286,0.0100403862668747,15026.8844446377
7092,0.211,2.49578790100824,0.00791930581622896,9340.24970013338
7093,0.4435,3.95147275256272,0.00977900607048982,14333.0343087573
7094,0.3895,3.17783714891501,0.00972745342193236,11305.1774113266
7095,0.3025,5.12881301346082,0.00903841399066612,19164.0752380094
7096,0.358,3.80136062958912,0.0090373571470109,14354.6111391854
7097,0.264,3.84722426610069,0.0356212510921939,3941.08429297755
7098,0.198,3.12923105029364,0.00788512259963755,11539.853829622
7099,0.3595,4.64290913249869,0.0679397036195953,2462.9928233982
7100,0.3415,2.52726194456303,0.00963921272785446,8911.60529842104
7101,0.3225,3.38167684770808,0.0092816518885722,12238.9287200183
7102,0.2095,2.39730034850704,0.0278897758975033,3022.30878295296
7103,0.1555,4.36568997552122,0.029386283795667,4797.32580723028
7104,0.226,3.36501406042416,0.0208915857807722,5446.31328285312
7105,0.3055,3.06138195998056,0.0068000076064502,14221.0602771509
7106,0.1875,4.06630383311481,0.0534509816902389,2765.29163517047
7107,0.2375,2.85922370578299,0.0172436565668488,5572.06310739031
7108,0.28,4.15123800166129,0.00551796196098521,22258.3985599614
7109,0.269,4.17491560458957,0.0135804858362526,10517.4517621439
7110,0.2515,2.2093991127838,0.00884040676337687,7761.54921747091
7111,0.1755,4.97831015592452,0.00812825834758851,17725.8763400813
7112,0.204,3.88955007053186,0.0276147009111533,4950.38074148236
7113,0.3565,2.97910783991139,0.00702283101112961,13807.1747688438
7114,0.2865,3.53431847167296,0.0971205179213261,1206.22149778275
7115,0.334,2.43680235735777,0.0136840382562998,6249.03084428814
7116,0.3035,3.003388483057,0.0292720280745788,3774.53655317929
7117,0.2155,2.99283456807705,0.0885697183564697,1197.45239455183
7118,0.282,5.14809158062195,0.0180743133739888,9916.48919876224
7119,0.228,2.19966376897838,0.0166304146086489,4503.94977217875
7120,0.237,2.08631265663183,0.00501069676732507,11227.9134857991
7121,0.2085,2.96161473389181,0.00998231657397811,9412.18670444514
7122,0.297,1.86360373282668,0.00463064469291403,11244.6956181577
7123,0.288,3.46888735215457,0.0050879493368069,19796.7172982822
7124,0.194,4.12901409654617,0.0166443451212285,8440.92220868306
7125,0.2775,3.05903766934133,0.00556797717707996,16028.0626819363
7126,0.1315,5.0968872623398,0.0185421462010782,8781.97138487965
7127,0.308,2.03816597615717,0.0140244870176778,4941.38043771312
7128,0.206,3.51068831905807,0.0282320456204157,4340.89712380624
7129,0.4125,4.39520455554682,0.00740738359243474,20181.0723476215
7130,0.2985,4.43930856176202,0.00638134068884203,21760.6522409991
7131,0.2635,3.04254316107395,0.0141522834113777,7361.57262293812
7132,0.3,1.93702647919189,0.0129459510614533,5077.61828922115
7133,0.2825,3.31269564247708,0.0129281414657747,8844.22859052787
7134,0.3225,3.87909194160551,0.0060247914142999,20174.1376804398
7135,0.161,3.08889678427826,0.0218039567798552,4838.92596641161
7136,0.2335,4.32364838730489,0.00848198003369966,16100.1974506694
7137,0.1005,2.61883835556328,0.0954102719133728,984.504557411146
7138,0.141,3.42613384172983,0.0200470544670007,5697.00097566086
7139,0.1435,6.14999768220346,0.103287830688764,1873.11978712135
7140,0.1495,3.12459729763602,0.0224384122495631,4790.30042584851
7141,0.344,4.28707166360632,0.0104909987295229,14240.0863365602
7142,0.2285,5.58922456445782,0.0254055154442715,7960.77478268885
7143,0.196,1.50327734012823,0.012472034059377,3832.29503908944
7144,0.427,4.13863203277562,0.00882162136579273,16300.6047839469
7145,0.1895,2.38137691817133,0.0603394170444305,1427.83716639666
7146,0.1675,4.3679126383968,0.0140577063241705,9987.29034486174
7147,0.308,2.469440375198,0.0158953641181971,5414.56588674481
7148,0.3465,5.49194707561313,0.0105559836375905,18128.8646831965
7149,0.373,2.56265066160646,0.0213926224789927,4306.82372980359
7150,0.2395,3.25156808574998,0.00925968002912873,11222.9576086445
7151,0.4345,4.08610566512661,0.0173025552570422,8484.30941542381
7152,0.421,5.61042273921408,0.00894798049341621,21986.9657353249
7153,0.187,3.74847625246304,0.0197011762512906,6529.17264894901
7154,0.2995,2.44011857445832,0.0061679575023705,12173.2371406933
7155,0.2025,3.93768565614052,0.0160626819114162,8288.81153285191
7156,0.452,4.91653348903309,0.0202815652455303,8743.39769873898
7157,0.24,2.12456232836012,0.0119514422303664,5840.56484605985
7158,0.133,4.879215656987,0.0137617644814877,10842.8162154032
7159,0.1835,4.95173716242858,0.010557205350614,14674.0597404985
7160,0.149,4.68598139040818,0.0343201654026574,4796.36381669135
7161,0.318,5.24933851899427,0.0192860037071531,10054.2128208498
7162,0.3175,2.17994350157154,0.0203165158106965,3820.51899645363
7163,0.211,2.97508025233474,0.0269754820558613,3743.9411834527
7164,0.1955,4.12201934516501,0.00676975268654417,17477.5554783062
7165,0.3505,4.24105738340157,0.00738254766417559,19148.2120105795
7166,0.155,3.92959363273733,0.0147485878271428,8498.88175637322
7167,0.4015,5.51304295220951,0.0146386538131291,13699.6841365532
7168,0.4395,4.38484446507834,0.00895910698427083,16989.6040953416
7169,0.1815,4.08680471206227,0.0847373033119282,1715.2059369989
7170,0.4065,3.6881482186755,0.0190074773060372,6919.70485866609
7171,0.4635,5.21669119446259,0.00968430178777349,19094.11197544
7172,0.1835,5.40192085506244,0.0205912515369465,9021.30658409208
7173,0.135,5.09618974728801,0.0119573595717348,12759.4186252804
7174,0.1695,3.06899997521797,0.0441832688532751,2521.61823919217
7175,0.294,4.94194684802309,0.00542643507055394,27476.5954812843
7176,0.296,4.22548816289078,0.0131108267633089,11228.9811567155
7177,0.205,3.67821351264984,0.0224741042176281,5802.02118291137
7178,0.3805,5.03248184976917,0.0182542353459402,9956.92387057952
7179,0.285,3.13231458556914,0.012740973398527,8387.22789221429
7180,0.344,4.09060373563345,0.00856526261805976,16107.2387895665
7181,0.1005,3.49544952262832,0.0432616494762064,2760.31475378736
7182,0.226,2.76524150702248,0.0248195857382187,3917.56875335388
7183,0.2075,4.2257666182314,0.017370853988835,8376.79055516564
7184,0.126,2.77930845166849,0.0229480305284729,3941.51728514178
7185,0.208,4.49030713797199,0.0139296956676654,10734.0652045345
7186,0.35,3.500598592849,0.00475842617888456,22158.0859843941
7187,0.3825,3.05219111382501,0.00913844112334736,11477.7584123327
7188,0.179,3.8905180076402,0.00777230630003978,14229.0930404915
7189,0.257,4.65788003514022,0.00692186002214318,20607.265505096
7190,0.2765,3.1914253457156,0.0452688962588392,2590.02154383996
7191,0.301,4.42670423224638,0.046917217521413,3501.42455123479
7192,0.095,3.09905675222592,0.0263042689541329,3775.02367302088
7193,0.269,2.56293530598918,0.00688129600432963,11409.5030151954
7194,0.208,2.50138457213732,0.0145640924184496,5708.19758359282
7195,0.3185,2.76162555769771,0.00652719596732658,13397.272018365
7196,0.313,3.26041205662149,0.00625521321604569,16238.8403896711
7197,0.404,3.50029962090848,0.00510871497441981,21100.6250101025
7198,0.2945,4.86416763749475,0.0178821130309924,9678.95744834046
7199,0.204,3.94605027024264,0.0114832600903943,11026.4446061041
7200,0.1885,3.56605537601068,0.00991375565937666,11100.9719104963
7201,0.2815,1.7808513005555,0.00697992317794532,7839.3368826912
7202,0.236,2.08099549750427,0.0119063411287985,5705.07561586343
7203,0.294,2.40656378136221,0.0129931174653174,6395.0057934023
7204,0.4175,4.96103022234329,0.00651313192178127,25598.3869570549
7205,0.2555,5.8035172190567,0.00857044079247769,21927.1707831703
7206,0.405,4.75317066229455,0.0078676174075519,20523.2671223966
7207,0.3285,4.01718539391826,0.00549088361362789,22341.0926414919
7208,0.379,2.99599611678705,0.00528865052470319,17637.4122538519
7209,0.2015,6.88465784739349,0.024279116458062,10033.5461793383
7210,0.146,4.34692300477047,0.00989803581689559,12641.0956631242
7211,0.343,3.41041580083561,0.00965802626064313,11996.1081781345
7212,0.1605,5.03110511866917,0.101173213591217,1541.49828354546
7213,0.1445,4.4213860192817,0.0145173765206031,9495.30042513289
7214,0.242,3.12137582607206,0.0278842125596198,4029.68007971203
7215,0.204,2.20396520619643,0.0114645281079142,6065.39942619806
7216,0.3225,3.94215024429861,0.0201534679739504,6890.2782427513
7217,0.2025,4.19526764301188,0.0076112662674036,16431.1183318022
7218,0.293,3.69192148270825,0.0171944491034552,7585.64642946095
7219,0.3915,3.10171110065484,0.0275339424341599,4126.49013744617
7220,0.261,4.04456489623332,0.0158262567837832,8913.58238274904
7221,0.2145,3.74253026424507,0.0486172566538278,2812.93962453904
7222,0.1245,6.13588546573844,0.00790703259552269,20300.5414257652
7223,0.1385,1.85357851111952,0.0805648112522267,804.598101854289
7224,0.3185,2.27261084604222,0.00403791963453771,15638.1796721765
7225,0.1585,5.83638060938402,0.00767123425608777,21033.5176077446
7226,0.2975,2.10116923316403,0.00416772282576099,13896.0433479715
7227,0.439,4.33873038260022,0.00549483761825201,25967.9659173359
7228,0.1155,5.15040455168601,0.0216988427737296,7714.5437021255
7229,0.3385,4.67792873370359,0.00842339108753907,18606.1785478956
7230,0.1805,3.81060798007046,0.0201078420680808,6657.05350365883
7231,0.294,4.15550934180975,0.0120537974886994,11905.0508973966
7232,0.278,3.80391980761126,0.011648211392378,11110.112739006
7233,0.128,4.23628274093301,0.0627561285269725,2380.11675594553
7234,0.283,2.84761543471991,0.013994960788316,6938.13858011635
7235,0.208,6.05566355549333,0.0128999606949847,15604.1899857234
7236,0.2095,3.07393009751108,0.0184464830082456,5767.50257130473
7237,0.2965,2.5817212972619,0.012325084602657,7122.64314790797
7238,0.1095,2.6162237747221,0.0543923255402011,1685.21527262731
7239,0.3255,4.07593495350205,0.0640081011240457,2144.48356641153
7240,0.171,3.20181811659626,0.0284481129169997,3899.92040575966
7241,0.311,3.03010572425229,0.00991095374533951,10294.8202047746
7242,0.321,4.4724909775379,0.00799419371889828,18527.161358935
7243,0.182,5.70056403127499,0.0137049458119226,13517.6972255451
7244,0.2855,2.10680269416521,0.0173373559906055,4245.68722994536
7245,0.1465,3.52807731244164,0.0652572416118766,1934.79144701367
7246,0.2575,2.26260662809918,0.0102452601257015,7065.53940174084
7247,0.171,4.27636378579914,0.00676431747082193,16856.5907441132
7248,0.1415,3.33856964826276,0.0312320795970198,3623.45785381992
7249,0.2545,1.63223984375717,0.0124787978397605,4309.23258496588
7250,0.1835,3.93311213845487,0.0134900785733038,9332.51069249961
7251,0.1605,5.94750208177974,0.0104665248355712,17171.2330631138
7252,0.343,2.28423976574593,0.00677739127731137,10676.0651450936
7253,0.2075,2.96503231256671,0.0162784220657522,6137.68991622979
7254,0.2295,4.48877641236201,0.0265249598945965,6093.64597640869
7255,0.159,1.62285523437116,0.0644266539557707,868.983025065585
7256,0.2755,1.78630395287278,0.00728654716497262,7492.66379147699
7257,0.303,2.4169564073738,0.00547135073695872,13074.5349303033
7258,0.2565,3.42040328454126,0.0310318238557566,4108.66582842738
7259,0.193,4.11469517534602,0.0153809096638606,9008.94148453292
7260,0.41,3.37928211975671,0.00908312829944288,12910.5077029754
7261,0.2405,1.68841291872687,0.0195832907233709,2947.02987273907
7262,0.409,4.85354824056675,0.012280644341057,14139.655051377
7263,0.435,3.55670775119433,0.0136056155322287,9484.59355628189
7264,0.1995,1.645571421432,0.0287842577754603,1958.84895942821
7265,0.2715,7.29915526464149,0.0310236255876656,8698.88280181683
7266,0.3355,4.54122152491343,0.00701720205898429,21096.9253961894
7267,0.234,3.22942846778989,0.0100934146581267,10398.8096877936
7268,0.3855,3.39164449469611,0.00752255163160295,15031.7347155527
7269,0.201,1.61735527113588,0.0418959658532641,1397.43086852364
7270,0.243,2.67625268118278,0.0137214984115488,6593.78141446118
7271,0.3215,5.51914537903,0.00920117550049362,20537.3619421937
7272,0.261,4.60297514146334,0.0120886603310979,12940.6621672383
7273,0.1275,4.32159491157996,0.0317246485836571,4738.87232659701
7274,0.106,2.15641662308615,0.0415773980182648,1818.66378553711
7275,0.3425,3.16818768886481,0.00739590773529078,14062.7064807651
7276,0.452,3.91121092197296,0.0109869618230955,12609.7577167643
7277,0.266,3.2628177863917,0.0112902729993471,9508.83090503536
7278,0.351,5.39953249417365,0.00853487580981403,21621.7744581146
7279,0.1655,4.28899608197611,0.0449937814866238,3420.62710004739
7280,0.275,2.30035559229344,0.0151843649655434,5213.28626223032
7281,0.198,4.79438993557461,0.0159353483840727,10141.9165894099
7282,0.2215,3.36299422227175,0.0172215425559746,6798.70695378635
7283,0.284,3.75213186911346,0.012374867960506,10494.3324979393
7284,0.1615,2.46752316985207,0.0179897074496055,4608.07777021965
7285,0.216,1.49142719468506,0.0143200688336636,3363.96166749217
7286,0.286,1.82826000954037,0.00751963549026879,7531.87920991776
7287,0.1485,5.02711636040601,0.0116118719584423,13160.0028961256
7288,0.3795,4.41733898674162,0.00612671010094454,23426.6872244518
7289,0.136,3.75806306200871,0.0314228064073932,4124.97008073065
7290,0.085,2.72084947640181,0.06621468762173,1459.53480753761
7291,0.182,5.51155194364657,0.0306248937807608,6434.45352236743
7292,0.403,5.76695201965266,0.0110507958929127,18551.0045813425
7293,0.384,3.37032927478004,0.0103329215727389,11418.0233027997
7294,0.4235,4.53021391392992,0.00640206322414324,23579.356384229
7295,0.1805,6.24927277273305,0.0215196882978252,10104.2049173828
7296,0.2425,1.99791716699873,0.0236389301793594,2994.25936667055
7297,0.1775,3.27016963654378,0.0288252799309497,3900.21816568288
7298,0.2735,2.44743743737066,0.0135471636137381,6177.71552374575
7299,0.3195,5.05275640922389,0.0116943318313116,14925.3710976069
7300,0.2945,4.16912542559983,0.0142089043031098,10511.77880331
7301,0.387,4.86466019189871,0.0143548965246758,12182.0697324989
7302,0.1645,3.33032141046226,0.0434383050548508,2757.256095373
7303,0.201,2.89657251722479,0.028764567391659,3643.77588771033
7304,0.2235,3.53219340926152,0.035727666299108,3299.27705451251
7305,0.344,3.51516076137512,0.0146694577688409,8567.93720954479
7306,0.1545,3.80998292962215,0.0235558173015858,5711.35700390691
7307,0.3555,3.67599246846615,0.00582958838557509,19714.8057528915
7308,0.323,4.16061777980915,0.122312282500053,1081.63182033808
7309,0.239,3.87116103907436,0.00977117157633558,12894.22991959
7310,0.2205,1.57436021555325,0.0117900939592244,4264.94006039666
7311,0.3755,4.05229613874393,0.0141946864016754,10228.0924965874
7312,0.366,4.03183811350957,0.00593980812014892,21751.5444272787
7313,0.1465,6.00133464096011,0.0601512274920528,3410.72745398082
7314,0.2125,3.54082842406087,0.0222176682467058,5705.64353352489
7315,0.331,3.53628142702501,0.0113202244440809,10774.3239068561
7316,0.2205,6.45300672554672,0.0153433963434693,14396.3082997173
7317,0.257,1.71163143126547,0.010553471549213,5217.48674879919
7318,0.1245,5.76511219527531,0.0903923649668326,2220.51242464618
7319,0.109,4.06225232149304,0.0185515657222315,6795.38262852325
7320,0.246,3.95032072133876,0.00822247113560564,15067.2378906909
7321,0.333,3.71700428019166,0.00689545923408149,17467.3167145899
7322,0.1705,3.03623204333194,0.0238246385289981,4377.1802191564
7323,0.336,2.35260519905774,0.00575938052228193,12547.641229329
7324,0.2575,2.19252042152775,0.0287819590588981,2689.82192999219
7325,0.265,4.09384675672077,0.0116369839614275,11969.9717382319
7326,0.2145,4.8365125697611,0.00944406245315216,16221.6874705458
7327,0.291,2.5593302964164,0.0625307497302852,1503.73087187991
7328,0.2985,3.21606154839805,0.0168538968095499,6702.58828569449
7329,0.3115,2.37096278032851,0.00963241416398438,8236.22425190901
7330,0.313,4.17528495236186,0.00765964310866971,17881.9065651061
7331,0.314,1.94984327825045,0.0141653839777097,4780.5488315462
7332,0.299,5.47434683504901,0.0104434277522945,17924.0797376011
7333,0.216,3.69846150868854,0.0113430649651871,10692.9874970788
7334,0.2805,3.38092837527902,0.0157448435242068,7595.70249401211
7335,0.2145,2.9475854150482,0.01503428234502,6642.24304649073
7336,0.3095,3.60197436819356,0.0101257267496121,12044.9794832002
7337,0.3525,2.41052100899589,0.00806440569239733,9918.13411675072
7338,0.3465,2.31387836759732,0.0269126987529586,3046.99927749145
7339,0.255,4.70473125549923,0.0109919274503005,14376.3399128955
7340,0.366,5.03473185523659,0.0212953672932793,8463.85198322552
7341,0.4285,3.74429630621311,0.0175815683000433,7727.33250590306
7342,0.383,4.32651306303794,0.0446589659542828,3349.40505757763
7343,0.244,5.37938903587218,0.0122872376805465,14808.6056850547
7344,0.21,2.67219789190923,0.0377787892956655,2564.66493938859
7345,0.1765,2.30112750272122,0.0176009203609025,4412.62596297975
7346,0.3025,2.42996594489819,0.00477983539097422,14428.5259078019
7347,0.1785,4.20155522860787,0.0177703366337383,7915.54407944405
7348,0.2,1.88509558856584,0.012464021027399,4793.91704394073
7349,0.387,2.95519354970999,0.0102307003143601,9950.97144631735
7350,0.177,4.44289252676954,0.0437883108632862,3670.61296343777
7351,0.157,2.06878810315304,0.0296097806767194,2420.20444137188
7352,0.2325,3.22074173908992,0.00792757846463034,12439.0415468541
7353,0.299,3.78359804184275,0.0129303358013869,10257.6252678303
7354,0.1575,1.46178423558464,0.021861102679089,2217.45210353822
7355,0.261,3.60421216273021,0.00582538073888752,18231.9459044598
7356,0.2195,3.23968189011935,0.0156535699926251,6973.4595248731
7357,0.458,4.33762106638993,0.00981276868058966,15773.8122500503
7358,0.2795,3.77883412779236,0.0532775834134642,2640.94365458666
7359,0.327,3.11790937148768,0.0093770846813404,11168.8314131272
7360,0.275,2.19033353616494,0.058135902219053,1363.50386004402
7361,0.2635,1.86446308529206,0.00795267153980005,7307.96930009284
7362,0.399,4.53933449534131,0.00689242911816502,22078.8892866382
7363,0.3815,3.55989554760145,0.00563447766167137,20118.3716648576
7364,0.1905,4.43297464476202,0.00909373591397585,14885.608263589
7365,0.3735,3.19329377300385,0.00820252306099164,13116.5241366307
7366,0.3345,2.41555965462108,0.00834859498074435,9613.41001570167
7367,0.351,2.55710344102577,0.020976597398016,4460.05367560389
7368,0.1765,4.00149950791149,0.0890775600768166,1631.61088514088
7369,0.2295,3.03663835077567,0.00488589082132448,16775.6465178695
7370,0.255,2.85430740934309,0.0186922001363962,5336.01322180574
7371,0.203,4.32525558438304,0.0113778655468509,12349.996768413
7372,0.126,3.11276523858181,0.0331388584336605,3121.78338781935
7373,0.4805,6.46464421275404,0.0137049642528081,17427.1483093974
7374,0.2955,3.57733072205051,0.00571708109952421,19115.5418018411
7375,0.2895,3.3022439808838,0.0108121397090609,10238.0572066584
7376,0.109,2.22482210291399,0.0165645456364984,4024.66977784715
7377,0.165,3.02552300841304,0.0151766192265171,6408.78341405853
7378,0.0855,2.37350285505398,0.0800810479964493,979.564088245482
7379,0.388,3.52515319561164,0.0144025141091331,8766.85943933403
7380,0.2495,2.1131560129082,0.0103287175857397,6613.64228372597
7381,0.163,1.92455762203403,0.023854198196382,2738.61858881801
7382,0.172,4.56246028325726,0.0493615659673604,3297.34670242747
7383,0.2285,2.05228456934957,0.0171713231578062,4079.33280058845
7384,0.164,5.36571311572461,0.0308722421298238,6152.12778399851
7385,0.222,1.63030241031408,0.0195071880079232,2807.49094138544
7386,0.327,3.38359617751072,0.00932452539279188,12135.9051570297
7387,0.351,4.34018663538101,0.0530521307679898,3070.99073552643
7388,0.3355,5.10166651773478,0.00868323113580435,19680.7093632464
7389,0.4225,2.81649022239534,0.0143270735662813,7087.33548929718
7390,0.129,6.39654202796327,0.0181514512378216,11148.7970492381
7391,0.1415,5.49110600267292,0.0177946655905223,10068.8953811225
7392,0.1965,4.44953277507578,0.0292875978258218,5490.29896765779
7393,0.239,4.58714385046061,0.0115056760429479,13276.9137085608
7394,0.3195,2.41389774902059,0.00428024986774198,15944.17057553
7395,0.122,3.16138675858323,0.0235256327673669,4346.8296471139
7396,0.162,2.75591115422364,0.0947505612559009,1046.009217029
7397,0.2395,3.37095020233018,0.022157015161256,5336.05341365365
7398,0.371,2.27270111361315,0.00823419711467073,9167.53886177945
7399,0.2335,2.28644812950479,0.0177784030945625,4443.85000506352
7400,0.1535,5.940060234576,0.0320588357996975,6466.3345562506
7401,0.1495,2.18429797343495,0.0617769695380784,1261.95702052137
7402,0.221,3.50537975127639,0.00959122310124164,11566.9586337555
7403,0.171,2.62789208738699,0.0146208902305006,5873.25119564356
7404,0.283,4.08759771361712,0.0232165179290483,6313.18610603923
7405,0.241,3.89088094512644,0.00897892984526303,14047.7969132396
7406,0.452,4.38350999907857,0.0265642068037705,5996.43831355073
7407,0.1745,3.09980222329932,0.0697486927439569,1578.47113940122
7408,0.211,3.97195731699524,0.00585529613920432,18843.6626459889
7409,0.4035,4.62616796797533,0.006638269479523,23143.3779081416
7410,0.3685,4.13157590695609,0.013571195598155,10938.3259179465
7411,0.259,2.88567188645098,0.00472401019607056,16931.6781790446
7412,0.2315,3.22535021265043,0.0117926447380825,9078.09066885845
7413,0.133,4.71780407156736,0.012824214261259,11025.7227980973
7414,0.102,2.89970552355668,0.0220733966639759,4191.38289642259
7415,0.175,4.5531780966133,0.0210888558083513,7311.82955386254
7416,0.2645,3.97244025240676,0.0132287075391881,10226.6582840256
7417,0.404,3.89469271622517,0.0120382514175741,11486.5594860917
7418,0.4355,3.66096447225516,0.0123789103734791,10655.0685991076
7419,0.178,2.6444799823407,0.0573098026578226,1655.05001011462
7420,0.21,4.95669709714329,0.0209393600396884,8202.05585370702
7421,0.2865,2.0423062548905,0.0327399133037786,2269.22809556248
7422,0.314,2.62225115331422,0.0111059017151688,8063.00006869862
7423,0.1385,3.76038495484051,0.102339923696866,1305.82781655629
7424,0.4635,7.13507054115795,0.011473777107023,22614.3139315049
7425,0.2395,5.40521491282992,0.0187357802234989,10292.0243786682
7426,0.2045,3.35282558228744,0.00659623056268106,14720.1731439603
7427,0.4475,3.91045647984986,0.0147827338037509,9585.83459006143
7428,0.265,2.16949175097121,0.00659092873123287,9800.48483291376
7429,0.348,2.22419934499675,0.0139085142204798,5690.89419563562
7430,0.399,4.10674914398097,0.0115539685972565,12703.3648794866
7431,0.26,4.17192598558564,0.00771995281836732,17036.5777586857
7432,0.357,3.94259903486593,0.0131056341873612,10763.1062692053
7433,0.172,4.15806080426064,0.0115992239516649,11289.7915830452
7434,0.3865,5.8081761700047,0.012597949775473,16499.117058874
7435,0.217,4.41630517838953,0.0190969595471823,8027.38003296677
7436,0.2175,4.10097567304753,0.00703319794502723,17431.5584664698
7437,0.231,3.39588082589244,0.0460699599276738,2758.45230810164
7438,0.2375,3.72152464477038,0.0151391560165713,8356.98505097459
7439,0.1805,2.48847847700038,0.0160424101327087,5120.14561169065
7440,0.2185,2.08226216917697,0.0246287254210541,2879.15328068119
7441,0.3465,2.99947786471411,0.0155470494766503,6846.10758948628
7442,0.444,6.33873176161165,0.0100608997141282,22465.8862479746
7443,0.2685,1.99324955639575,0.00680501055393761,8800.95175869894
7444,0.256,4.30338385450275,0.0520244767287218,3074.50358850324
7445,0.197,1.99711904834701,0.0315648890284332,2227.06575542781
7446,0.3975,3.46334528420095,0.0237204293901967,5273.18341832063
7447,0.3175,2.43870929819261,0.0113284198756421,7327.3486421661
7448,0.125,3.92951532305295,0.0527545620344755,2631.60163237688
7449,0.3485,2.35050589977126,0.0117557135979572,6921.96380050647
7450,0.285,2.54673044637248,0.0132571021315667,6578.84538045943
7451,0.328,3.05277834808442,0.0156744509989178,6909.99132472531
7452,0.2645,5.81291808194179,0.00759417956608595,24177.5648641463
7453,0.173,3.23319720824966,0.0958104311567508,1226.16486420426
7454,0.312,4.14152408137545,0.0115009568188934,12453.3479161981
7455,0.1775,3.98850487499338,0.0431444943305646,3335.97427839007
7456,0.4065,3.4863450438847,0.0106553712740089,11410.4008845275
7457,0.1705,2.01672986609437,0.0584624819251518,1202.22146346031
7458,0.1325,5.29604190063645,0.0257335883270181,6732.10164397255
7459,0.189,3.7027255033248,0.0114268342847551,10211.9590313514
7460,0.3575,2.59296295337263,0.0126312639775807,7166.22407924127
7461,0.23,3.5628598635738,0.0104179219012062,11009.5358849443
7462,0.3725,3.15633114816754,0.00696708443177362,14952.4984077464
7463,0.363,3.97576091019962,0.0211064219284798,6780.54687892998
7464,0.3145,6.57411924286263,0.015473820196225,15222.8385189814
7465,0.448,3.94673961648263,0.00640558648624676,20620.4538175207
7466,0.2725,3.74286634808215,0.006028510918741,18794.7144056405
7467,0.428,3.36571147576164,0.0118958728212726,10187.9760658466
7468,0.2755,2.01602015990535,0.00672498222551111,9010.28961724936
7469,0.1365,7.07667991300886,0.01283619591334,16834.6217799287
7470,0.1485,4.43730329458666,0.0224524472633954,6698.73753147648
7471,0.2775,2.32571674240437,0.0114491094505801,6722.16493400304
7472,0.279,3.56134726390073,0.0207414577930211,5949.31241013844
7473,0.177,3.2247854928721,0.0130147838417517,7989.87534867565
7474,0.1485,3.06365810590609,0.0278878185701056,3747.53666447713
7475,0.1625,6.38256441317871,0.0267034687870698,8433.50663869355
7476,0.1255,3.07825016553492,0.0181813004946394,5495.38806064601
7477,0.27,3.89489342120346,0.00743345826424964,16282.2692407231
7478,0.2165,3.78164024871724,0.0380690242202652,3573.14977459718
7479,0.27,2.88293208465773,0.00815433086940297,11221.5012243661
7480,0.2485,4.6216889621382,0.0118740286188041,13098.9347409087
7481,0.154,2.85871533954758,0.0202648477098433,4735.5877566224
7482,0.3765,5.7066829855436,0.00890334254707,22111.1558350799
7483,0.3655,3.83749151866627,0.0177296911815407,7830.04153333524
7484,0.1175,3.00344751893188,0.0775171346604356,1360.11338670415
7485,0.1455,3.07801984787912,0.0490669794028818,2222.07113445185
7486,0.2865,3.40744532448237,0.00402123406501857,23193.041948772
7487,0.345,2.40715891764407,0.00785536450935106,10076.029117608
7488,0.2235,4.21471469519256,0.0157112716293225,9047.75076867426
7489,0.392,5.14156009436376,0.0100996481807784,17957.7023528202
7490,0.3255,4.30124509498163,0.0103011517350507,14423.75750961
7491,0.113,2.82625577038784,0.0272138286071521,3360.15629912836
7492,0.218,3.07302781858672,0.0198055864148296,5377.59707568389
7493,0.215,2.35443736437948,0.0964337747760024,863.468592172988
7494,0.404,4.31556252593755,0.00802183475311257,18337.073907896
7495,0.34,5.30056107917465,0.0156056961024745,12165.0254070498
7496,0.2895,1.87244352131812,0.00493668568334583,10809.4833674028
7497,0.1315,6.30681876820319,0.0329449405830591,6406.10030963131
7498,0.231,2.77772518635079,0.0201355963566162,4761.94640450371
7499,0.197,7.15817341246597,0.0328852430630682,7857.70329622865
7500,0.203,5.51832680668254,0.00910632286533557,18960.3790586989
7501,0.254,1.72148249695114,0.0103679107966899,5266.52009340908
7502,0.1575,4.74660561714613,0.0476450188259267,3651.44003956527
7503,0.326,2.09515005908732,0.00944690359670452,7226.61572270859
7504,0.1305,2.59092976904769,0.0362287255173039,2447.5655691472
7505,0.2775,3.54670707202254,0.00726502922428895,15258.7412311542
7506,0.211,4.11717512435773,0.0655691237168387,2284.90855356724
7507,0.205,4.58152715513582,0.0237222329498369,6596.55630057536
7508,0.2835,2.39406518957419,0.0072381521294539,10152.2597495749
7509,0.3905,3.95047166847698,0.0137821866789377,10350.5084619568
7510,0.3765,3.04606171220083,0.0271785923654054,3948.76331192422
7511,0.192,3.04686556035664,0.0177587956220514,5817.82706237329
7512,0.1105,3.17338936020578,0.0259049513569766,4034.58185579196
7513,0.304,4.62071222195392,0.00534755218703445,26432.266634204
7514,0.249,5.30350278060773,0.00626931993220102,25228.8387576039
7515,0.256,2.28989032203832,0.039706755744873,2022.70035110433
7516,0.3775,4.04551498345195,0.00597322740547348,21753.870777842
7517,0.119,3.41704798578298,0.103451001941267,1128.67833221038
7518,0.3495,2.52292760706905,0.0251201093583882,3636.27051762177
7519,0.4125,3.11756155484974,0.0077079541328356,13760.8470852943
7520,0.453,6.13251469817363,0.0139251186752116,16093.2007553267
7521,0.187,1.79149030870852,0.0221769692220099,2763.49516426391
7522,0.2055,3.62303575167627,0.00836735111252713,13018.76651789
7523,0.253,4.52117175783158,0.00707909289592785,19667.9062264099
7524,0.1285,5.28291638137842,0.0766721574442048,2463.34590471749
7525,0.35,3.73703914064778,0.0133633727865917,9907.76182695378
7526,0.1985,3.34695855147971,0.0336176123740331,3562.41780349238
7527,0.1545,3.58510552908166,0.0143330197242371,7979.00838982678
7528,0.3915,5.17366267004929,0.00737870415270525,23835.8280041918
7529,0.2985,2.16898340652007,0.014280555237415,5312.1553386072
7530,0.185,3.42976746172383,0.0336739497443179,3511.23977178217
7531,0.3125,3.56691590466064,0.00543513019799398,19934.7123273166
7532,0.3195,3.0858735775534,0.0365708165472803,3104.24384633285
7533,0.161,4.55222885304713,0.0123711122607427,11436.3331610924
7534,0.269,3.79314376982919,0.00443301663466167,23665.7186405092
7535,0.445,7.88746680552168,0.0154095456394997,18796.2138090812
7536,0.26,2.49968439615591,0.010288815638866,7912.46553590762
7537,0.2905,2.04586936265014,0.01968892392864,3680.5068847906
7538,0.286,5.01060651714334,0.00957233672599699,17543.3735368786
7539,0.1595,4.03060726103236,0.0259102371986146,5434.94184281507
7540,0.2275,3.98291040564424,0.0115043994723644,11366.6557686138
7541,0.2995,1.94661519054287,0.00706082932940849,8503.09529645191
7542,0.311,4.92479741329013,0.00827892279422106,19848.8919163256
7543,0.246,1.77435605517637,0.0114987260090942,5051.50543146639
7544,0.249,4.21703125341934,0.00925691523080251,14685.345456285
7545,0.188,5.30324587281875,0.0259061370059502,7222.90253342847
7546,0.116,2.74470391177955,0.0211298888388285,4152.77991674192
7547,0.178,2.58701614207268,0.0128574563171435,6325.95518166523
7548,0.138,3.86395384946242,0.016935585015892,7328.85450452993
7549,0.337,2.17594615452213,0.0076338045559857,9219.82348673503
7550,0.26,6.69528394528395,0.0180763375811849,13126.6737455123
7551,0.3885,5.0463094792297,0.0244366741637634,7690.25258975937
7552,0.2845,2.35442647544484,0.0270080042949705,3117.26383975999
7553,0.362,3.72798068330299,0.00522237505726721,22194.7697250064
7554,0.471,5.82582557392654,0.00672440234025619,29817.4900393431
7555,0.1735,3.01135728685809,0.0764389176883694,1461.15232076459
7556,0.3655,2.46472530199758,0.00487501056494271,15168.3686150703
7557,0.262,4.66585509974855,0.00848706008806527,17401.8757533786
7558,0.24,3.62637990824243,0.00884892834843582,12990.4256589991
7559,0.189,2.91482042814654,0.0128570455227621,7260.04100794311
7560,0.3475,2.45949295949402,0.00700593392427147,11303.233890854
7561,0.29,4.32644938711538,0.00676118627906204,20183.6304601621
7562,0.2195,3.44266686951834,0.0609023807028448,1978.96642224917
7563,0.2515,5.22449792431497,0.0309082796760299,6153.83360795123
7564,0.123,2.18615079018419,0.0304527792571697,2380.33378932969
7565,0.42,3.85469250338153,0.00645267467501017,19930.0026871393
7566,0.2655,2.33788404875353,0.0116979604748146,6617.04178868264
7567,0.176,3.89610458365088,0.0103546731817127,11589.5561629572
7568,0.1685,5.35598559491594,0.0482789624455949,4008.81371996298
7569,0.2215,4.00467112409,0.0322893247665418,4272.90240127568
7570,0.118,6.43946661773432,0.0641487624845295,3565.70392117474
7571,0.485,6.64719419331652,0.0212892144421068,11769.1332881538
7572,0.193,3.12218383779905,0.0411792301185099,2751.36435130856
7573,0.322,5.33083603041946,0.0149285534959838,12482.8952769643
7574,0.2035,4.15791347202274,0.0117051240014513,11384.0124984837
7575,0.2645,1.93495784952517,0.0294744134628119,2329.06799749095
7576,0.246,3.8839615162111,0.00661529215355533,17568.2543278346
7577,0.2795,3.31473779136228,0.00755447493687604,13768.1271329938
7578,0.293,3.95629416077754,0.00708445081760624,17735.344626012
7579,0.3715,5.11875225848349,0.0217028337629525,8714.92857159306
7580,0.153,4.66931853310955,0.0404547873331796,4142.43829981129
7581,0.1955,5.11324130585613,0.0826161575925226,1970.30904095251
7582,0.356,2.26845708658623,0.0227383374425811,3550.65823431508
7583,0.2655,3.42188091697912,0.00970922849165673,11604.0738772516
7584,0.3115,3.89360814507566,0.00628104969467652,19329.1600134329
7585,0.334,4.76292550824919,0.0153806828142356,11002.2294867305
7586,0.231,1.64101301560752,0.00609314035246983,7508.88531748201
7587,0.1805,3.24502926640213,0.0157934648545561,6792.64042360482
7588,0.4095,4.50847776478557,0.00849021945532315,18535.0559570985
7589,0.239,3.84435564167484,0.0145409987101017,9070.28544199401
7590,0.101,4.13346244265853,0.103319163926987,1397.50186082833
7591,0.0915,3.9255333716498,0.0761298074882886,1704.5605788586
7592,0.217,3.69518554589535,0.00708924594023314,15483.6441131719
7593,0.1725,2.36787232047084,0.0178534858378543,4365.50914057242
7594,0.332,3.018713009239,0.0111278524807137,9436.84574229596
7595,0.4285,4.99644895396029,0.0146891094125008,12377.2377948991
7596,0.266,3.16477156146493,0.004649299164651,18903.8335829596
7597,0.316,2.56654376345402,0.0197954129122269,4624.01539769074
7598,0.308,3.70119507779454,0.00848634999247711,14430.2581311265
7599,0.4595,5.61860997148914,0.0104379969712861,19226.837049431
7600,0.2065,4.28808195909221,0.00697712227527256,17780.9581818879
7601,0.2755,1.77543724192136,0.0123263912193059,4860.36690375183
7602,0.306,3.75930900631309,0.00708992605909472,17061.4395679438
7603,0.2395,3.31172533861988,0.00541672646120749,17184.181768356
7604,0.255,1.5547948756307,0.00526548849260358,8115.70834743755
7605,0.2035,3.81004675380404,0.00912581644067054,12827.2623377829
7606,0.1355,3.33324520841567,0.0573676349131099,1817.43077719508
7607,0.126,5.66975032880865,0.0391381296530465,5011.35888154515
7608,0.3455,2.2577204566497,0.0155935618346751,5172.03763247653
7609,0.4365,3.91684343985413,0.00619075362421457,20952.9579631077
7610,0.191,4.45196142281187,0.00754137618579687,17088.5624085687
7611,0.294,3.14760417912705,0.0045570714879167,19435.0174470768
7612,0.4215,3.87775355287274,0.0596685735245266,2415.85820029985
7613,0.128,1.95511905874762,0.0278436446948348,2354.48189553229
7614,0.26,2.9929637063792,0.0119828437235419,8450.50048130728
7615,0.172,3.02312501609067,0.0477663267297215,2292.06111966675
7616,0.3365,2.6168747127134,0.00521747691395434,15084.3231735912
7617,0.178,2.04849502585712,0.0213289538833382,3259.01738637239
7618,0.251,4.2558997759155,0.00827070340687764,16166.5130712808
7619,0.4245,3.69359855172779,0.0106735460879903,12183.8240272515
7620,0.199,4.14948034756819,0.0164895116222494,8676.59006469786
7621,0.1325,2.59007159153562,0.09490835774588,973.764947165768
7622,0.3285,2.2832666965776,0.0120296763737745,6537.99559493302
7623,0.2065,3.58647545033541,0.0300790524954995,4180.6936921103
7624,0.1695,4.64876703829644,0.017938592932463,8744.21130076057
7625,0.2305,4.28944075860102,0.00968102566753008,14164.5941692887
7626,0.439,3.4987551690475,0.0107934417169932,11493.7023479047
7627,0.214,3.76876908189357,0.00957091861187095,12310.5406850965
7628,0.274,3.43757084838075,0.00887743470240562,12556.7762454198
7629,0.397,3.92831631475506,0.00876315677182228,15420.3467672613
7630,0.1965,2.72419043542579,0.0384640756525853,2390.08190324335
7631,0.3075,4.20209437202245,0.00749463365777135,17989.9638430479
7632,0.4065,6.30386970573645,0.00859945515825795,25439.4109882756
7633,0.308,4.5876118694393,0.00647889067387114,22275.5904825561
7634,0.094,3.12648272869188,0.0252172430132108,3943.67125140518
7635,0.2755,5.47188000379534,0.0105918028011663,17473.7888624158
7636,0.3575,3.50472406119978,0.0105296270082063,11458.8224676096
7637,0.436,4.26784620207859,0.0082474549674724,17879.8322223482
7638,0.2985,2.27857822875151,0.0165979679514693,4792.09660335097
7639,0.311,3.6065062632706,0.0554705140258787,2395.05074962018
7640,0.3645,2.3684486861282,0.00566755179986538,12899.6193743917
7641,0.195,3.87626725804946,0.0150877942797805,8542.57769834543
7642,0.3295,3.95193524788922,0.0114618559548255,12023.2917347489
7643,0.3775,4.08044924842687,0.00903845407771688,15497.1230060952
7644,0.2485,4.56828444275162,0.00759987367259483,18809.9906109361
7645,0.2905,3.44185937778076,0.00536898096294916,19224.5753864245
7646,0.2365,3.97915716394811,0.0133840149604305,10130.6494622868
7647,0.215,4.19521204567531,0.00859426383209562,15035.2655672433
7648,0.3075,2.66629458180292,0.0122966488686406,7423.51286747241
7649,0.1865,2.70041528847256,0.018899913151175,4884.88476620386
7650,0.4065,4.50315442337809,0.00941907598508613,16629.4666529115
7651,0.139,1.35240133889096,0.0217337132902301,2040.40010489641
7652,0.2475,4.49326046094339,0.0234379238364491,6721.08703020206
7653,0.2105,4.29916028078721,0.0743674243036774,2038.07280644318
7654,0.298,3.10827591482402,0.004815199614529,18667.3797671592
7655,0.3705,5.06388021138133,0.0149925468302945,12120.7448194184
7656,0.2935,2.32385656306145,0.0171716324946657,4694.8471921518
7657,0.1945,3.60702063194141,0.0101904665961542,11062.5886292876
7658,0.1715,5.74399908890868,0.034914112158235,5864.864603607
7659,0.2635,3.87280434311926,0.00564919732409596,19934.5964642503
7660,0.338,3.04103802199349,0.00456168219334649,19749.8022719919
7661,0.1685,3.1875155762922,0.0306597306367577,3591.67123902568
7662,0.222,3.91291314401225,0.014984556821478,8871.91694079084
7663,0.1595,4.62212901321647,0.0424706596268044,3951.75602020307
7664,0.2465,3.70541838002538,0.0131691053481558,9470.98152562665
7665,0.184,3.66446427835144,0.0729279257664848,1813.3726370999
7666,0.184,2.78567926279427,0.0152693402800638,6026.03189493433
7667,0.1575,2.24918822859066,0.0273539312360455,2763.078533961
7668,0.351,4.90224737180787,0.0156942248945043,11268.6641624411
7669,0.296,4.17773824557575,0.00796671466496276,16840.8892252528
7670,0.1435,6.39653331592519,0.0750324443666763,3001.51866143849
7671,0.2525,3.0470237386849,0.0124184386128789,8269.98459731834
7672,0.259,2.71842738876632,0.00640292535833098,12708.8
7673,0.2655,3.21786598988426,0.00737471402813268,13599.812783078
7674,0.3075,1.97233460403926,0.0147093842134307,4636.15303395158
7675,0.2635,3.00936063888159,0.0081206958862072,11747.2744819848
7676,0.103,3.24968841777372,0.0852347990121576,1295.78755233861
7677,0.432,4.2280553415516,0.00853519614717149,17227.5879569815
7678,0.1885,4.33889694560246,0.0323979230378199,4566.65241245644
7679,0.1455,6.37096565271304,0.0106490645038746,17645.8314995948
7680,0.137,2.60302568019975,0.0482436398214568,1899.30818459969
7681,0.4285,3.65699376753904,0.00461324561715511,24709.7425166324
7682,0.3185,2.05914368101832,0.0101454921981526,6807.55423645394
7683,0.288,3.57051735086318,0.00711730166645603,15822.712703138
7684,0.255,4.77682829786861,0.00890725546706594,17322.2164488642
7685,0.1625,3.73012777739521,0.0131960617889848,8863.22272482364
7686,0.2885,3.06477252377448,0.0195709483673042,5596.85218756024
7687,0.2865,4.5161570183813,0.0138178616106087,11233.5966999852
7688,0.2835,2.63221950348078,0.0130375438380953,6870.17021359159
7689,0.2065,3.73086887797658,0.0363037078854663,3723.48736591608
7690,0.287,3.75711032691409,0.00627401123568476,18224.2177723086
7691,0.318,3.94578210901001,0.0082024891359505,15929.2425000035
7692,0.376,2.95424907337995,0.00451839864371536,19768.1442536448
7693,0.277,3.5859979352768,0.00774773074653146,14676.5722622573
7694,0.2395,2.27966134734274,0.0245204982053709,3233.63171119366
7695,0.2565,3.70133965358066,0.00770337049406084,15207.6777126217
7696,0.2365,1.59717073376696,0.0140138095967922,3734.91339397883
7697,0.3225,4.51586208254948,0.00916996117151655,16720.2853050715
7698,0.1195,5.02135072650848,0.0562151816220489,3172.91876282487
7699,0.2105,2.60892242901333,0.0125787918852253,6863.45315829736
7700,0.2645,4.64749003490905,0.00612225122316073,23013.9828830225
7701,0.377,2.77952473197734,0.00757658319668049,12188.021540908
7702,0.337,3.63270950457636,0.00813132781047711,14721.8812233669
7703,0.1025,2.78099612316286,0.0449916249967144,2118.13299099931
7704,0.2445,2.92152108205809,0.00555064354135189,15053.2534357972
7705,0.3365,1.97828330567924,0.00589191226327107,10277.2622459192
7706,0.226,2.47313875641482,0.0385316721223177,2346.609897616
7707,0.2135,3.57841003380809,0.0264763765643897,4772.64673075715
7708,0.2025,4.925130255681,0.0388778202568022,4626.56040886788
7709,0.1315,5.87986835408468,0.0149780322609221,12223.0575292687
7710,0.2535,2.465783491566,0.0115658643953998,7065.56287219364
7711,0.337,5.07173649749407,0.00630528686666083,25777.211467788
7712,0.1985,2.90959919285956,0.0273903144243572,3805.03981946863
7713,0.418,3.58332649796295,0.00908622677333383,13661.7515882468
7714,0.22,4.89650593151976,0.014138123105796,11499.7852535239
7715,0.1525,5.44729131218768,0.0298751027784691,6463.08548021454
7716,0.3465,3.71822651553763,0.0371235675775094,3525.52458197136
7717,0.3795,3.03712690599232,0.0138031341877752,7878.59644772649
7718,0.2425,3.01569352919799,0.0130631899281122,7833.10505659137
7719,0.1015,2.25873702828227,0.0349003495925632,2204.21174140495
7720,0.29,3.98085531417722,0.0101660754516923,13156.3835305858
7721,0.201,2.84586742512216,0.0153467907630485,6208.73423455382
7722,0.1965,4.57548040692145,0.0736506404406718,2270.87121970033
7723,0.2065,3.53710057457433,0.0138750474434723,8464.42757474246
7724,0.286,3.0427428572551,0.0339255146905751,3348.33313091962
7725,0.29,3.21366889930989,0.0079396293680521,12904.3553265717
7726,0.2895,2.17459626440393,0.00700031047816136,9599.93483401944
7727,0.314,4.79139329042932,0.0077139720199496,20501.7074728893
7728,0.2975,4.17088982210042,0.0126411438301085,11360.5344350404
7729,0.2265,4.94389341183222,0.00822702444077724,18662.775392349
7730,0.1025,2.61084632845319,0.109784847720219,810.227331729678
7731,0.279,4.19774425945803,0.0152331354064824,9745.92244108048
7732,0.199,1.97412192093544,0.0141352842169672,4568.33384403248
7733,0.0745,2.13478278956967,0.0472945357487142,1506.62759286862
7734,0.281,3.24200213423572,0.00827046523634607,12740.8897531884
7735,0.2685,2.45730356001487,0.00492326985196933,13991.6978972906
7736,0.333,5.5565118632552,0.0122715710061091,15929.5872904609
7737,0.39,2.76131928865032,0.00891284200916031,10618.428982373
7738,0.3445,3.11223604364645,0.00577330381237586,16852.1606662478
7739,0.227,4.74231887104494,0.00842988540188769,17390.8708417361
7740,0.196,3.45247480486894,0.0347687195882862,3290.42138604823
7741,0.3015,2.96690333698855,0.00571162862743858,15608.014419493
7742,0.105,3.42059627991439,0.134679570823769,854.461738676136
7743,0.2505,1.94077346545879,0.0127312549333351,5113.46307764027
7744,0.3605,3.81300002658912,0.0111251989608302,11966.8849610534
7745,0.2165,3.49861125162602,0.0118088111813898,9586.72501411632
7746,0.2745,3.07707951501814,0.00652635170865248,14489.7877886043
7747,0.414,4.5343007590822,0.00665214964214141,22659.0887379126
7748,0.4625,5.11445184768703,0.0127302995386722,14683.5456484097
7749,0.225,5.34123118664048,0.0116432024352622,15298.6357749083
7750,0.4425,5.65568970593605,0.00878740861533272,22680.2480510934
7751,0.198,5.46244704791593,0.0174134743052508,10751.3287180198
7752,0.3055,2.24918036732347,0.0070978456225163,10008.1790418405
7753,0.2315,4.36486453683102,0.0153609265716623,9615.12509029464
7754,0.3285,4.42557617171661,0.0109477296807606,13950.3190111809
7755,0.306,3.79782536358855,0.00735499829226135,16687.3140165211
7756,0.267,2.17776343390992,0.0124916295133866,5869.7172088577
7757,0.2225,3.3901081621822,0.00998424490862178,11003.8482834016
7758,0.2115,3.42341468014564,0.0156565177085139,7389.65255821611
7759,0.2745,3.16991667977228,0.00855630067157543,11961.6766035968
7760,0.2825,5.27933149604262,0.00832239638927887,20685.1424787534
7761,0.197,4.19521251206884,0.00898797113886425,14344.5965397492
7762,0.2155,3.40316791125093,0.0156129996793368,7459.52748431057
7763,0.34,2.55002853221735,0.0106437427340698,8179.43886717367
7764,0.2065,3.81920804661525,0.0138735875408981,9056.27403696476
7765,0.2075,4.67265629702075,0.0240787942941272,6917.19340466088
7766,0.2975,2.37625147599375,0.00695008734505458,10491.42615374
7767,0.3425,3.17636686194812,0.0170996968901482,6689.64127220482
7768,0.2975,2.04633322615269,0.0125793954531473,5509.07255643599
7769,0.282,4.35490722932412,0.00819053299302981,17280.8006317948
7770,0.268,3.81263586207654,0.0130765537646759,10092.6386840927
7771,0.1655,3.99152451254275,0.0167839065488954,7963.65471676375
7772,0.3655,4.84276473486442,0.00823722565626331,19911.5469312016
7773,0.2695,3.58344869656577,0.00689015447233055,16187.1463864946
7774,0.15,2.5611510886704,0.0134703945148307,5936.40410665585
7775,0.2745,2.05538022122092,0.00645403651357068,9390.59654813583
7776,0.2615,3.36563034353942,0.00780982820652632,13441.1525561316
7777,0.183,6.22125287823902,0.0258418372242681,8385.84762553381
7778,0.293,3.09485245287976,0.00787546748640536,12595.4527271606
7779,0.206,4.11077552121771,0.0143086302983282,9561.76502326995
7780,0.3455,3.53587997549168,0.00821841581037071,14267.23763402
7781,0.181,4.21049049138451,0.0955946041105645,1584.10834800623
7782,0.219,5.04792178226398,0.00745657343418863,20528.8349582362
7783,0.2975,4.73272737433642,0.00649779818448574,22797.6361392917
7784,0.15,4.32876344082811,0.0511676615533249,3085.6918310904
7785,0.3015,2.29118126114194,0.0101772056944054,7480.93544816635
7786,0.1695,3.85400592278109,0.033103880285107,4038.85596218446
7787,0.2115,2.81919108777415,0.00650322511980375,12432.9677821107
7788,0.253,4.8485430971252,0.0116320019980101,13936.5171485008
7789,0.204,4.54266089087261,0.0135009302419355,11262.7140253172
7790,0.274,1.99643820520054,0.00766675578982967,8208.27960234028
7791,0.363,4.58927272566172,0.0117328110649266,13883.4994852382
7792,0.1705,3.15722645472167,0.0113228686948047,8546.22567612207
7793,0.249,2.42204588928874,0.107339812938447,824.446010347937
7794,0.1635,4.50051193906875,0.0567128200272431,2903.25144598981
7795,0.2505,3.32330757021709,0.00641466065765177,15506.2548261914
7796,0.1935,2.49458763152924,0.0823383214108512,1103.91390259038
7797,0.239,1.56293506115015,0.0228962171937364,2382.44603833191
7798,0.217,3.0976511447193,0.0121356230114521,8381.34760107356
7799,0.1965,3.35924495199786,0.00624019821448021,14788.7033934871
7800,0.382,2.36731893521725,0.00784424684070376,10061.4029407525
7801,0.401,3.9201931097133,0.00949055035512152,14212.3692145415
7802,0.2945,2.69092357618227,0.0284613306702556,3496.26575204919
7803,0.2545,3.73408227815374,0.0222878949162207,5905.93229801561
7804,0.3125,4.60614779273442,0.0518421767575056,3323.10402048866
7805,0.2285,3.86171616466172,0.0679288339968217,1960.26608943599
7806,0.33,2.58504596581797,0.00729039758981728,11320.8035325559
7807,0.124,3.27318181838542,0.0828391417159053,1336.77720766289
7808,0.238,2.38100619155834,0.0129250275503522,6131.43225659691
7809,0.1215,4.71285930600479,0.01551672001928,9109.65594713964
7810,0.1925,2.74886981348411,0.0181813936426415,5250.32057970699
7811,0.2645,3.0946201180619,0.00959492529964299,10507.1043184564
7812,0.2925,4.95558051016984,0.00786877084410095,20521.713152281
7813,0.2015,2.62261602372167,0.0156418072893397,5658.80865757215
7814,0.1695,2.96175971371828,0.0244854866185827,4168.18158583352
7815,0.1705,4.75681053487329,0.0593441371716017,2902.61651598225
7816,0.2375,6.05350781641358,0.0112001477043298,18043.2821321558
7817,0.1385,1.61411667973181,0.0254698482303378,2127.45485285571
7818,0.2375,1.72919381552162,0.0176536714455527,3294.71406195822
7819,0.3345,2.41678261416634,0.0159492655996163,5412.80863055805
7820,0.223,3.09009526882017,0.02139123217136,5117.246808657
7821,0.2665,2.5097812199997,0.0125674765331301,6749.74764653077
7822,0.2485,3.70039140070819,0.00840553723856174,14186.7592291927
7823,0.193,2.25632067099692,0.025129232411854,3092.82478283211
7824,0.1315,4.00626912171694,0.0167367235333034,7528.33344821178
7825,0.201,4.36578130476617,0.011536817478583,12201.889665969
7826,0.1625,3.96138472320384,0.0135277309462634,9449.21871168077
7827,0.339,6.19847639129509,0.0151433139596989,14626.2974538977
7828,0.3835,3.7726446131053,0.00903203369517142,14380.0075781869
7829,0.3515,3.66341916541675,0.0122718418696077,10490.1221721661
7830,0.3435,3.73343860109705,0.0115561497007143,11327.0958374889
7831,0.1565,4.25892682163975,0.0266612277322836,5398.89730832057
7832,0.3235,3.95848086764332,0.0104546118027178,12926.4486496356
7833,0.1735,4.78104086069931,0.00697488058483415,19151.2843589437
7834,0.3165,3.73546490058128,0.00723159378670914,16841.2541401433
7835,0.1845,4.48624421429076,0.00812666049600361,16168.6095756698
7836,0.43,3.76856322400807,0.0089378754256279,14642.7342711393
7837,0.166,5.74937671765439,0.016011993441262,11799.3291422544
7838,0.2095,3.56986039827675,0.0287252743048974,4249.42254317217
7839,0.272,2.29516864165636,0.00668929163780288,10442.1458065528
7840,0.247,3.34150856795488,0.0758014605185552,1558.5927211931
7841,0.2565,1.76016945832822,0.0150744343774335,3983.66575801546
7842,0.228,1.58231484169811,0.00477549666052002,8620.93081701311
7843,0.4145,4.52624553904591,0.00933828403965859,16988.5310170401
7844,0.1675,4.66833522979575,0.0514163765565757,3289.0907684576
7845,0.305,2.7289926228107,0.00892205564502339,10128.3597666307
7846,0.1425,2.9008160402601,0.0162425377368967,5793.47601932595
7847,0.3565,2.88164687195043,0.0123410408714088,8135.1183519101
7848,0.274,3.33412366451773,0.0104936156957404,10517.2497009383
7849,0.2395,3.52260284379261,0.0109853853626402,10578.984619764
7850,0.3045,2.0984431220849,0.00642486634835792,10078.9518765382
7851,0.2755,3.71334922288142,0.011447628569646,10962.6299792239
7852,0.359,2.73913203706436,0.00914226051669458,10226.3478649755
7853,0.303,1.89980991215156,0.00671349926659175,8673.33274879439
7854,0.287,3.21377711576517,0.00589467955274455,16666.4774564641
7855,0.2325,5.30179287858013,0.0350029737471236,5207.00345478414
7856,0.16,2.84013065910107,0.0362727904435151,2656.08771532527
7857,0.44,4.78005191151265,0.00981501571676044,17065.8706402894
7858,0.3175,2.25061094357242,0.00857575109175714,8588.31393100902
7859,0.2555,2.99711340449518,0.0130376210704616,7776.38038908378
7860,0.3185,2.40087124895849,0.0104690628090611,7746.97294407927
7861,0.171,3.31021108696319,0.00723907008034712,12909.9095948203
7862,0.215,3.02021581305451,0.00943537956633356,10134.5191709186
7863,0.136,6.98830041481753,0.0149942389008319,14770.3097274978
7864,0.22,4.91586627790215,0.0184383274267111,9084.12921323722
7865,0.473,6.50067377943388,0.0203837077472263,11906.8965345469
7866,0.2875,1.91551153581003,0.0233892087434549,2910.6250061066
7867,0.194,1.48332720589614,0.0355288845294153,1436.33940117039
7868,0.2495,4.24702851779206,0.0125495714729393,11383.3751657233
7869,0.197,4.77980841454837,0.00773149110405854,18542.2433874194
7870,0.3285,2.90615709573221,0.00910532224090416,10651.1797953473
7871,0.359,4.84570889886274,0.0105669534252859,15841.7827737783
7872,0.1705,1.79732365502129,0.0371479889597172,1698.97120732789
7873,0.4135,4.15424083137766,0.0110180132948393,13380.6226728262
7874,0.3745,3.19175185306549,0.00684531474995974,15177.539625083
7875,0.2395,3.47429567405775,0.0108451169066019,10494.8797567483
7876,0.3105,3.67048016505187,0.0457945130375068,2994.74432088947
7877,0.2005,5.44566158704394,0.0112193290150016,15632.695088696
7878,0.414,3.96492523042252,0.00734138402442907,18329.7269987658
7879,0.2625,2.38638150413065,0.0337839078033298,2606.79669705726
7880,0.155,3.18556168535894,0.0467705075628193,2462.22658563593
7881,0.354,4.3601466773936,0.00764686614083181,18740.0424177392
7882,0.19,5.30127247743899,0.01409805317557,12443.4583866712
7883,0.393,4.517367182074,0.0103812614891711,15104.7142009462
7884,0.134,1.94182515611843,0.0276661283988166,2374.89865463224
7885,0.156,5.25655690643551,0.0328479970353571,5586.75028720051
7886,0.1085,3.13508505921,0.0210218452449324,4714.56959713043
7887,0.2925,3.75830996833829,0.0200437708453994,6735.84787730233
7888,0.286,3.36231133409791,0.0166301581747081,7210.04722308612
7889,0.186,4.29696255682251,0.0635724904293468,2367.94962713205
7890,0.321,3.7191880164182,0.0188688469668736,7032.76018861937
7891,0.211,3.67915208867489,0.00944334213885793,12266.0027254628
7892,0.156,4.10687286102686,0.0973637968626529,1551.09174516249
7893,0.3735,2.57804466555213,0.0100459462063882,8790.82083252493
7894,0.2465,3.72580137015394,0.00889970946836426,13420.5988770088
7895,0.1865,2.21693391164326,0.0432017872379418,1848.18946268112
7896,0.3255,3.19536976220354,0.0216251206466676,5295.19184391146
7897,0.424,4.05295285539543,0.0108662586263983,13189.0839279521
7898,0.327,4.63728294272395,0.0149239481499771,11200.6119994778
7899,0.159,4.87134667629168,0.037763369892206,4713.28665663225
7900,0.446,4.57476649065956,0.0066324514609727,23397.7477136111
7901,0.166,1.54693475100815,0.0212732674495187,2416.78777156606
7902,0.275,2.89824008284054,0.0152781783704246,6495.67704583784
7903,0.2315,2.8284690845495,0.00786805539830043,10975.5667907474
7904,0.251,1.70310957374832,0.016552685159004,3475.67529527976
7905,0.3115,2.82543206947388,0.0142855918323622,6903.91515790087
7906,0.4205,5.23996441773689,0.00603135239479073,28851.6258627158
7907,0.2385,2.49534538442042,0.00768811323301058,9808.28055868726
7908,0.2025,3.4536527316317,0.00794877889779441,13057.6301459874
7909,0.1555,6.68928682195534,0.0434141142403932,5475.38877927104
7910,0.3765,3.22330595758177,0.00769477548111579,13941.9354696028
7911,0.355,7.87062230784507,0.0279692646066881,10607.4228584323
7912,0.2425,3.01138701751383,0.00731971377710221,12487.3016016272
7913,0.1975,3.24657862429922,0.00768807164072277,12379.1454372179
7914,0.255,3.90072359305704,0.0589819565493736,2409.10014353987
7915,0.3195,3.95280987980147,0.00605218059274422,20460.6536672669
7916,0.255,2.81931750204886,0.00545849135512516,14768.6698670367
7917,0.282,2.03600897764293,0.00729469171998343,8715.59420380035
7918,0.195,3.25816716336394,0.00661815106635804,13663.4555185702
7919,0.2775,4.60932349506757,0.0078552072098803,18939.5822074758
7920,0.156,3.50535823229047,0.00872301970089229,11362.1285728415
7921,0.378,5.29102034067161,0.00849732792667397,21557.094131186
7922,0.1945,2.47346111537014,0.055285487355424,1615.69950370441
7923,0.1145,3.15679601577661,0.0345264669209224,3089.59456964614
7924,0.4105,3.28952994667072,0.0156161526754292,7474.30228166706
7925,0.1415,6.17836261717348,0.0175790494271651,11553.7383584912
7926,0.2485,3.64128280018573,0.0118976663473779,10284.0317962835
7927,0.2995,4.41616932536931,0.00653334229489811,21057.1005760472
7928,0.0845,3.63895574994573,0.0734470602980024,1747.62076097632
7929,0.255,3.69466375007806,0.00939653182522396,12697.4563724504
7930,0.154,4.72542389940206,0.013540874770227,10948.7114336757
7931,0.431,4.60263892637882,0.00742444780834417,21161.8926223848
7932,0.332,4.40624743416135,0.0357879892597151,4459.10254314812
7933,0.3945,3.03263740646975,0.00953622577296244,11022.4198687492
7934,0.4085,3.23377452257121,0.023250541588788,5071.98310799185
7935,0.2075,3.87031339671511,0.0175515828390209,7518.32530940811
7936,0.2545,5.95149152255274,0.0348833113546023,6304.45858261568
7937,0.28,4.64068826380198,0.00964428414514873,16105.6532591326
7938,0.295,4.26261337454837,0.0330052714947755,4753.29197097273
7939,0.44,4.36699337528519,0.00702628139674146,21215.7796226992
7940,0.2005,6.09130663479503,0.0127122510211098,15771.7242082508
7941,0.1285,6.01239796733397,0.0192849213881908,10217.2850573417
7942,0.362,3.6094802015025,0.0157720033722268,8274.82115583385
7943,0.3095,3.91258944466959,0.0283190357363018,5309.98003097663
7944,0.406,3.18530424368774,0.00617237752620128,16728.2587830382
7945,0.29,4.58924487359557,0.0125614399918608,12519.8427604414
7946,0.229,4.50111388205872,0.0105454172245318,13930.2915020442
7947,0.318,2.4319751103763,0.011926879372669,6968.56118551088
7948,0.105,3.10993624481701,0.018723500213358,5059.41664759494
7949,0.2115,4.95616865072747,0.0176293496277046,9618.44038460646
7950,0.1465,2.24930077181192,0.032838270431138,2382.86237546978
7951,0.1435,4.06293610718239,0.0439209043179854,3274.86366921151
7952,0.1955,3.02764670749459,0.0175591097697946,5763.76505532622
7953,0.3405,4.62437326943682,0.00659451616726198,22629.4650137841
7954,0.164,2.1289550309973,0.059453532840063,1234.77446315156
7955,0.172,4.35967015449761,0.0328877733248779,4601.25797610612
7956,0.422,4.39041645077477,0.0141248485191259,11190.5539315755
7957,0.1125,3.3421254235304,0.0438706983636384,2742.79351679216
7958,0.101,5.0754637760163,0.0282710107783918,5855.74531394749
7959,0.3245,1.85887153235236,0.0151029342908026,4265.83648925282
7960,0.2955,3.21786041666187,0.00693496075929821,14726.5557717845
7961,0.2995,5.1781471760576,0.0066452480712342,24704.6613910576
7962,0.114,2.67322764515643,0.0358303618952891,2544.71171885888
7963,0.2315,2.91172513704251,0.0357144585960135,2800.03378647707
7964,0.239,3.04294902785335,0.0129942221264416,7894.98269089017
7965,0.184,2.28738011730661,0.0553863187247086,1520.15991954852
7966,0.206,2.99749448872242,0.0101075329273451,9318.32333766557
7967,0.277,2.63812982270193,0.017897993259417,5138.24561388712
7968,0.274,2.05209777329249,0.0127434980932742,5464.58361018826
7969,0.2705,3.57833187889101,0.0136975303034772,9031.77103354155
7970,0.164,3.28337844987153,0.0860987927582493,1314.42789985453
7971,0.44,6.28444178981452,0.00918629293589079,24125.517140364
7972,0.283,3.36469946619968,0.0166693534701754,7077.1698470583
7973,0.3705,2.48906595248275,0.00722887975902087,11316.2805212658
7974,0.3525,2.89348026615472,0.0083892653548562,11505.0375419086
7975,0.2365,3.09176949460332,0.00842471424065838,11398.1018932192
7976,0.244,5.0100776089491,0.00932462599564148,17201.4021435742
7977,0.3745,3.00360993777193,0.00738011392193563,13471.9525476407
7978,0.378,3.88558874962089,0.0129468064155891,10767.4879650913
7979,0.3165,2.93779887054939,0.0104318287445047,9491.50488472528
7980,0.1735,1.66336012821297,0.0136610211797658,3814.90905457427
7981,0.32,4.23207664420059,0.00688641054683868,19627.6108362253
7982,0.229,3.41725338116144,0.0190103223549619,6255.08457221445
7983,0.1895,3.72082121547769,0.0174858223414483,7206.23787693604
7984,0.415,5.4679979047734,0.0194572480124925,10188.4237222343
7985,0.271,2.78224497059998,0.00752191689605676,11496.994556348
7986,0.194,1.50997757296621,0.00841260232265507,5117.06828472439
7987,0.083,2.69475925590877,0.0424363862550822,2167.37515493089
7988,0.165,2.41953481514365,0.0201001582500369,4021.87147481033
7989,0.191,3.72677499112652,0.0113894067169644,10459.458708541
7990,0.1645,1.75182058395939,0.0120005587706901,4420.1266719896
7991,0.2425,4.12887582294493,0.00698810100372348,17943.1718313913
7992,0.3385,4.55950039635488,0.0279101667894117,6391.1623849563
7993,0.172,3.53223165295473,0.024690982809357,5005.42147212122
7994,0.386,4.25628384448135,0.0127846860892406,11925.2635072465
7995,0.207,1.93437483327998,0.0348698638736881,1921.01101811404
7996,0.301,6.21017764535836,0.0227319349029025,9960.0448619268
7997,0.4435,4.32444365000988,0.00793289635505776,18921.7194720185
7998,0.231,4.02933038081941,0.0113190709489085,11711.0717308003
7999,0.119,2.17411143039451,0.0743891432485704,1033.31423948928
8000,0.2465,3.33272657424231,0.00586693990730791,16731.7878314523
