"prevalence","meanMOIvar","meanPTS","inverseSimpsonIndex","instance"
0.162,3.13592781155535,0.0668462279479714,1695.14790935811,1
0.4605,12.7406553158034,0.0176060915766835,27156.7284417469,2
0.444,5.63903418874643,0.0434496578215473,4920.98672299109,3
0.407,6.1801454133629,0.0701120433450259,2631.59066453543,4
0.386,4.20533796604453,0.0430060422552653,3710.91640183125,5
0.464,9.26328311484613,0.0113620230226557,29705.4416780758,6
0.4595,14.5393066029385,0.0716841565590538,7474.63348719909,7
0.2815,3.3253192679376,0.0417229166233978,2899.99073182553,8
0.3585,6.62400374989662,0.0354134376366792,7121.03051220366,9
0.3375,4.04507441203636,0.0159773352441824,9205.45049887305,10
0.372,3.86638126214315,0.0175763929594722,8036.0019636402,11
0.329,3.84244277904352,0.101532954413775,1310.48939271062,12
0.2245,3.82575903722617,0.0672314401853147,2087.40072201225,13
0.1295,3.60276294294821,0.0359544635969564,3466.76749258907,14
0.3865,3.29263393739124,0.0588098416379132,2053.72034051689,15
0.117,2.83877510846982,0.0894246166386573,1169.28840350062,16
0.1415,3.12985622775035,0.0580402158860285,1940.31206090805,17
0.3725,5.49424176389003,0.0473764156686181,4318.20154137194,18
0.4195,6.18209387081494,0.0581436417158617,3957.59770192757,19
0.2905,1.83351809350184,0.0195054115669871,3295.44581500251,20
0.4465,5.93306061654323,0.0343778533174727,6541.02774028563,21
0.1405,2.98792580910437,0.059296247229842,1779.37985674511,22
0.264,5.17877656317671,0.0397940415686994,4886.28863579732,23
0.3765,4.84207721634009,0.0194147308482398,9082.10018140998,24
0.4385,9.50423437103206,0.034476680459687,10433.9778764621,25
0.347,3.94402496899883,0.0272318394074063,5317.01924078073,26
0.3,4.16352239592381,0.0575808075955611,2621.02161902114,27
0.294,3.56523570799378,0.0402141685981865,3265.38372234905,28
0.2075,3.00490657508849,0.0485177558506722,2215.69614981685,29
0.2625,2.60387377289115,0.0569260245720844,1680.42986767486,30
0.3115,2.53379488722466,0.0728089123618111,1265.95921175468,31
0.46,12.9228926895129,0.0470201819190893,10235.3481907474,32
0.3365,5.11126394483037,0.113134943856108,1526.51866443909,33
0.476,8.94841372168015,0.013880217238619,23809.1196756545,34
0.3665,2.70241373994835,0.0173536444921336,5540.49647351164,35
0.372,3.78421162046592,0.0268704565301937,5138.54939475423,36
0.269,3.77698731511727,0.0415766067958907,3340.65513251186,37
0.3645,4.78481905119722,0.0822762595238752,1971.98889356297,38
0.359,5.52469838910291,0.0284264861028066,7375.31566182663,39
0.3115,4.04149601277977,0.0687283781562952,2149.61442873896,40
0.303,4.50638030431029,0.0192401946775379,8698.45004107743,41
0.1855,3.2608515552055,0.094873511767872,1246.81222297591,42
0.4395,7.45557826761993,0.0607354223079532,4383.89508795926,43
0.4375,7.41736400347134,0.0339898530414379,8249.59814522885,44
0.3905,5.87505224715165,0.09399131211889,1582.50581601079,45
0.4195,3.67768250957771,0.0145172766516419,9166.58679381873,46
0.4565,6.38170180113773,0.0250449864644344,9282.46295781617,47
0.311,3.13603363819039,0.0137059779440824,7916.71988465461,48
0.429,4.44989571441097,0.0141192143408298,11525.4817830279,49
0.3615,4.89946469660403,0.0143081970135504,12202.2394126994,50
0.363,5.108003484028,0.0223565668343653,8462.15814301706,51
0.4165,3.80709552181032,0.00860103242184906,15154.4976999005,52
0.4065,3.37173459114117,0.00918178045662462,12527.7787842203,53
0.1965,2.93025980695815,0.0840016806969483,1240.29796720489,54
0.2815,3.79816922961947,0.102322097300809,1296.93774430999,55
0.332,3.87220662720066,0.0327276450129276,4369.41818607311,56
0.4325,8.44810456042821,0.0363780354364879,8887.93740741746,57
0.4435,7.77331363757524,0.0958094381490755,2766.67118236275,58
0.1885,3.43724425037417,0.024573348619333,4933.71825247657,59
0.3935,4.0074091920316,0.00874322279287953,15604.3485343705,60
0.4305,3.86583003877774,0.0176899706597448,7981.03517664424,61
0.4615,11.1120330145361,0.0338924035636371,12520.4987297288,62
0.449,5.84829818855602,0.0177521469448358,12255.8992761396,63
0.4295,4.31367653028915,0.0131222388450562,11837.974931683,64
0.2945,4.15904586905909,0.0140330130675318,10556.8008119798,65
0.4405,3.56203887471946,0.00887509972597682,13861.6004063223,66
0.4405,6.42166561219109,0.0304148104274379,7740.40076318051,67
0.4505,10.9292976347195,0.0960415247210799,3354.30422550826,68
0.3375,6.26266950715345,0.0314645916569753,7474.50369736112,69
0.403,5.52483743083774,0.026980825482897,7640.19122575091,70
0.3525,3.76588402820413,0.0410593112106516,3390.2318874058,71
0.4005,5.69479826659219,0.0602404735903189,3345.02223078453,72
0.4725,6.4735691375886,0.0264658116025571,8980.295224087,73
0.447,5.67999324527845,0.0135591145871715,15220.0754144601,74
0.348,4.54521946286764,0.0245104995090028,6775.02990669697,75
0.1455,2.71972542724666,0.126453976479022,721.189945348733,76
0.3035,5.45270245051395,0.0430750101609893,4571.02308842353,77
0.4485,8.85730765598056,0.0124096852851535,26166.0360838561,78
0.415,5.18430752163112,0.0441105298061449,4432.32593640003,79
0.283,3.16618828140635,0.0221570514843067,5196.60139024142,80
0.3455,4.30926004191212,0.0357209653267115,4469.63995210711,81
0.3875,5.3601774927237,0.0157100557654186,12303.9824223193,82
0.329,3.11861437167008,0.0558571043342548,2058.87234844801,83
0.3425,4.62530065441178,0.0212990191836201,8012.81254609955,84
0.33,3.48475372749112,0.0662390846288781,1960.46476758148,85
0.467,8.66792065179291,0.0135067808386392,23583.0936928263,86
0.3155,2.28596465918382,0.0201760248039279,4062.57373922079,87
0.3905,5.81910838718931,0.0274398527242046,7749.02854361592,88
0.384,4.56414559743211,0.0678820470765447,2517.44534569718,89
0.342,5.08545238652932,0.0532212731797337,3615.43449701097,90
0.3435,3.29083888968468,0.0121128581308616,9481.63236889972,91
0.168,2.93169896814189,0.0261498543974405,3829.59917028637,92
0.324,4.95099771830675,0.0089079688766231,18515.5271918376,93
0.4375,4.91363488429249,0.00876621668150882,19691.7592906735,94
0.395,4.4515908800815,0.0510072452976139,3101.81340558612,95
0.157,1.47247582376123,0.0220127137980601,2255.00389273645,96
0.2755,1.72039940663798,0.0276813433069719,2230.13105862035,97
0.4555,11.1353558017815,0.0703008682376779,5794.76791632223,98
0.2915,4.92239399664775,0.0266746831333239,6539.11249340731,99
0.14,2.56030783546859,0.143757952594009,642.460685001338,100
0.373,5.6806339536234,0.03017515187368,7061.02713580989,101
0.308,4.26016623287927,0.123344794175573,1006.04344966238,102
0.405,3.08027200095021,0.0179272620204219,6204.71505885593,103
0.35,3.73255261114188,0.0660203180967649,2053.9361373884,104
0.4325,4.65032725044688,0.0146695063542382,11547.9620887991,105
0.363,4.73950984367551,0.0183727116230132,9351.45064390672,106
0.3925,6.80961066298557,0.0361258995228803,7129.90223238808,107
0.24,2.98418917231401,0.0456819098909098,2324.15059356701,108
0.2295,4.66123731786227,0.0793030306677279,2036.30185267428,109
0.3135,4.53611041066537,0.0139737360446352,11604.652863194,110
0.1605,3.44008264498355,0.0312131322095093,3914.69717269835,111
0.225,4.82664154107521,0.0745260076217513,2211.0274287904,112
0.299,4.1835789443655,0.0568696143555868,2623.94263536192,113
0.3255,5.88218394506572,0.0509500328761763,4336.44204836168,114
0.25,4.45231107864491,0.0685536775952315,2308.55894764551,115
0.365,4.57312056592931,0.0101015676149591,15623.8647485946,116
0.279,5.33875935125693,0.0381334638710909,5182.43356308921,117
0.459,5.64551003243468,0.0129588092982957,15838.6336351429,118
0.297,3.80326502640375,0.0341728572953516,4138.72973545449,119
0.455,4.81250663358128,0.0153783892254645,11459.1151777178,120
0.3835,3.75613545379513,0.0155797029620805,8633.99731556067,121
0.4535,9.05031396190007,0.0153821097564002,21751.0336750786,122
0.1975,3.33301889107043,0.0360664346690939,3276.76269694366,123
0.3935,5.51549911783374,0.016123989260234,12537.8907136788,124
0.36,2.9636567448154,0.00902881971128697,10957.118007089,125
0.195,4.15225607004713,0.0408981073960224,3683.05259333925,126
0.3505,5.015380686494,0.0319304101040683,5875.56305256075,127
0.2085,2.24217464635435,0.0663773677623805,1217.146695561,128
0.128,2.41566174313493,0.134548858379571,611.994759691264,129
0.4555,8.3299658647204,0.0862056774024446,3577.25133732911,130
0.355,4.93547929974321,0.0390075950887294,4723.51418166644,131
0.178,3.94649470816932,0.0725495742684463,1945.55421246045,132
0.2355,3.64838728089123,0.102718833421852,1195.11899378507,133
0.3475,4.267046059396,0.0290856392024324,5418.26243802322,134
0.147,3.07774446984277,0.151660713321537,671.414520044548,135
0.4535,4.69038365760513,0.0152412081773621,11083.178352321,136
0.2325,4.64083514252711,0.101194098682961,1625.42789020085,137
0.4,2.75714072640657,0.0113247751660592,8518.60239792897,138
0.3155,2.60492169530365,0.00832280323173602,10258.8626352711,139
0.243,3.96118951151412,0.0338520295353153,4292.60662747923,140
0.3915,3.06827559476198,0.00754152108512465,13321.2688792773,141
0.221,2.34451820950727,0.0697413738801366,1193.7070527676,142
0.4765,8.52625209013564,0.0304467892188543,10416.6486220418,143
0.231,3.54826514904788,0.0665346638723261,1924.73986488544,144
0.485,11.3466604049774,0.0557648952185752,7695.48615960585,145
0.32,3.38720598141161,0.100550822373342,1090.67208369733,146
0.401,5.50003738127415,0.0534810028386628,3761.03207590447,147
0.3845,5.3690661382935,0.0346139019392946,5797.8766735749,148
0.4075,7.29804583893762,0.045344000677495,6133.93244459335,149
0.437,6.42798110501808,0.00997029620536908,22974.9211889175,150
0.449,9.1363664307331,0.0507882076886774,6819.55993328797,151
0.458,9.12982406609784,0.0284931903898427,12121.1673744808,152
0.4235,4.31100662359506,0.0157983202572732,9987.04284588263,153
0.2275,5.32883018036299,0.0522603715334516,3664.70819482298,154
0.215,4.13777375080265,0.0747449627927564,1976.15996793565,155
0.413,5.24479870103696,0.0445548537960295,4434.91408654589,156
0.4405,6.44339732046831,0.0454422466092058,5420.77938645657,157
0.4,4.47068684783301,0.0169204338239799,9649.9909347155,158
0.3755,6.07111048894577,0.0481691565788734,4662.66233672704,159
0.3085,4.65802683452312,0.0264115117030234,6536.8066809023,160
0.382,2.9499936229752,0.0110943543027325,9184.92858798859,161
0.1835,4.24041333917151,0.0335842686964884,4556.23072416239,162
0.389,4.1582843391497,0.010307525931038,14079.7097770359,163
0.2825,2.38282384002177,0.0185156127179049,4505.21453328244,164
0.272,5.61968333123373,0.0630398255908306,3295.08565866852,165
0.406,4.62223796703911,0.0458719278269287,3807.89343236419,166
0.321,2.00901707280615,0.0443415456803351,1640.73255458215,167
0.34,3.26966842442188,0.0207725208678917,5688.98796138558,168
0.4575,8.69073390126833,0.0526658488112215,6298.42137864672,169
0.404,5.49875194797873,0.0643087242322562,3077.37460384708,170
0.305,3.97371647413785,0.0736536514962601,1912.94583336887,171
0.337,6.15023827462293,0.0240163813171557,9529.11688242129,172
0.2315,4.01795171729988,0.0548807401601481,2663.28175023729,173
0.4555,7.02557455488304,0.0146159482865369,17613.2340614791,174
0.3375,3.87255036114688,0.00998947895207746,13186.0266299916,175
0.3725,2.72071148946733,0.00794736103377373,11381.8212656689,176
0.4545,7.98518140881931,0.0270464533121594,11178.0059121175,177
0.316,4.28832702008548,0.012433134931214,11921.4513934848,178
0.3735,3.25755304335378,0.0103852155802278,10726.7743983881,179
0.3165,3.42676550302024,0.0837042877122096,1494.07992150506,180
0.4425,8.31625210178889,0.0479463598558649,6115.28365344666,181
0.3035,4.21202449700562,0.0356131513973073,4388.47412834973,182
0.4585,5.70471144111769,0.0185032879279449,11491.152710076,183
0.454,10.2658837832146,0.0418527853440303,9358.733724676,184
0.1785,3.28484987074488,0.0595296627533334,1995.91197819093,185
0.286,2.85570973054629,0.108373785668473,958.366882908288,186
0.2915,1.92747568278885,0.023850721533371,2900.87553816679,187
0.4145,6.74941135029563,0.0174741896204806,14219.6950980773,188
0.3275,6.44721638135605,0.0378083386331093,6437.75676751201,189
0.2695,4.55252523956848,0.0159355378238113,9998.88262208112,190
0.3085,3.09600738846745,0.0100923936480745,10231.2131927124,191
0.307,3.02886354002446,0.0883658833905927,1246.34293858267,192
0.4405,5.25434497721085,0.00986505370585665,18883.4931297812,193
0.3895,5.25178511585035,0.0522794998028357,3779.11086191134,194
0.3405,5.68067498411179,0.0455790572604994,4667.45566590713,195
0.277,1.68678473688253,0.00922922509500831,5838.61768688061,196
0.4225,5.1315322806267,0.0122111393294271,15226.0085540793,197
0.4165,5.19611737061894,0.0338103347746442,5787.42202728209,198
0.4135,4.81624144466599,0.00891663691756432,18739.677502052,199
0.4435,5.96364100592766,0.0321982901101849,6993.74648593027,200
0.3995,3.9408818007301,0.0149406924588193,9502.35141973626,201
0.36,3.83515751149102,0.0135679857243253,9999.45389039639,202
0.4005,4.95773792980873,0.0636674552945247,2935.38368963019,203
0.149,3.95616116469415,0.031991744942269,4404.35688065401,204
0.2955,1.88036893289216,0.0101322703857177,6005.59042701047,205
0.306,3.47897117789753,0.0569483997359056,2237.03361273029,206
0.3655,5.35796371329155,0.0239183006240723,8369.94593641995,207
0.4675,8.96166171302789,0.115821369867245,2088.04614488893,208
0.2735,4.20446839345012,0.0378865654336536,4092.93996915094,209
0.296,3.96928416056043,0.0373129782789629,3905.51648374224,210
0.366,4.52413545878772,0.0588933665439418,2839.1094855277,211
0.2075,4.5518504217175,0.0814713482240124,2091.97042281941,212
0.376,5.0034924116737,0.00755347914694294,21970.8128759842,213
0.476,8.41147531997323,0.0209333742215728,15004.8234528724,214
0.3625,4.09169376076627,0.0386929995858327,3944.25924242464,215
0.421,6.07561428688603,0.0597078321585198,3633.34373280502,216
0.4215,9.18689575358432,0.0306261868990097,11420.7995361831,217
0.4065,4.31165280745547,0.0180854536560296,8776.00024381667,218
0.4,3.41471804208654,0.0158800489909909,7578.38515630224,219
0.419,4.6197790431548,0.0124435723045488,13374.5515405804,220
0.31,6.60286183760214,0.0352042108495033,7022.35739560233,221
0.2975,3.92679863529546,0.0975541173199796,1453.36230446747,222
0.279,5.13002299749558,0.0397436644512443,4712.46469381159,223
0.427,8.22085783792724,0.0319556960018314,9780.38218757825,224
0.209,4.40493323138126,0.0776757615874822,2093.40057693264,225
0.3115,3.96050112881681,0.084898260421241,1700.06153215961,226
0.197,3.31355949579731,0.0924094824400263,1257.04640409657,227
0.365,3.09808802061566,0.0477751333554253,2412.219482534,228
0.1865,2.54959917316716,0.037471670981894,2533.05368744794,229
0.315,2.70045042002074,0.0501216297017878,1988.30872129711,230
0.4305,7.65473536701331,0.0263581549346577,11026.117565318,231
0.203,3.6732393206221,0.0322350742266387,4098.2503885777,232
0.4075,6.25860681800697,0.0440569733370335,5323.04031038032,233
0.4525,3.92485446334711,0.00941258399978957,14603.9303138506,234
0.4525,12.8227309720821,0.0821792922186464,5635.01527145348,235
0.263,4.86759506128244,0.0198150694597942,8745.06639732763,236
0.2575,3.15540712927453,0.0268609434761284,4246.11073908214,237
0.43,5.50994330785085,0.0199198772922798,10024.0211586305,238
0.2925,2.80929564478639,0.0638244543140768,1632.72308517247,239
0.1455,2.56690325198604,0.136009573353838,654.484339305916,240
0.456,7.63440303748065,0.0217114455251691,13248.4040165054,241
0.297,5.45619622146963,0.0344671922331645,5924.6101817574,242
0.4155,3.81641230066395,0.00795056716849336,16229.2866384715,243
0.336,3.71792517964459,0.0256561210394006,5383.3069650693,244
0.4245,6.33397888678837,0.0486236562744996,4881.24393328662,245
0.295,3.94345097282464,0.0206778306090871,6906.8240762384,246
0.3545,2.44905159931042,0.0098477338918335,8414.22391182897,247
0.2635,4.52134498281454,0.0546852358347619,3126.02528784719,248
0.3,3.41659646516938,0.139276984410989,773.822239450772,249
0.4295,7.1186432910812,0.0744804549590305,3485.09540703037,250
0.4395,5.94548717607407,0.0377790373560095,5943.20842816001,251
0.2245,4.60354821945893,0.0258010741900744,6479.56523762949,252
0.4615,9.83947717636516,0.0471430920966856,7955.8523619092,253
0.444,5.83707868242072,0.106530579658376,1838.76446861688,254
0.189,2.92860071006389,0.0740509606001639,1424.61400857463,255
0.306,4.94351643829802,0.0294261701646785,6179.5640624161,256
0.4495,6.80795691400178,0.05414090818284,4776.81902754061,257
0.1955,4.14377569213748,0.0451175493232675,3363.6634844149,258
0.1715,2.53164914239321,0.0841850399417311,1072.7068550877,259
0.26,2.1620153080333,0.028001606663601,2766.13844059225,260
0.3095,3.62763880581343,0.0117575175500389,10457.7257299352,261
0.2185,1.79158612715189,0.0166489393241994,3608.6009395714,262
0.34,5.26173974235713,0.0539863613220261,3518.0036590697,263
0.424,3.22738547937987,0.0123962787466757,9348.48456302423,264
0.415,3.498854500597,0.0100229627585089,12073.843854078,265
0.4025,6.11567710832863,0.0275831772595956,8183.07947676581,266
0.423,3.50981585308784,0.0241886727758593,5261.3862913843,267
0.266,4.7770227088883,0.0423813694824314,4202.56339038891,268
0.3,4.08492599823214,0.0645584141370572,2307.87332985724,269
0.3115,4.65319531900935,0.0262788704356953,6601.93835114281,270
0.349,5.14531300614269,0.012499863887494,14514.9516760777,271
0.3195,3.92689264182778,0.0466133281945872,3025.99907971778,272
0.2055,3.22916330775309,0.0599660971096572,1955.6986081757,273
0.4635,13.7929351989104,0.0441888427554379,12027.3468337776,274
0.338,2.35471664794008,0.00802170916220393,9497.33397651855,275
0.4445,4.50255437798825,0.0119059917637424,13650.519269315,276
0.195,4.075195355186,0.0970464464527631,1461.50393264696,277
0.2965,3.08965283030313,0.0311835826319343,3514.25854384126,278
0.412,6.4654989088682,0.0486572315315454,4996.69915636892,279
0.4395,10.5697315369141,0.0458304109230681,8685.28798043205,280
0.401,2.88348306260092,0.0109658545200093,9191.27215310719,281
0.322,3.79369623331241,0.0281439688799129,4961.56244104548,282
0.43,6.08841191009592,0.0118002216539188,18650.328866187,283
0.1775,3.56443916494791,0.0630804300692331,2009.22346304405,284
0.3785,5.58683402391195,0.011062896531064,17745.2872354575,285
0.409,3.39962562269065,0.058962891520632,2127.87892116174,286
0.451,13.4800946284985,0.0508979638865826,10093.5478205613,287
0.4595,7.28077245612197,0.0377919157381982,6699.84819900422,288
0.178,3.74828184443194,0.0643690003111655,2121.26432757159,289
0.4065,3.34225456714926,0.0105145313265939,11252.7617848891,290
0.4675,9.63588259874185,0.0868762404249586,3542.11202671858,291
0.395,4.88632348930476,0.0209967586749817,8512.78566857252,292
0.1855,4.06604367578719,0.090562725826638,1628.23823194351,293
0.4575,10.4940551209001,0.0222537199214965,17840.2790874701,294
0.296,2.14858378573674,0.0189021992452447,3995.45465646271,295
0.411,2.96208082247119,0.00586068600204471,16257.2158170529,296
0.406,6.53354569362497,0.0646989089893006,3729.02958752123,297
0.231,4.45525603323185,0.0375252848609244,4350.10296760955,298
0.4515,6.70926177772593,0.0292595968431913,8681.73907264774,299
0.3785,5.55548765220134,0.0327031161656631,6452.10902063269,300
0.373,4.22176890578169,0.00920351409294397,15664.3792618608,301
0.3745,2.40941620758846,0.0134054003547808,6278.49825515389,302
0.321,2.0471960778704,0.0148623292277333,4804.10247049752,303
0.209,3.58422818206982,0.0687759942793349,1841.42955914093,304
0.447,4.84301537564918,0.0101247651726239,16825.7419353315,305
0.4105,3.58131256904455,0.0067281638428685,17414.0634481768,306
0.484,5.8852763677134,0.0112947762669968,18803.4904106262,307
0.302,3.7067021046974,0.122395851713247,1038.47927004842,308
0.432,6.58352997457821,0.0299168357964354,8384.08812905265,309
0.2985,2.33670127437471,0.0325037731893511,2497.35030566039,310
0.2865,3.26096785796284,0.102940848230331,1060.01452168573,311
0.2715,4.36752102754259,0.070565820680779,2215.96468297239,312
0.307,4.69634161817927,0.0224837889316525,7637.15118639082,313
0.357,5.48749417805297,0.0565920244730613,3547.25820047301,314
0.2665,2.28094497010456,0.0124020381074235,6133.22911581075,315
0.454,11.3781586688631,0.0685939121006332,6035.32585761055,316
0.367,4.71771286472969,0.0110213982763271,15200.2170064531,317
0.19,3.79202137919604,0.0543937384672618,2426.41173073646,318
0.442,4.05117400143707,0.0245828397182455,6079.81703247975,319
0.215,4.03106702038143,0.0395808877991995,3758.42712074091,320
0.342,2.24333246007447,0.0110799644057421,6914.2270429309,321
0.452,5.52101509167901,0.0262223986892349,7923.53842243843,322
0.43,7.95549224702214,0.079927626759523,3473.65535311761,323
0.3255,3.57656335581487,0.0386313149786379,3347.27051512137,324
0.3725,2.65682885736077,0.0156345678372773,6130.53501421324,325
0.391,4.15839330185542,0.0367446922089834,3895.1207842773,326
0.3785,3.86419119794905,0.0153153020579387,9062.37139550898,327
0.1625,2.70933620066733,0.0989148896903566,975.544699688086,328
0.4435,3.55465234476508,0.0117499828830893,10818.7908688103,329
0.246,4.21415997380076,0.0248458712967463,6004.04086094709,330
0.1515,3.51937013705038,0.0751882170641716,1668.84871984218,331
0.3395,3.09202828230975,0.0150595567010029,7162.58116046322,332
0.424,6.16302758857832,0.075516115436431,2730.81886773883,333
0.128,2.81204246326017,0.100676144781142,984.059293740826,334
0.4665,5.26702333483579,0.00717673796972938,25293.6405180739,335
0.3995,5.43297743923538,0.0539601692689215,3608.58273222206,336
0.307,5.60433187973953,0.0683428397357729,3018.16703353817,337
0.342,4.82142668198543,0.00909151932549576,18018.3840344904,338
0.2455,4.41101590030019,0.0503569654643801,3258.68421643842,339
0.2845,3.58418444800875,0.033156405891318,3973.58238898998,340
0.378,4.40397202048842,0.0912854805309141,1743.26580315818,341
0.233,2.97530123911442,0.0920578137534726,1176.58947276973,342
0.45,7.87428361951534,0.0374798984422049,7986.38255669708,343
0.222,3.588010635113,0.0756299546166067,1718.43131239371,344
0.22,4.69888102086212,0.0333950873852555,5059.51218324866,345
0.4275,6.30189260421479,0.0130042457635022,17509.3090560628,346
0.2235,4.20094167586207,0.05448830463622,2798.08564308652,347
0.385,3.79754467367092,0.0675986720599583,2057.22130344269,348
0.354,3.67096348729597,0.0351946694443704,3908.75056549864,349
0.4415,5.02342016301248,0.0360922432461546,5231.44710263357,350
0.404,3.73666834491848,0.027068285640401,4970.53981964879,351
0.3515,4.05284708135009,0.0145690326874395,9969.44343833792,352
0.333,4.83828931268311,0.0143026997855748,11927.9064759707,353
0.252,4.39956354297817,0.0143285646938449,10701.1335401618,354
0.186,2.30638586242155,0.0264467200490549,3077.87265738489,355
0.457,7.10725482678366,0.015890941365784,16531.6044755819,356
0.305,3.98177330725183,0.0295801932214016,4919.0852801166,357
0.2095,3.34502536827916,0.0867237464142073,1429.67216095639,358
0.2725,4.32964976770057,0.030032991493084,5283.72222311387,359
0.43,6.1145020730853,0.033351205965453,6951.71517273544,360
0.289,4.62983988527953,0.0493794803620472,3447.75876667836,361
0.1985,2.38161201105008,0.0720950377637524,1166.57196392718,362
0.4025,4.59900248414918,0.0178628741588736,9393.33768605869,363
0.4425,8.64848045384104,0.0543389913353312,5925.77244008586,364
0.2795,3.28869685170746,0.0815876850246913,1445.69945227909,365
0.28,4.41417161118964,0.0195325447855346,8054.54553948241,366
0.3825,4.88666058723399,0.0637062618321737,2739.26422674044,367
0.362,3.65423618278062,0.0674256044505885,2012.20377111494,368
0.466,6.47910380717892,0.00854038677216311,26790.9741166359,369
0.357,5.16256744667897,0.0274463525472434,7049.2781896035,370
0.0785,2.23254319857924,0.0645804635314312,1214.28718322035,371
0.2675,2.16495043428458,0.0125847580146369,5713.27819603284,372
0.3535,5.01939425976939,0.0347289637762386,5338.04064579927,373
0.3035,4.8749761216017,0.0414844084003352,4359.62446481463,374
0.4065,4.3640753584418,0.0786614570801508,2035.73022385505,375
0.258,4.21665540163409,0.0394419410317672,3965.85497474733,376
0.308,4.22277266098021,0.0752238068197859,2025.93815989984,377
0.2155,3.19883517183797,0.0584829995153325,1967.16658039184,378
0.3355,5.2451372536556,0.102862811562736,1806.46708612861,379
0.459,7.225500376523,0.0135937137356351,19473.2317818766,380
0.272,3.35131960125954,0.0145293140822636,7824.96644387464,381
0.4715,11.3680563735339,0.0149914154530524,28222.7185741174,382
0.2265,3.18877595954572,0.0561843285904961,2078.31165842453,383
0.4375,4.73303916207206,0.00934183772091592,17709.1031478721,384
0.2775,3.41950355340758,0.0229013771530763,5358.35549026809,385
0.4505,10.7017003105736,0.121495258605905,2670.55665518541,386
0.459,8.17562585806951,0.0335120571608217,9269.74042269636,387
0.444,4.68830037050789,0.0184200309853667,9208.90680105167,388
0.2525,2.08945903803578,0.0611379773196581,1259.27071354612,389
0.2235,3.40652959969424,0.145185199748026,764.24319951896,390
0.4105,5.52781312330691,0.0327879455989179,6274.15372359387,391
0.148,2.21433579281754,0.10017641171288,763.143147921582,392
0.354,4.64184522241765,0.0295403425871597,5773.94483957678,393
0.35,2.14393845551892,0.0307788731074109,2478.49143169373,394
0.1945,3.15899177138751,0.102393977910136,1082.15244178978,395
0.2385,3.07358597217279,0.0124706199600115,8132.12692150728,396
0.451,9.10820557911394,0.0712991682153805,4638.51252495459,397
0.4115,5.65405272677602,0.0211437881655814,9909.10832540909,398
0.4275,7.2969734994956,0.0414057171115478,6748.36217854647,399
0.1575,3.96372898108081,0.0650624825554829,2205.9105262186,400
0.3505,5.78463468594633,0.0144871461347148,14308.94160394,401
0.405,3.44033013271734,0.00801103416879267,14532.7200573236,402
0.4225,4.91847802163143,0.0328011911581738,5643.39929715374,403
0.22,3.41505802425462,0.0342002586477824,3609.64590848271,404
0.281,3.84137248351991,0.0112071001671643,11490.4338450447,405
0.4585,9.15847635903481,0.0517639424330283,6765.92250084014,406
0.312,3.07813282068558,0.0283831075683873,3953.74104534905,407
0.1935,3.97593619244698,0.0882704923199191,1615.88708302618,408
0.437,6.30292815242536,0.0103082975342013,21623.8857655294,409
0.4445,8.24172113887422,0.0636485183805225,4567.23360969073,410
0.3625,2.3987511299911,0.00811328368295345,9686.46012753812,411
0.2985,3.61540243310898,0.0194238496695879,6628.69894404503,412
0.469,9.23282933200121,0.0313467363756618,11241.9771864549,413
0.4335,6.88714034683187,0.0274191302911484,9387.17245284221,414
0.361,4.06332939972327,0.0193087760857882,7604.67479160082,415
0.375,3.01875728550261,0.0363179374231902,3077.51068217838,416
0.386,2.64577093764142,0.0113466903613066,8096.89103610717,417
0.311,4.33058016489349,0.0252495344353453,6256.56524776661,418
0.299,2.55624984477845,0.073463372153215,1271.52695418849,419
0.221,1.93285361442782,0.0835609350794804,843.823143294895,420
0.3095,3.27276065629894,0.123428720280725,927.902478900113,421
0.252,1.9837287971713,0.0828304922085144,815.870537259653,422
0.3635,4.38352857697922,0.0524661347790866,3093.76663815237,423
0.231,3.99249215120141,0.0594104562849361,2489.68070447373,424
0.2075,4.1554568657073,0.0386726583004331,3968.22264142448,425
0.4195,3.3871054569275,0.00880127798404446,13200.4903251337,426
0.318,4.41821044975406,0.0234743978595231,6713.29590686319,427
0.267,4.46024086762385,0.0323094093951464,5108.08135833832,428
0.375,5.28034903369746,0.06424420306354,2858.39606589052,429
0.418,4.98251622175848,0.0466627169481901,3982.87496671612,430
0.4125,5.57415124850932,0.044038757497832,4549.31127907641,431
0.311,3.33192491560776,0.0937295674457562,1171.55610971056,432
0.218,3.83852065696246,0.110310198004261,1128.32054298741,433
0.2685,5.04936704863689,0.0361067030296982,5229.15423602087,434
0.3835,5.62238207485489,0.0348680816774212,6074.3325870085,435
0.463,11.0454230400543,0.0379735398291137,11186.9698260299,436
0.325,2.15660273981607,0.0245036364692186,3160.42216497939,437
0.359,5.01874144197303,0.031475372762551,5874.25165465562,438
0.483,12.3026654398296,0.0344596808746871,13770.1709883124,439
0.377,3.72665477836833,0.0152412636417389,8761.95248777032,440
0.381,5.04779455942866,0.0280406909170214,6745.5243700497,441
0.3405,2.18513737877028,0.00752386843568791,9335.28425650026,442
0.207,4.32378687578005,0.0602197256249214,2548.64363368546,443
0.24,2.47920386869276,0.0191505607070225,4479.95726596863,444
0.4315,4.75857363358702,0.0099977151285377,16619.7040317803,445
0.4245,4.60431210391524,0.00969449627685788,16402.7840552035,446
0.4555,9.75452864580668,0.0115384847837757,30938.3835813501,447
0.3925,4.54433822518626,0.028613539271724,5953.18837283972,448
0.2285,2.18163001865872,0.034942357558197,2227.98851279057,449
0.422,3.56285954306544,0.0124109595489384,10176.1464861157,450
0.418,5.57989219129062,0.0163204122268221,12507.0755842452,451
0.4485,7.26269104471706,0.0163490754221821,16439.0305045356,452
0.4625,7.05167507523787,0.0504057188211997,5215.46168876609,453
0.3905,5.42099614641455,0.0202507056065089,9912.26676855025,454
0.422,3.64857517506499,0.0134710140282058,9745.04633540964,455
0.415,8.70118654117969,0.0476758225211542,6874.23243993552,456
0.2105,2.26979551963059,0.0160274385365543,4766.68336370532,457
0.4545,5.89375664636062,0.0494272984740736,4476.16524513533,458
0.464,7.70999748133911,0.0471948157553433,6242.07578753253,459
0.4415,4.86102513708919,0.0176578302956073,10048.442873864,460
0.359,4.20947009114114,0.00909685676252841,15589.8518412738,461
0.367,4.42184838536763,0.0504371183880163,3259.20508833884,462
0.3275,4.69986205349868,0.0343959732601176,5096.93716304475,463
0.3595,2.6247410481103,0.0143125225464134,6479.74121672111,464
0.3495,5.17759492838553,0.0453878101082144,4247.09006676116,465
0.4125,3.99056820934578,0.0172800507568222,8437.19224810126,466
0.22,3.83867755113396,0.055996648333481,2532.57072092188,467
0.4305,5.03745193008609,0.0123614262816943,14692.023826623,468
0.466,6.29699654365262,0.0228486088175865,10369.3445503213,469
0.4545,7.38729897305221,0.0551840822911315,5102.69404394554,470
0.281,4.48119463928347,0.0260971476744838,6245.6460777555,471
0.467,6.18452718610526,0.0209394473374686,10815.0468066717,472
0.392,3.77544038832472,0.0446391161683237,3136.31950920399,473
0.4795,10.5213615368884,0.0606234001012298,6479.07468989084,474
0.3695,5.11038639667668,0.0170309009942982,10952.063177055,475
0.44,8.9397842525481,0.0555399761472268,5641.71338210636,476
0.2265,4.66189285125113,0.0711860249538424,2362.96549509224,477
0.3115,3.5766111510187,0.0101690378309678,11793.7209220893,478
0.286,4.64941742046879,0.0262579300858424,6508.3113726883,479
0.1775,2.15749625132794,0.023996548761805,3012.74698457858,480
0.3345,5.02994181067274,0.0402893621064877,4611.85703997483,481
0.3725,5.09076223184925,0.0621436984706435,2906.24778536966,482
0.453,5.29324420455818,0.01564979845683,12450.7669794309,483
0.445,6.04715569562594,0.0198773586661259,11316.8655669577,484
0.4485,6.14379360066893,0.0129278338799152,17413.0295461973,485
0.375,6.20664583551097,0.0233204387094912,9868.19244841027,486
0.3385,5.32757117785577,0.0326853046636968,6031.84229595741,487
0.4375,4.40135677875609,0.0293470898979546,5639.57800563374,488
0.1855,1.95294052034444,0.0180668177056927,3577.89072426938,489
0.452,8.20780015999872,0.0332868877627039,9401.978959227,490
0.243,1.69406832743996,0.0224075345649652,2660.99804783288,491
0.187,3.44983366635648,0.0744158528381673,1663.48904815,492
0.445,6.01095211367448,0.00841080546905785,25006.497664205,493
0.2885,4.69613947662739,0.0180312975808566,9162.84030585621,494
0.1515,2.15899595365954,0.123937791637262,601.580392965856,495
0.4635,5.31754435072932,0.0124947626149354,15458.4339855219,496
0.401,2.90352599821629,0.0123460378686762,8265.67475330018,497
0.347,4.54953686888844,0.0346549238939381,4882.03626770079,498
0.375,4.08162217833957,0.0365630660393496,4148.81036842661,499
0.396,4.4280898912785,0.0129918455792262,12309.22820493,500
0.446,5.12692504106072,0.0168728834869463,11107.4789397,501
0.45,14.5531373635535,0.0368685272967803,15149.1423805952,502
0.1715,2.71891397144815,0.108614329057476,850.394259999679,503
0.397,4.52198337031737,0.051509230288001,3143.68705933484,504
0.33,4.2019156152303,0.0282069309567125,5439.56379593687,505
0.1705,3.26144526379385,0.078749345517387,1473.95737746529,506
0.4405,4.70873904768992,0.0277371290352382,6378.08003567904,507
0.437,7.10495093262166,0.0331333773583806,7612.8934203043,508
0.4465,4.92789551298854,0.00971300425723833,17999.8277818705,509
0.124,2.72951954677781,0.132809804073179,688.792734747003,510
0.223,2.35909524327445,0.0277386551329631,3016.41197470963,511
0.262,3.2666159276505,0.114494061722181,1001.45155519161,512
0.286,5.05004311409716,0.0244519524601749,7507.3128868643,513
0.442,7.03426676970005,0.0108709241093243,23157.4495761477,514
0.4,3.16870217687786,0.0147195649335244,7690.26012153073,515
0.2365,4.08020999332204,0.084390006962086,1673.80445503039,516
0.1785,4.90862285710152,0.0332187620205034,5284.57524341895,517
0.413,5.71523660832111,0.0664370762759779,3225.48252400781,518
0.256,3.39652635624225,0.0582580896935177,2102.88236072665,519
0.4305,4.65571062205052,0.0214702234417752,8094.54444090444,520
0.4175,6.66547912503051,0.0216411836790644,11463.2071836134,521
0.3905,3.81425965247491,0.00855289706597127,15279.5793881521,522
0.4665,6.57799085597306,0.0100589791935428,23395.3995159301,523
0.161,4.5823713131646,0.109009034149836,1369.71456621095,524
0.4395,4.78809871420137,0.0512135973612768,3485.57068655003,525
0.2635,3.71095926503119,0.0815048507138662,1675.72333848664,526
0.3475,3.81141550902937,0.0293708869968463,4759.58653299675,527
0.322,2.70954107452733,0.0174945203916386,5545.34027749251,528
0.476,12.9389367329662,0.108431010441331,3692.19868859869,529
0.4095,3.18183221587243,0.0220402753414309,5294.94114935028,530
0.1495,3.70793131992551,0.0816337104013898,1648.97864816903,531
0.1365,3.03242544028672,0.071461610026609,1576.4721559378,532
0.4235,4.04696259179573,0.0133755238750819,10772.8368709973,533
0.454,10.7650100424988,0.03232968286852,12688.5111454407,534
0.409,6.95161375486345,0.0137310984619555,18318.2820589691,535
0.4535,10.760684698012,0.0389975941117423,10445.4515259787,536
0.359,4.55662774995484,0.0401332726383019,4220.14115778002,537
0.401,4.73142528216511,0.0226021489003033,7710.4955820878,538
0.43,3.75777512853399,0.010169187089311,12960.7757883027,539
0.4415,4.56937376665807,0.0151270287207442,11085.0072088859,540
0.2555,4.84688726377137,0.0461285605894103,3854.48507541667,541
0.434,5.96046828211435,0.0270240274218585,8266.41266722157,542
0.173,2.45721503808215,0.0249956232556597,3419.89722468772,543
0.1705,3.51354305928811,0.063566254480975,1997.01422560876,544
0.4685,6.80360005393513,0.0109185737856539,22587.6799248059,545
0.449,9.87902318765135,0.0320257591111524,11220.2419644491,546
0.297,4.36528418062519,0.0351007704939519,4544.41800110094,547
0.367,5.63692934259616,0.0492519500597946,4105.34164559221,548
0.404,4.77773282882336,0.0486004495624383,3708.71745332988,549
0.4295,5.73802643782233,0.0251227863116414,8623.15727052874,550
0.187,4.68763680546369,0.0381583938722689,4388.78587345026,551
0.3555,4.62213996174154,0.0899689200308155,1643.81835360021,552
0.372,2.75762192548996,0.0125989177623015,7588.31455692281,553
0.3275,2.09526918838105,0.0101227528666128,6801.30807043612,554
0.45,7.88187432415641,0.0112452161211983,25478.1314155449,555
0.411,2.82094475561602,0.0213091456511931,4814.87354004015,556
0.2965,3.0130114130851,0.0913265915995514,1180.50502641674,557
0.3695,6.07038182305598,0.0646447806981419,3220.50284484903,558
0.2755,4.01211170763785,0.109364006993078,1067.69336484186,559
0.271,4.85970679473728,0.0416156889759637,4356.52980326346,560
0.442,7.44380954763611,0.0346822691264038,8189.15915862961,561
0.404,3.27931081320344,0.0119947369289016,9812.3764586198,562
0.415,4.82840221892685,0.047111916619349,3841.17642224507,563
0.182,1.69360940617473,0.0266177769084091,2150.20636170944,564
0.433,5.20830972488209,0.0169615228800156,11288.00955466,565
0.441,5.86876956409436,0.0407870031235661,5414.82387045776,566
0.2005,1.64174216509122,0.0170530774224229,3222.40452222611,567
0.3845,4.29818456259313,0.0174591514434292,8946.95209855216,568
0.4375,4.67859683872722,0.0109580507632397,15313.0790280252,569
0.292,2.95242431183939,0.0312317116310271,3497.56613304438,570
0.4215,4.25149573019075,0.00995485882109914,14908.2614315413,571
0.454,9.82648215409802,0.0309261523379696,12076.7673676945,572
0.355,3.7784610134906,0.0112893904692826,11754.1857949874,573
0.426,7.88477423558624,0.112074598160839,1906.54379341018,574
0.208,3.41430654127984,0.0672874892015496,1841.79252166907,575
0.3025,5.64855557529056,0.0484395316998098,4364.91465545029,576
0.4615,5.0676738651365,0.00786268535898202,22376.7399474401,577
0.341,3.1550623799414,0.0187507388025515,6008.97970574992,578
0.44,5.02574040408543,0.0287379196404078,6573.21798164106,579
0.29,4.31113577873992,0.0667486014286347,2289.95572926833,580
0.19,3.11203241642795,0.0542745921796852,2022.58329321605,581
0.355,4.76070601592471,0.0163434428695413,10565.6145125732,582
0.1485,4.77473318845864,0.0446011109934822,3742.9004361985,583
0.2095,3.39339754226147,0.0364523888578573,3469.19910624434,584
0.3655,4.55179680208404,0.0430628684910229,3838.41523544178,585
0.4695,5.96497734204127,0.0144078346281868,15077.9174817045,586
0.4545,6.98382556292101,0.101097197089439,2131.58845374007,587
0.312,4.98727460522386,0.0579575157476732,3027.757485546,588
0.4555,12.0110041154791,0.062119269879789,7149.91044412178,589
0.335,3.40972137565478,0.059579722905077,2134.35870948945,590
0.463,9.24852536611496,0.0568260312606911,6246.05805712947,591
0.398,6.04407313557047,0.00982000092918779,21489.9701255264,592
0.15,2.63501153348964,0.129642448799225,705.976580662279,593
0.4705,6.36203295135226,0.0349659365922117,6614.92381837005,594
0.3045,4.17804587168493,0.0109585882849705,13161.5867383904,595
0.1925,4.46469962518876,0.0932671499792469,1683.1200958316,596
0.383,7.1539396514908,0.0304480522949508,8862.23656338893,597
0.2205,2.94402873838675,0.12575024644776,731.952160785319,598
0.258,4.46988387821439,0.0944006734439598,1670.14365699867,599
0.427,3.88009528806102,0.0350917907968532,4150.19473537584,600
0.3205,4.30922906614182,0.0925179125650348,1454.49366562556,601
0.427,5.86353025725283,0.0226906730385604,9644.7555335169,602
0.165,3.70149132596312,0.121967811012677,935.778955895289,603
0.141,3.43459380199883,0.0626171482091004,1944.48382857889,604
0.404,3.64439394014891,0.0138176906581328,9578.05357989154,605
0.35,2.43452162349691,0.041349277161246,2148.63850359849,606
0.2125,3.66670547575556,0.0329080864556473,4072.93853648236,607
0.471,7.2569669634674,0.0114771630211935,22947.0255776032,608
0.382,2.82435866817401,0.00720344474634028,12784.9226164395,609
0.353,6.12914996166212,0.0250782641886406,9015.55012901444,610
0.172,3.42125339559564,0.0586853103956385,2125.2691185321,611
0.399,3.07628435181318,0.0255742222159306,4400.68331171293,612
0.3605,2.56064806978547,0.0200015702655066,4571.08059171022,613
0.325,4.44649460461278,0.0810988223444298,2002.92378726426,614
0.2445,2.62403781765374,0.0155443047897745,5829.44631020423,615
0.2755,2.27509852286375,0.0458423690004285,1795.16455315176,616
0.2895,4.12888064622788,0.0684642389556404,2055.32179914166,617
0.247,4.13136710243263,0.042797094760805,3512.98045524859,618
0.333,3.9082665538043,0.115878994263072,945.695036127644,619
0.301,5.6300208879252,0.0810923808857812,2463.65849550181,620
0.3425,4.91575632097552,0.0220781486343644,8119.83125073174,621
0.351,6.32681273961864,0.0722572084390609,3169.41876337376,622
0.459,6.85142022743424,0.0238598303957577,10569.6338396542,623
0.33,5.55857626514459,0.0257570853122307,7911.43687438886,624
0.2035,2.37862362190305,0.0750147192335042,1140.39455539208,625
0.471,5.69521810077939,0.0142863676861294,14589.2870575989,626
0.201,2.72445554940145,0.0663406824856268,1479.44883537975,627
0.246,4.91360089188845,0.0531980725602368,3378.72614414403,628
0.2045,4.39898035197106,0.0640734545495005,2467.21984442974,629
0.462,7.70145720184091,0.0237381052705524,12257.3847762207,630
0.432,3.91278024779105,0.0092865470339294,14752.0826230646,631
0.302,3.18463466383813,0.0302024948106669,3850.02703915406,632
0.451,4.68186200951556,0.0111997385452108,14897.9738634659,633
0.287,3.40637577090392,0.091895263347628,1314.83833173729,634
0.416,3.4432094786546,0.0231330142012786,5525.95816179565,635
0.2695,3.17276668682317,0.107918869287328,965.018987207002,636
0.3665,2.61454690338184,0.00836480778017927,10378.9670144174,637
0.1765,3.08766817765215,0.0629271893015041,1775.33110167323,638
0.3995,3.89625188560339,0.0122624970267002,11348.977959166,639
0.2505,3.07134957279929,0.0791976553257442,1407.00010387428,640
0.4105,6.48611020898923,0.0838423499487636,2833.45589540903,641
0.396,2.89817745561965,0.020691036523052,5103.00527264856,642
0.4365,5.07579753567898,0.00804153891422179,21786.6816789347,643
0.455,8.99572185626468,0.0460912378201968,7439.01647867758,644
0.447,9.55482862937569,0.0320546737234492,11389.3940802169,645
0.401,4.98821697630832,0.0591826035799165,3170.91945145344,646
0.426,9.2800049406267,0.0403391847957003,8700.18610599953,647
0.322,3.07656911082914,0.0857762025163732,1293.95404011174,648
0.2665,4.52577166863748,0.0270881849677107,6182.15844055125,649
0.401,3.22646525874749,0.00872076315718854,12518.0167052513,650
0.4545,8.593173498946,0.0509725095713646,6354.55511462561,651
0.193,4.64606822639233,0.0314813939685084,5301.72358244249,652
0.3185,3.92806565277981,0.0276528471972057,5181.87329684407,653
0.373,4.32345286097678,0.00975136193051497,15499.5328152682,654
0.4425,6.92326036448908,0.0296347629035193,8900.39913424835,655
0.4605,9.09847050788056,0.0277259575020159,12179.9360890805,656
0.326,4.09155871362246,0.0762925047453013,1902.93545067483,657
0.333,5.68351134343285,0.0379075150787782,5542.75160645916,658
0.4515,7.84563105561374,0.0694987800857919,3793.95571044853,659
0.172,2.15573004199012,0.0773321855657488,1027.5035151671,660
0.1595,3.47001318350895,0.096041258704057,1247.04800770226,661
0.411,3.63925887911255,0.0103169461447771,12317.0125451305,662
0.36,3.37454430359766,0.0953315257911839,1213.74304884873,663
0.2985,4.33981782834288,0.0633859728105622,2472.49254263334,664
0.2805,2.28865392286818,0.0228954931592673,3620.83024853877,665
0.448,6.0286612232861,0.0424151036192603,5356.57038309289,666
0.345,4.39062655104017,0.01405735363647,11272.4500297004,667
0.4755,13.0469736252435,0.0306297788472737,16195.0549138261,668
0.466,11.7620880563965,0.0421205415168162,10656.1678116132,669
0.4825,11.0098824085005,0.0545628028785923,7471.30113031996,670
0.3125,4.59287309376188,0.0182434067815857,9066.32548451925,671
0.4635,9.56216864409289,0.0427504673371052,8420.02877143852,672
0.344,5.24707030253167,0.100014807172134,1714.16135867408,673
0.4415,6.75303415763156,0.00951965260686442,25369.1291596283,674
0.4255,5.78726081902418,0.0563995653863656,3806.69403406926,675
0.4105,4.60422111118576,0.00917026253081625,17507.2844813877,676
0.39,3.45719501084563,0.0106634679209172,11308.8357613605,677
0.322,5.6969898974056,0.0278205522860955,7666.07249639704,678
0.3265,4.96476028964872,0.0236116303998378,7895.6780075305,679
0.333,4.08502537137327,0.034538002340997,4382.15944351178,680
0.4325,3.81999473535174,0.0158573101873077,8849.13920383119,681
0.2775,3.56530922097709,0.0265188947264501,4782.8072815736,682
0.2065,3.99019072242977,0.0637290021471466,2208.04907100029,683
0.291,4.84725547400591,0.0789215367223769,2220.6173864923,684
0.19,3.67563633582775,0.0479502805160517,2743.23350216106,685
0.4465,3.64071211055166,0.0121336519109632,10692.9712323439,686
0.36,4.21944805378528,0.021544629130856,6886.16756054651,687
0.442,7.31256975676145,0.0304653835414564,9142.59999846307,688
0.46,5.91181536294961,0.0168332385182776,12941.5071296737,689
0.4565,11.4306229924315,0.051332654756469,8506.95753967137,690
0.197,3.11222697317412,0.0641687585570814,1730.05412176993,691
0.447,6.99484487562592,0.0786208493512763,3301.81379022049,692
0.319,4.51198931036309,0.0300716622662411,5545.92455460196,693
0.334,3.57391848573196,0.0117887389718264,10466.7245397744,694
0.4385,4.51699828568426,0.0139900820457179,11777.6327821598,695
0.4575,8.87189126318673,0.0355306672030408,9413.75322199474,696
0.1215,2.24030533270224,0.119290596275729,673.419213824205,697
0.287,3.27633569893704,0.0476996149732145,2546.91501194072,698
0.2495,3.68755796387518,0.0433217348748694,2980.20964435415,699
0.263,5.34920354202136,0.0303011318560916,6444.79990735446,700
0.4245,4.18576297191033,0.0193060965515786,7886.45101831709,701
0.4515,8.01992868069306,0.117155923897413,1948.83409186662,702
0.4005,3.22104834522266,0.0221152309395382,5273.29281777518,703
0.4465,6.82568736913283,0.0384386074938141,6628.04861632146,704
0.4135,5.88813531665885,0.00865753436753378,23767.5125173834,705
0.3025,3.65209281944971,0.0281412479244747,4733.17126513909,706
0.288,3.72071943836888,0.0487561483750895,2831.31689274078,707
0.217,3.3653809083957,0.122478654202731,953.437640548617,708
0.296,3.7397429150594,0.0334976604094861,4123.63038842942,709
0.349,4.53938584399162,0.0705653847258823,2204.90408635837,710
0.303,4.54756944015392,0.0306962162537506,5445.51576564941,711
0.385,5.9152455578115,0.113346857317526,1319.54611364873,712
0.3595,4.60450182913914,0.0135060762797578,12182.7890230036,713
0.2935,3.46767384503664,0.019893001253212,6171.90410491261,714
0.445,4.69192585526112,0.0232236877072624,7522.48062221208,715
0.1345,3.58883785408075,0.0468611745805145,2765.4151186925,716
0.4705,9.22870795426123,0.0178028887146849,19336.0290118047,717
0.2975,2.74864858906374,0.0233002451796438,4247.6020458999,718
0.4505,10.2748302515635,0.0394482011113288,9977.55040568703,719
0.4405,10.4386372718921,0.0275902168357824,13896.0309347645,720
0.3375,3.39317952006043,0.0171485371413142,7082.46749502689,721
0.2535,4.34820683087804,0.0333831318148574,4804.12358054679,722
0.409,5.22932657204436,0.0338078357305021,5838.20293216049,723
0.4575,9.47215106264759,0.0604454057665961,5873.09760568017,724
0.332,5.19374393972209,0.00884683227064361,19771.6583003606,725
0.1605,2.68164149397103,0.132916592839799,669.077842294265,726
0.43,5.762072418193,0.0333364649695133,6515.90280835421,727
0.3805,3.75778857010929,0.0147860160340417,9034.69176516654,728
0.19,2.85823682996295,0.0440051065947616,2350.16474377869,729
0.3115,5.21087254225886,0.00923533952148127,18745.4531701912,730
0.207,2.95331295316308,0.0370582806815134,2852.72371730502,731
0.3875,5.34490083934863,0.00917391615335825,20308.3039277077,732
0.3865,2.98910234089595,0.00569870145680486,16399.3060425302,733
0.3745,2.7616326615289,0.0190288341482055,5190.21171013268,734
0.121,3.3742653715497,0.0608563928782111,2037.30329098282,735
0.2445,1.99245013681528,0.0553350326066748,1268.68890791584,736
0.353,6.216097974076,0.0425152833047293,5457.58650860789,737
0.399,6.38606062164275,0.0305129102352513,7551.14217557519,738
0.3995,4.95653141966926,0.0356192623696649,5230.94480689889,739
0.295,4.82474302243333,0.0241128468917059,7300.34807591125,740
0.38,3.73641442477851,0.029602341604864,4543.77813138879,741
0.3655,4.33784353547619,0.0700426492811432,2265.8744875773,742
0.342,5.1174885073057,0.0247949559943898,7646.48664018315,743
0.422,3.78456515250933,0.0160395651205175,8576.42929600873,744
0.4515,9.49239840710365,0.0179429491837793,19851.6939409669,745
0.3485,4.46871512125015,0.0552936192298027,3043.38824690507,746
0.2165,4.40097208942381,0.0776038235452891,2045.83178696428,747
0.2615,4.209567070274,0.0299486014272887,5212.51580796679,748
0.289,3.47474314441649,0.0336992383497162,3807.52690698723,749
0.4745,5.68860097497397,0.0653520843679683,3224.14756960114,750
0.3085,3.12147636953167,0.0325487252408687,3475.36432195791,751
0.4515,8.72252279155532,0.0174770164142651,18704.3515573971,752
0.266,2.70967220983655,0.0160152122652872,5910.79723667914,753
0.441,4.2982283441561,0.0181379337327618,8680.43881371823,754
0.3135,4.790465746011,0.0225175650947898,7850.98298208106,755
0.232,4.07404183346012,0.0580926648970276,2532.35782291464,756
0.4415,9.6671779935791,0.0918855955066331,3579.86266679447,757
0.395,3.7210506506093,0.00875325064489906,14456.7532774513,758
0.3355,4.31045584643769,0.0245817259770618,6503.4733176698,759
0.411,2.87872157229642,0.00634415792690542,14895.2040065917,760
0.457,13.0122157783118,0.108368825991693,3226.42954858395,761
0.4715,9.76721634754799,0.0552542676665926,6398.38521820733,762
0.204,2.62891260663923,0.0622590541535768,1551.43112889456,763
0.1525,2.74337889788913,0.145012124471557,655.982370732233,764
0.4275,5.98156825408174,0.0502508624994242,4356.07667896934,765
0.376,4.44866553049678,0.00922386695194282,16740.0968701909,766
0.3765,2.89333750740646,0.0208418882554633,4980.89383040082,767
0.307,4.59240220806969,0.0483354783537459,3530.29405463957,768
0.2395,4.39017211115266,0.0547961890865111,2948.79514880313,769
0.372,3.42693507461047,0.00791262327050197,14314.6025884799,770
0.424,6.03616981329542,0.00838349942997575,25152.1074154836,771
0.362,2.46689104101092,0.0150983399788385,5838.29182827895,772
0.1805,1.67583903547607,0.0225720626827218,2506.51593825553,773
0.335,4.41540365907114,0.019697011399526,8455.90247222584,774
0.1195,2.89517360346417,0.0977178685832259,1028.46203130696,775
0.278,2.66444386691161,0.0237419511179621,4049.11777261917,776
0.392,2.85521718797485,0.0202818826031806,5089.41829196555,777
0.4235,4.34977062035347,0.0113860151229299,13642.4343307394,778
0.381,5.74484238363159,0.0389376743477773,5497.67103675563,779
0.448,8.1130219231402,0.0633372930936169,4627.88182213312,780
0.4195,3.53081154670273,0.0168251757523371,7649.95871992009,781
0.442,4.65183779884367,0.0291974983567117,5803.02241025941,782
0.275,1.87580923816613,0.0172281584694435,3765.85832029753,783
0.3805,5.58489309296109,0.0716549454567839,2871.27302793139,784
0.4155,4.81087306105175,0.0176748244910347,9893.28008983814,785
0.451,6.05574822351663,0.0239369561355917,9405.06593794066,786
0.401,4.47987979978774,0.0123186242819511,13015.1160590314,787
0.4255,3.77877447528405,0.0132994454938095,10207.4842670899,788
0.323,2.56249034866794,0.044255024802767,2093.31867786842,789
0.4435,7.25276437888497,0.026903541838315,10219.094031852,790
0.324,5.303713480532,0.0663614087861594,2949.90725944561,791
0.472,8.72927965394545,0.0388895673506297,8567.77195127086,792
0.218,3.99153094492442,0.0258806579263708,5601.00874070195,793
0.328,2.969283674696,0.0126647401699318,8265.29944147105,794
0.402,4.92576059937322,0.0252045233329016,7251.33557688037,795
0.399,3.99153661670868,0.0247985429467502,5897.71815760285,796
0.289,5.77347377399907,0.0239059334478797,8834.3106794881,797
0.3435,5.36883442593193,0.0253255412910236,7995.38129015171,798
0.447,4.74777976244027,0.0113339987454029,15058.598629013,799
0.437,6.44233659935774,0.0474770257297487,4978.09167306578,800
0.354,3.53038660662508,0.073788967138183,1763.02248812368,801
0.4225,4.40254505095783,0.011256315392306,13933.1682620279,802
0.4455,6.40358838897471,0.0108023241216356,21159.4681691891,803
0.437,5.21674083796401,0.0509418366612215,3840.19847965183,804
0.194,2.31338892408509,0.0273571783591131,2970.77714296178,805
0.275,4.12220781062486,0.0192854058684525,7678.46638444878,806
0.179,5.24823987674982,0.0295413117598797,6328.22951618194,807
0.1945,3.54714785681539,0.106508138468574,1197.12620797507,808
0.46,12.6490345964875,0.0147454582577379,32050.3861434937,809
0.241,4.60718148974197,0.0285294439213179,5836.60864686011,810
0.419,7.08247851686141,0.0845630249902473,2406.2852241185,811
0.332,3.24809807300028,0.00963321570771698,11432.6661278202,812
0.363,4.19535747324378,0.0365911937609005,4236.042812731,813
0.372,3.94732575801283,0.0284155846114419,5148.86561490805,814
0.353,5.31359207715469,0.0391613328448088,5006.34881289414,815
0.423,5.41222666651158,0.027371025373374,7436.54693841924,816
0.427,3.22006024766124,0.023906318403911,4839.6048627248,817
0.2875,3.98825675051475,0.100012061736198,1423.50603404414,818
0.3505,4.13744341117936,0.0217289726766354,6972.97685458219,819
0.3085,3.93664817260111,0.0268636742657541,5322.56460029314,820
0.252,4.01710201631436,0.0462561316262146,3201.80610295108,821
0.3265,2.9409449837346,0.0178733793178717,5894.31056976347,822
0.459,8.08265011721951,0.0533508316656651,5461.27302522673,823
0.247,3.77020011100985,0.0393880193378672,3504.82011972922,824
0.157,2.62346374987741,0.081034527406927,1133.68869653101,825
0.151,2.79054121036349,0.0751921365839168,1326.43155906236,826
0.2345,4.16742903867877,0.0597344229121123,2529.20912984272,827
0.189,2.26680705161971,0.0204351712950146,3800.12757705654,828
0.4385,5.35475115870013,0.0588922318076096,3353.46717336958,829
0.437,6.77655920983757,0.121140306047366,1482.62708473864,830
0.219,5.09816333169595,0.0542897372127094,3427.20117320737,831
0.1865,2.51434810110636,0.0191137429844678,4460.80660213046,832
0.4545,8.46779044567947,0.0158241905176028,19741.9777545368,833
0.4555,5.74455425367585,0.0247170128446692,8423.70939677684,834
0.1745,3.19679101050931,0.125705843033836,817.914003523009,835
0.397,5.93280918573041,0.0520303751889427,4327.92868207828,836
0.461,9.98965525574569,0.111685271554582,2790.26643587695,837
0.3305,5.36231380961401,0.0556442481517635,3450.51918458814,838
0.4135,6.30662000578943,0.0440582962872938,5385.34095840224,839
0.4675,10.503809477897,0.10527883465619,3323.02398702029,840
0.4455,7.80031915037882,0.0533309844365632,5554.30252918825,841
0.4205,6.692669688585,0.0698548732148418,3456.00771801275,842
0.335,6.01220626981924,0.0381166157036221,5891.83496748469,843
0.3505,5.75864636285037,0.0409261396882135,5189.4407697893,844
0.224,4.15714109690878,0.0413526099935221,3694.28800423471,845
0.4155,6.39145862156748,0.0119433238431992,19110.995593066,846
0.4235,6.92011207833654,0.0457540362394357,5546.42752717802,847
0.4035,6.24791783873693,0.0690117333137278,3080.46337273794,848
0.3855,5.16244965189779,0.0707518565893227,2520.94210506114,849
0.3325,5.35725340171944,0.0318521747372954,6246.27355946432,850
0.326,5.45219922832288,0.071026526489446,2831.72259543435,851
0.346,2.14946046416912,0.0217000554400836,3563.84617847452,852
0.2005,4.17916236408312,0.0317336549814636,4726.68728904253,853
0.4435,9.77068010520453,0.0468386749056265,7674.62506571336,854
0.24,2.82911508361706,0.0512273383497956,2008.55223531434,855
0.3675,4.1310750773896,0.018440972164107,8122.67837716154,856
0.392,4.84093533554018,0.0255043541401467,7074.38858083274,857
0.4125,4.09257411123122,0.0229075699619206,6661.74590666733,858
0.1845,4.58880391736131,0.0233249416804225,6902.04798883644,859
0.406,4.71861735993029,0.0326793971493004,5336.6087357901,860
0.2885,4.13503579795191,0.0841045782097921,1714.09147435996,861
0.328,5.66142243929595,0.0407945047540481,5138.9166871514,862
0.435,5.33529226135717,0.0527568523116477,3828.0239797453,863
0.2475,2.65278114225981,0.00935376442164072,8886.6318131287,864
0.2265,2.90177426013771,0.067691459785693,1519.92672783622,865
0.389,6.44380462460145,0.0377918789402426,6240.87985969486,866
0.4035,7.05633106929486,0.0368510892149312,7238.25890138353,867
0.266,3.0672943087684,0.0146033458918822,7217.36328978283,868
0.3995,6.02881138596051,0.0328992577807904,6856.32210856907,869
0.3295,3.83411198246302,0.0165274692765946,8268.37440347755,870
0.3015,4.80087591726674,0.0404992843593392,4410.1887414187,871
0.3195,5.20403516709846,0.0111796844155093,16098.2026519052,872
0.3905,5.85779449229187,0.0525244792070571,4122.2764716991,873
0.424,4.20527843462991,0.0132815835527049,11325.1937046803,874
0.3185,4.44645481501099,0.114929656414372,1165.22548155429,875
0.436,8.99639868635272,0.0712564008014092,4458.08056815436,876
0.3535,4.60150507076009,0.0547133603514109,3141.08094782923,877
0.434,7.99688036263398,0.0347183430735678,8851.60640209911,878
0.4425,7.42427426069792,0.0906217000638246,2762.92265300908,879
0.273,3.29008772741027,0.0653457895361238,1837.95612431444,880
0.202,3.07989449391095,0.0715040724664862,1552.06856597118,881
0.3705,4.77887576858675,0.00998833566665416,16335.6775317403,882
0.384,5.68787188365229,0.0366923504654207,5837.95800221217,883
0.3375,2.57298632740835,0.0593172771492041,1595.1577971928,884
0.452,7.19334805129435,0.0555745979280933,4727.64010740657,885
0.37,6.49001876670091,0.0465491658661514,5177.90188319172,886
0.1405,3.14675314520248,0.0722419656723294,1526.53984657001,887
0.4035,5.44864356623844,0.106528500721008,1420.52023753532,888
0.2415,5.14454065026852,0.0500242462686779,3753.99543017511,889
0.336,4.05515831161765,0.0222637614674751,6543.99908545741,890
0.3845,4.83435706829516,0.0289235066875515,6179.02263872726,891
0.3865,5.2977634699602,0.104828701788701,1696.35132041952,892
0.3745,3.47872181975596,0.0280367442434182,4378.58071199185,893
0.359,4.313324442158,0.0160097395020833,9565.0079310613,894
0.448,6.21708026980027,0.0118217745364274,19118.2963306074,895
0.1345,2.21703807967828,0.0879903207462919,906.799465773164,896
0.2555,4.29995869249871,0.0341318378389271,4743.41370636722,897
0.475,9.66407908798274,0.0171092141059145,21236.7284076371,898
0.371,4.95327607400783,0.0154626984829368,11518.648674826,899
0.3875,5.15630236340227,0.0269992242117518,7111.89592933706,900
0.3575,5.73249576494977,0.0797643412647401,2673.79997906038,901
0.411,3.32866286104446,0.0179529730921339,6702.29653328843,902
0.206,2.44054209390855,0.132902027730921,627.329599457782,903
0.4585,6.1646898920302,0.0163665515891639,13989.4535258052,904
0.3895,5.54825836773725,0.0313896655652415,6631.77606764416,905
0.4715,10.0130927280591,0.0583699714197819,6504.99710522414,906
0.416,3.68091029957585,0.00845868172254589,14933.1987494889,907
0.329,3.21855279774279,0.0124644234891176,8922.39581303275,908
0.3455,5.93491111925753,0.0428737313953501,5229.4188199527,909
0.434,5.95935846908109,0.0095677052127853,21907.4308365841,910
0.2675,4.17180974055272,0.0350206013699522,4382.95026954821,911
0.329,4.78571663025987,0.0248516798171431,7042.5609617571,912
0.1925,3.30100507656409,0.0291653904232195,3994.05138640073,913
0.412,4.53106486487429,0.0101570171665602,15735.0907060565,914
0.3095,5.82445983863614,0.042921685802439,4987.46382351318,915
0.4305,4.29626467876662,0.0129691999570233,12069.0020560587,916
0.4475,4.25402456201156,0.0144514543532565,10738.7977352736,917
0.331,3.09429179337471,0.0559621097410194,2022.39704950988,918
0.299,4.80364568345318,0.0305442677684187,5918.3837122942,919
0.2975,3.75067738976918,0.0136255230064565,9573.44058032268,920
0.322,3.69417783240822,0.00835414553093356,14562.872451812,921
0.447,9.11875196196533,0.0501096405966739,6754.97114348218,922
0.4405,7.95071903129462,0.0330630289798553,9178.28103597464,923
0.4615,8.90437826062811,0.0115656132620352,28031.3727507402,924
0.462,11.0771961893286,0.0204315352525602,20320.8425401343,925
0.2905,2.24250807944712,0.0459255132151686,1786.31762111678,926
0.3515,3.68223052711919,0.0146319101816272,8841.48568968365,927
0.2855,2.04275097022977,0.0177740058602054,4002.39804718854,928
0.4265,4.9788501853163,0.0151077944534219,11928.365018741,929
0.4415,6.95942587994175,0.010026456428673,24770.1388514238,930
0.418,4.86361481647791,0.0219934900159688,8201.13132202839,931
0.227,2.9432333199307,0.0661648952114459,1574.20568652086,932
0.451,5.75762945973249,0.070233283194898,3057.14112272962,933
0.354,4.25547042867553,0.0283096785530723,5525.58115647875,934
0.145,2.92402551496546,0.055940560935535,1877.80196088532,935
0.432,3.73353364296719,0.0109861837641669,12129.4251796426,936
0.3385,4.20750866545148,0.0431732565357591,3485.54038910747,937
0.4415,7.56130659603623,0.0381769777335719,7506.7892067532,938
0.439,3.70739804022321,0.0125074112205986,10693.0073835339,939
0.4645,10.6375618565501,0.0440114951800435,9236.4219744828,940
0.371,5.25007617639002,0.0713387364066833,2735.96122442642,941
0.4605,10.813927456656,0.029699245532401,13759.8249190482,942
0.402,5.76456534722629,0.0576030345737218,3597.12406149896,943
0.414,2.89567211644618,0.020284057273213,5211.80177041693,944
0.254,3.83604247859598,0.112549558962237,1119.22007927704,945
0.333,5.49205795852126,0.036683313173797,5579.00378591594,946
0.249,3.62839626481559,0.0578529697909587,2299.79866564782,947
0.346,4.91046040268791,0.0350792232215181,5146.119831101,948
0.402,7.2787077806056,0.042682205812573,6479.79516812705,949
0.361,5.23299892383901,0.013682834974417,13660.1354119778,950
0.417,5.91594326827784,0.0249072260343359,8904.03342627891,951
0.3545,5.47049994740867,0.0133348630195627,14828.7609354508,952
0.414,3.65805881187536,0.028123080793717,4806.08237035121,953
0.46,6.33357606788096,0.0182545736733956,12831.5149096068,954
0.363,4.36935920964588,0.0119836163058146,12713.3535886733,955
0.423,5.85694954234202,0.0331420706207896,6620.67010698507,956
0.4515,13.5979574632342,0.0411331769251863,12633.0755924478,957
0.419,7.38735709563781,0.0237000532150179,11602.8267323836,958
0.3555,4.00097243021758,0.0325457183668506,4504.13146965147,959
0.2985,2.46352862862247,0.0769836442387159,1197.58120829605,960
0.406,3.37348224618724,0.012229168506713,9808.92354951671,961
0.307,3.59773661474605,0.127446806451724,728.534902600891,962
0.216,2.28438820849966,0.0618698778944533,1337.15706622248,963
0.2975,1.95767794580219,0.0391174429709271,1811.19706547557,964
0.3645,4.22221744939369,0.0276753252276721,5636.39732471712,965
0.2705,4.87606541075782,0.02570534710755,6809.41727926646,966
0.2525,5.09384999188997,0.0238440053629903,7725.71294965223,967
0.2235,1.77264779647076,0.0189639955345911,3154.71070443107,968
0.3075,5.17186017007893,0.0102984490067079,16949.7957474588,969
0.4675,7.40116977213958,0.0358321279975702,7856.67237124531,970
0.314,4.2358254046218,0.0583023747797497,2680.42893296447,971
0.132,2.45028796405082,0.104691001564938,835.783417596294,972
0.282,4.04045318926675,0.107980380298481,1343.57964902818,973
0.4055,5.15941442105215,0.0128360161769288,14391.6513780343,974
0.342,2.08102756317527,0.00635952947653486,10145.2147870685,975
0.319,2.11670635409288,0.00783430948869934,8574.84828937902,976
0.465,6.79637566522849,0.0392545242754868,6585.2715299017,977
0.23,5.40697747902536,0.0335875448260021,5893.52883397021,978
0.4015,5.33964349780944,0.037835621223114,5317.01425515235,979
0.4485,6.33061471543918,0.0793896457409197,2820.07730934859,980
0.295,3.87245129424961,0.0281045392866705,5048.62334778209,981
0.413,4.01649295516976,0.0328086853148359,4561.63126169339,982
0.4465,9.76556913271038,0.0720374532542977,5005.19398449484,983
0.372,3.66566987333493,0.00943232681749247,13276.5373389433,984
0.4375,5.44286255262227,0.0189665583742966,10592.1748111724,985
0.171,2.66524462430624,0.104707096651832,913.440717755203,986
0.4625,11.5613401683306,0.0456294941657804,9466.67253737444,987
0.284,1.71091156427589,0.0155578924149044,3775.74843035751,988
0.472,5.97303634999221,0.0143398361656469,15402.5355354096,989
0.399,2.81155296235401,0.0177653407809047,5782.20495284444,990
0.214,1.50129192521651,0.0277387261891259,1887.79319944148,991
0.318,4.22065906801171,0.0272262388891702,5751.49663366965,992
0.418,6.99518213539158,0.0296621208132328,8912.21864445715,993
0.3115,2.44019719363596,0.0565247858511702,1521.54444102673,994
0.3455,5.08804653982616,0.0399885888854349,4797.17261947702,995
0.388,5.17105096161944,0.0185228638359241,10337.4199924251,996
0.3765,3.63315667615653,0.0122747490309709,10457.8005216579,997
0.4465,6.95092867087169,0.0204443906332867,12550.951718987,998
0.166,2.60621575069996,0.10596301713637,881.517179963969,999
0.1565,2.7827762619647,0.0935046165029347,1080.7619372111,1000
0.4315,6.96540536188668,0.0554098444724242,4772.15589910407,1001
0.321,4.28909577891263,0.0608003633910065,2612.01804114476,1002
0.2975,3.40710675190111,0.0299828302894211,4095.7558038385,1003
0.418,3.6044919120795,0.0354924579902351,3751.51554873011,1004
0.458,6.10284630968319,0.0092298446467437,23433.4059501512,1005
0.342,4.55575010829147,0.0725769537590382,2297.59902985641,1006
0.219,3.06102735971847,0.138007702486531,706.987495496685,1007
0.423,2.94973533180361,0.016070113814437,6670.48176567591,1008
0.4585,6.09979997481534,0.0110876916536341,19988.1353568995,1009
0.197,2.64078779829618,0.0905885634672416,1062.03187935258,1010
0.437,5.54073292678839,0.0595365245823597,3358.84825163766,1011
0.4475,7.91576096003536,0.0275795271363294,10863.8249290295,1012
0.3325,3.54599349655221,0.0658818226383454,2017.21903520974,1013
0.4295,6.1760492130711,0.0325544190911617,7123.47281802378,1014
0.457,11.0644561256107,0.105682626551483,3094.05022984353,1015
0.4095,5.24978148524965,0.0366562240395011,5382.14354504631,1016
0.199,3.9094100490694,0.0251521453990613,5416.65590690082,1017
0.2855,3.14804091562762,0.0355242583776355,3234.26616197262,1018
0.413,3.42774714765164,0.0111600413473285,10883.5732918272,1019
0.4205,4.61459062641204,0.0239186064764579,7285.42217528698,1020
0.3085,2.30844022778193,0.0300214165057838,2740.61049044326,1021
0.1745,2.95292550048226,0.0501284161896417,2106.66276596424,1022
0.285,4.66264144417373,0.0150682416692433,10879.0532198503,1023
0.309,3.61750602382486,0.107118710688025,1191.37247588926,1024
0.399,4.89328838724877,0.0234973410369008,7747.73536940128,1025
0.278,4.05514000093416,0.0250115966576037,5917.8564634816,1026
0.364,4.68325996413792,0.017842131288136,9510.11938511359,1027
0.124,2.38805520370148,0.124332016658166,656.949931510377,1028
0.4815,6.36117012229385,0.0188210424405686,12497.9856384076,1029
0.2735,3.27054900308339,0.0545206485397468,2227.54343217841,1030
0.48,9.21933104053044,0.0283354418018112,12260.8193981567,1031
0.4045,3.80083491220394,0.0157680572727659,8764.45333665913,1032
0.4455,6.6740154045582,0.015818480578806,15167.4046656927,1033
0.2625,4.32239109899587,0.0760018089919982,2047.26265807817,1034
0.4745,9.56814565551122,0.0555475537933552,6512.54713901128,1035
0.444,6.00789422108674,0.0220218115607231,10199.1565844124,1036
0.308,6.35878634425782,0.0405839510299865,5803.57608526536,1037
0.2785,5.47332096450658,0.0182532437591807,10812.9063524152,1038
0.3055,4.00034604226245,0.0366538055475136,4030.24982510444,1039
0.2865,3.36765674033299,0.054308115828962,2185.82281149416,1040
0.428,6.78616246351414,0.0338399404225248,7602.85222356415,1041
0.251,3.81843467043051,0.018474809657541,7323.29712764602,1042
0.4705,7.12782931122236,0.0226934963717246,11703.4216170956,1043
0.304,4.26272127821597,0.012643691400845,11784.1476888033,1044
0.271,1.9288946371159,0.0212067636908265,3227.28521653382,1045
0.448,8.98961383874417,0.0424117683799954,8053.81994132072,1046
0.164,3.21933172996009,0.0746783715969042,1547.72925237815,1047
0.3355,4.2732122596153,0.010596818495479,13947.8948443556,1048
0.2555,2.57128137027175,0.0392047296415663,2402.56169944426,1049
0.3195,4.14553234222931,0.100766745234705,1339.53372006755,1050
0.466,5.01696078063411,0.00784894321062694,22299.7402274585,1051
0.447,9.81090022373407,0.0566216647097599,6540.19847903862,1052
0.31,4.74658284025856,0.0994891772110632,1605.89078428548,1053
0.305,4.53602559555432,0.0627603151529018,2494.73394063428,1054
0.3525,4.50301202003637,0.0720837451945817,2248.35177418298,1055
0.463,7.05463912160947,0.0532657374959408,4983.12759398152,1056
0.454,10.6601698261517,0.0502010777469695,7669.01847578894,1057
0.3615,3.11382958952176,0.0343304371699429,3318.39329725588,1058
0.463,10.3723730791608,0.0604246763900026,6321.40133763303,1059
0.158,3.57936939161663,0.0647858734796737,1869.45740374854,1060
0.241,4.84788764519423,0.0435400110396689,4157.97249950887,1061
0.3785,4.76104666927191,0.0708941421162634,2425.52134545834,1062
0.479,15.8754241986257,0.0811846885442968,6953.15658245926,1063
0.2225,3.57576488064819,0.0601546355366871,2156.81393426701,1064
0.421,5.17753519430633,0.00790221426126049,22441.6957133207,1065
0.4435,8.11863945368284,0.0146011002498216,20374.0547602618,1066
0.3835,4.57898866836621,0.0602135804414598,2801.42087069329,1067
0.4645,12.9482641398771,0.0627959019959449,7578.37858556359,1068
0.399,4.76886091929412,0.0146783578738798,11786.4610944511,1069
0.45,5.54184677813559,0.0365007911480854,5673.94035600154,1070
0.4235,4.84954742384342,0.0200028328080203,8925.06096409652,1071
0.4615,14.5335217507698,0.037703130273571,14754.3667968718,1072
0.267,4.8511826686923,0.0777747783587587,2197.13079759545,1073
0.407,3.47630814922106,0.0241333940140918,5216.80828838166,1074
0.4015,3.93315107489393,0.0196743688737936,7250.64617606098,1075
0.3365,2.18371075401601,0.0292856010762419,2748.97409069676,1076
0.4145,6.30722613081478,0.0392612111413941,6091.24237017599,1077
0.249,4.29843016515951,0.0400005206393774,3926.96615151334,1078
0.4065,3.78424693378339,0.016876985965308,8114.91904465649,1079
0.2515,4.03138783750343,0.0361368274089261,4090.35113119953,1080
0.1815,3.88004566264752,0.0459427743152033,3019.24979856977,1081
0.362,4.41979433089852,0.112505006997394,1365.96299184228,1082
0.3265,4.42224371208229,0.0152592126424041,10325.2334864374,1083
0.341,5.1583613576649,0.0494997711609439,3795.03775093582,1084
0.2035,2.38821110093519,0.0639575758096593,1343.58289464008,1085
0.179,3.7242702990823,0.0459133523615182,2990.50189872584,1086
0.225,1.62842111727654,0.0168373176361605,3269.83596821221,1087
0.3325,3.68324144272918,0.0299975323899904,4504.84277226776,1088
0.4555,9.47381287627482,0.0221146748747843,16013.2091011754,1089
0.4465,5.93179507043245,0.0472418856497805,4750.99340338415,1090
0.4575,7.29739420737802,0.0383662270752199,6772.43394033757,1091
0.3675,2.37030148729677,0.0059381648404588,12493.8601251841,1092
0.4085,5.91738328441613,0.0716086162197484,3090.99648328798,1093
0.3385,2.20920284255164,0.0184747883681096,4277.8718290812,1094
0.3085,3.73270571809902,0.0107385098463001,11774.5830012721,1095
0.417,5.69663956135191,0.0813555145298572,2424.00391178145,1096
0.172,4.07166763715881,0.0298312892061615,4707.83435495901,1097
0.338,2.29131172442949,0.0133635641460562,5871.60996735904,1098
0.2665,5.37357739465744,0.0881747637176727,2204.1400268845,1099
0.217,4.13002579974213,0.058073631094578,2582.33553743642,1100
0.337,5.07940942165199,0.0478638609753941,3928.6774228724,1101
0.3595,3.81700180762822,0.0400997023442332,3505.66502926706,1102
0.2345,3.65654524689445,0.0629846380056921,2186.89167837722,1103
0.376,2.63493325911713,0.00793990329151674,11067.8652244396,1104
0.1665,3.21853733177917,0.0692750064183255,1579.22059747608,1105
0.4325,5.10695227443782,0.0146792352660815,12804.2548907206,1106
0.41,4.57363316813819,0.0308067505193963,5480.49606857375,1107
0.325,5.00496514592984,0.0245428977528766,7647.20386568616,1108
0.4615,15.023519900689,0.0273102872932982,20826.3299355441,1109
0.465,9.29420934976803,0.0497239661648272,7112.81899210632,1110
0.469,8.98026672856014,0.0187507995820423,17972.8037211165,1111
0.46,5.18432773064024,0.0158128728859911,12046.5811930605,1112
0.252,5.32031139185587,0.0481942390092442,4152.56112227347,1113
0.44,5.20476863724061,0.00940764990206662,19335.410204776,1114
0.234,1.7471808792214,0.017365661450424,3396.66018620547,1115
0.347,4.39740407345746,0.0268495381684463,5986.74042151478,1116
0.413,4.05520992708068,0.0209505014018386,7161.20807818109,1117
0.197,3.01276782554754,0.0470792093330627,2345.67457067681,1118
0.219,5.77426184019997,0.0323152556923272,6498.97058126366,1119
0.2725,1.91627121366185,0.028557470107235,2364.91909332172,1120
0.295,2.93879347255972,0.0120547370526912,8183.88513694423,1121
0.33,5.74652311158708,0.0245074422537948,8596.70087976884,1122
0.244,3.76358051159897,0.0580998079840539,2322.0722402773,1123
0.3515,2.70777207433643,0.00892537268945632,10061.2430171835,1124
0.2815,4.01586344956258,0.0633427308428001,2333.26395835717,1125
0.2575,3.15018356038436,0.0745386799564973,1525.90474561929,1126
0.2265,3.54464559354204,0.0712844355325878,1787.14047501319,1127
0.428,6.99204587078292,0.0328380106854332,8109.64005201488,1128
0.3805,5.94570147345562,0.0940989560498415,1889.87228355694,1129
0.1805,3.10030488269775,0.0376129892318377,2989.96214494851,1130
0.1925,2.51521451693669,0.0913556212257674,1000.27555709976,1131
0.3805,4.86520573698727,0.0202008579842402,8775.52168840022,1132
0.161,3.25936541277255,0.033859562097055,3358.40390653778,1133
0.4265,4.30757140016195,0.018835636292455,8451.1266903933,1134
0.205,3.1465901895345,0.10130708984328,1137.68234607087,1135
0.1305,2.55321274823009,0.129644652176746,684.739069455101,1136
0.3885,6.52814868293863,0.0158566715247073,15191.5038485274,1137
0.289,3.52793256584601,0.0308749158473454,4194.95640421678,1138
0.3255,3.53860852974795,0.0135178355846415,9197.81078814025,1139
0.4205,5.35575136605828,0.0393296248930115,5121.54400881929,1140
0.44,5.64234443873464,0.00949751993352849,20978.6652550728,1141
0.29,3.2453600419888,0.0703678614242753,1596.03157190185,1142
0.342,3.2021080771605,0.0124630018144635,9025.9498232058,1143
0.256,3.03388420365492,0.110599367891724,921.401121826587,1144
0.4555,4.69641748695834,0.026210181457898,6435.79556384386,1145
0.41,4.18584614401775,0.0303327802769206,5112.52362634767,1146
0.188,4.6492498283321,0.0313237343387544,5346.35600977949,1147
0.3745,2.56195932502987,0.00661268229831458,12413.1933174705,1148
0.225,3.57736726337623,0.0206117982469139,6151.47070832012,1149
0.47,12.0540097760746,0.0326977069226555,13944.417978042,1150
0.4085,3.41996839203921,0.0141930422824866,8717.18399424979,1151
0.2955,5.24391245270738,0.024895648247742,7620.9209057536,1152
0.1775,2.58946242962111,0.0638503014178763,1469.18547180184,1153
0.362,5.58876169902191,0.0331470725042308,6342.81713355261,1154
0.308,2.93227512024397,0.0315642793368294,3464.22460398826,1155
0.485,13.8960125772216,0.0443617259444869,11538.7195356571,1156
0.234,1.81036883212321,0.0200313919239245,3138.81948497053,1157
0.182,5.21630911710967,0.0358357333511691,5249.55190435139,1158
0.402,4.37939170090399,0.040686384143787,4047.39570373977,1159
0.403,4.53978720456822,0.0388606495521636,4387.04016056941,1160
0.342,2.8411313817047,0.0498705112911602,1946.7620346467,1161
0.435,6.03255927919658,0.0258220506411191,8781.27746514114,1162
0.3065,3.98898924381546,0.0373670301448044,3964.77937282495,1163
0.2005,2.11091478607881,0.0208695032036407,3450.50441083221,1164
0.432,4.02649166938879,0.127479158257576,1059.98142079112,1165
0.178,4.73406656582531,0.0257490199196059,6576.98882442254,1166
0.2285,4.7717913837846,0.0610702861221221,2884.2825981806,1167
0.199,2.64312765261552,0.126139514523248,736.452244987805,1168
0.274,3.06284911099084,0.0225773572344081,4862.1992399367,1169
0.4625,6.9765503374267,0.0231660120326538,11366.8738022955,1170
0.36,5.67877880577559,0.0416143797327112,5066.48395286417,1171
0.4435,4.01263037869066,0.0114264094496687,12596.1838946085,1172
0.1135,2.50528714725008,0.100148545522091,871.74533927869,1173
0.4575,8.36339836308814,0.0227088522971692,13538.4848506871,1174
0.4325,4.2045061201381,0.0346912914035351,4535.44422387479,1175
0.2595,3.6183895210435,0.0646825075562186,1932.82267281969,1176
0.1,2.4311855409377,0.0887857687386258,992.860894455333,1177
0.4285,7.85852558246588,0.0578396586069169,4970.61838780177,1178
0.4105,2.9551432184339,0.00883890831893911,11517.7515517051,1179
0.4,4.21470531380858,0.0247544156727876,6303.67886533409,1180
0.452,4.82788884803022,0.0333400308748874,5161.79032992629,1181
0.1865,2.92281117730522,0.0309031610640935,3373.13705038916,1182
0.3775,2.65239426564102,0.00761333101875277,11392.5223508135,1183
0.2835,4.45808386920366,0.0287198000061074,5630.68848432998,1184
0.318,1.86407226337418,0.0162969588112388,3977.61479180246,1185
0.4365,5.3721063393487,0.0147660931243997,13289.5888687408,1186
0.47,7.03128396451303,0.0133587066832005,19313.2556749514,1187
0.204,4.95299061616631,0.0235708543982164,7596.74288112294,1188
0.4235,5.61046660244775,0.0103515044972475,19140.2552406049,1189
0.2715,3.68271536322162,0.009566028744913,12718.6110334378,1190
0.358,4.93920783275405,0.0420504217354445,4301.59539906144,1191
0.3945,2.60094878021088,0.0219605370330057,4305.71183626389,1192
0.2755,3.94933984919518,0.0532876702610296,2776.2271321213,1193
0.236,3.58404617998722,0.0239254103963584,5254.50308946712,1194
0.218,2.94963629003013,0.0739841633769255,1459.75769351064,1195
0.454,5.39321513241095,0.0142674637685072,13943.8230206694,1196
0.2155,5.01748531818314,0.0300293309566628,5758.95443335305,1197
0.216,4.2955881635876,0.0612935964512296,2574.81304886137,1198
0.2225,4.00505211363839,0.0149092548789318,9257.29452463553,1199
0.429,3.48923652916357,0.0128176600207215,9758.67259167241,1200
0.394,4.03215279739806,0.04461773112121,3390.31271336287,1201
0.186,2.19766172627524,0.0929013861200016,829.083404128561,1202
0.3695,4.96402294952071,0.0342711277985702,5338.71093260827,1203
0.4045,7.1028606676292,0.034545593771904,7760.29828878643,1204
0.441,4.70432895786904,0.0229283165029928,7705.66000184548,1205
0.375,5.2982609153264,0.0392955877381343,5129.87112729726,1206
0.195,3.38418952546933,0.0433056173773256,2832.71744109363,1207
0.418,3.49542003206892,0.0122792733815417,10229.3080871005,1208
0.2965,3.29694398906067,0.0314630540939487,3813.18220264543,1209
0.453,8.39572870846487,0.0382596043835582,8340.63613152918,1210
0.4755,11.7238982474353,0.0354923244672984,12323.409812813,1211
0.155,2.73059829411052,0.134751782536283,738.611820632759,1212
0.154,3.68920809976898,0.0886092515246031,1365.95690748297,1213
0.466,10.1717407894907,0.0885457072273285,4170.11476743174,1214
0.426,4.57571387252987,0.0111255019019742,14541.5475701995,1215
0.1485,2.53326142577419,0.0588307240959954,1577.96248245353,1216
0.43,6.83997584854701,0.032862639108398,7882.70156745795,1217
0.3685,3.87491300361233,0.0108582573587668,12516.5779831662,1218
0.2485,4.93427844581517,0.0348555673498898,5164.83364800965,1219
0.42,5.01158588350917,0.0109687293252982,16218.8801445604,1220
0.371,5.26634806413938,0.00983592405322873,18601.3588127507,1221
0.255,3.76292333304804,0.105542981178214,1214.91052341572,1222
0.362,4.75765739837261,0.0396452900120159,4498.28305102629,1223
0.448,7.89543500719414,0.0351560000805775,8637.22527761182,1224
0.441,7.95374890077756,0.0379585520845202,7947.31533479423,1225
0.45,8.76666979066465,0.0685520627471761,4856.36702266336,1226
0.422,6.54039069108207,0.020334357512423,11851.6386026304,1227
0.3115,5.22526710412507,0.0465706963028448,4128.64174279451,1228
0.2475,4.46867705702447,0.0417197221666651,3812.96507871486,1229
0.3585,2.21259462740102,0.0128825453985353,5960.05342034953,1230
0.38,3.53583387233732,0.0142060537350926,8895.45956334316,1231
0.164,3.66041519678066,0.0522468089688162,2527.49076631248,1232
0.253,4.13622110623634,0.0795061934030291,1846.5301994968,1233
0.367,4.46451423327336,0.0224092203783435,7280.81350552249,1234
0.457,7.24716162583059,0.0205743265315798,13284.4169443541,1235
0.246,3.41909806869587,0.084509809593725,1382.98439692405,1236
0.2995,1.97779572164139,0.00895302773789818,7052.25955963374,1237
0.4635,9.0206324661784,0.0144305672724251,23141.8335772067,1238
0.43,3.61791702142543,0.022461671869006,5971.92462207305,1239
0.383,3.16074672492741,0.00702076914775772,14603.3015057261,1240
0.4545,7.76550159360006,0.0159084842302789,18024.2641056271,1241
0.3015,4.03058197928789,0.0530954387127704,2791.65879928963,1242
0.271,5.50630298574071,0.0667269069915363,3052.98938332545,1243
0.422,5.64668569507491,0.018869158309618,11008.6686111697,1244
0.2545,5.31306339718789,0.0270138421085125,7213.51526778313,1245
0.303,1.89950115911855,0.00869516551272846,6943.64276040533,1246
0.4275,6.62981021652968,0.0127531206186737,18748.104684108,1247
0.279,4.08454030769763,0.0987653030003517,1455.55147239659,1248
0.4325,7.86735017040766,0.0341983003835195,8689.67389795389,1249
0.442,5.47343982732366,0.0103190101459569,18830.3981689937,1250
0.4195,3.20536916690098,0.0107897456310632,10392.6495877285,1251
0.293,3.96252718542535,0.0573739082188596,2495.07058362989,1252
0.449,11.6872163040547,0.0468963637135202,9571.79292593366,1253
0.234,3.30451610377669,0.120059565803063,942.915666747495,1254
0.261,3.22585677546236,0.0656142558592346,1789.16920563416,1255
0.4275,3.07295087647591,0.00763302564775118,13605.3953900844,1256
0.4535,8.06494518940892,0.0992400358411321,2813.36865012797,1257
0.3295,3.86300823621432,0.0754123270536927,1801.8835623942,1258
0.4635,6.16085227512985,0.0246894969768747,9069.88522638946,1259
0.3525,4.87224828588604,0.0141218154343215,12287.2544799721,1260
0.4285,7.14623312249586,0.0501935862239647,5417.75236056405,1261
0.4155,5.69726879586805,0.0694062704910026,3098.81969891406,1262
0.2615,3.93473220300193,0.0340664632171846,4330.28408693697,1263
0.238,4.82684397746683,0.0353368540482267,4975.22465895429,1264
0.209,4.39548513855677,0.0871009974485712,1809.74189791304,1265
0.32,4.37615209025697,0.0103100236654765,14350.6636684685,1266
0.452,4.73867044503685,0.0152278809367008,11463.9323624355,1267
0.428,6.74204599246557,0.0305956500022679,8334.95716119248,1268
0.388,3.34481667732154,0.0487250153267328,2519.6511227256,1269
0.115,2.70101697004768,0.0901113519540196,1137.20479871792,1270
0.238,3.30677397219703,0.0364439880577231,3267.98432290871,1271
0.403,3.10168344229095,0.0638893253419543,1790.3479156535,1272
0.434,8.47454859879804,0.0154332053990297,20286.8043378805,1273
0.361,5.16482363243444,0.12057728973681,1135.66183008014,1274
0.4155,4.16428400475646,0.0154330041166685,9722.66094001389,1275
0.417,5.99633515112005,0.100097480848119,1728.98854771138,1276
0.467,10.8751816288008,0.0763576987200361,4904.23730249341,1277
0.2035,3.56150571799905,0.0363676132527172,3575.65055822063,1278
0.1565,2.86955284795434,0.147711061937114,674.00504011082,1279
0.286,5.66425015479862,0.047727936278878,4377.34106793701,1280
0.3595,4.9538805276015,0.0559800478579763,3167.02740995693,1281
0.139,3.7196676722097,0.0297472375781316,4248.98407913846,1282
0.2875,2.28005872255867,0.0392622868863485,2103.09829941517,1283
0.198,3.938875638954,0.0379202776235419,3738.77229690203,1284
0.4045,6.87822937650925,0.0335456455802678,7744.20834981694,1285
0.446,5.33162525850181,0.00830673930673157,22485.7470615567,1286
0.3925,3.63072103001875,0.0137696632615387,9503.11320704413,1287
0.2585,3.47521097288061,0.039770549964238,3161.38133023444,1288
0.333,3.33763655019139,0.015246782281983,7765.19152320532,1289
0.3105,2.79324400871187,0.0250115725327165,4068.20551855376,1290
0.1355,2.74266747071408,0.105671667116187,905.136067499916,1291
0.233,4.23131446635456,0.0545411972902763,2804.69419608017,1292
0.355,3.71719712802017,0.0105913315736085,12054.1781812808,1293
0.175,3.97129616725163,0.0346560545593054,4067.2728541483,1294
0.3415,4.47299362572696,0.037893105917172,4191.3292765006,1295
0.388,6.98617504172777,0.0362208513735002,7301.91078756665,1296
0.4525,6.95415866775677,0.0677870782124209,3755.38653522649,1297
0.134,2.39701895626564,0.0744338696531195,1204.78691417267,1298
0.432,7.5818364481121,0.028284201495431,10186.8311780376,1299
0.3085,3.71756687183738,0.0164834647052473,7960.62537532453,1300
0.382,4.37072741925962,0.0656477547427539,2495.1531851004,1301
0.4055,6.87565948849321,0.0408407981735667,6336.35340745235,1302
0.2545,1.79096631852074,0.0138925805357054,4278.25919246753,1303
0.3605,3.93027632176944,0.0206669632317478,6757.92911555916,1304
0.4225,3.62351393129842,0.0132709289206797,9783.5812713157,1305
0.436,3.72299233311158,0.0135238222126269,9919.2212120387,1306
0.264,3.76046105639705,0.0845588090086011,1631.87224523998,1307
0.431,7.78393360221292,0.0348113483127004,8434.22507253919,1308
0.3575,3.63676741249821,0.0184067914893415,7124.86421432247,1309
0.328,4.02351803422562,0.0895252258414054,1491.12461315746,1310
0.3555,5.76997620676613,0.0493961763868909,4255.40480567427,1311
0.459,4.34748582154817,0.00706363627078115,20985.966109181,1312
0.4445,5.87642367119461,0.010380205213498,20344.9296250684,1313
0.361,5.42708477187515,0.0306044149744901,6620.79355823236,1314
0.198,2.50791835464224,0.0531475987831015,1717.71079084413,1315
0.3805,4.36911364351619,0.0120503060340512,12789.5034358185,1316
0.2575,4.79956436263609,0.0456644962192422,3909.88643268294,1317
0.407,6.14147266550723,0.0577509827196101,3946.3222045129,1318
0.216,5.33704649380588,0.0273702128260341,6902.57653463066,1319
0.214,1.53395864374891,0.0378163891533733,1417.26416502206,1320
0.4055,2.97349567262716,0.0217783950947984,4983.98699310277,1321
0.451,5.98648824904614,0.0104679834996658,20536.2524531034,1322
0.4575,4.80899893545493,0.0155173626127657,11324.7907602678,1323
0.314,4.46971422752109,0.0806175278463065,1950.26657544225,1324
0.355,2.14280331399547,0.00402626636621884,14908.5385043971,1325
0.177,3.23561678697248,0.101549356534331,1076.18804336132,1326
0.32,5.85315972791652,0.0232922839561742,9276.52078140154,1327
0.377,4.87383936793198,0.0209017127923174,8592.7256706313,1328
0.403,6.926564889171,0.0413263886404171,6394.03110017338,1329
0.4705,7.4304671883163,0.0172943704672371,15942.7729170021,1330
0.1735,4.27378714857012,0.0652216866853302,2434.28991947074,1331
0.424,5.71755940371242,0.0721773880892899,2700.88222688924,1332
0.464,6.53776626885316,0.00871731355111853,26573.8065728957,1333
0.4625,6.2409627159826,0.0669843445683163,3484.15366885595,1334
0.4175,7.88242313995725,0.0509551861557016,5864.91547596903,1335
0.292,3.99562372365487,0.0511096979439433,2950.49686015368,1336
0.1995,4.04777955366829,0.0214370713051119,6657.15217332664,1337
0.303,3.9635433695241,0.0131850386788397,10599.8308206165,1338
0.2265,3.7015892031843,0.0462995904551475,2824.40502375799,1339
0.4315,5.97342397479839,0.0251129272803627,8968.1485952367,1340
0.37,2.34680498442138,0.0181035765718809,4636.52987327945,1341
0.4425,3.76955560743808,0.0253321123457932,5528.576503355,1342
0.4595,9.86449588275923,0.101082897203902,3138.76736354534,1343
0.358,3.06533299393984,0.0216727337234607,5148.86597253573,1344
0.2565,2.28695729157673,0.0874741128492489,952.540120151885,1345
0.2555,2.9919496344622,0.124805847762469,732.61753271045,1346
0.4335,3.54826894478512,0.0171316919746211,7549.37759489391,1347
0.273,3.79203100023595,0.0764247187199684,1770.03954606914,1348
0.4225,3.42528287782693,0.00709759926538668,16204.410456979,1349
0.1665,3.28695425937301,0.0761652597506527,1556.36151604829,1350
0.439,5.90828794111658,0.0445089060784019,5049.4586549473,1351
0.1755,2.44193766197452,0.123466593597001,700.162492305139,1352
0.406,4.83149915702037,0.0126169265958053,13734.3192318717,1353
0.4655,8.14248507429466,0.0281609337254171,10934.2151346365,1354
0.4655,7.64937600361021,0.012267433398716,22793.2812273623,1355
0.455,10.7873318181349,0.0882947675302589,4213.46847146385,1356
0.4415,7.77176338077075,0.023679726117508,12311.2827451062,1357
0.2035,2.47217981896501,0.10446947067445,823.336741916181,1358
0.4585,9.97131467613708,0.0608990514956569,6142.89537480979,1359
0.438,6.62811297370492,0.0294112993983728,8485.4341726494,1360
0.3275,4.67440409241935,0.0477422130720722,3573.84391992464,1361
0.3015,3.70146954586066,0.0164468300175634,7941.07700698986,1362
0.311,3.75731646493267,0.0285498051418716,4643.54367748912,1363
0.3805,5.29855028298265,0.0266544001501832,7405.44696758694,1364
0.445,7.93861053960343,0.0164699422485475,17839.5392990387,1365
0.244,5.0078012887856,0.0241888042005599,7347.77079414399,1366
0.1845,3.09118212595929,0.0767998974427095,1453.0406657193,1367
0.2115,4.30264476375312,0.020858761331577,7154.44043920829,1368
0.45,11.0337786571721,0.0159130736452869,25948.7629429506,1369
0.39,2.52058485016372,0.0275846839281948,3306.82193971647,1370
0.3965,3.23394548647802,0.0130828934833021,8767.06613061555,1371
0.3985,3.87203128501427,0.0293777423414202,4913.8920762983,1372
0.2965,5.37213872233169,0.0373263270108281,5471.62010407514,1373
0.4225,6.10174558518067,0.0126230698297157,17654.3688881717,1374
0.3355,2.54287388855211,0.014079645148949,6358.40939816765,1375
0.371,2.80578360879011,0.0106476906408639,9099.49237356478,1376
0.301,2.37135021842072,0.0803936276396687,1070.03712108517,1377
0.1195,2.79154278711293,0.09161376369156,1014.63747523048,1378
0.411,4.90765752292755,0.0728449115131235,2361.42805428544,1379
0.482,10.8794774487255,0.0353229320567241,11814.6050309218,1380
0.3845,2.86088599369847,0.0142465634310102,7098.93863902605,1381
0.435,7.58684412077342,0.0317833211031899,9113.41950561865,1382
0.247,3.53598544133659,0.100970179098035,1249.06920822844,1383
0.1475,3.47055087389619,0.0412897329820049,2958.47341623838,1384
0.3845,4.99368563743924,0.0288071347283423,6470.95607426395,1385
0.3385,4.01905761895078,0.022629551478669,6524.1598915559,1386
0.254,2.84306383151215,0.088490138990574,1161.73408194396,1387
0.3435,3.77583988704655,0.0168753579269724,7977.56687473823,1388
0.454,7.68069777464741,0.0142058476948842,19805.876561747,1389
0.429,3.69665417305332,0.017369002866982,7780.87192529831,1390
0.4435,6.79533481886101,0.0311334334696232,8236.95886450979,1391
0.27,2.94091917768354,0.0155679657178218,6624.5742122009,1392
0.4665,8.43050972914994,0.0758066460737678,3918.36609292591,1393
0.4655,11.0159803086059,0.0318265191407471,13101.354519721,1394
0.186,3.4365820851409,0.0812430327715539,1542.78246460224,1395
0.285,5.27019596800259,0.0323244175323237,5956.7416077419,1396
0.306,6.58583511680006,0.0491481020499107,5052.16431619833,1397
0.3845,5.20934738046771,0.077823514173058,2310.93950655192,1398
0.231,4.86361912258326,0.0185236928232868,9199.68997982384,1399
0.4395,4.43549224644972,0.0174337595900516,9408.98540889331,1400
0.2505,3.78152060346226,0.0340361841299279,4158.31330995748,1401
0.347,4.09973490243818,0.0493730353070273,3026.34723827588,1402
0.4545,5.17012735205406,0.00863842035806768,20770.7602848766,1403
0.3505,5.2032982817843,0.0367214390084562,5330.23251287546,1404
0.3075,3.12029592390737,0.0584707999531264,1936.45787394167,1405
0.125,2.25856577260933,0.0336177614523515,2304.98835444528,1406
0.3795,4.95758315932309,0.0220733402296965,8328.13747857155,1407
0.376,2.45817261058899,0.0189250230858623,4704.10116324581,1408
0.193,3.49959117258089,0.0961577023976092,1213.38258542418,1409
0.417,3.63199245836359,0.0145916063733909,9019.15549374175,1410
0.276,1.84572946385898,0.0142883302621971,4416.89326378316,1411
0.434,3.94016224232822,0.00919966932929931,15043.8401774649,1412
0.403,5.40178448679623,0.028426234085411,7062.12496023281,1413
0.4475,4.41330547354647,0.0103212609008435,15165.0640632664,1414
0.2695,4.46071213063297,0.0281040529464365,5964.7719339945,1415
0.1595,2.52783131806532,0.070734654880312,1304.67886950028,1416
0.4415,5.69286669520788,0.025540229444363,8307.74484734423,1417
0.223,3.68010801928323,0.0447131697546533,2976.54848407008,1418
0.25,3.06602815078118,0.0453698567419842,2483.71780082034,1419
0.457,6.39537628908747,0.0193282974194623,12112.8489847438,1420
0.4255,6.31419604673606,0.0575838260341009,3835.89888256434,1421
0.4615,6.887790615981,0.0100864331607065,24536.943535356,1422
0.3635,5.61421183387521,0.0423222497614902,4983.99450568087,1423
0.3685,4.22521555160631,0.0239291727245059,6491.44924895124,1424
0.1665,4.02452628997531,0.0446164109439701,3215.25534388875,1425
0.394,5.20481715824586,0.0353569691518511,5517.79594270647,1426
0.1695,3.29146144124024,0.0418675358746837,2804.3977199983,1427
0.3725,5.71283209394658,0.0444583968855512,4822.50320082821,1428
0.2255,4.12733539634441,0.0524641455493961,2937.41258387076,1429
0.3665,4.09241862616229,0.0190162052715468,7787.57507501474,1430
0.3815,6.38732727791754,0.0386690761127331,6156.73917892237,1431
0.4135,4.20300891355761,0.0692906133849983,2261.45467526105,1432
0.4685,10.807017477046,0.0334330781350171,12236.2304663024,1433
0.1735,3.14178151496973,0.0760583384584729,1476.21707127432,1434
0.3805,3.38828767310005,0.0100164568521984,11517.5952853171,1435
0.4265,4.01972858274029,0.0135056898181831,10713.0942790051,1436
0.454,7.07272945756864,0.074623188322051,3364.41619853727,1437
0.334,5.70176707901409,0.0366455303061377,5783.01142652241,1438
0.4475,6.2990218050897,0.07038155227106,3182.24857471314,1439
0.4095,3.11385323663099,0.0139130702829941,8053.89588458359,1440
0.429,5.33659307730683,0.0188498719420895,10441.6819486552,1441
0.244,2.51694569684744,0.0721701670935364,1290.21287639103,1442
0.431,5.95296767890834,0.0213246973870427,10499.1976623782,1443
0.436,6.15563095206258,0.0447696066257934,5131.97407090181,1444
0.4525,11.3408985970918,0.0887432565469068,4050.37498220601,1445
0.292,5.95768363670354,0.0261275846401678,8406.82010605446,1446
0.3165,2.32357843372105,0.0195449485389617,4198.51450475803,1447
0.2715,2.10128863683096,0.0834553236839499,907.95981199889,1448
0.4395,6.80595975602441,0.0352505818207336,7259.44412362359,1449
0.4065,4.54057399656104,0.010480979951859,15111.0398855531,1450
0.3925,2.81691606085137,0.017647268645415,5805.42220970883,1451
0.464,6.31444804115271,0.0125150303456396,18384.5850764147,1452
0.4535,13.2270826091674,0.049945699072041,9907.39809457791,1453
0.362,4.73186044502968,0.0548199593197155,3174.15552625875,1454
0.367,2.55988200994,0.00661754061307133,12458.2173477232,1455
0.3615,6.77145354882532,0.0496451018050315,5140.06436885305,1456
0.4645,7.04250062863108,0.016499036140273,15716.3880714025,1457
0.1545,2.67132770332224,0.0764688041653021,1283.48306790256,1458
0.379,2.7352855471663,0.0206483002028993,4684.8855789439,1459
0.4155,4.84952619835358,0.0308920764426098,5693.83037764385,1460
0.302,3.65413929452726,0.0312702557715863,4319.06407837276,1461
0.215,4.33641912279941,0.0236589536970077,6886.32114102666,1462
0.2595,5.46564073290536,0.0207097802444627,9344.7597778786,1463
0.4375,4.9621660287618,0.0167388823873191,10809.0413174988,1464
0.395,5.7792202562754,0.0252326935648653,8626.47127284515,1465
0.442,14.6377209392254,0.0548227259029387,10238.7052984675,1466
0.3625,3.51603199571391,0.0364781086347883,3529.39161625947,1467
0.4215,4.68589751429994,0.0380363929680893,4390.38595385157,1468
0.3135,6.13444803395374,0.0445366847364852,5078.34958263566,1469
0.1745,1.78050731883213,0.0621843537188303,1042.28324931299,1470
0.445,15.5274849486247,0.10279052695105,4424.81190471829,1471
0.2245,4.42580477081319,0.0297919590273253,5434.96596767094,1472
0.4435,5.40858948290961,0.0181516002257961,11065.2073571479,1473
0.402,5.93453558880489,0.0694342636800482,3178.32711022572,1474
0.422,4.87016852390714,0.00924671031791039,18541.4867102044,1475
0.1415,2.96011702153978,0.0873829539702376,1209.817398915,1476
0.332,4.70369691155875,0.073501439999375,2249.46231491501,1477
0.468,16.2771745932521,0.0624266779050707,9738.94207499796,1478
0.4115,5.17663748259483,0.0141310845427142,13199.4381410422,1479
0.397,3.50987188300848,0.00798853052324811,14543.9671913446,1480
0.463,8.97174385261795,0.0416705485481102,8047.17038724573,1481
0.443,5.76350111801447,0.027398344332578,7611.71853591689,1482
0.212,4.14529030723301,0.0629377622199255,2375.42988490856,1483
0.4375,4.28154083277956,0.0219013228165209,7199.28373150913,1484
0.1725,3.74334576344024,0.0434434591488896,3157.83519872279,1485
0.463,5.77170556356414,0.0115665518547815,18038.2724300023,1486
0.2255,3.90234244141652,0.0218852991765982,6238.87618300466,1487
0.407,3.95271592241921,0.0198627263697315,7296.30925957384,1488
0.1825,2.56739307699585,0.124259738696124,679.901370386354,1489
0.2265,2.73001190613124,0.0966929273417916,977.505914129187,1490
0.4625,7.86551882970622,0.0736680855709955,3828.55227569065,1491
0.2675,3.61100748043319,0.0601452694502846,2207.16117212709,1492
0.3485,4.01285959289547,0.0263855986424194,5605.75372086951,1493
0.395,5.61842008740299,0.0128378760865732,15599.9374451086,1494
0.4205,6.05490019705658,0.0244997576355175,9108.21747887278,1495
0.2855,4.89315965851,0.0340421178791675,5308.28393565444,1496
0.4115,5.97759099739272,0.113923652327827,1286.02142553204,1497
0.4295,4.30261995677059,0.0182158974194763,8719.69042152511,1498
0.3945,3.81654498682476,0.0316762306445066,4544.03342599711,1499
0.169,2.88800105692676,0.110806744446586,917.019001339602,1500
0.417,4.258797216823,0.00905027007489785,16146.4051642427,1501
0.2755,2.91155872944332,0.0152979970959455,6533.18229322014,1502
0.457,5.1114153781643,0.0189452989551496,10055.8027597982,1503
0.2565,2.54929516196183,0.111192700923784,838.177627161176,1504
0.098,2.4662528185515,0.0568426306654891,1493.02323208758,1505
0.4665,7.78446965188748,0.0217907991541732,13514.9260148477,1506
0.4505,9.46007113772433,0.0498037228300109,7121.74605940236,1507
0.4465,7.49199022626901,0.0462010559484899,6050.15604362352,1508
0.4455,11.2748295772697,0.0423695177627357,10137.9604513871,1509
0.462,11.1595763908709,0.0761587378536728,5427.09752648296,1510
0.3805,5.75449404751113,0.0504027218374805,4271.05632727355,1511
0.391,4.00522997924153,0.0113033888195887,12405.7600286382,1512
0.407,3.53521578090568,0.0124602326424674,10117.1168925098,1513
0.354,5.32956039897205,0.0516209693999746,3750.13189660806,1514
0.392,5.11044354432849,0.0266590548269072,7082.90659069105,1515
0.2875,3.17345015266921,0.0224199220662533,5013.35376448875,1516
0.317,2.88094256476383,0.0179515763908745,5767.13583830479,1517
0.4075,7.73781335620206,0.0401152259102915,7374.9481579407,1518
0.4375,4.50287104691844,0.0105533468966119,15173.8442698595,1519
0.348,2.21218663723536,0.0135101476550465,5689.77238020586,1520
0.281,4.48049041603748,0.0540345212832587,3039.08691052471,1521
0.377,2.44366838323166,0.0132051534502678,6556.2346249312,1522
0.3685,5.45482674910476,0.0342418727563023,5920.71889007515,1523
0.2785,4.39909757588045,0.0556230594640946,2968.91231380251,1524
0.2245,1.82264869196596,0.0272651981654582,2415.44651099212,1525
0.456,6.96995890701163,0.0275578759741372,9658.9380332598,1526
0.477,14.5562967516177,0.0767557466211042,6868.92690554683,1527
0.4415,11.8044474757391,0.0629917977076336,6758.37561029236,1528
0.2455,4.0520318594965,0.0416444939026873,3493.72783531973,1529
0.379,2.53465827877775,0.00839368581936671,10012.5406623088,1530
0.392,5.63308266141832,0.0577260888560498,3654.76758643646,1531
0.45,5.35176117187828,0.00987319066767788,19391.1664621873,1532
0.3415,4.41412215139575,0.0475136512230681,3440.09623598934,1533
0.2505,3.32794811148163,0.0944621624532836,1162.86908424245,1534
0.461,8.46424055986919,0.0136547869044754,22731.9065300896,1535
0.366,4.63295770528063,0.0136006862819819,12073.6771654476,1536
0.317,3.15469008460046,0.0126580313098968,8734.47763766777,1537
0.4665,12.5127271421469,0.0400844684735138,12042.073862273,1538
0.2065,3.14097191378432,0.112034036092725,992.1834013903,1539
0.2105,4.88197160423178,0.0202916510143976,8434.55195017032,1540
0.2645,4.51006873499611,0.026787227794785,6149.95249082434,1541
0.464,6.44443728297049,0.0237119818006079,10188.6754500962,1542
0.389,4.94067213265532,0.0300013031995756,6093.54411777935,1543
0.386,5.27603562028761,0.0191970338547903,10077.2045728365,1544
0.413,7.23546062256944,0.0105101605904566,24465.4092412855,1545
0.47,8.76753855071035,0.0476087989662642,6367.3344075979,1546
0.275,4.2281666316215,0.0202049862312346,7500.50135111187,1547
0.2035,2.95857861963083,0.0261280326850421,4082.80417080182,1548
0.2925,5.32048795072199,0.0408048165806446,4866.68422333919,1549
0.21,4.35383009637502,0.0853301820534465,1807.40325227588,1550
0.214,3.02414015311137,0.0324435898512671,3349.16401928058,1551
0.277,3.83205503343542,0.0229215720039422,6047.81433808999,1552
0.428,3.08851320656368,0.0094331269228126,11379.033844909,1553
0.4315,9.00203819640746,0.044548140569491,7757.52463677221,1554
0.4175,3.87193516399151,0.00610005933192449,20384.8109636449,1555
0.422,3.18261317693266,0.0178983351593858,6507.89736492147,1556
0.3035,3.8126882544874,0.0628742821423324,2215.77218645604,1557
0.3425,5.49149724247659,0.0357834502662658,5667.70030037597,1558
0.434,4.15339172346574,0.0068796106096084,20119.0603124765,1559
0.4205,4.88338193726231,0.0189624520874983,9486.20149822126,1560
0.4125,4.17265533718305,0.0290949385107755,5235.72071415573,1561
0.322,4.36695791943517,0.095178004795243,1492.54069228171,1562
0.3475,2.54162958198519,0.007937937859038,10458.7977116519,1563
0.2235,2.50241060816999,0.0223600931119955,3965.85973034653,1564
0.4175,5.07159431384819,0.0153220125774571,12145.1462628506,1565
0.465,4.94935554099621,0.0273759838249436,6528.59722776979,1566
0.223,3.98943656725037,0.0593255922668295,2428.66457160432,1567
0.4035,5.30757509467211,0.0282556982103522,7119.17308217636,1568
0.3505,3.85322218281204,0.0289785288383048,4904.59670206925,1569
0.1975,2.48938999798131,0.114408411657092,774.81429756917,1570
0.469,12.553262045179,0.11979620518743,3097.87619769991,1571
0.416,3.51491477378052,0.0181586383655345,7004.29722410291,1572
0.2015,3.80544474700946,0.114121016893864,1089.36115938496,1573
0.2145,2.84404310700822,0.0913270497921785,1118.89508213333,1574
0.456,6.3443433978911,0.0105779004135951,21594.2688028459,1575
0.274,2.95686866185454,0.0173812182294249,5964.50216205074,1576
0.1715,2.6372478302096,0.135382234463678,646.144549055515,1577
0.425,5.07725170627125,0.00929465487180888,19257.7708913187,1578
0.329,2.43280354932235,0.0286789182641364,3075.02073309653,1579
0.4645,6.07101873782722,0.0287186789043077,7969.57397631265,1580
0.2875,4.2388886899537,0.0358843679695503,4319.30428520994,1581
0.152,3.88928411013368,0.0395141077126915,3503.31192702182,1582
0.4335,4.14336031976581,0.0139366745135258,10781.96,1583
0.3935,3.78849868686626,0.0269942898125014,5166.99082016983,1584
0.3025,1.91082099647116,0.0100683243025149,6311.932163691,1585
0.1315,3.9354286950871,0.0350990497718272,3851.23934176381,1586
0.2235,1.82897461722488,0.0383361418897968,1715.12547937282,1587
0.406,6.81115004050977,0.0232007825935584,11039.0823049406,1588
0.466,8.22592361768869,0.102794909259363,2440.00294691562,1589
0.395,5.66035945670118,0.0536371079389729,3925.00750293092,1590
0.4415,6.50741702281003,0.0225815366913381,10837.9271894463,1591
0.415,4.75444871975763,0.0335997374331812,5323.28010858441,1592
0.48,13.2943633221978,0.0322985538317847,15819.710104875,1593
0.3505,5.94148592797754,0.064290084196494,3336.36097067488,1594
0.2855,3.85484387864194,0.0176696800878917,7592.20099915056,1595
0.4385,4.27075867643692,0.0108873379471943,13804.9381829511,1596
0.356,4.43568058375546,0.0409712749975505,4050.87122094994,1597
0.231,3.29258706623916,0.0397901224218171,2995.44091311437,1598
0.381,4.84009723901928,0.0123972172675499,13983.5052672647,1599
0.4615,12.1922607853864,0.0844451917194793,4801.35475535073,1600
0.3025,2.80232094399517,0.120974135207933,845.77022851761,1601
0.442,7.62305528686949,0.107770802731149,2305.91973873146,1602
0.458,12.6008899584283,0.0608193303671677,7499.71498904937,1603
0.3215,4.39266632267167,0.029020136592676,5474.34533963914,1604
0.376,6.55614129817844,0.02770260031045,8980.79530369689,1605
0.3095,3.98322153586049,0.025782944592224,5682.68220172596,1606
0.458,6.19300051877576,0.0311600413491317,7263.09018429521,1607
0.2155,2.64044910934846,0.124867924925297,762.576557580203,1608
0.462,6.73685980217989,0.0230064542140498,11033.6561439297,1609
0.2595,3.75822059644997,0.0661473150701384,1974.10101774863,1610
0.454,13.2459403295924,0.13160065638559,2739.93256631655,1611
0.339,7.89811866294113,0.0377020350185698,7883.01282321197,1612
0.17,3.32776324834452,0.0394736970031129,3016.44537369082,1613
0.276,3.9239864746858,0.0201727400627946,6932.14168381212,1614
0.2245,3.19384245157335,0.0642278670662824,1773.0297907515,1615
0.4165,6.88954709481467,0.051177505592689,4925.60690322042,1616
0.4365,6.62834408602639,0.0153845284952144,15888.0788352798,1617
0.276,4.30828712605927,0.0172344204439537,8858.84267685945,1618
0.33,3.2884278828221,0.0160061632853116,7311.5476361241,1619
0.456,6.20137601479303,0.0316687766170592,7185.22028674938,1620
0.2185,1.81477100582892,0.015173083087511,4000.39617744308,1621
0.4275,7.43674020051317,0.0216383890951612,12808.1720525715,1622
0.2725,4.22450604975282,0.0973312833938565,1477.51849887262,1623
0.269,2.29181355427503,0.0209824914928874,3808.08643744589,1624
0.25,2.24567019288251,0.0759534912660593,1077.18170202045,1625
0.301,3.66697179676617,0.0154315428088476,8403.04588958482,1626
0.2335,4.6632588865611,0.104070624844106,1599.71926408177,1627
0.458,5.52832733899715,0.0141653824632695,14199.6567938009,1628
0.1525,2.52077919226117,0.0640110112512778,1402.91206938087,1629
0.402,2.75089675489282,0.0313285469310564,3234.40216549837,1630
0.374,4.49894119724116,0.0353021996274241,4613.51282051282,1631
0.433,6.02200601108931,0.0324023807754108,6796.07777026526,1632
0.4305,4.98418281923116,0.0276648917225805,6764.02848909497,1633
0.368,5.86588056462765,0.0349417270316083,6230.49080082365,1634
0.4505,5.79558971436435,0.0718869253816879,2938.55161344569,1635
0.4515,8.79239428211683,0.0331634121941363,10096.2277574256,1636
0.3075,5.31059418888098,0.0392075526919937,4999.43645348469,1637
0.35,3.8737929087024,0.0319109940273648,4478.59502417814,1638
0.4745,14.4550946335486,0.068346834015397,7882.6203520618,1639
0.438,5.71853844180534,0.0179528440303576,11818.1479257162,1640
0.333,2.33416592662998,0.0101658779008612,7570.22660253092,1641
0.16,3.03857419628236,0.082622988254212,1334.79288636897,1642
0.277,4.87420766123585,0.0352673470298469,5151.47020642467,1643
0.397,5.40398005847642,0.0274945260159607,7309.63016402911,1644
0.1785,4.80942800186441,0.0241832895955734,6974.43787202597,1645
0.351,3.92455480322636,0.0197979968838522,7148.58981863801,1646
0.4325,4.60716843398014,0.0125252030139898,13307.4606295995,1647
0.2995,3.22813180122486,0.0578207335554073,2070.59210786951,1648
0.453,7.72173787332299,0.0721783353476095,3715.44903169081,1649
0.468,5.70381320560063,0.0815966862568678,2613.1892524132,1650
0.2845,5.75266700592319,0.0287170742721379,7339.25257823869,1651
0.431,5.48887975321725,0.0232855386431313,8918.1358430116,1652
0.3555,5.50935938233768,0.0346540813373524,5761.29163837618,1653
0.404,4.14096883964347,0.0569349500311624,2726.40311195522,1654
0.162,3.50261338007388,0.028827088231413,4157.68927293245,1655
0.339,5.98739834078118,0.0490072916356533,4549.47121341448,1656
0.3105,2.32636016764,0.0473699219370398,1816.0734997366,1657
0.2145,4.10515354078865,0.0370901336659985,3970.35755218814,1658
0.4355,3.37734464159808,0.0103833075892805,11439.3329538504,1659
0.475,5.048639296631,0.0106387007396904,17058.7732714481,1660
0.317,2.98302206798302,0.0236581571717879,4561.21825891094,1661
0.461,9.79752785271821,0.0531847734161373,6825.23445805594,1662
0.106,2.18241528372902,0.112669156782777,679.842394900544,1663
0.211,1.47520282624265,0.0125645749317349,3808.05196850394,1664
0.297,5.84986014267142,0.0557460550325817,3903.53936573295,1665
0.2495,3.31414066400906,0.0160322639286342,7166.31196234772,1666
0.247,3.64345036145221,0.0552744964549542,2388.74405299303,1667
0.1915,3.12170003420385,0.0714576521922639,1602.43251969077,1668
0.325,2.17942741088316,0.00568677561090116,11634.5923469291,1669
0.1825,4.48333823790942,0.0541730609125879,3062.48697528807,1670
0.459,8.2198054372169,0.0269587542892322,11540.5579837947,1671
0.3555,3.83236493135031,0.0223422152308308,6193.519817462,1672
0.247,2.4860908241997,0.0313358350195524,2870.8282335329,1673
0.452,8.19232345317249,0.0204304382388682,14773.7708998675,1674
0.366,3.65666308769736,0.0137234457613892,9430.96754638159,1675
0.4415,9.48890248849937,0.0392679968461402,8586.05367714582,1676
0.3425,2.32724158353718,0.00862144469279076,8875.89313235404,1677
0.4525,5.87037466626658,0.0120712530974624,17703.0270857594,1678
0.263,1.71271302271251,0.0173846698589109,3396.29240411816,1679
0.3975,4.79998731198298,0.10210868116183,1636.02339407768,1680
0.3735,2.50915971666056,0.0155675192043517,5737.15401398199,1681
0.4095,6.43954240718514,0.0246799402564813,9885.02922487427,1682
0.4535,4.89809580504016,0.0113272467722586,15613.4899721507,1683
0.363,3.60620577770816,0.0267030430499347,4951.48767737793,1684
0.413,3.73235181810152,0.0109061361522293,12098.2685504817,1685
0.3885,3.6022574405736,0.051371143838333,2588.9902008127,1686
0.4695,12.8715383045331,0.0812927783225217,5760.78935181896,1687
0.383,5.59290699419653,0.0544241515945803,3739.69801142695,1688
0.2565,3.09949975272297,0.0134418104237761,7871.11973194756,1689
0.4555,8.31323690651416,0.0125745467894303,24083.7675891043,1690
0.3485,4.38490998262289,0.00710209176091473,20018.4122771306,1691
0.404,5.23972049154925,0.0838442982245573,2006.92156727014,1692
0.207,1.99803488395168,0.0576014464845975,1257.74728009397,1693
0.344,3.05914654757126,0.0267307060571992,4213.03212550314,1694
0.4185,6.77676895146593,0.0447289591407649,5738.73063750272,1695
0.2695,3.54759654234,0.0245491291055314,5203.6545197661,1696
0.4185,3.53327651944075,0.0233232453724333,5500.3680001723,1697
0.1965,1.9317522819231,0.0208707673404213,3119.98457346417,1698
0.4245,4.03011930473204,0.0103282388505049,13575.598123534,1699
0.289,2.50069399638504,0.0670099648454014,1352.05430351869,1700
0.4565,5.63008847996451,0.051094313588468,4128.05113251983,1701
0.2875,5.55931011685865,0.0353689121755063,5805.86805796982,1702
0.248,4.68660702157714,0.0393081080126595,4330.13468082021,1703
0.2655,3.0936776674986,0.0574756010773753,1959.87051093012,1704
0.3505,4.2403960028444,0.0449680703454641,3502.03069663413,1705
0.298,4.88687531088706,0.104558368225393,1613.73551753645,1706
0.395,4.6734513982932,0.0209312903449083,8278.7365101682,1707
0.314,4.35925539433527,0.0269438012606592,5882.61262019656,1708
0.317,2.89298021843318,0.0479497038301261,2260.30501049199,1709
0.359,3.45126583068497,0.0225118386200081,5667.83554546652,1710
0.2805,4.49170444181872,0.0161269911731405,9794.91534747586,1711
0.2745,3.92964124831654,0.0721577711921341,1950.69998068654,1712
0.2365,3.61128827566617,0.087684165567996,1440.47755847489,1713
0.281,4.30568281285487,0.0623935875615553,2485.3521233926,1714
0.233,3.08598804034371,0.0962519616196702,1165.47592480366,1715
0.404,5.85906640460368,0.0513241613494029,4224.09713620507,1716
0.207,3.36883234807558,0.0525903560596256,2331.43444779798,1717
0.398,5.10944078310115,0.0269846060720659,7075.56261532541,1718
0.4345,5.28400463619343,0.0249289814337975,7927.24244638472,1719
0.4325,4.16398310297857,0.0138335268288625,10961.0576445895,1720
0.369,5.09954456142631,0.0172870731690407,10850.8390655986,1721
0.449,6.7653419979621,0.0124508496727487,19707.8947165888,1722
0.4405,6.49786819742912,0.0185834450649306,13014.7579524388,1723
0.258,4.98636425745929,0.0119534535551934,14122.1344877409,1724
0.3355,5.71647235122406,0.0221980030072377,9321.76444736857,1725
0.331,4.56310725089511,0.0577748867648955,2869.3296976168,1726
0.455,7.48925433696753,0.00877517420624146,30275.6036323825,1727
0.1725,3.14345888029476,0.0577133862620955,1930.69109988165,1728
0.189,2.74438881298324,0.101014967184134,918.427305056538,1729
0.2965,3.75109801930946,0.100225781214482,1244.22538668768,1730
0.4245,6.26624020378465,0.0127065799422755,17819.6460988592,1731
0.241,3.3157056424501,0.0706328648393996,1650.58799887278,1732
0.463,6.21080775297584,0.103869560194441,2050.19721213392,1733
0.4155,3.94992195924151,0.0156620570977248,9122.31435394077,1734
0.264,3.44425003567421,0.03497139342686,3708.7808694889,1735
0.2795,3.70822323071455,0.0573942402274394,2320.99319866812,1736
0.4675,7.85497079597884,0.010326310914613,27522.1027536512,1737
0.3975,4.53628403843039,0.0114454423859201,14054.3525993492,1738
0.438,9.97828207189201,0.0183134631395239,20296.507677406,1739
0.3695,3.4709259424365,0.0153974599740819,8106.98461102832,1740
0.453,4.41112466965665,0.00982264004105349,15945.5380383598,1741
0.3705,5.33095078041246,0.0188328112398194,10339.2555791322,1742
0.337,3.79446660635347,0.0160459930409979,8487.9491430888,1743
0.276,1.85259795818649,0.0264904302945857,2519.01403748131,1744
0.334,4.23391470050141,0.0212367591772447,7261.69477586932,1745
0.195,1.55955381340091,0.0131529608524552,3796.22685886726,1746
0.408,4.82975257914736,0.0304147697595651,6020.77488125264,1747
0.1565,3.27801528031279,0.045543796019419,2601.38360169851,1748
0.381,4.94245327756278,0.0592482597175376,2923.21878859634,1749
0.4435,8.35629772159584,0.0462685061856525,6895.90627706682,1750
0.4455,4.76844345617303,0.0205792043027439,8581.04504951504,1751
0.4365,7.1996574180549,0.0135035857930416,19426.7517957896,1752
0.295,5.50339161981145,0.0271141137526371,7460.20053733587,1753
0.165,2.69639469341569,0.068341466659669,1420.84975816875,1754
0.265,4.49745370232587,0.0330326339984497,4977.12290237354,1755
0.3895,3.02116573924967,0.0105202606286107,10022.5495142732,1756
0.42,5.40458920147275,0.0151626323908289,12952.52881593,1757
0.44,6.04720052651963,0.0153627267738023,14451.9995353249,1758
0.4305,4.27391925871702,0.0116624377340981,13058.1164377163,1759
0.4535,6.78377014705808,0.0348231920994678,7315.07666768237,1760
0.3155,3.7122575419203,0.0721889526934088,1863.86018606065,1761
0.48,6.38296353159042,0.0226091716166073,10287.7749874847,1762
0.2115,2.24329382308818,0.0912770337130816,904.827821739343,1763
0.147,5.0720686531753,0.0349365846926539,5117.38139937065,1764
0.4195,4.18766870832976,0.0104816779622244,14082.5936568997,1765
0.2845,4.98514025429184,0.0221409460120713,8285.33661032053,1766
0.3585,3.94434098145503,0.0652524642515648,2195.45691190748,1767
0.2145,3.7786023344727,0.0925391029146083,1417.33527006691,1768
0.4445,6.51640742686482,0.0351011528238848,7049.89631451349,1769
0.205,3.12452986086816,0.0595697869886579,1872.47840728816,1770
0.2275,3.35831881025384,0.0996901314945673,1153.56877611882,1771
0.457,9.20047458320143,0.0299391162456287,11817.700920031,1772
0.1675,3.78591565356645,0.0620952457711176,2171.07689979516,1773
0.3845,2.76665085240303,0.00785632935269851,11744.5666215687,1774
0.367,2.48993384957244,0.0100389070414854,8401.65120009872,1775
0.189,2.36470318008692,0.0856349999864961,1009.6673265958,1776
0.218,4.58075340016221,0.0413016738899392,4058.58078615687,1777
0.371,4.92257093025041,0.0245413678942514,7391.53288172621,1778
0.4285,5.69614931152315,0.0380161317603678,5621.08351696585,1779
0.458,6.35067826938661,0.0108612427424961,21007.965316024,1780
0.3545,4.17052286370258,0.0492170821114222,3196.32936962459,1781
0.3985,3.08480745008124,0.00931025298778685,11309.6029988862,1782
0.206,2.56865748006719,0.0543924018808446,1742.94874656845,1783
0.45,7.18566438473046,0.0165502122363083,16118.7554230493,1784
0.3505,2.31677052977782,0.00778396039592994,9897.40392432719,1785
0.403,4.34023445634534,0.00824348390338867,18106.742472735,1786
0.424,5.83839713185111,0.0135613106752104,15681.1042647282,1787
0.316,5.19167514274396,0.0401102831366968,4824.4799775575,1788
0.38,3.08267085813729,0.0218312736281717,5148.54729775635,1789
0.37,3.16115537066972,0.0170687073859163,6692.41476485127,1790
0.442,7.73766921797094,0.0258711035849676,11371.5638454787,1791
0.4025,3.68538570912098,0.0188111373180218,7240.80417692214,1792
0.399,4.83876365678482,0.0359080701810673,5040.63920514866,1793
0.434,7.3024177393664,0.0524531933276754,5304.94556105041,1794
0.28,3.47253772983025,0.0289557432583954,4289.2355559446,1795
0.381,4.43253248011239,0.0117626198641475,13354.3626363435,1796
0.392,4.09483526070663,0.0071643481827213,18602.3864206925,1797
0.329,5.52192019903783,0.0293185816305277,6920.88673264675,1798
0.3475,4.42723348569179,0.00968164983196418,15643.4431804366,1799
0.4535,10.4341878363808,0.0423384410424472,9254.70948140635,1800
0.3905,4.41963467776299,0.0291278069134188,5671.58357715561,1801
0.3895,5.81560034724633,0.0927667228379467,2132.46706633546,1802
0.3955,5.1805011746851,0.0346843569239729,5609.0689425174,1803
0.39,5.34498995577031,0.0257481442755417,7851.6715021182,1804
0.253,2.78788689544042,0.0533864511216153,1894.31492688852,1805
0.317,2.40708490744982,0.0131036829266166,6359.1359396578,1806
0.4595,10.0478332111969,0.0240788351794237,15759.3017806625,1807
0.4285,4.17332497711996,0.0157697255367812,9585.43417245183,1808
0.4685,6.79375625347537,0.036808425607692,6694.72412940264,1809
0.3585,4.91394472773102,0.016013513635927,11124.7242324948,1810
0.2345,3.36885949025678,0.093857832216644,1155.0460604365,1811
0.3995,4.50325964735492,0.0101730356984948,15532.3338424619,1812
0.3255,4.27050900043789,0.0146077321117851,10197.962379018,1813
0.458,8.99149557962086,0.0164688010880696,20345.3117906706,1814
0.4335,3.62251363126078,0.0115641468243007,11037.982764867,1815
0.329,3.39191328181906,0.0654051130410665,1934.70098334873,1816
0.2595,4.60913982807366,0.0407532937465357,4148.77732909427,1817
0.192,2.33949882804276,0.0383628881556903,2173.19858460605,1818
0.2725,5.79732854601278,0.0275515557091332,8013.65732503557,1819
0.1875,3.83342212299937,0.0799372105804725,1700.64763855263,1820
0.198,3.62274316283617,0.0495551046638718,2630.43275536516,1821
0.242,3.03885540245225,0.126334994938276,781.146856103901,1822
0.303,1.96113835660875,0.0273566522077404,2590.9663352954,1823
0.4355,9.42342121069811,0.0471226017722616,7579.93976245028,1824
0.4445,8.10448268269093,0.0167807101391477,18003.6136456512,1825
0.342,3.96346384629096,0.00820472141658801,16141.2084327064,1826
0.45,4.50863392667855,0.0252833554436344,6478.0490633495,1827
0.236,4.26667788845573,0.046346096628082,3399.89337556095,1828
0.2385,4.39662662541189,0.0452905508849364,3530.83096756671,1829
0.441,5.72786204292374,0.0174323976585733,12115.1427424417,1830
0.1875,4.33460090781092,0.066564816626414,2370.0213176384,1831
0.3065,2.28935107293551,0.0163146390041532,4882.68761831986,1832
0.3825,4.59108610492528,0.0274402330607236,6178.53399823533,1833
0.4205,6.72825040106791,0.010045587964611,23710.3692315161,1834
0.408,6.0530765546522,0.0933829317122284,1797.55321704542,1835
0.3895,5.76299415163843,0.0581735993928321,3775.67435727674,1836
0.309,2.25196340064055,0.0361743676241205,2286.6178385641,1837
0.421,5.20979512017302,0.0906364680542377,2040.63782509929,1838
0.2545,3.48661555306066,0.113101394730166,1028.03153507441,1839
0.2765,1.87608751588596,0.0100216465379622,5934.98942072308,1840
0.439,8.68861694287749,0.0569246370358462,5745.86650568246,1841
0.435,7.56423143439941,0.0363551020997655,7920.93130547336,1842
0.3265,5.19340796196354,0.0255618953491811,7497.52018295108,1843
0.4335,5.1483732901757,0.0252336042969301,7618.98688357385,1844
0.2685,3.59299435906669,0.018384671337902,6900.02082877543,1845
0.3645,4.86336443130196,0.0167836740515176,10429.0466575303,1846
0.385,3.70755947076135,0.0104758712361949,12451.8839179775,1847
0.3725,5.48057167079066,0.0565578571430915,3634.41932084354,1848
0.466,9.58072163210212,0.024858681348704,14685.7717933359,1849
0.2685,3.25448129901233,0.0134139384943232,8167.78152369061,1850
0.383,4.86859799419035,0.0567101693716404,3209.02682918303,1851
0.3775,5.39637297317619,0.0509336411809111,3941.54384073748,1852
0.3805,4.52732119882527,0.0437427880917389,3697.59121582981,1853
0.4425,8.90162041123325,0.0831407609766388,3187.28539977646,1854
0.243,4.69002227542466,0.0262164024481908,6614.82093399274,1855
0.3805,5.16038995054127,0.0318277286140755,6041.61173287396,1856
0.223,4.03919079436327,0.0427381945662234,3376.96900499722,1857
0.4015,3.5636436213826,0.0213341153984503,6114.98410686592,1858
0.372,3.63292361061529,0.0131429073239787,9806.83235872909,1859
0.3535,4.60816563776777,0.0105549756824764,14963.5638079326,1860
0.357,3.82540285251787,0.0183971415848114,7478.9887039165,1861
0.3325,6.5146359761392,0.0603201583919157,3974.90423204134,1862
0.457,6.98482252025123,0.0121871946083932,20674.4918511318,1863
0.2255,4.23738880169631,0.0342994104642329,4409.26052196961,1864
0.467,5.68018329747744,0.00987537167220624,20612.4395550011,1865
0.4645,11.4218981549868,0.0236381617903612,18012.5460538178,1866
0.152,2.64262363644445,0.0896600016535064,1104.24229419389,1867
0.2225,4.77750131064552,0.0513033854719426,3468.09815477192,1868
0.4375,3.32570072626553,0.0188455988168285,6512.69178153911,1869
0.258,1.68557905544627,0.0115335118307763,4736.71177884615,1870
0.3695,5.83180983733609,0.036553875850259,6057.26976297131,1871
0.292,1.87153318494108,0.0262277279295011,2543.2310751716,1872
0.3265,4.0926771576531,0.0402727443817268,3786.00323869498,1873
0.445,6.54479350225908,0.0175761201538757,13823.0519674746,1874
0.449,6.41568754895501,0.010872365424979,21193.9675671663,1875
0.301,3.61671303826852,0.01260269814589,9867.55702746616,1876
0.3185,4.54059366661823,0.0218354253838515,7433.91217042631,1877
0.4045,3.16087570354599,0.0063808619661908,16286.7315453609,1878
0.462,9.27963507223975,0.0366881731341984,9299.98615173509,1879
0.4565,6.49636674122943,0.0465004361718881,5330.71363312392,1880
0.4195,4.94379353018469,0.0145159293469928,12475.9369166529,1881
0.3915,5.47951559981641,0.118036934168718,1443.09318902418,1882
0.197,3.17895112746811,0.115662200446846,933.117224023731,1883
0.415,3.49753921805134,0.0170217989368842,7430.38298728024,1884
0.2285,5.32813648178078,0.044445782535353,4417.27843582731,1885
0.4035,4.01269732891766,0.0524652863933959,2883.82927656592,1886
0.455,5.99909288316169,0.0302371897914655,7473.33957532475,1887
0.464,9.95164962941436,0.0553995651453882,6766.11117977895,1888
0.415,3.8019734675727,0.0120710791739915,11208.8034937829,1889
0.44,5.28237811479426,0.0236646608311242,8350.68837900014,1890
0.459,9.99639627997338,0.0481276255276761,7812.49717370763,1891
0.453,6.03427942428072,0.0281796165643969,8108.73840598438,1892
0.2535,2.63422990795529,0.0147881540686038,5999.54036241374,1893
0.3795,5.06648151119138,0.0340879240929366,5581.14201582395,1894
0.457,16.032062546779,0.0599062337614228,10037.6822564904,1895
0.3755,2.71498763137978,0.013945763754443,6927.68714839953,1896
0.394,6.59492428085221,0.0334907977452377,7438.45381274137,1897
0.3105,2.69846850217564,0.121787806045542,772.271021572163,1898
0.468,8.9415210384216,0.0152591832641209,21831.5748336702,1899
0.429,8.76583081587988,0.0327453198880626,10221.1931396029,1900
0.2355,4.01390252471356,0.0520326897860177,2695.87715061853,1901
0.2525,1.74865037121083,0.0109316965369706,5040.39898168116,1902
0.354,5.09059006484015,0.0638410071254601,2951.70437423833,1903
0.2695,4.25418758526736,0.0679778139506503,2183.86386827689,1904
0.4175,5.65612020202524,0.0330362622246535,6456.8333288361,1905
0.3925,5.41328984273437,0.0476516385303631,4199.59522580439,1906
0.308,6.1642720291495,0.0399947268160964,5731.7259948849,1907
0.4275,4.65056848742465,0.0151095425729375,11142.9835089045,1908
0.236,3.61803422439212,0.042411924708746,3149.52475847629,1909
0.203,2.27385018126445,0.0347740157232905,2315.0501734803,1910
0.2095,1.85205453915888,0.0551406380497114,1230.0163091943,1911
0.3815,2.82625009977267,0.0173860517150457,5854.25628211186,1912
0.1505,4.04425752951577,0.0362278311789656,3866.87687045514,1913
0.44,7.2397151382006,0.0190254032881406,14143.5204575345,1914
0.181,2.61864483768922,0.0949865014368418,982.767614970061,1915
0.377,3.3283342411595,0.00794463985534474,13914.3271039122,1916
0.406,6.41744277846087,0.0269507687596728,8934.53703743461,1917
0.448,4.74833042974987,0.00862047237847422,19367.2777475652,1918
0.446,6.16710610843517,0.0197180088691312,11661.7636822609,1919
0.299,2.10156804669006,0.0184500805610417,3921.76929448155,1920
0.2465,5.00796079735835,0.0910397625840892,1841.24136356424,1921
0.403,3.55696203970943,0.0191250624086069,6776.07364845489,1922
0.425,5.2424058169141,0.0323521293497613,6001.16324769555,1923
0.4045,4.18244416518096,0.0343999695321561,4511.46905397387,1924
0.3245,3.67010559927679,0.0494944545191213,2862.6827407514,1925
0.271,5.95157334907422,0.0337812896942018,6502.20937816866,1926
0.4205,5.07582206852884,0.0396977929535648,4666.96001342281,1927
0.4655,7.17590134368181,0.0219900551798235,12231.9165276964,1928
0.4305,8.99024981227143,0.0540933646526308,6377.23505011693,1929
0.3985,4.0611846161011,0.0136500101353621,10460.1387956299,1930
0.3755,3.26589841442598,0.0202229851909513,5841.13677396575,1931
0.451,4.48750519599329,0.0095754899229588,16552.3288569353,1932
0.455,7.55671309622107,0.0121042549257514,22715.8392823669,1933
0.4845,10.0150524788589,0.0146749220335671,25446.479336977,1934
0.314,4.40211677367919,0.0508410665228329,3068.61847982878,1935
0.2265,4.07119926812866,0.075724050465052,1970.99878308925,1936
0.178,2.6671263767443,0.108135492342808,883.063510494797,1937
0.3765,2.74697216748234,0.00866120494473394,10679.6286095114,1938
0.413,5.89261192015168,0.0472361111724672,4719.98138681137,1939
0.4045,6.09529141918614,0.0188523433245101,11977.2588217924,1940
0.349,2.24671098642259,0.00798015100388143,9296.96297708033,1941
0.227,3.5472995408707,0.052933235529328,2429.70324725366,1942
0.3295,2.56135725566344,0.0512397475062953,1743.81046812717,1943
0.427,3.09704442892375,0.0169420180781607,6635.63436568124,1944
0.2715,3.8133421858131,0.0389325749291177,3540.67588066312,1945
0.392,3.71336791655173,0.027070121775132,5011.31378629225,1946
0.339,4.22851019969664,0.0179047845505083,8503.25755250765,1947
0.4255,3.82030270983818,0.0219733745547978,6444.78764958736,1948
0.243,2.81639834152418,0.035379849071929,2931.2804391924,1949
0.2425,3.51975292560853,0.0618984412474429,2040.76292434816,1950
0.394,5.86492481971693,0.0561963041562484,3830.70949009681,1951
0.4365,4.00599881166646,0.0120982989994416,11910.0787886861,1952
0.435,6.64679881036775,0.0299413998989379,8106.10156437672,1953
0.2725,2.91353588195215,0.113826542605484,911.444077300491,1954
0.4185,6.11728885711216,0.025430075538703,8945.44958371096,1955
0.185,2.65209437951286,0.104240944179496,923.880873920703,1956
0.4795,14.3518097476395,0.0384543839049599,14291.4417294924,1957
0.325,2.29130113044882,0.0148871574604892,5264.70063086224,1958
0.446,7.88470402602401,0.0187277912215098,15590.025125888,1959
0.248,3.18696127529885,0.0197657733303511,5670.69636994105,1960
0.3275,5.98225906551491,0.0701969675941627,3067.83846933799,1961
0.272,4.5541074107095,0.0165749921501329,9741.49949179298,1962
0.28,4.44919828874282,0.0161220736269911,9624.90517354013,1963
0.2965,3.87180058029712,0.0102005175030556,12769.5262961413,1964
0.3545,3.78096614287569,0.0476841093638961,2958.53635455015,1965
0.4515,14.5758636741094,0.0803261360849767,6234.73469706027,1966
0.3685,2.51176441755129,0.0198851600361947,4522.84941168206,1967
0.394,4.2124780426449,0.0654515788109896,2351.9336253299,1968
0.2835,2.18125784280655,0.0680346869777873,1151.52706772427,1969
0.434,4.26494918754794,0.0197730662748785,7901.07014610129,1970
0.4625,14.973156011077,0.0363408904019294,15851.538373571,1971
0.34,4.18377859786793,0.0264020798873662,5802.79832104315,1972
0.3665,4.36128746436358,0.0526705901152536,3065.89009947727,1973
0.464,9.23084014903889,0.112935019766745,2808.43493524723,1974
0.1935,1.92907511969885,0.036351783439948,1923.95818077551,1975
0.4055,5.6178525042421,0.00866085658635864,22544.5292519604,1976
0.3245,3.36585618561862,0.0124508423320995,9472.55611061513,1977
0.467,9.08418149670672,0.0661389794967957,4863.54927362586,1978
0.257,1.76002785252955,0.011975092888931,4815.50124044995,1979
0.4335,7.53817722462529,0.0700225247811545,3907.73898958042,1980
0.125,2.6818414349962,0.0370411000432165,2503.6608702294,1981
0.473,8.48343955882665,0.0177571381818419,17821.3191589894,1982
0.296,4.38507089623682,0.0538720579614428,2914.22658368117,1983
0.4395,6.24379010644522,0.080669058691616,2675.28039206101,1984
0.311,4.64083104551355,0.0124744721387181,13031.4100687121,1985
0.476,8.74288954044641,0.0188952160474302,17334.7507902814,1986
0.4665,9.17651584675499,0.0285990450222258,12110.7427598545,1987
0.1915,3.9254128845107,0.0429003201399725,3216.36526482481,1988
0.295,1.71210767104176,0.0147056272924914,4031.73989393733,1989
0.4575,15.520416052005,0.0496475289122957,11883.1302410272,1990
0.356,2.26057014887693,0.0162967369429723,4923.06771403571,1991
0.2515,3.66771527977601,0.0834607165694462,1524.48137611273,1992
0.3805,2.9031846793641,0.0148342692551232,7012.08472962681,1993
0.2635,3.20854416781837,0.0598952349715706,1904.59393913377,1994
0.173,4.35887925633002,0.0667548783009441,2310.24468511195,1995
0.3615,4.4561284295553,0.0205643913908385,7966.77570842346,1996
0.3165,1.92314872485369,0.0081145494374957,7549.1958559018,1997
0.4025,4.26915260591239,0.0122195089451842,12468.9530944457,1998
0.245,3.78975562624283,0.0274963364501141,5026.34446974699,1999
0.383,2.94539382358669,0.0146888642377732,7162.05660144672,2000
0.182,4.39208332052155,0.0547126165500393,3007.20728725051,2001
0.4265,6.01645918032793,0.0102526902934725,20730.5199568501,2002
0.338,4.43936649411288,0.0128415422734219,12412.729018061,2003
0.328,2.37462819407172,0.014174809680183,5852.34516212891,2004
0.4105,5.78974728213766,0.0143471108370618,14632.0819079442,2005
0.2985,5.02311514839131,0.0378398816890994,4885.45910643893,2006
0.382,3.77300030921297,0.0259238192031087,5323.28565839596,2007
0.148,1.88787288557018,0.0359600165960865,1839.97209839061,2008
0.1195,3.56640588231031,0.113793594506375,1034.91726982582,2009
0.4285,5.96578338372054,0.0481839704386647,4535.89660075181,2010
0.2905,5.16984940836474,0.0337035681689486,5713.1443123672,2011
0.4395,7.11465699251346,0.0203635608666372,13125.9754558002,2012
0.3605,4.78705733145191,0.0115872654352834,14590.1409031876,2013
0.459,10.0151068356934,0.0855175868384186,3806.87142526243,2014
0.2255,3.27429636575133,0.0432629748044796,2816.9773580743,2015
0.1665,3.05820668111315,0.109944551859761,991.294171305733,2016
0.334,4.63289189835767,0.0341190777616365,4935.74374440242,2017
0.4195,6.63554479645232,0.0689017260476524,3383.51969125207,2018
0.371,6.2684865200037,0.0529284788207988,4466.69696245098,2019
0.1925,3.93058921503132,0.0438677885676251,3298.5520939148,2020
0.2715,3.35283351858932,0.0474032325741283,2603.22051197363,2021
0.442,12.4447041648072,0.0310806811271108,15183.4989868614,2022
0.3765,4.92422849700377,0.0563800041437569,3276.04679138314,2023
0.3975,6.54387046576452,0.0142129102945321,16701.3517795583,2024
0.1895,4.10031789678751,0.0368299572853297,4019.15309141295,2025
0.358,5.07529964138379,0.0228439559251515,8126.71437393845,2026
0.331,2.03148043919879,0.00510832748762065,11650.7409674799,2027
0.3875,4.03834497532164,0.0149050098451603,9723.39034685028,2028
0.397,3.03700336892433,0.0210436785423365,5282.6413424951,2029
0.383,6.45583447977386,0.0171562122157843,13770.3085174533,2030
0.476,9.81729396576179,0.0245321025560863,15141.4634529067,2031
0.3785,2.64752675585351,0.00970087869095018,9325.51330375642,2032
0.391,4.83309358907054,0.0108083601895853,15614.5982743485,2033
0.4485,7.75003366738176,0.0102945684131809,27004.605915075,2034
0.3705,5.10110679467807,0.0432247956234714,4368.11102079963,2035
0.4465,8.50892643197073,0.0295984548475232,10992.3694831669,2036
0.226,4.10625705816736,0.03209609359831,4555.18761112645,2037
0.3895,2.88339535966407,0.00796690193460783,12035.7162139266,2038
0.337,3.63343514850006,0.0161595198607052,7945.68439484041,2039
0.352,5.00944256225198,0.0241772127329405,7680.33276051901,2040
0.4505,5.17734346728368,0.0300802808404139,6376.50000330445,2041
0.229,3.99402565007849,0.0342444829412594,4282.97273194114,2042
0.3455,5.31672370500884,0.0336949505550978,6008.89007634804,2043
0.289,2.05815396116556,0.0170401523706164,4182.72344645049,2044
0.1975,4.40135125087461,0.034161562828723,4641.65490126197,2045
0.1825,2.83450079020014,0.0532677419821551,1927.41998264928,2046
0.254,3.07577849233237,0.0338528412134778,3305.93410705273,2047
0.38,3.70739767907135,0.0893233678553221,1482.73603643225,2048
0.471,11.9764494395525,0.0769357829218996,5316.88782659721,2049
0.44,7.96611364958005,0.105618713659973,2103.95136342221,2050
0.4445,5.41430885613612,0.0261076724031616,7568.8423029793,2051
0.4695,11.3393052757115,0.0431722885401796,10087.8342920637,2052
0.234,2.26478324448898,0.043183914487556,1910.65180557047,2053
0.28,1.88626446911944,0.0120045625322173,5190.69683436669,2054
0.335,5.2751925596619,0.0352365972371642,5610.48876496303,2055
0.359,4.70957036621447,0.0306800148968458,5751.74190820105,2056
0.4235,6.65543524762003,0.038566619984928,6557.53953090083,2057
0.2915,4.93366764641195,0.0362290096624808,4940.09524790577,2058
0.3825,3.60914298425442,0.0184148400860795,7031.15868452162,2059
0.172,3.6512404535872,0.0251014477020798,5144.18971899494,2060
0.161,3.04051646227511,0.0460946484652922,2378.78467150229,2061
0.427,3.97976848106896,0.0155707303371787,9343.99903100939,2062
0.342,4.17440327955304,0.0273735087488295,5621.44387559261,2063
0.1905,3.87250751174425,0.0601712849536432,2364.90532638306,2064
0.4645,4.63788876338334,0.0123480330219942,13648.0986246987,2065
0.3475,4.8958807347579,0.0510790076628299,3543.95197479226,2066
0.3505,3.83267529514634,0.0432126268773085,3302.10584437306,2067
0.454,15.2138726931963,0.0693609422164154,7740.41128013497,2068
0.399,4.36578721223599,0.0124116928611416,12550.9057047978,2069
0.3595,4.83914398061159,0.016479152458988,10455.1865360906,2070
0.2845,2.92827324557845,0.107196198204432,882.071464437038,2071
0.288,4.10825903327379,0.0192506976194344,7798.8815245089,2072
0.4495,8.08199723111552,0.10233092538239,2605.87250846513,2073
0.33,2.56900944959119,0.0244063435457694,3842.4841881897,2074
0.2385,2.88581259743285,0.0484103697095858,2184.68999480638,2075
0.1935,2.50776453747242,0.0900119895226633,973.910381991452,2076
0.2415,3.94464528205807,0.1315002433999,1070.43838508535,2077
0.451,7.42509769224441,0.0133805612972485,20151.0593194112,2078
0.155,3.07679248693832,0.0415568518253901,2647.60483261673,2079
0.4465,12.6717744935954,0.0602127015776985,7213.50796299529,2080
0.4235,5.4796315930505,0.0624483029486785,3194.55594695064,2081
0.438,7.52697346398653,0.0413429791498763,6881.39141678034,2082
0.142,1.55711639644493,0.0518218653408331,1054.97759121731,2083
0.4325,5.9866176228921,0.0215121045415498,10407.4986406812,2084
0.41,6.70553756482749,0.0555938925144444,4202.57916394413,2085
0.3875,4.01889015848888,0.04074522836208,3585.26852516557,2086
0.2895,3.59508830699688,0.018274305149423,6951.33726311975,2087
0.1145,3.10696185528436,0.0988480165938652,1088.85436859024,2088
0.455,5.57356087334783,0.015232672521181,13311.3268162153,2089
0.462,7.60079785182294,0.109239966195047,2032.84740790416,2090
0.4635,6.19166918512038,0.0136062864982278,16567.5722225909,2091
0.4565,6.82637206877743,0.0144158622621983,17493.0612006066,2092
0.407,4.87078520753077,0.0112990300861972,15250.0733557206,2093
0.4455,4.05878349465339,0.0153593749202499,9673.02109314804,2094
0.343,3.95007654289921,0.0977723729225237,1226.26850120882,2095
0.284,4.32742788864311,0.0462366762450905,3439.88080348185,2096
0.459,5.32793026971939,0.0175744093535672,11247.5443107708,2097
0.286,3.48425450104042,0.0363375397581099,3517.33750640424,2098
0.4365,6.13708991632483,0.017953530109079,12634.3167858434,2099
0.4515,7.97420698173816,0.0161724281630369,18203.6332327556,2100
0.3635,4.27975554386486,0.0164021044145384,9535.37540209605,2101
0.195,3.09318185854272,0.110525271896019,978.396519067593,2102
0.1495,3.93638793329011,0.0446221526970036,3158.13671448014,2103
0.458,7.50237925863663,0.0649862904777935,4229.59852649003,2104
0.3875,4.18915616569051,0.0145609022055362,10370.1565777682,2105
0.423,6.01294091602921,0.0130554238939625,16694.8151693652,2106
0.4545,12.3514342028411,0.0712320248291808,6201.43601992778,2107
0.46,8.48350693101988,0.0195062638291146,16132.2563308595,2108
0.4595,8.18620385207888,0.0174354728248533,17422.0401070849,2109
0.433,5.18238355658673,0.0111627763769206,16612.3463331307,2110
0.262,2.06145443199348,0.0192845924280507,3727.12953434917,2111
0.337,4.58981272497236,0.0139553742292524,11733.4070496486,2112
0.2285,4.59224905012954,0.0610386826967151,2706.25714435439,2113
0.383,2.76522262751226,0.00957844251067386,9804.38205823437,2114
0.2345,3.64148826664376,0.109162227461611,1116.95735574159,2115
0.365,6.50427739443466,0.0328318271759927,7542.42240200731,2116
0.385,4.98271296152972,0.0310110869520723,6038.42618959762,2117
0.254,3.01406826768759,0.0712903767762922,1535.84300211369,2118
0.3865,4.60764030813657,0.0231420076082,7408.36185040463,2119
0.4245,3.39135065479092,0.0163334934716166,7514.05729076832,2120
0.318,2.07032418058036,0.0277588082803477,2714.50154265546,2121
0.42,3.64603744484849,0.0114707989549884,11261.8409164471,2122
0.4605,11.8095947949031,0.0293704150790009,15384.8813440378,2123
0.2865,4.59866502572739,0.0336168720859096,5090.43375531616,2124
0.448,4.39439636529855,0.0113698037441721,13886.2185340195,2125
0.3305,3.14966128443028,0.0100797886692652,10740.0188011,2126
0.4605,5.24707879990885,0.00758530600706549,23991.914414139,2127
0.218,3.22055658240447,0.0708164167997778,1587.18495452078,2128
0.2765,3.40507173804677,0.0224788194627503,5391.84828760021,2129
0.1965,3.43176868628739,0.101124234196059,1224.5013603605,2130
0.368,5.1293309547838,0.0924554887492207,1801.24087508971,2131
0.3915,2.93626927729464,0.0891430344971575,1217.36065722121,2132
0.2255,2.57291327631986,0.0579729267671409,1607.544271851,2133
0.459,5.00938910835294,0.0151065730725475,12142.4307679464,2134
0.3935,3.42242627932781,0.00596199974581072,18169.2480768092,2135
0.325,4.74801019671899,0.0199513860458508,8423.26051546094,2136
0.4445,4.1306370685898,0.0129308401950017,11529.6372822972,2137
0.2435,2.12810852653718,0.0246488866269471,3033.94521800482,2138
0.4315,6.28853361188317,0.0480330636565062,4934.14148402791,2139
0.28,4.295696571866,0.0393045187773514,3918.04289235954,2140
0.2965,5.02730685656795,0.0646251380371068,2908.43487912456,2141
0.3715,3.06861577315243,0.0139250871328701,7771.9501942385,2142
0.1415,3.80752822965443,0.164429498780283,772.185503284195,2143
0.4005,6.08482363519544,0.0397272614496153,5769.92126312748,2144
0.3645,5.19694587534401,0.0300023419264185,6514.02088946011,2145
0.426,5.45810765631213,0.0272782808463037,7592.51199083216,2146
0.222,4.88459683696464,0.0283365450597066,6378.43451925075,2147
0.384,5.22110515111118,0.0129695849448867,14419.5641892003,2148
0.3765,5.87212660163598,0.0393845208487028,5606.39122199569,2149
0.415,4.42699275416831,0.0621360489939989,2658.78686326344,2150
0.3145,3.0370221523993,0.0111021952465402,9419.0044459549,2151
0.2265,4.27587610869395,0.0415138131516463,3714.45624501826,2152
0.382,4.91354891762902,0.0135941745794487,12857.2543728153,2153
0.297,2.00402077259336,0.0286983092692428,2503.03449446751,2154
0.4505,3.89004929498271,0.0224039075186589,6467.92162045351,2155
0.3575,2.63680665706931,0.0203928498706936,4751.95414845628,2156
0.439,4.04543383142149,0.017260963844363,8563.66184602297,2157
0.3365,5.26323543242878,0.0104498160102363,17678.7462467387,2158
0.331,4.81040586482929,0.0669429292854263,2574.66817839768,2159
0.3245,5.47744465696543,0.0244423603372842,8120.91269460126,2160
0.458,4.78166661784861,0.0137615830322068,12551.8844014219,2161
0.3675,4.5833731787492,0.0818772849739818,1883.77122753627,2162
0.4325,7.91606392286474,0.0683484839975741,4255.2112973224,2163
0.466,10.4494509705826,0.0330745443734814,11848.417801029,2164
0.4555,9.34627395881699,0.0327215951035198,10866.9676958025,2165
0.305,3.12486140410657,0.0265566866488909,4340.65621643129,2166
0.1925,4.40710385113147,0.0690350821991751,2325.49178598282,2167
0.321,5.87101695979131,0.0466948718984217,4760.45547085242,2168
0.3755,4.51251116509836,0.0549453807643189,3096.62423069269,2169
0.2655,4.89348880263948,0.0242343317868828,7209.42184734783,2170
0.448,7.64317944467297,0.0765053478330898,3463.27954007388,2171
0.342,4.38080069236204,0.0476254781024618,3401.39868332274,2172
0.308,3.79155119687586,0.0633679505601494,2213.22942872455,2173
0.292,5.20098957117127,0.0381867821249661,5108.8027405208,2174
0.4095,4.20009518629725,0.0116876966987353,12819.9891833249,2175
0.292,2.9426539873514,0.0161233214019383,6444.28395158141,2176
0.381,2.81561950730278,0.0103860974556152,9404.83941451983,2177
0.436,3.67228616450357,0.0151191157829393,8862.039506919,2178
0.4095,4.71767594055658,0.0305313805153121,5620.19118510289,2179
0.3745,4.59991213593301,0.0130270527287332,12610.5083512958,2180
0.238,3.12930248046319,0.052758446485128,2164.51959878077,2181
0.175,2.1437941589731,0.10486789716569,726.038828384698,2182
0.223,3.17061338305766,0.0253411829085096,4489.42730662271,2183
0.3305,2.86725535670982,0.0626737817905406,1657.67049766627,2184
0.419,6.2859911221117,0.0293210669966211,8099.14308248552,2185
0.2585,5.30244487146593,0.0498087803878242,3915.74762341585,2186
0.371,2.86541877345919,0.079985291299929,1320.34671292041,2187
0.4085,3.15027809103975,0.00988300201486678,10995.6161976845,2188
0.17,2.84035952980163,0.0808412633427427,1262.60914844825,2189
0.2855,4.44583063963957,0.0160323133515015,9780.64699784433,2190
0.4255,4.88741248778152,0.0175930566000997,10042.2506988888,2191
0.3365,2.00780363987328,0.00916078535597733,7264.79395440282,2192
0.3605,4.64200743581892,0.0109994803261798,14887.5146038402,2193
0.2535,5.35686339468134,0.0383066868281712,5127.84148413545,2194
0.277,5.21418147680721,0.045505007125506,4274.77276330392,2195
0.3175,5.31812263717157,0.0488098345884449,3982.13984553672,2196
0.3025,6.47687608885245,0.0481578514972654,5114.2194515022,2197
0.449,8.28354391558791,0.073541202013391,4101.23111744896,2198
0.3005,5.15035329700376,0.0310500891521818,6139.24549299664,2199
0.0965,2.29510170327712,0.0939797756567529,829.60023501557,2200
0.3835,5.72440463739743,0.0819369944983895,2491.70634919392,2201
0.205,4.0127023213154,0.0368577918969163,3903.02902491797,2202
0.458,12.1064207238877,0.0990028064931124,4320.93880968092,2203
0.4255,4.92908015051543,0.0101519254280526,17294.3184558836,2204
0.4255,4.47692953633375,0.0109818741189132,14633.5919395466,2205
0.222,2.694208057779,0.0354269852385672,2629.87559757294,2206
0.3365,2.73673287675485,0.0865308025324853,1156.2880109832,2207
0.461,10.8084712462765,0.0406515264992555,10141.2323393665,2208
0.442,9.28366943694589,0.0216112668650902,16102.4482772445,2209
0.358,4.08129360442758,0.0385881156977791,3950.85525818816,2210
0.4305,3.42728998691571,0.039894553871136,3198.06085285778,2211
0.2665,3.38050572648417,0.120766968334906,925.708651249788,2212
0.4405,9.6174969755062,0.0352515873363232,10361.129795792,2213
0.174,2.77521670175911,0.0906989006531875,1056.67048541756,2214
0.241,3.07357975708387,0.112995058184777,975.05598601238,2215
0.2245,3.61572937882355,0.0781173847991854,1697.4252425224,2216
0.4275,5.62087674323447,0.110735255353537,1352.18559311703,2217
0.3215,2.87362373478272,0.0275178115174273,3719.08501566188,2218
0.111,2.5298720935814,0.0793856568958422,1081.26550312304,2219
0.272,4.42980400109538,0.102703686274122,1457.18852724,2220
0.44,9.07014450686566,0.054739972718056,6171.11611410487,2221
0.3625,3.90264682377566,0.0234444973983543,6002.93142083927,2222
0.392,4.94914499086384,0.0287649350180402,6371.7025539481,2223
0.229,3.50399583515786,0.0211897085985942,5858.52652901249,2224
0.407,4.85755568337324,0.0122376920439221,14261.5818283564,2225
0.42,6.61976119345404,0.0327187595464874,7535.23132890363,2226
0.3485,2.83828273065379,0.0185584821209873,5552.16799881846,2227
0.4225,4.06870641100207,0.0134231943923754,10831.8684554388,2228
0.47,7.2074904231621,0.0608391055541583,4458.61867659052,2229
0.1565,2.53373938118318,0.0247657504511128,3487.10646746197,2230
0.319,4.34372318817754,0.0300113558539763,5277.13465933951,2231
0.459,6.96949911045892,0.0121943050994495,20788.4798399176,2232
0.454,9.46367045184358,0.0379725983942307,9467.05982762214,2233
0.453,6.50004168440847,0.0403644626159587,6169.17017174634,2234
0.356,4.77580009272565,0.0645673309502386,2776.88635301868,2235
0.4475,3.65020322774321,0.013255329129893,9951.09644876751,2236
0.463,5.56316600690935,0.0323674859318322,6425.46817800635,2237
0.4385,4.53744198134363,0.020085233060812,8405.22435072097,2238
0.328,4.49028271428164,0.0250251557175546,6615.7479665862,2239
0.4395,6.0929284613942,0.0137407004561819,16047.7416220748,2240
0.3395,7.42178042199071,0.0372340288538686,7532.89921877295,2241
0.2345,3.0223210151637,0.0313590189588204,3490.25383487636,2242
0.394,5.22017939689591,0.102229536200071,1644.48534859815,2243
0.462,10.9761866518736,0.0650859967524057,6170.83985425214,2244
0.301,5.02435393198928,0.0993621706776046,1781.26960358839,2245
0.189,2.85955755571778,0.14602881794675,689.105603883949,2246
0.283,5.14026327886334,0.0451315971780908,4224.38751963127,2247
0.132,2.80151342288899,0.0873900598684949,1124.82346211575,2248
0.4525,4.39523263765683,0.010601518727123,14775.1667724029,2249
0.316,2.35237760214695,0.0117389684439569,6833.66126643505,2250
0.316,3.37263161856202,0.0220595470452963,5483.89180706401,2251
0.3965,5.76421024562828,0.0533176333926146,4114.97457909847,2252
0.3895,4.44821009404248,0.0182726077493678,8836.29206491089,2253
0.404,2.94050039438704,0.00707779347394279,13743.6874812102,2254
0.317,4.15757750395097,0.0171138237806715,8673.48696854632,2255
0.2275,3.22836622150287,0.126868175313382,746.687069481952,2256
0.4575,6.9608626955552,0.017902010029326,14505.6874639474,2257
0.287,2.43622070339289,0.0126421777247063,6514.24886789967,2258
0.419,6.02053375306673,0.0953512087401945,1995.82749147683,2259
0.3695,3.08237329699577,0.0179178878637013,6147.9607147161,2260
0.3165,4.72057439744026,0.0573825712734555,3069.54923254122,2261
0.3365,4.1922923681027,0.0352334745601868,4384.4020726258,2262
0.4205,5.96518265233637,0.0641899570045089,3312.16547700976,2263
0.451,7.02653341716605,0.0419875296805523,6319.43990289879,2264
0.404,4.97618314387353,0.0351865299005999,5271.6830920014,2265
0.1925,2.8858765073546,0.0876715827269978,1203.8102283202,2266
0.419,5.30737902006391,0.0182687732134585,10779.4784310242,2267
0.2455,3.87302630887907,0.111054225271717,1175.28310520016,2268
0.412,6.48172407199604,0.0451341087759115,5431.86699752962,2269
0.3585,3.40897478405413,0.0453891444891241,2733.45372979994,2270
0.4185,6.73054661189105,0.0860859647213496,2624.40267852913,2271
0.235,3.53910448944102,0.11542341320292,952.284105189068,2272
0.4465,8.12139088682379,0.0520538399299113,5784.58306051783,2273
0.433,8.19895302769858,0.0205438389175548,15006.5517312221,2274
0.2235,3.11823098627814,0.0579527625596731,1960.1341157421,2275
0.34,3.7020800186249,0.0274361413969962,4983.11985588411,2276
0.4345,5.07526435657148,0.0122164289338512,14817.9379578224,2277
0.417,3.79592062476304,0.0323359904396722,4313.54490648324,2278
0.4695,7.42426506225108,0.0432910570649902,6539.79291246836,2279
0.149,1.94789836117587,0.0211688957793058,3071.2010310101,2280
0.359,4.32260874187093,0.027700312844816,5772.2865007534,2281
0.449,5.72749572536436,0.00857501511930608,23277.4316406266,2282
0.3075,3.30157463788505,0.0198264752946286,5898.8546030658,2283
0.4455,6.93916943944329,0.0140470558426129,18275.284548405,2284
0.43,5.83627628062409,0.0120732894081865,17532.7038163981,2285
0.416,5.16179668701971,0.0261153489860558,7372.03013861915,2286
0.3715,3.08704730187584,0.0124817190661803,8691.05083354271,2287
0.468,6.88435876248599,0.00981540600373527,24992.6028166852,2288
0.439,5.16772930924069,0.0232617656921327,8279.82139525782,2289
0.441,8.00130326600002,0.0487824135701765,6072.16906266797,2290
0.1835,3.47160470917715,0.0564805828841908,2191.3828662785,2291
0.4155,3.0391948472177,0.0188799754941218,5873.73525579247,2292
0.4605,5.95316606578984,0.015924976804086,13742.1257441506,2293
0.448,6.01432706719957,0.0147799065731425,14941.3129913796,2294
0.4015,5.20341953892962,0.0525906494030222,3553.33097302456,2295
0.457,11.9404181159048,0.0180169233096578,24665.173896783,2296
0.2545,3.77701751775274,0.0462554227499243,2933.8235831785,2297
0.224,5.12871714610554,0.0406824380442834,4510.75501838706,2298
0.4425,5.35175516897617,0.0206267781426329,9644.15688457611,2299
0.301,4.55755448070882,0.0386615833708602,4379.04980976994,2300
0.4485,6.32048032735377,0.0322571693748566,7307.45431748345,2301
0.346,4.31702824610838,0.0262942068468021,6045.13430436161,2302
0.3865,6.92314325070598,0.0179056554272428,14143.0094015201,2303
0.466,12.2397324612489,0.0535813243962987,8600.27047131886,2304
0.441,4.09052571692971,0.0197012140470006,7675.40004804714,2305
0.463,6.81339938546179,0.0614700311314389,4191.77322251748,2306
0.4045,4.05548645501016,0.00799708755888873,16902.2454773632,2307
0.457,5.6056185484276,0.0271644565650862,7420.91458780128,2308
0.4665,11.5660043303828,0.0389698287082801,11250.596628218,2309
0.372,6.0644193125077,0.0374556963399616,6041.18753892157,2310
0.4555,6.78787851576589,0.0134064551755319,18662.7263187438,2311
0.4475,5.89637883733848,0.0573189615493506,3865.92893103018,2312
0.349,4.67549388515754,0.0216657274802899,7825.00985440682,2313
0.419,5.44261065006174,0.0455813500680937,4366.96667686345,2314
0.4555,8.27856829447125,0.016920234249978,18179.507729427,2315
0.4545,7.50308198716384,0.0331800756600669,8531.67379308219,2316
0.4025,4.8846188996734,0.0171603489982336,10319.8404619675,2317
0.2505,4.62030777021231,0.0227564711233985,7309.55098871355,2318
0.451,9.56935977302459,0.107172931401655,2225.83143707341,2319
0.2155,3.3892260468043,0.030568401562383,3893.96785623304,2320
0.17,2.06547733854862,0.132058222995516,572.02965282581,2321
0.2645,4.57110705886172,0.0463483705872071,3628.66690191861,2322
0.4605,15.1228474508651,0.0686973950332219,8105.39730551815,2323
0.2165,2.84136809804891,0.101422570676074,977.991119115402,2324
0.4535,4.87508675343279,0.0200365360638031,9010.69330653481,2325
0.1885,3.17559774414121,0.0863564157407778,1301.12142320507,2326
0.2725,4.50336293151327,0.113182543487198,1338.21102179824,2327
0.256,4.24085608809746,0.0106219714162004,13212.870951047,2328
0.435,4.21006693748973,0.0304057961463852,5099.56620212908,2329
0.418,3.60948964732156,0.0103498280976901,12206.4671467675,2330
0.3705,2.53331316066279,0.0120228641317442,7279.41457308426,2331
0.232,3.95520358548729,0.0191938590216954,7266.72723001052,2332
0.2825,5.10922142303842,0.0448816436783461,4175.56409863666,2333
0.455,6.46272908484141,0.0987124068954728,2415.38602627251,2334
0.4475,8.09191416268977,0.0648759807031446,4422.39416323125,2335
0.236,3.67839895841167,0.0685557659551395,1897.43967281444,2336
0.4085,3.57021934876947,0.0302531576299277,4247.96598194426,2337
0.4575,4.62745626276335,0.0090051635609232,18177.8368622485,2338
0.2175,2.94578499967237,0.0718216784439453,1492.94766014276,2339
0.224,3.00052421029646,0.0287300085328122,3821.3979356,2340
0.374,3.16192034073833,0.03172037467254,3641.98566908643,2341
0.4215,3.11675011067045,0.0056530799806107,17643.2729854018,2342
0.379,5.78652552053626,0.0382970657245848,5688.32891696338,2343
0.444,8.27893241331966,0.0691632112807296,4438.14490228749,2344
0.4625,10.6216890755866,0.0408404210950146,9920.04060084095,2345
0.2275,2.45925817146467,0.074770358282415,1123.92174633781,2346
0.45,4.51972817756276,0.0129159127742071,12678.8912985742,2347
0.3085,4.28649030403258,0.0531315832040505,2958.677796875,2348
0.441,8.85581860433734,0.0117930207904771,27190.5666531649,2349
0.4355,4.63232153192652,0.0199672781514399,8570.85547401478,2350
0.3185,5.24633887107767,0.0575011865083736,3407.04925831329,2351
0.2665,3.23554197391859,0.0902779188769709,1252.86505197732,2352
0.463,9.9048457253853,0.0916821850942221,2773.27323446527,2353
0.425,6.44236253380834,0.0304108737132799,8030.19743291989,2354
0.383,4.60259420102856,0.0921559434349878,1700.41238268027,2355
0.2505,3.79919887899897,0.0735114767929062,1826.77437545523,2356
0.4425,4.46737430860082,0.0125549245542631,12966.1917505734,2357
0.396,2.81105139005968,0.0123160029078108,8053.4834635788,2358
0.3855,2.55906888474673,0.0266185684895632,3529.54355045758,2359
0.455,10.1450400223595,0.0712430636948322,5123.38313504883,2360
0.428,5.01933491856419,0.0174324993702203,10648.3896864006,2361
0.4075,7.04735168799299,0.0318229692099589,8441.68523383605,2362
0.427,5.84011845671984,0.0263283790957762,8274.70394591823,2363
0.3205,3.56483827150214,0.0135067037854856,9123.66166669918,2364
0.4205,5.39181151146859,0.0536796717136935,3788.40094368078,2365
0.1775,4.39189213184955,0.0498657834814381,3112.0955841616,2366
0.431,5.50744453271716,0.0376989332168302,5544.47942406579,2367
0.1255,2.71587613658408,0.1307616134104,723.264746069427,2368
0.412,3.47784844143944,0.0213148611768042,5982.29845098302,2369
0.439,4.50627630059793,0.0139058807762163,11780.0397812971,2370
0.2325,3.79690098202303,0.0443366402079603,3203.64165526504,2371
0.4395,6.44895287453203,0.0588266322314129,4095.91605278107,2372
0.4555,4.7227703719132,0.0104623065102432,16042.5223960531,2373
0.3135,2.76852554950155,0.0152453883866334,6455.05212423614,2374
0.4605,8.52611355438776,0.0165105017525514,19157.0169212211,2375
0.428,6.05629524262681,0.0430986682204925,5227.13235651152,2376
0.414,3.99609672273924,0.0167470140607038,8760.16390529284,2377
0.3735,4.63106300460214,0.0200670266001401,8372.99432105429,2378
0.4345,6.74595207039028,0.0297072767168049,8534.4980942814,2379
0.3575,4.0685184318831,0.018186490310496,8050.62536544681,2380
0.1665,3.3332163420135,0.0300049914670617,3873.00536805563,2381
0.3805,3.61484735175395,0.0133199154989023,9652.01756864099,2382
0.4405,7.35873395570628,0.0303417568538375,9063.86348915846,2383
0.4465,6.117652811982,0.0193598288411354,11764.0535200676,2384
0.4365,4.70125241256435,0.0238627319808162,7238.230870523,2385
0.3205,3.33199224592317,0.0673104517424,1826.44922159154,2386
0.3735,4.44950356783214,0.0187410224298635,8760.30548771923,2387
0.3515,3.71928874590941,0.0406246870423035,3432.76645240282,2388
0.4665,8.66736864302738,0.029050015357935,11342.8495839223,2389
0.4575,4.65229339071714,0.00850179628313052,19128.0712089881,2390
0.3935,5.09121855847575,0.0357848374341795,5344.04332673934,2391
0.32,2.33961115012912,0.0401035872747542,2097.64850913283,2392
0.1395,3.10544729830402,0.0887344898159925,1264.4012073569,2393
0.4535,5.013237188213,0.0182295564684465,10144.4136073523,2394
0.45,6.07527095520406,0.0544141487330195,4208.84422042928,2395
0.4455,4.85356090466523,0.0207954651415111,8592.91535122664,2396
0.4085,5.19959004901503,0.0157152547308383,11984.5419793471,2397
0.433,5.96974873063788,0.0114060096704017,18756.4775441805,2398
0.3845,2.90943228582897,0.0167284544902351,6285.84386047057,2399
0.391,3.30643631234248,0.0779517446479267,1567.55507686682,2400
0.306,4.37855920642642,0.0489648939368646,3302.34854260923,2401
0.4355,4.63648712739371,0.00987175990462066,16655.5233503524,2402
0.4155,3.66612903798623,0.0194480140572382,6901.51882014408,2403
0.3395,4.96422477756893,0.0283369575418118,6427.38688741392,2404
0.311,5.90030416332595,0.0328374061945966,6692.45997937076,2405
0.4505,7.96376231561476,0.067637833792956,4255.94696203427,2406
0.1585,1.46403294836195,0.0171665768617414,2711.05087928702,2407
0.4305,3.31305341115976,0.012834499426217,9222.80182393572,2408
0.432,6.22188659097579,0.0343490046907928,6848.84812926992,2409
0.4515,5.75084968962699,0.0183437924748442,11479.3165428231,2410
0.36,6.17931622727627,0.100041601835375,1961.12775019291,2411
0.4335,4.51048894911855,0.0147970769494711,11010.016711095,2412
0.331,4.27301161568076,0.0364172021609143,4382.38375368522,2413
0.387,5.59046098174473,0.0370769823662792,5515.37131788119,2414
0.444,7.58276013018664,0.0312629348642495,9206.60005566264,2415
0.153,2.26238872043729,0.100910543157643,790.455056692748,2416
0.3415,4.29633062952961,0.0231926126937654,6859.78893102594,2417
0.2445,4.93238307167712,0.0309522823953863,5819.1881178013,2418
0.329,2.29813920468241,0.0197393305700041,4142.45690375875,2419
0.3825,6.61741720771096,0.0526650553706435,4777.78041319084,2420
0.346,6.5357446234515,0.0248242730824883,9866.4669931756,2421
0.184,3.45519474965238,0.0616596842800325,1943.71845231473,2422
0.3025,4.70138003252209,0.0620061637261249,2816.19067817128,2423
0.406,4.74155756429986,0.0261547628161384,6733.41780838143,2424
0.451,4.03893523341958,0.0195599786948693,7518.44332548002,2425
0.4715,12.1197525473135,0.0347990242127324,13339.4282463448,2426
0.1445,2.23856782303639,0.137615773592199,587.565461222954,2427
0.4425,5.14542165428453,0.0327673123388919,5998.8548724355,2428
0.351,4.56657034976155,0.0385349135001504,4321.32949984722,2429
0.4565,5.66939512811595,0.0137621339200043,15214.6493408202,2430
0.3695,4.99612201051835,0.0338058515646618,5509.68036892107,2431
0.4355,5.33059239232294,0.00738061901675887,24778.647212559,2432
0.2065,4.24291023046766,0.0511661150051654,2994.81006249442,2433
0.2335,4.26786221940835,0.0362068947545865,4296.63351885113,2434
0.43,3.98748960130607,0.00948104982360982,14557.0769912803,2435
0.122,1.83770095333502,0.0492038630858905,1307.28902235156,2436
0.197,3.05600635576817,0.0368002410240681,3041.77598337835,2437
0.379,3.74890353085796,0.0153352491585805,8752.03871463255,2438
0.323,5.57691099660256,0.0720391209634521,2754.16158821809,2439
0.14,4.34020978541315,0.0205551160278417,6923.8533085469,2440
0.2235,4.03709563492015,0.0336379574416733,4333.10161638512,2441
0.3965,4.85454157062303,0.0337729378519054,5371.36304523947,2442
0.392,3.534408974753,0.013016040683444,9714.3663799783,2443
0.167,3.56109398017106,0.0429624402638769,2923.9528214099,2444
0.104,2.31992214864342,0.095267811310625,888.746701925552,2445
0.302,4.98091622691929,0.0207049658247881,8766.02688553664,2446
0.35,3.05917175478578,0.0242765535697666,4630.74894211047,2447
0.234,5.51226939138445,0.0264259933831739,7448.85212396753,2448
0.296,3.78827378400729,0.0474874807873409,2894.93437005113,2449
0.43,6.2231209886703,0.026283843858379,8923.52302134045,2450
0.2225,4.4163193818528,0.0433428461524059,3562.51614191166,2451
0.24,2.90945588822203,0.0694401115326345,1521.87903622708,2452
0.472,6.80820987004328,0.0168269270500688,15054.9183169843,2453
0.441,6.63098033095748,0.0215379444757297,11421.8768879964,2454
0.397,7.42784286332612,0.0415430925831905,6764.4234578898,2455
0.262,3.6128983037839,0.11125539130488,1081.79888403343,2456
0.2335,4.63948738843351,0.0323369530711884,5192.63030515402,2457
0.4695,6.08836987272719,0.0103092268593873,21220.7128948245,2458
0.446,5.81657743080737,0.0500887126892068,4389.33189279801,2459
0.4535,5.95973964773305,0.013659557196089,15863.6115082607,2460
0.4625,7.27090385076704,0.0150841209373335,17883.4350533469,2461
0.4585,5.68620057720465,0.0119908730098788,17122.3144868575,2462
0.423,4.46757899386836,0.0695226398761534,2424.5211049247,2463
0.384,4.20816889466132,0.0122396050445455,12125.573813306,2464
0.303,3.81753127650509,0.0588478696289719,2357.84924819964,2465
0.4585,9.65184789789947,0.0405827402246673,8566.24891921332,2466
0.4055,6.96397736474712,0.046279512184662,5503.49015953244,2467
0.431,3.82250775859542,0.0153238430159738,9106.53743968893,2468
0.169,2.53793472501825,0.0255938337000999,3363.85055216325,2469
0.4155,5.31209763384965,0.0155344459661564,12410.975746953,2470
0.425,4.15654950716038,0.00977255886892794,14811.169143051,2471
0.4555,9.5449345893912,0.0457656592249448,7949.02206644408,2472
0.4005,3.19207026496544,0.00884423915541168,12339.4278059173,2473
0.3915,3.53020031566981,0.022105447323029,5902.64450420648,2474
0.4395,4.9793097129619,0.0117214562437477,15126.3831952393,2475
0.3925,3.71636769529692,0.00849357205240111,14833.7193375482,2476
0.4115,3.39900608467305,0.0210534887851045,5773.00510253561,2477
0.277,4.29465924731093,0.0180163479526606,8593.87493914358,2478
0.4055,4.60757579796218,0.0167925062766571,9854.36743681812,2479
0.425,4.80227727368126,0.0250781075161577,7165.2980271027,2480
0.3855,4.14179649262311,0.0107331164732984,13501.553599529,2481
0.2885,3.60272746211542,0.0427811962912342,3084.1904821396,2482
0.36,2.98027571206219,0.022089078458074,4911.35945405488,2483
0.163,3.35140612704621,0.0678658419724963,1808.28589474634,2484
0.2095,2.95306371749514,0.049579658855955,2154.83920645294,2485
0.22,3.42961402906168,0.0869841044897331,1435.74955893525,2486
0.3105,5.95595382532394,0.0247005906148388,8834.12184832455,2487
0.389,4.11116744934452,0.0198497067538928,7573.00231264209,2488
0.412,5.86799452676113,0.0155132836056526,13841.8825385746,2489
0.3615,5.18310952521892,0.0737383315335201,2476.66166571654,2490
0.23,3.7584315802574,0.0837538112269889,1518.78730634229,2491
0.4775,8.38203684559615,0.0549717899913552,5660.88289011077,2492
0.148,3.31764470189679,0.0798534862413831,1453.22493329794,2493
0.4,4.35205866163916,0.0244102466750088,6591.5335837357,2494
0.4225,7.19383860911544,0.0326825729070088,8339.5609713789,2495
0.428,3.89754018139942,0.0154635549036001,9000.29012198806,2496
0.327,5.46719339461016,0.0246421984354673,8086.72479518673,2497
0.447,5.71413597237614,0.0120415342376299,17243.9683897783,2498
0.4605,9.4546291334335,0.0293208562249148,12427.0254085797,2499
0.442,4.97834960868848,0.0171447701412128,10690.5989283932,2500
0.36,5.20716582798387,0.0256127092902106,7490.29628213337,2501
0.2865,4.68585385056311,0.0472052294702333,3670.56800209305,2502
0.172,3.3791868716717,0.0676714222064728,1805.50501358387,2503
0.2895,3.86901007524353,0.0812841497801984,1684.93846586263,2504
0.264,3.82131360242301,0.0311569993525444,4506.43268808999,2505
0.428,4.82155236852901,0.0195454567507291,8930.61958598272,2506
0.382,6.20527906019739,0.0575697686841429,3915.23909288193,2507
0.2805,4.79496729146841,0.0235442241452129,7250.3603925163,2508
0.463,5.08034423910562,0.0188108971326684,9859.54242743722,2509
0.3635,5.41309028154484,0.0240165685769495,8340.42824235425,2510
0.438,7.11443204402333,0.036953332119179,7329.19946728001,2511
0.3905,2.95438730095397,0.0337857063914793,3228.53798453152,2512
0.3825,3.63436585788784,0.0098448234482378,12663.018282279,2513
0.433,4.70853196176193,0.0089171944040032,18266.7473314039,2514
0.3945,5.39056176253321,0.0338524638055301,5977.65396776093,2515
0.372,4.68983509304971,0.0118477944894678,13869.554159312,2516
0.4395,5.18600506881772,0.110190720243839,1334.70868659737,2517
0.444,5.9820011492323,0.0397533233374874,5685.40337846547,2518
0.329,5.48392054008606,0.0345790280671107,5867.06771919606,2519
0.3555,3.4443370166304,0.0453903749507569,2799.36442815279,2520
0.272,1.74296633338962,0.0225042540603253,2707.15852983116,2521
0.2355,3.07327079543632,0.05201783840999,2116.31281163353,2522
0.2805,5.04889804195014,0.035012573193327,5277.97100042287,2523
0.277,2.06531181313371,0.0154684689240425,4652.53586961668,2524
0.3635,4.90460951064138,0.0125427965602456,13773.0354734477,2525
0.3845,4.1942399839254,0.0146849855236772,10253.5001526897,2526
0.249,3.59372535999682,0.102114747750898,1200.05864878993,2527
0.2605,4.3787652077303,0.0324326149485303,4944.37705470903,2528
0.358,3.4921040293167,0.0282618008932858,4530.18798047406,2529
0.4485,5.8003533196045,0.0292545327829556,7552.00110434334,2530
0.222,2.85858263234605,0.114104907071287,861.009118101167,2531
0.4785,6.7617645798755,0.01247293324677,19928.1796492997,2532
0.3555,2.9621939450056,0.0111968092883282,9199.10954273847,2533
0.4275,4.71112299353684,0.0332089864461244,5330.79356445309,2534
0.2425,2.85854523737628,0.0382474074210291,2710.62207681639,2535
0.3115,3.90306866624464,0.0318608976590295,4583.91114088161,2536
0.3885,4.8691445843858,0.0209390795895107,8413.71569359548,2537
0.408,3.62998471392727,0.00952584507316361,13064.5900698897,2538
0.2145,3.1839556170797,0.0829732496969668,1381.32902120574,2539
0.4105,5.37241671709918,0.0279281976747925,7241.00338320083,2540
0.4115,4.98380461151839,0.011399458063917,15439.4859140629,2541
0.252,4.60374381705553,0.0349444002363281,4879.59594205833,2542
0.444,6.38789002349713,0.014760791880424,15577.7739457656,2543
0.224,4.39854912072193,0.0439722921053621,3622.17847937011,2544
0.4245,6.34077218194666,0.0134681885261769,17106.0850408949,2545
0.424,3.38128264372399,0.00820935975117881,14215.8202395033,2546
0.437,4.75098320552678,0.0127921646402609,13405.5232059878,2547
0.2665,4.56247095864883,0.104881137236439,1470.71402463368,2548
0.3655,6.11001194066848,0.0485889768173909,4747.58697691496,2549
0.468,11.8505945980614,0.0535572750641951,8363.57200409533,2550
0.372,2.42915699314918,0.0208853743835711,4193.04350469748,2551
0.1785,3.59061636939626,0.0630771158064229,1968.84809329647,2552
0.239,3.07550399305045,0.0828832300306926,1382.95105898273,2553
0.4135,4.3706623113178,0.0561752005393863,2922.36722587871,2554
0.2835,3.75776182865988,0.0266973030524409,5168.19887838711,2555
0.4685,9.33389942022781,0.0811634791215929,4256.70499351225,2556
0.401,5.01693459700468,0.103331052544261,1691.73602373215,2557
0.346,5.07270292937823,0.114768120081706,1550.33429435026,2558
0.328,4.79472694843215,0.0259720384914559,6762.98847872256,2559
0.4605,10.9215029545691,0.0498705602292495,8386.09270203177,2560
0.1475,3.24593666782167,0.0706209630237447,1711.79531400263,2561
0.1525,2.62974222585665,0.102663707138296,899.986341417651,2562
0.1365,2.60670897644402,0.0677699568420553,1422.75177613627,2563
0.4585,13.8828185187933,0.0511801261240239,10432.7593996838,2564
0.3295,2.90544046286062,0.0215128073714089,4793.92646493016,2565
0.1345,3.33988459259806,0.0757659513537363,1580.86451262991,2566
0.3215,3.11363621234941,0.0641431019936496,1764.69699009527,2567
0.4225,6.06026330327657,0.0354577567982923,6508.28454506127,2568
0.255,5.07064501765252,0.0486824668256666,3859.91093145693,2569
0.251,3.95202535876845,0.013806565848737,9581.43958450242,2570
0.3265,4.95818220033327,0.0371071806766218,4954.47634461982,2571
0.3345,3.76731970869683,0.0545981611402526,2553.2059300698,2572
0.3275,6.65695577638178,0.0553499871545631,4446.7898001152,2573
0.44,5.82102735368765,0.117041399503441,1285.6490402272,2574
0.3245,4.60815385706194,0.0319666270954649,5305.14346378414,2575
0.311,4.96145371420851,0.0153976521132744,11327.4160920188,2576
0.332,4.66979017758499,0.0275932527979549,6238.22549191746,2577
0.398,3.82844556226688,0.0152385269817413,9070.27212853027,2578
0.2195,3.19347240802657,0.040984355562742,2848.12755855092,2579
0.341,3.76462458398501,0.102527637285101,1237.52182307823,2580
0.4315,7.43979575775747,0.0246633151964522,11482.0858865947,2581
0.4125,4.91750517683146,0.110144774785347,1407.67565749195,2582
0.473,6.82604070683308,0.0132370078978496,18936.399655393,2583
0.2975,4.72531100379055,0.0430474251051569,4073.59039122735,2584
0.4255,4.36104556558462,0.0254879638816525,6156.31128550531,2585
0.3635,5.62817502810129,0.0488076997162166,4317.57527147769,2586
0.388,4.76776351542064,0.0322436684408219,5454.78515168862,2587
0.3985,6.49231566169659,0.0302206107065702,8109.53434570205,2588
0.458,9.12016281974141,0.0675237448724888,4714.52353910507,2589
0.4615,4.79519865989848,0.0236606650909793,7574.55661381182,2590
0.414,4.11687090133369,0.0113012025475057,12845.0031172287,2591
0.333,5.95781198647874,0.0816091123686383,2535.31729090027,2592
0.263,2.44312170575857,0.0495614658247874,1807.12363597328,2593
0.416,7.85010256707657,0.0392231168910003,7655.29411743899,2594
0.3645,2.43640416623453,0.0184953301101037,4738.53641095688,2595
0.11,2.55059836178592,0.136560196785953,667.540738581469,2596
0.4545,5.27654641540245,0.0322137676701743,6235.13471580585,2597
0.434,5.74913815116728,0.00852894313113645,23594.8681836503,2598
0.335,3.8999541028563,0.0197783691894755,7221.40966409251,2599
0.354,5.54586495613288,0.0637987645391353,3241.66999166758,2600
0.472,8.9833575394837,0.0697169819344941,4524.86752629256,2601
0.228,3.20052308951956,0.0377785690454399,3076.13119135428,2602
0.163,3.06731830661038,0.112751308009013,946.966693911249,2603
0.435,4.84865331378779,0.00869244551300346,19489.616244469,2604
0.438,4.56462329379149,0.00912747820380879,17570.8566019974,2605
0.222,3.97316701209746,0.0355630032170075,4091.0156680677,2606
0.271,3.52701041921301,0.0523824705110109,2473.05842649765,2607
0.1965,3.01020352076403,0.0577708219300432,1907.03040908118,2608
0.2915,3.99139725642115,0.0265108008882144,5573.23955229696,2609
0.4625,15.0832975578393,0.031436738493028,18273.0812239301,2610
0.3925,6.20708321923339,0.0129477190444873,17104.2595627524,2611
0.3845,2.69426670175129,0.0136049902484592,6907.74094805485,2612
0.2445,3.97991739369527,0.0530042514032666,2686.01725339645,2613
0.446,7.90256257201052,0.0349301831451591,8606.39133903198,2614
0.4515,6.34007659991227,0.0334873951950512,7077.78582727014,2615
0.4005,6.05370249362352,0.0641558625830236,3430.35172567162,2616
0.246,1.63094050404668,0.00890466586637825,5635.03248148487,2617
0.2325,1.64005276822612,0.0151258281833149,3636.25814663193,2618
0.3825,4.2767994566665,0.0113403111699298,13231.458512209,2619
0.436,4.19923386367419,0.00862082776807239,16861.5561464798,2620
0.452,9.61997610238682,0.05019657680702,7313.2799678469,2621
0.31,4.67233011105021,0.0557367041611476,3053.23595790539,2622
0.383,7.04509776635386,0.0626960708449316,4056.08351062779,2623
0.2325,1.72579886174072,0.0166817818843458,3491.41376239018,2624
0.301,4.18527712827463,0.0311135316883855,5001.79264498107,2625
0.4315,8.14903645067552,0.0239522133622432,12809.0783719389,2626
0.428,4.81466521766633,0.00783964755302113,21168.0365836198,2627
0.3075,4.53711149194093,0.0520843553576164,3179.9334049831,2628
0.4005,3.644141265961,0.0145384090192817,9123.55556074979,2629
0.454,6.39994617395465,0.0188636267968842,12379.2964226279,2630
0.429,5.49405578272186,0.0202533682064667,10085.3294116929,2631
0.4075,5.18727374292613,0.0555585574872919,3354.90725286051,2632
0.268,3.8585779052171,0.0504120248294363,2803.56362862817,2633
0.465,5.82357537564089,0.0182633862969034,11817.9700363249,2634
0.466,15.0513267283253,0.0398903460214984,14468.6180607406,2635
0.185,3.77810416714582,0.0775464806234677,1772.8043661223,2636
0.447,7.64005597366523,0.120269208010552,1535.72429641078,2637
0.2005,4.79198083776689,0.0193659129148528,8588.2088835479,2638
0.142,2.14242915817789,0.0954140765157567,793.222141221896,2639
0.354,6.17700728759246,0.0610010748721472,3581.86214329398,2640
0.3205,5.21188278352965,0.0199461470519788,9535.34617906699,2641
0.394,6.13538233603475,0.0299521283548992,7703.6834782768,2642
0.4425,6.61273544946136,0.0241648025131869,10002.8804751303,2643
0.3465,4.17988689496356,0.0110669827906651,12860.8549809163,2644
0.3175,4.66868553583649,0.01388608367836,11816.6779653159,2645
0.224,3.00461893686931,0.0522581178354968,2181.22180303237,2646
0.4635,9.90337744948476,0.0484442371704775,7859.68233051706,2647
0.3605,4.9221440396716,0.015259599616431,11629.648451266,2648
0.4045,5.43277085172462,0.0338204813029014,6036.40377650466,2649
0.295,3.98884952549407,0.0174867111486451,8046.79062308964,2650
0.3735,6.89685926820844,0.0381001927936235,6848.46817362937,2651
0.334,5.6189060564294,0.0597866535051288,3515.32861363547,2652
0.2605,3.82461982667556,0.0695889254687304,1924.99654774966,2653
0.391,5.8096240382572,0.0516054867216421,4230.28717895534,2654
0.1755,3.30142835512069,0.0823813644723853,1480.38141848801,2655
0.311,5.87268037786646,0.0627780624300896,3462.35219149733,2656
0.4375,5.7040077933836,0.0105278752744818,19423.6399930718,2657
0.1115,2.47856540552961,0.0612092288551043,1445.97211697166,2658
0.4485,6.11266426861948,0.00920234339229348,23494.7293024283,2659
0.432,4.12768007542288,0.0103722267181048,14041.6509260812,2660
0.3615,2.58296564996425,0.0233394354458347,4035.33320976,2661
0.3025,4.34400538162128,0.0231776010417361,6784.60991773715,2662
0.46,5.32224309031212,0.0152689594915202,12823.7854962853,2663
0.18,2.0647081022627,0.0325138109402104,2215.11112598553,2664
0.2595,3.58451636661608,0.0561449868322491,2288.3673675045,2665
0.3295,2.39089020820952,0.0144987530518116,5747.20927370201,2666
0.4395,6.21232344225999,0.0294783710046657,7926.37655058501,2667
0.3375,4.14877221554945,0.0510002252540435,3076.11045526151,2668
0.405,5.9905939101655,0.0191093704225354,11707.2335565555,2669
0.4625,9.84629990349692,0.0354572524680574,10424.5175685522,2670
0.361,2.49860657580304,0.0102872669714724,8247.69417614136,2671
0.3635,2.85370072592695,0.00804099687445009,11701.9813265118,2672
0.149,2.54022680268094,0.0373873425146271,2420.79280142394,2673
0.436,3.91267468727374,0.0103363583547277,13351.6016020244,2674
0.418,6.6107573390774,0.0583947852497191,4221.44976894672,2675
0.1685,3.07293391002235,0.0458195668736844,2508.32585992121,2676
0.2245,5.53287620726561,0.0250056357076562,7952.35198138435,2677
0.4315,3.91704342136694,0.0145073134228842,9804.1271284574,2678
0.157,3.81920917800285,0.0727297135093966,1880.00967506733,2679
0.4455,3.59601348577628,0.00809290252196407,15401.3623349717,2680
0.434,3.82821608789007,0.0112124792458535,12030.1166466778,2681
0.4495,6.50523622855897,0.077549453945374,2789.20152525764,2682
0.3815,4.41327147765854,0.0163260641646877,9722.83201701951,2683
0.434,4.04303446206572,0.011836043525295,12228.4990259487,2684
0.445,5.02455223967419,0.0424040686729666,4460.42896360234,2685
0.4515,9.95439692506166,0.0565054680800198,6689.15338032567,2686
0.352,3.09161965456002,0.0186816299268475,5930.3204623807,2687
0.3975,5.52699163843862,0.02407384622796,8551.5206912373,2688
0.49,13.8324278914469,0.0999462151581963,4596.9783079066,2689
0.3135,6.75982245593678,0.0456647849374683,5514.12553693224,2690
0.4725,10.8026169875856,0.0487442948919756,8525.89046387071,2691
0.3115,2.84858075687857,0.0169796076361375,5943.29141041608,2692
0.142,2.29631585444283,0.0399478704269842,2024.22324843593,2693
0.301,2.76994375854922,0.0995786740433807,974.604408552548,2694
0.409,7.31956397296577,0.0941685393094453,2106.1838286979,2695
0.259,2.21233032271715,0.0281160186209985,2806.76895370267,2696
0.303,3.8912802545873,0.02700120171628,5270.75408794245,2697
0.322,2.6934004272602,0.0395536526439349,2506.33036633165,2698
0.424,4.42854917166359,0.00598818301256388,24360.5932802497,2699
0.322,3.81738066857049,0.0128858588775833,10398.9723193366,2700
0.256,2.21966626750488,0.0251362993776611,3152.71094262636,2701
0.285,4.72702705572288,0.0300748482722433,5685.08790635631,2702
0.141,3.65013883588415,0.0914084436319859,1412.51740122691,2703
0.3755,4.82759924656684,0.0170479801579422,10301.8359092833,2704
0.4365,3.91873712533914,0.012475726781454,11248.3901358164,2705
0.42,8.66147202609074,0.0404726638958481,8074.39053386236,2706
0.4595,5.50240599433028,0.0124851715981525,16050.27699086,2707
0.3485,3.78948827209828,0.0482018822052668,2934.79790666992,2708
0.0945,2.35556064592003,0.0853974972622462,979.052368335749,2709
0.163,2.86892688397103,0.0904014906276723,1128.6934777232,2710
0.3495,5.52816573592292,0.0546684982764489,3799.09643375349,2711
0.198,4.53407057969063,0.102848483249785,1528.98111704404,2712
0.4245,6.89187007023894,0.0435066712252798,6044.58615099924,2713
0.2425,4.84792857930386,0.0436006829004608,4172.42817122945,2714
0.418,4.53373416242999,0.00867583558720304,18064.4854880666,2715
0.0975,2.35388079220322,0.0671904933486239,1269.79571906182,2716
0.1555,2.24385139891881,0.106582272987478,745.899346370359,2717
0.2355,3.23882065967033,0.0843371126694731,1395.05118524183,2718
0.421,6.65394295644339,0.0321430165399122,7840.17570653944,2719
0.4465,6.74543951199556,0.0482925034694501,5309.41879603085,2720
0.411,5.28931944847451,0.0688652390189671,2651.61477028481,2721
0.4325,5.7479853317915,0.0747607866789644,2880.51025433034,2722
0.329,6.20105131362092,0.023903209933483,9661.03543438785,2723
0.1805,2.86247674428655,0.104291847099472,983.161493436156,2724
0.4415,6.25213228452559,0.0394780539268731,5900.80790114983,2725
0.423,5.29389334722561,0.0130406589785071,14570.6157025621,2726
0.3655,4.10581092417941,0.0447769016270044,3443.8006984188,2727
0.1615,3.21406903088056,0.033895026626568,3361.00126216607,2728
0.4695,7.01489365505151,0.00929517251686751,26756.3153704743,2729
0.4705,14.2643621771923,0.0997130347108722,4746.13809023728,2730
0.2845,2.90650919407127,0.0370471420511933,2861.04339322095,2731
0.45,6.03898930870217,0.0343787602341156,6577.91009508114,2732
0.3645,6.31527486158433,0.0346897935639035,6855.6783792692,2733
0.463,7.69126201430987,0.02154554823096,13275.4144960548,2734
0.426,3.63659189918924,0.00926044575472246,13761.7814488355,2735
0.424,7.26831335015381,0.0363278855667244,7497.6145551662,2736
0.176,4.93400199714556,0.0890955159357848,1967.6730355866,2737
0.35,3.4341120532358,0.0115512691817817,10328.2220711859,2738
0.211,3.46828951026436,0.0588998361546736,2081.47881827708,2739
0.436,8.74246945623736,0.0365346873149384,9075.79208333203,2740
0.4395,9.27261841641944,0.0214348073120428,16118.4921403675,2741
0.3925,3.71570104848545,0.0144550701716385,9290.04351315161,2742
0.434,6.56482368886121,0.0607358860069823,4007.93579147194,2743
0.267,4.39420043950317,0.0158280936193362,9661.34398895912,2744
0.434,5.21886740908658,0.0972211455126719,1701.0955904236,2745
0.391,4.92224945035165,0.0545017006377424,3339.56122540785,2746
0.447,6.96802846148806,0.0198425220547121,13200.2129765976,2747
0.231,3.56843542917953,0.107845223794261,1096.76498389544,2748
0.1885,3.02875629192826,0.0950757508416592,1110.5086523445,2749
0.4455,7.37223035683811,0.0164321844831207,16719.8839212772,2750
0.438,3.62039381011245,0.0102297792919309,12326.1308296486,2751
0.2615,3.68602598344439,0.0605525062833537,2265.56269976624,2752
0.179,4.20393774200996,0.0499622264512785,3029.92511880325,2753
0.4,4.73819435197859,0.0259628589510815,6708.83914404006,2754
0.272,4.31722818596555,0.0305908285583002,5169.58866721026,2755
0.1895,3.66911021659713,0.0444139433345529,3026.98358166818,2756
0.395,4.54445754723722,0.0750457338729046,2178.7645893007,2757
0.401,6.80671172321725,0.0189414100053695,13253.4622672315,2758
0.2915,2.61559912468316,0.0339878108513879,2817.20056248287,2759
0.443,8.53046990685937,0.0419327307010805,7671.33181597584,2760
0.232,3.83312136790609,0.0750795663873085,1862.5475084149,2761
0.468,6.44571702879522,0.00996926259736564,23270.7608450313,2762
0.297,3.54770337248359,0.0293562795957243,4450.96531321235,2763
0.109,2.64770880921587,0.0291490962263857,3042.33956331191,2764
0.4605,11.3526985879949,0.0310871529340314,13495.4490610567,2765
0.3815,3.36194676521051,0.0547413404676462,2303.20631150567,2766
0.378,2.8698007828724,0.00700112263828359,13384.3952648469,2767
0.335,6.65570970860998,0.0614157362743044,3991.34066032984,2768
0.308,3.14134838699123,0.0268103679925055,4312.61764876956,2769
0.4015,6.44063734256275,0.0256291132260521,9430.68561472308,2770
0.1835,2.42477305424951,0.119998153357635,708.099928670489,2771
0.299,5.19759486528297,0.0282813030299343,6702.38548169406,2772
0.27,2.55913321342632,0.0428651310209123,2192.47479096318,2773
0.364,4.22218930027624,0.031174586674182,4916.75495644741,2774
0.364,5.4320343546128,0.034899560479646,5787.00428577978,2775
0.374,3.88296918108702,0.0184857066137381,7627.53497781606,2776
0.287,4.65027671719556,0.0301322521351911,5585.32291345377,2777
0.45,10.4143067696699,0.0797579282099127,4576.89413615481,2778
0.316,4.08605154695481,0.0254820164127653,5858.85071977162,2779
0.433,4.59908494855019,0.0129720347675649,12849.1063360758,2780
0.412,4.59736876625028,0.107376546421004,1321.31586473725,2781
0.451,11.1628833727017,0.0710170391935995,5947.22123623585,2782
0.381,2.6168578899645,0.0123437242220825,7422.69400025399,2783
0.2195,4.38541014713465,0.0147626064132241,9987.12562480153,2784
0.4075,3.91318070185101,0.00669200068430675,19349.7755168179,2785
0.2805,2.46639108294067,0.0206120106680633,4256.9556992066,2786
0.2255,3.14411497339113,0.0595192732302377,1905.43610810653,2787
0.3845,4.88875970743721,0.0348381487315558,5204.69764925272,2788
0.2825,3.45573288866656,0.0125375782406873,9478.46206960081,2789
0.19,4.05601630928584,0.135332003442146,982.67768898069,2790
0.415,4.57083755070137,0.00831824394263204,18873.7657841793,2791
0.409,3.18041968863662,0.00676212292258286,15518.0972809412,2792
0.3495,5.16902408514131,0.0629694349701516,2955.96744345526,2793
0.3825,3.03172425089741,0.0117113296219738,9101.63395015498,2794
0.308,4.43537022038851,0.02853445266992,5764.99136505454,2795
0.29,4.16278607434354,0.0501441438354419,2920.45876857519,2796
0.3025,4.83935162711687,0.0445370476567408,4061.14869768923,2797
0.4215,4.77443296638531,0.0236346942007318,7345.4083264128,2798
0.3235,3.1907079791342,0.0170549673897491,6671.21251560671,2799
0.3755,2.99642638285537,0.0199630489650447,5497.83359889061,2800
0.3515,6.83595402543914,0.0446593869443296,5843.33903223535,2801
0.4685,5.98413464666579,0.0191195945138171,11638.1135597774,2802
0.4525,6.50605532250941,0.0436916847724566,5573.55870778189,2803
0.435,5.69542489354512,0.0634566261560394,3364.59003118503,2804
0.235,1.80896031784344,0.0594407040424438,1106.10577115638,2805
0.4005,4.0819427973475,0.0110377281330925,13037.9511177305,2806
0.2355,4.63926517559504,0.0580016282219951,3006.44433132464,2807
0.258,3.1511960334412,0.0523164026984377,2191.46604788422,2808
0.1835,5.14701217718682,0.0537520559733415,3590.85103489663,2809
0.459,9.78478033512381,0.0363043872216423,10180.9167378908,2810
0.4475,10.1967932409196,0.0533021957607002,7292.45108549766,2811
0.44,5.39461455539192,0.00821064520312607,22854.1345319665,2812
0.311,6.04990764042896,0.0245635147443921,9201.86423250881,2813
0.292,3.23291077384471,0.0634781391357533,1851.85178637016,2814
0.3435,4.40762731489029,0.0195941177384476,8351.11535193778,2815
0.263,4.02233436355402,0.0376299525328818,3946.23380670907,2816
0.338,4.70907382206502,0.051582877343295,3426.69123746442,2817
0.449,8.4089777167435,0.0266633769982875,11859.4871037167,2818
0.263,4.0432481633185,0.0120837072316392,11397.7837826241,2819
0.4285,4.78588147114219,0.0247053852162177,7192.5839345453,2820
0.313,5.69385190244139,0.0453182894972406,4726.06752583164,2821
0.45,9.04414198667774,0.0465604025957457,7413.89574727133,2822
0.356,3.53262257300549,0.0139210758999284,8872.67363279233,2823
0.231,3.71703927715945,0.0609878813200344,2173.1672317048,2824
0.229,3.19607748405213,0.0197204846085014,5671.05657532136,2825
0.4095,6.31639397451973,0.0422019281887923,5662.21119956603,2826
0.411,3.4385514081535,0.0118938087103758,10133.1582166798,2827
0.351,6.31556076175776,0.0426570884787341,5572.28721131211,2828
0.3885,4.58640555764365,0.0282578725448,6122.88802150016,2829
0.25,3.88306579042344,0.0258012117837753,5416.99598664548,2830
0.4225,5.04454152387922,0.0200131067938125,9366.29203375284,2831
0.399,6.15709681663647,0.0547608675920771,4183.42181722221,2832
0.295,4.34714513868625,0.0389542724966071,4069.17146863205,2833
0.2695,5.70174737021261,0.0441079053419317,4802.43753286068,2834
0.4345,14.6626034224101,0.0488798691623499,11425.1819354003,2835
0.304,5.25243901542807,0.0447139462601208,4387.78738437025,2836
0.36,2.9058205739773,0.00699756047871116,13293.3643228578,2837
0.164,2.96728118283672,0.0670246554185538,1618.92320798658,2838
0.312,5.37125589592229,0.0264776257428972,7422.28725919988,2839
0.4395,5.30909484066168,0.0128933658486872,14790.4498647584,2840
0.3605,5.26354844105732,0.0591139689117133,3132.55578594185,2841
0.3255,4.69184173970055,0.102186443090858,1440.97719081699,2842
0.206,3.6586588497222,0.0216187561938693,6001.89690650383,2843
0.465,9.60867555995317,0.0615440675390267,5844.55798500838,2844
0.379,4.47483356168516,0.0145722730817121,11049.5357326696,2845
0.4205,3.75251301101673,0.00752144523884032,16820.7710880785,2846
0.221,3.47028784270802,0.0326185270631927,3849.71080847672,2847
0.4105,5.0018504110119,0.0311791472885835,5973.36404350231,2848
0.381,4.59670900142412,0.021829055515403,7679.47422336546,2849
0.2955,2.05237937645813,0.0188907891421464,3818.04794630367,2850
0.4575,8.57185188468513,0.0138529674896074,22801.2666049156,2851
0.347,2.41896950972471,0.0169696579700961,5023.11265440244,2852
0.167,2.25215558400731,0.0828714041399722,952.104398090637,2853
0.4305,7.59110358815029,0.0187559257965621,14901.9402708455,2854
0.443,7.81617451544785,0.0814661223630338,3253.64606104757,2855
0.2255,2.81397615608001,0.0210940167611794,4643.09208739662,2856
0.166,4.05587559899583,0.0398939670684479,3593.99465679115,2857
0.465,14.3213982978496,0.0610708966018094,8757.02266421382,2858
0.4545,6.03477697647343,0.0171512115393542,12848.8300738375,2859
0.414,5.98328409433541,0.0268271912440541,8334.8070671451,2860
0.2375,2.85866026945737,0.0543852413521262,1865.66946834193,2861
0.3015,2.09024473091615,0.00545154517742037,10986.3530405027,2862
0.354,3.79461686635249,0.0091019308626287,14033.7640697816,2863
0.436,4.81548647293609,0.0135463641852993,12856.8155696865,2864
0.3805,4.04306822886141,0.0147391460538474,9752.22020489043,2865
0.34,5.45514273365056,0.0598433015158001,3426.48067377961,2866
0.268,4.60318987103237,0.0247764889234124,6717.26453878562,2867
0.2085,3.84306185724638,0.0555630856106512,2577.61777731913,2868
0.1765,3.10008834631343,0.104258460739987,1022.23237971811,2869
0.367,3.75010563789114,0.00871261497654777,14665.5970908025,2870
0.37,4.73124393869313,0.018537342661411,9274.4785158162,2871
0.4185,5.59104321538279,0.0991485479660306,1487.64872711659,2872
0.1485,2.62294302871009,0.113257256251316,819.173583940836,2873
0.3275,3.89779625278675,0.0246655960680059,5795.37684341005,2874
0.4335,6.79994013644493,0.0896931690537875,2471.57504241524,2875
0.455,11.019616896881,0.0516950908210732,8134.45578219688,2876
0.426,5.50867290728089,0.106078995713429,1816.12796086211,2877
0.4145,3.22162494558772,0.0235436472080815,4935.19037574774,2878
0.262,3.69564643471387,0.148156530491104,788.483523048804,2879
0.129,2.73473882411243,0.0940324554165853,1023.06243496781,2880
0.3705,2.51026466334053,0.00988815761690234,8732.20233203513,2881
0.438,7.72350290856257,0.0468873498999308,6247.77035038772,2882
0.247,3.98069172141918,0.0254416259604658,5614.97312492768,2883
0.422,3.09604031873343,0.0105238645811813,10264.3788677636,2884
0.192,5.33309814692641,0.0284255004277956,6831.6315036511,2885
0.2665,2.82117303876884,0.0148571213420357,6500.16892297874,2886
0.3565,6.33537302496871,0.0396400406206062,6008.56388563125,2887
0.304,4.14176522605306,0.0494075610948022,3074.14109567313,2888
0.271,2.20724260584203,0.0322819344315728,2434.27266093851,2889
0.25,5.33310993434683,0.0435354271882011,4491.93930832625,2890
0.2515,4.72085927849113,0.0216421201222099,7839.47036175189,2891
0.457,6.62263451643455,0.0663259694909963,3750.11688720522,2892
0.2795,4.17899853288817,0.046003587081909,3297.00885279232,2893
0.293,3.95782685077148,0.0924532601220983,1561.33913814835,2894
0.4025,6.54735552168411,0.0335174034476111,7287.15138793134,2895
0.3415,3.41306037165977,0.0246421233691328,5094.30287045881,2896
0.23,3.89032816576842,0.0339026436165016,4193.02531790774,2897
0.356,4.83366015104973,0.0985019874715462,1658.68841126572,2898
0.424,6.44423096133093,0.0188181168829169,12641.6235821852,2899
0.209,2.22395109138651,0.0957413100615428,829.324567160131,2900
0.377,2.89251307387017,0.0167218615957964,6129.4815870049,2901
0.407,4.81727771461696,0.0977430714608214,1739.79027096866,2902
0.3575,4.84075779948347,0.0347867095503229,5194.03538059663,2903
0.4435,5.82412442929093,0.0101755367775154,20342.5365226451,2904
0.3725,5.44799606214623,0.0250919517698985,8100.22146087687,2905
0.17,3.27473828310621,0.0469589521023136,2461.5848028113,2906
0.406,6.95496889840937,0.0420483860703675,6198.79476428239,2907
0.3545,5.00953669847833,0.0196612570771581,9473.2339362945,2908
0.2895,3.35460040128952,0.0115410232130661,9783.89870777168,2909
0.4305,7.3826029637818,0.0620842520447062,4190.35910986285,2910
0.385,3.50630218354924,0.0151131277968889,8377.17673552148,2911
0.3695,2.87975509575291,0.0222452359341215,4717.15066919349,2912
0.463,8.20250073420799,0.01223474726412,24518.2320779719,2913
0.383,4.50532589615893,0.00965624236963905,16144.8248017043,2914
0.294,4.478692013665,0.0438318049861944,3703.84857006492,2915
0.462,6.5619696247074,0.0127081053511081,18581.3142056462,2916
0.2295,3.60257408087746,0.0301043887750265,4322.53788615381,2917
0.2415,3.60254193294184,0.0421701331069186,3157.13138945194,2918
0.31,3.60795238791243,0.0442796714314137,2973.27630528862,2919
0.4245,4.50948186693977,0.0170181228615905,9755.11647419558,2920
0.3825,4.55381572029772,0.0156099221965684,10545.6793874865,2921
0.4575,6.99495003766365,0.0155362228104707,16575.4302814627,2922
0.4315,5.24010587012524,0.0281216279807296,7037.40724988512,2923
0.214,3.85603343674769,0.0607159427091108,2370.72555433074,2924
0.4025,4.34397028884841,0.0190992444766934,8299.54159725883,2925
0.386,2.85027068906471,0.0202227007408398,5090.0470041246,2926
0.397,3.34469618595251,0.00581335488233635,18052.1321568933,2927
0.194,4.56284357325023,0.081638658474857,2001.60025445742,2928
0.4515,5.3092426270511,0.00967714404596827,19406.9841772651,2929
0.399,2.95707308246296,0.0238020733500295,4457.10368964489,2930
0.37,3.23670302977825,0.0161165632580083,7269.57530915898,2931
0.355,4.36958417708607,0.0177534042237653,8910.40538656149,2932
0.207,4.1877368284709,0.0785964256019129,1813.94224320522,2933
0.342,5.32163194561734,0.0431457385522525,4563.55748582157,2934
0.241,4.39662754847739,0.045698859359206,3479.97751009097,2935
0.457,6.21027503399546,0.0113227390496832,19974.6251339636,2936
0.4335,6.50708155618441,0.0116560497941016,19913.8305452968,2937
0.452,7.74544438730961,0.0965792801188876,2267.99913151924,2938
0.229,3.92994675573125,0.0675347701677207,2158.10662566929,2939
0.352,5.06441435242993,0.0900026732633677,1923.22320591996,2940
0.344,3.47004946795333,0.0127580100893918,9539.24226265908,2941
0.3375,3.90555177435157,0.0301608190059082,4788.33041280431,2942
0.4125,6.03955500985579,0.0419977894245972,5308.95658344913,2943
0.387,4.56028394272655,0.0216697273462533,7780.57840327762,2944
0.4655,7.6072399063554,0.0134614294307851,20816.6099518578,2945
0.256,2.49106092608344,0.0210674026337938,4181.07321464936,2946
0.415,4.12547827313502,0.0105249928621957,13855.8026829381,2947
0.426,7.5826529460324,0.0395214957207935,7247.97514094617,2948
0.425,5.62538353048937,0.0252509560766965,8331.07772111969,2949
0.393,3.77757889238421,0.0798678964343348,1696.07509374494,2950
0.4225,3.45895464931892,0.0393059539838123,3288.90939099074,2951
0.4555,6.55005392236892,0.00958497292130884,24419.1283153651,2952
0.253,4.29619778804844,0.014795806192505,10036.177191252,2953
0.2345,4.32969605376322,0.0172508531914838,8635.79955936831,2954
0.189,5.41788086827883,0.0307805143596642,6192.64478587756,2955
0.2925,4.87723262459245,0.0223253795854145,8028.84963187724,2956
0.4435,5.22070669000997,0.0364607939670995,5410.80013580203,2957
0.237,4.51168901535464,0.0322113437409227,4962.04825823344,2958
0.414,3.09708820338796,0.0059755046518866,16876.777281975,2959
0.431,3.55249205862763,0.0122577822056281,10398.1283924216,2960
0.387,4.52559228316524,0.0780472365508941,1878.19112031598,2961
0.251,4.62831943341318,0.0256008956845336,6622.86954003339,2962
0.39,4.65788097227418,0.0110321418406089,14821.3350245644,2963
0.2255,3.82026885215613,0.0677338716067335,2053.83174847102,2964
0.3195,3.48372161445053,0.0387530150110901,3345.26265565833,2965
0.159,2.61642568821719,0.0910986002513376,988.977951789703,2966
0.394,3.65128147550227,0.0303532214751548,4377.24039700617,2967
0.4305,5.34223701197915,0.0649295505792646,3023.38600654621,2968
0.423,6.26274906167002,0.100667526879086,2204.77411620355,2969
0.1725,2.66040255925213,0.0859563786825422,1111.12707795813,2970
0.334,5.11492872792453,0.0471961193770426,3902.84079296327,2971
0.434,5.63309669418366,0.00805899205134641,24175.791670363,2972
0.3635,6.24040947944542,0.0408767350262433,5518.91825431976,2973
0.3975,3.57698164892546,0.0443263830918771,2788.82988214614,2974
0.281,4.93215933497798,0.0251923514825543,7140.87296114622,2975
0.304,4.73710217436611,0.0310049363292266,5657.90234988634,2976
0.1525,3.61116399219663,0.119713451529668,1025.63011312877,2977
0.4555,5.74179503502855,0.0186911167181156,11466.6747539026,2978
0.2295,4.8095930732647,0.0413101265831104,4116.31507362828,2979
0.416,4.44785376288079,0.0117408446068658,13522.379538319,2980
0.384,2.75658716922731,0.00881775960821538,10501.4278409442,2981
0.408,5.22282215735641,0.0183318747103134,10279.4783438038,2982
0.4655,11.6890548811674,0.0495310583173936,8307.37252511362,2983
0.43,6.47735467812131,0.0348267971725093,6877.90548900623,2984
0.41,4.85814480206677,0.0439346504951227,4054.98791583746,2985
0.418,4.85796951695807,0.0427474810651142,4204.69820345536,2986
0.431,6.4733078021428,0.0396710624944336,6141.28353749671,2987
0.275,4.61381259853103,0.0416781940622006,4011.99817500011,2988
0.1405,2.36960224514107,0.0518877942712103,1623.22703838075,2989
0.4675,9.19332583936838,0.152099022362846,1557.13442801934,2990
0.196,2.16085868843509,0.0330993809234947,2362.15485840538,2991
0.374,4.85564709802383,0.0371401962262067,4889.83704683252,2992
0.4485,3.62490753623022,0.0106941734926836,12018.0868807417,2993
0.3445,3.81018927441942,0.0545275334525981,2542.5406842094,2994
0.3645,6.14123095281179,0.036642925272687,6256.6570499571,2995
0.424,3.63194317447795,0.0105106276255052,12048.9791128912,2996
0.2035,5.35593495731303,0.0426316612243,4436.1084668117,2997
0.3285,5.38397121170284,0.0229962937447812,8561.01092871358,2998
0.3135,3.8692435035639,0.0611061957217961,2311.04449963984,2999
0.4415,5.20151850535344,0.0431086272828969,4492.41199861973,3000
0.3035,4.82452919831794,0.0488646092935002,3598.75633893805,3001
0.352,6.04541837404212,0.0341421084699737,6596.71743220684,3002
0.38,4.39061429932396,0.0652895811575123,2507.03648166206,3003
0.3935,5.91212829738705,0.0365094621024042,6222.64330971765,3004
0.323,2.0579651543752,0.0347186158196698,2163.5423446362,3005
0.4105,4.37671891541912,0.00767495849758504,19201.8307962656,3006
0.367,4.8054249010717,0.0332991149795132,5421.53351433184,3007
0.3725,5.75114763171801,0.0231138810288692,9272.9499195162,3008
0.4405,5.05750870112316,0.00811923019040256,21652.2145274137,3009
0.396,5.52716369640583,0.0310516021722474,6544.58028186051,3010
0.303,5.39149850728597,0.0829031737985519,2259.722344453,3011
0.2735,2.9074311775369,0.0202905322721784,5088.00583562358,3012
0.419,5.30226104027738,0.0599708697447797,3151.20493835239,3013
0.428,4.04950389247153,0.00719349148211562,18966.7773444928,3014
0.4785,10.9538361685058,0.0526120566755651,7749.34743553532,3015
0.3245,4.20207517853022,0.0252164512802657,6129.91710217733,3016
0.3875,3.76220392830833,0.0127993771046209,10425.5999685405,3017
0.3455,2.35249784480784,0.0231635151207889,3647.9949984211,3018
0.404,5.15965750644634,0.0758579178311347,2472.25220804949,3019
0.3435,2.01664280058197,0.0107735226426666,6377.4134600295,3020
0.3625,4.90491581250259,0.0201012260584897,8980.15775695015,3021
0.402,3.91152524359598,0.094818296898533,1461.85015329942,3022
0.329,3.48267792411009,0.00992641076745155,11875.1566097529,3023
0.4135,3.69485001147514,0.0260347758758799,5272.32741757135,3024
0.3485,5.06127173173813,0.0267213840938938,6996.18676978147,3025
0.3005,4.53469633483057,0.014592038514279,10889.5060267939,3026
0.409,3.64572071100826,0.0159653511242888,8331.66255708691,3027
0.26,1.76903841603438,0.0156350935453954,3844.0591679248,3028
0.367,7.71539721855067,0.0310199210625116,9421.52352560626,3029
0.209,2.34154051646936,0.0396531879900213,2136.15995284839,3030
0.303,4.03167662915604,0.0304695656837368,5038.79740580335,3031
0.4465,9.25323897419615,0.0242406871335226,14342.3620790175,3032
0.2855,4.70158022926692,0.0185076474131245,9175.17435960928,3033
0.2405,3.268664160172,0.0209961638734922,5457.61590904412,3034
0.4485,9.72830915552489,0.0859844544625872,4143.59307485926,3035
0.2375,5.74265349236636,0.0328612573894424,6459.08282825968,3036
0.4195,5.24597771809179,0.0371879763671263,5330.04576521588,3037
0.4165,5.00428415523486,0.00673997167135666,24870.8341102855,3038
0.155,2.72932980708345,0.103277083771631,941.331241607686,3039
0.3235,4.78867516582052,0.0232957544922926,7471.23273369641,3040
0.258,5.08471298644439,0.03503790211815,5328.59483728775,3041
0.4245,4.47400611953424,0.0119039317946507,13496.6526212478,3042
0.4325,4.57142039743427,0.0260924425411221,6562.65911937701,3043
0.436,4.32588168931353,0.0266579642404784,5974.83011189717,3044
0.2905,4.64198153424101,0.0370055499223788,4545.26793671194,3045
0.2535,3.25203394793408,0.0278800246945803,4250.56752166259,3046
0.4345,10.6233335557176,0.0731164535445115,4956.50283135286,3047
0.4315,4.29581661061984,0.0338635159459224,4743.71878365792,3048
0.2385,3.72685104114377,0.0183073357079841,7023.83998334347,3049
0.338,2.73724156788697,0.105234372484177,959.583653734983,3050
0.3915,2.89231242976304,0.0181769211742091,5753.03407549172,3051
0.124,2.19775637492524,0.118795751711183,666.904065812218,3052
0.4255,6.05945186920876,0.0116025273860676,18637.3771479548,3053
0.419,3.06427640772073,0.00666890735888709,15076.5291549377,3054
0.439,8.97100145682765,0.043309313461432,7883.46061693433,3055
0.228,3.07615697507089,0.0653121217116363,1754.83294737675,3056
0.447,10.9277594702486,0.0312435637980942,13215.4101375576,3057
0.402,6.29351496984316,0.0247134589942076,9553.6085346412,3058
0.249,1.69984471320321,0.0200465145014002,2952.24037061378,3059
0.3375,3.67705657662806,0.0568785883586606,2356.63105440732,3060
0.4585,12.2148875427261,0.0215506430809692,21329.3402149264,3061
0.454,11.5333739682329,0.0556162176732035,7669.48594687682,3062
0.43,6.09924968835604,0.0173493694844697,12960.208602906,3063
0.277,3.77081204525443,0.0297534712177207,4572.26732170971,3064
0.406,3.77746511443736,0.00965856294987773,13412.5128141968,3065
0.1865,2.92832565480801,0.0323844776360923,3164.15116628685,3066
0.345,5.93297510990516,0.020640665287382,10500.9575361278,3067
0.2915,4.49126087957089,0.026095146418041,6254.15055894949,3068
0.4585,7.82433460337683,0.08874018311439,2338.42549191812,3069
0.4615,10.5389966128846,0.103396030439856,2895.92293404077,3070
0.323,3.85314023044109,0.0866785193727407,1513.74385590455,3071
0.378,3.05959013603449,0.0233782433435492,4809.81176724337,3072
0.4585,8.08869853827093,0.026811108081559,11172.5564838212,3073
0.186,5.01684800492251,0.0342879504401087,5258.7272515164,3074
0.4085,3.96569148120293,0.0291031649175959,5084.72698892201,3075
0.4075,4.57531873849259,0.0623166992812625,2721.64208684961,3076
0.3665,7.50984522513374,0.0291005192617986,9670.60224467741,3077
0.3915,5.48138201554868,0.0642461715259327,2933.5238783785,3078
0.3805,4.22356075268897,0.0282714652060836,5458.12397592763,3079
0.377,4.00200895518598,0.00798329343348635,16874.961096843,3080
0.2,5.07144967490625,0.0236782835589437,7586.52371930593,3081
0.2375,3.48895925485162,0.0189660333982498,6614.51083986059,3082
0.4645,4.50455493056252,0.0116211774872214,14055.4742280783,3083
0.365,4.80774876316774,0.0149985049149991,11592.959788374,3084
0.46,6.54602577306678,0.0105521317202418,22244.5410157448,3085
0.435,3.81734003674383,0.0140313813757118,9875.64151305702,3086
0.41,3.33508666392004,0.0147357890685012,8164.54006554437,3087
0.3285,4.49936041027651,0.0174414811142341,9252.0036941862,3088
0.376,5.55545972119692,0.0492903420753912,4100.62929959169,3089
0.2265,3.61690517295085,0.0580737234572536,2273.27387819147,3090
0.3705,3.75933105932848,0.0308223418675546,4536.72655902257,3091
0.407,3.14273061958107,0.040082773530962,2739.25580968658,3092
0.4585,10.2000679309548,0.0343481297188621,10504.1852678714,3093
0.4715,11.0332624504695,0.0366631240463272,11455.8593010286,3094
0.1675,4.38881461023652,0.0638783470317277,2451.63643872757,3095
0.1635,1.46229929340213,0.0435559336582895,1180.75492564282,3096
0.219,3.4674933132456,0.0978186075712595,1273.86487661959,3097
0.2795,4.04037191596155,0.0489890721014757,3017.01687460051,3098
0.4415,3.68744027142106,0.0221277972663235,6135.38033596454,3099
0.308,1.96241984665465,0.0359589929095591,1951.45594423285,3100
0.2875,3.22563028982155,0.0183745080798569,6233.16523770877,3101
0.359,4.24110374331002,0.0280253484988703,5483.23263769395,3102
0.448,6.74299053119359,0.0118591410421599,20725.9073108132,3103
0.456,12.0881177085367,0.0455549271846298,10139.2479249259,3104
0.4595,12.3011093368889,0.0244066654334173,19044.7965153505,3105
0.4415,8.75145240327231,0.0579779586911934,5541.59677340848,3106
0.437,5.24886229290618,0.0777065007484371,2493.63774893802,3107
0.46,9.04152036490315,0.0586396279124948,5649.0588696181,3108
0.4695,6.93310415094721,0.031061910175586,8499.19556075419,3109
0.466,12.8228543454778,0.0525638750963874,9280.55188054195,3110
0.312,3.27183206316097,0.0303767569886594,3970.64317894484,3111
0.4295,7.06707501318585,0.0433793153424888,6130.74151477933,3112
0.437,3.51678621446733,0.00740228839253293,16251.4318695125,3113
0.4085,5.45743056641666,0.0230011201358106,8806.90124587642,3114
0.461,5.85163955162165,0.017177362937454,12592.5942400726,3115
0.4205,4.14504639743596,0.0106165750812473,13763.6423014475,3116
0.412,5.56621006162068,0.0525638718652047,3936.37026400334,3117
0.4565,9.94283017299574,0.0634975779002496,5720.5488167756,3118
0.2665,5.09696710223405,0.0270631367636862,6864.48039327189,3119
0.389,5.55780740795131,0.0377148638495012,5567.82493560018,3120
0.3605,5.08968347312729,0.0635520162436852,2927.88387889407,3121
0.4625,7.31396826496467,0.0485264531091195,5696.33906001061,3122
0.185,2.68600275487165,0.0929661360191068,1030.36203339678,3123
0.214,3.33765074767953,0.0784229436561216,1457.78225061327,3124
0.407,3.73829987138046,0.00810416208807483,15705.6919564193,3125
0.274,3.83333295035841,0.0154288589140653,8595.20899895902,3126
0.2805,4.48019942402427,0.0629460292550533,2581.40001057921,3127
0.3055,3.43577914236416,0.0233256308874952,5380.85136312695,3128
0.2355,4.24706269982052,0.0245141113020157,6090.83082125424,3129
0.4565,8.86129456795764,0.0188099614477016,17657.4703996445,3130
0.396,2.77466970879722,0.0141359437612839,6972.50869754118,3131
0.397,3.51106532440706,0.0188811568730299,6787.54449821317,3132
0.217,4.15197538140941,0.0199685824310473,7204.95870860285,3133
0.2635,4.53483589126758,0.020065035879743,8010.41558700302,3134
0.206,1.83228075169615,0.0228704555676363,2803.91654394306,3135
0.3475,5.10563733173924,0.0145631164862194,12522.7935879635,3136
0.381,2.88372418666595,0.0120279786139904,8485.82878386148,3137
0.4355,3.6410044180256,0.0121891266869636,10704.9558868177,3138
0.4215,4.77639156682051,0.0315416784238806,5665.45060021403,3139
0.364,4.38005736004551,0.0530465347499959,3033.74989281334,3140
0.303,4.22766880322137,0.0489463113217862,3201.23898444174,3141
0.4055,6.38096040183175,0.0498890017386453,4567.08437281278,3142
0.207,3.7102923614097,0.0501894446188319,2729.56715001586,3143
0.2415,4.90815511367967,0.0219807747512644,8089.78717478577,3144
0.3685,4.76599171120625,0.0880671302148969,1995.43654217366,3145
0.454,4.62018986662177,0.0498067441999388,3315.15052672817,3146
0.4625,4.79260022380244,0.00860917661061629,19662.0923369326,3147
0.4515,6.16320235420783,0.0503488787920894,4552.77761786458,3148
0.3915,3.2122595137811,0.0234795051283029,5028.04042308469,3149
0.4645,9.4723200465166,0.076142790255697,4188.48052339814,3150
0.3925,5.00565508452513,0.0281943187845268,6617.30930829823,3151
0.346,3.89593055770194,0.0532000453119939,2630.85610337889,3152
0.28,5.76923059874286,0.0429128633225991,4877.43829239688,3153
0.29,3.03839373628848,0.0224850513820969,4848.18931057256,3154
0.4,3.99894932710453,0.0322524755902484,4640.67226727422,3155
0.3735,3.81038470774334,0.00993349016109812,13215.151148847,3156
0.46,5.53699467335895,0.0142639189740153,14141.6209767333,3157
0.44,9.66242335491766,0.050986749001265,7196.51110703213,3158
0.4185,5.68951490571507,0.019530188098717,10492.3824587095,3159
0.4475,5.16033001386189,0.0102016780807545,17992.1529933749,3160
0.2925,2.87198892258542,0.0122781601567984,8008.70087770175,3161
0.394,3.67394154536177,0.0277344978978601,4881.82610050034,3162
0.344,3.73376228005655,0.010389017396423,12328.7803144409,3163
0.318,4.86074295267682,0.0488322790299411,3674.59255923573,3164
0.195,3.55230286072437,0.0592254281661659,2169.22174263466,3165
0.2065,3.09814295473266,0.0180685127385443,5926.34415712054,3166
0.3575,3.86029661525745,0.0309931351764227,4514.0475735154,3167
0.4615,5.79092662090933,0.0179318809833465,11872.1838932468,3168
0.171,1.85817465146029,0.026585651663561,2458.05168911575,3169
0.453,11.1123694476669,0.0383287443840813,10222.2915507558,3170
0.4135,3.4669396054626,0.00678358411566178,16922.2274400074,3171
0.3945,3.27408000375522,0.0101828161701825,11197.8756133013,3172
0.2175,2.0398464782453,0.0338571215905096,2139.34797549679,3173
0.4185,3.19859244641628,0.0153416118147853,7547.51764464723,3174
0.4025,5.37417986136762,0.0155890224400996,12666.1318730062,3175
0.4005,4.49218830336994,0.00987464586496996,15756.2157701047,3176
0.2215,3.48108058167113,0.0274733698865966,4617.84463965601,3177
0.469,8.51154068330892,0.0232297475854588,13660.7667771136,3178
0.398,2.88986328604348,0.00901515186186556,10916.7009576925,3179
0.3845,5.62244479030422,0.0227786625325305,9130.0035850513,3180
0.4715,9.25291484133695,0.03824530765787,9237.24596697516,3181
0.413,3.45464316395993,0.0176271233072156,7179.42853151176,3182
0.443,10.7460260665938,0.128957764350761,2356.71256862784,3183
0.293,3.04313434476959,0.0926062780828692,1180.5340628313,3184
0.354,4.49926482490727,0.0556646630010815,2960.28017010784,3185
0.2,3.11734591881102,0.0470874104591831,2440.14108769887,3186
0.4445,8.0130800098101,0.0551322942925046,5178.10338736341,3187
0.4275,6.94568787476161,0.0595931833674114,4242.07496940269,3188
0.459,7.02873239312385,0.03829923058401,7000.93092907869,3189
0.0915,2.58480030298414,0.05071532857177,1767.20337087366,3190
0.388,2.78365305627938,0.00888272585194273,10690.1424750509,3191
0.302,3.83480289361089,0.107730432183742,1116.44299170777,3192
0.2905,6.53740543877109,0.0524781208140608,4707.57837000181,3193
0.4355,5.0367703254497,0.0104618029105503,17020.6028290319,3194
0.438,10.7898398908365,0.0470478677213722,8745.85310767303,3195
0.345,4.97879415661113,0.0338969088217167,5417.58626751413,3196
0.238,5.74993026390404,0.0279409864399315,7393.01403253815,3197
0.3955,2.72752415498865,0.00722623167227777,12412.0419316814,3198
0.434,4.5370876984282,0.023405071261915,7095.44692854532,3199
0.386,3.8363942392677,0.0450489104856314,3180.333369415,3200
0.2245,3.54406565237248,0.109451039644768,1089.71846962964,3201
0.3975,3.60257701056231,0.0116568442863763,10853.9409508579,3202
0.415,3.88062014003381,0.0154980710064199,8913.16344758814,3203
0.439,10.4518579322393,0.0331725140434143,11901.1916587211,3204
0.4555,7.73277818691472,0.0140389336704007,20221.2631439726,3205
0.146,3.63706042058834,0.0531744083486482,2430.37553312937,3206
0.278,3.66183446762163,0.100490741093054,1306.91245851966,3207
0.206,2.20034154246808,0.0989784576445159,812.998322926716,3208
0.443,5.79261882928188,0.0110737955617114,18700.3439239376,3209
0.3785,4.15313942099902,0.0247815496822988,6239.8850143871,3210
0.183,1.48728718766934,0.0230395363263658,2203.8682536118,3211
0.3645,2.44419709344479,0.00956792943159179,8524.13589438172,3212
0.4355,5.92027540395345,0.0556289766373335,3987.50934148376,3213
0.1795,2.72772533195874,0.0405308660476817,2429.60568420585,3214
0.2455,4.31775394898391,0.0326815191004566,4825.05059744231,3215
0.376,5.51376830455643,0.0349864871773234,5872.92336429006,3216
0.3525,4.61497758261996,0.0942828786599255,1527.65045925647,3217
0.18,3.98796214586224,0.0361672957139421,3982.06916516728,3218
0.277,4.43098611855804,0.0545189926800268,2965.20471196476,3219
0.4125,2.99871473973336,0.013160699161222,8182.11578175837,3220
0.113,3.29036669875788,0.0420429655018669,2738.93561688587,3221
0.3125,2.1452524833683,0.032361573947832,2383.80909832859,3222
0.3475,5.74778279752177,0.108339987783289,1862.70196271066,3223
0.4645,8.70415598607925,0.0412841041823517,8069.18579134435,3224
0.3895,2.79336434546627,0.00781732024668513,11859.9627575875,3225
0.186,2.03278924805718,0.0144798328263868,4539.9769553616,3226
0.4205,3.99098310738749,0.0434879654189542,3204.51474159783,3227
0.4,3.13925288143159,0.0163352886362126,6955.69846236539,3228
0.4,4.67020483586426,0.0616923079298467,2716.70484728115,3229
0.2965,5.28762595224738,0.0555824287293505,3535.6533915948,3230
0.392,3.48965802941417,0.00727351584925568,15730.6672303774,3231
0.364,3.66908362464857,0.0741229973544428,1825.57241514969,3232
0.4715,6.95007536735412,0.0133230730975343,19008.1208014415,3233
0.4385,6.1142137616327,0.0503437635061525,4615.99242660968,3234
0.2985,4.69655415030806,0.0359983241181027,4814.71580733484,3235
0.453,12.1740606164939,0.0483469659766909,9446.97535346948,3236
0.4035,4.03146296303153,0.0750929856704718,1809.64412564776,3237
0.3355,6.85109611437189,0.0457176376357151,5606.55398141899,3238
0.426,5.30726078137886,0.00960130188332303,19494.2277758478,3239
0.264,4.34950894320609,0.0394312504490366,4087.33972493817,3240
0.4275,4.2695553563379,0.0105684487079388,14198.6688008337,3241
0.2065,2.67230058914819,0.0722981718215281,1345.88653603319,3242
0.296,4.23553375774102,0.0118903373229344,12203.3230857721,3243
0.359,3.53617818696586,0.0278703531157671,4697.51443213365,3244
0.1935,3.62873517035245,0.103361832034953,1266.69503077393,3245
0.2175,4.92412635169435,0.0150102635001023,11371.0302316667,3246
0.302,4.28425087949395,0.0784833725953487,2026.99725821658,3247
0.44,6.06598208852398,0.0354362043907726,6238.4195635345,3248
0.3595,4.94139004155071,0.0238354893550274,7718.26096655225,3249
0.3995,7.40674266391715,0.0488389504696477,5778.42870125018,3250
0.443,8.12446698278327,0.0473812331409317,6519.7608983837,3251
0.391,4.9879354263435,0.0251473111834014,7367.14298555278,3252
0.3805,6.4055567824499,0.039544924186811,6085.27665326694,3253
0.418,5.43362612485383,0.0552206297842536,3563.1183461568,3254
0.202,3.98426461367317,0.0578230619080677,2526.003611051,3255
0.404,6.3102888986126,0.0876421917337416,2318.66047558867,3256
0.4425,6.68163042729716,0.0120957820976052,19970.7811916426,3257
0.455,8.88639075571144,0.0380894967053934,8931.16527686783,3258
0.3405,4.10183649305871,0.00860076123220149,16004.8310750635,3259
0.413,4.41364924404391,0.00979791488772033,15827.8757062427,3260
0.2665,4.83507842342078,0.0397892542920897,4372.32785242104,3261
0.3325,4.29887022040734,0.0118493186032628,12674.5760372164,3262
0.4175,6.65543011356978,0.0268761867330486,9355.82536947527,3263
0.2115,2.87816064466162,0.099702459423055,1006.88036533817,3264
0.444,5.66347000682877,0.0230025114699544,9234.47848537375,3265
0.3705,6.13347891377121,0.0259368659602835,8811.59452519571,3266
0.154,2.08561047272211,0.0256505823352412,2687.52741381958,3267
0.3525,5.40494915766825,0.0352250462077909,5717.42848512779,3268
0.3925,4.28987609752846,0.010770529594544,13985.5818581828,3269
0.4275,5.63428939836025,0.0109530142816627,18301.1827227663,3270
0.4105,4.43094677262925,0.0263219131574942,6312.30664181569,3271
0.3455,4.12082743364105,0.106068309248232,1327.88434754363,3272
0.4455,8.2933556721544,0.0573444797263914,5245.5588552268,3273
0.427,7.44418622827034,0.0707659017949496,3814.03640914509,3274
0.2945,3.20937230140139,0.0117898904412515,9158.17100275549,3275
0.2675,2.46605970279854,0.0641860112327497,1403.58094403122,3276
0.234,1.97903297412095,0.0308235867294204,2287.22581399491,3277
0.4065,4.46348118969251,0.0379216609151053,4125.04087702713,3278
0.435,6.45212450123331,0.0305765933072623,8032.85386309438,3279
0.193,5.26620411771941,0.0667610084799609,2594.6591454494,3280
0.176,3.57285606041992,0.0725225544551169,1777.57262562607,3281
0.298,5.05829487571155,0.0256700330323734,7472.73811830714,3282
0.3335,4.07452175788894,0.00765401634010171,17251.4247374326,3283
0.327,4.16004945263052,0.0253282278425953,6070.24256065295,3284
0.4325,6.39540033134966,0.0202036933257049,11802.3926100763,3285
0.405,3.15759391034876,0.00867100307100764,12426.7479639957,3286
0.3015,5.11375277387673,0.0469335986213401,4030.23441162111,3287
0.324,2.09944837203497,0.00687647009762035,9469.99378053058,3288
0.4395,3.78062492582787,0.00799401809103377,16330.855036855,3289
0.256,1.80259564629634,0.015102025494267,4011.64667385485,3290
0.4545,6.93146913247162,0.0594011657867957,4189.21989742606,3291
0.334,3.23983705480925,0.0322259665233502,3659.00773859822,3292
0.4715,5.49951419455062,0.0140529483952822,14271.5660703821,3293
0.344,3.94927376880795,0.0175313637283227,8246.37689582354,3294
0.4175,5.13458923234401,0.0838013002866129,2076.00553798726,3295
0.4375,5.92475618997564,0.030971564588527,7197.89270602994,3296
0.3965,3.78296827199341,0.0994894203573868,1385.70293288507,3297
0.2915,4.8219119732943,0.0583171175942136,3120.91314804723,3298
0.243,1.7135826171558,0.0256334738035385,2354.21779514178,3299
0.1955,2.87595156220911,0.0363551475760249,2797.3639487157,3300
0.383,4.37468163140244,0.0611560873884594,2606.36288143456,3301
0.3605,2.93893332124339,0.0354574260373616,3053.71846143586,3302
0.371,3.67795671563089,0.0120560575387446,10802.115497803,3303
0.393,4.71299546453993,0.0276820841699769,6340.5537757709,3304
0.2825,4.17943184236193,0.0104570479485428,13547.7146948881,3305
0.466,4.30700782783441,0.00979311482356112,15605.591413334,3306
0.263,2.45579616365476,0.0237904562315125,3647.38686640383,3307
0.338,3.59715738474437,0.0400673123598261,3270.49139749963,3308
0.4295,6.21303751511608,0.0385474872197488,6132.67693377458,3309
0.3575,5.01757831925555,0.0636657233652541,2883.10446472078,3310
0.3455,4.89669547133761,0.0364765623442516,4908.02034161466,3311
0.449,13.0986128073467,0.0880935576219631,5269.15713614005,3312
0.334,4.4255427435671,0.0229198333661819,7042.75371491093,3313
0.4495,14.8931992023109,0.145566742014355,2031.70660458348,3314
0.3595,2.78295639434619,0.117184315230072,869.563345396341,3315
0.417,5.76187670937718,0.0786570245702642,2367.41184366473,3316
0.416,2.83093720374882,0.0193966325040988,5355.26694188755,3317
0.31,4.45212561713568,0.0509950714852596,3232.85576907976,3318
0.455,8.10281399987967,0.0325413152579718,9230.34755603356,3319
0.4435,9.02347789710424,0.0360230289198022,9545.49598359777,3320
0.2465,1.73961397450768,0.0216634682505956,2790.63054247096,3321
0.4325,7.24571179519666,0.0314477125782062,8737.80879456395,3322
0.432,4.25933103279417,0.0100138983722338,14894.8035155941,3323
0.408,5.35438938803844,0.0552735864710649,3598.4110944019,3324
0.381,4.75654248721428,0.00843335197395606,19303.9854423829,3325
0.444,8.2218920864812,0.0220518617903031,13999.3081223576,3326
0.4015,6.79835772144076,0.0672998098926767,3713.47744231114,3327
0.273,4.50054853229388,0.0555387992242423,2899.41630283357,3328
0.214,2.89177134587607,0.035997562990701,2842.11622315974,3329
0.4295,5.82876957409452,0.0442619188226751,4950.23230221645,3330
0.155,2.41259177161514,0.106939802186103,811.895542421375,3331
0.4345,7.39735681818051,0.0486818864089391,5679.1008431394,3332
0.4465,5.25645458692983,0.00874274016886793,20998.9498843453,3333
0.2505,4.26037945145641,0.035326236462203,4254.86548913586,3334
0.4085,3.99596234933728,0.061022735264705,2437.63725786543,3335
0.432,4.03234216676854,0.0130237779296147,11177.9636785682,3336
0.456,4.76378566791903,0.0161641583571315,10807.7004378319,3337
0.367,3.61618444639715,0.0116821969917926,10787.0500443541,3338
0.199,3.72770439506352,0.0291295341470555,4616.99837118813,3339
0.185,2.95117424584477,0.108005562357627,978.908965474048,3340
0.3325,5.79104543372177,0.0430760337538831,5002.05623252362,3341
0.367,5.4020559744621,0.0137068438998285,13978.5204574784,3342
0.4165,4.16863285401905,0.0134781437042273,11027.6218386396,3343
0.438,14.5356774082775,0.0489959205848445,10983.5640676398,3344
0.2315,4.36853645157096,0.0215363257549488,7072.17069052872,3345
0.185,2.16458069589775,0.0782960386940034,1000.15060645125,3346
0.216,4.16480813813206,0.0324118034229257,4657.70727176298,3347
0.44,4.30590240978248,0.00916033432395592,16493.4849666446,3348
0.237,3.65087878161432,0.0301804504647508,4328.67546561811,3349
0.413,4.77817159378929,0.00921029483051029,17904.4820913168,3350
0.2305,2.36074014970419,0.0323596942053018,2666.98108413183,3351
0.3965,4.34653545515942,0.0403076614033448,4048.70935192848,3352
0.417,6.65492327445448,0.0320184540535122,7853.39502825877,3353
0.3775,6.32512589105176,0.0469609360336013,5082.07116094177,3354
0.339,3.95726883569491,0.02112763794066,6814.78029985108,3355
0.4555,8.09833049434906,0.0144175162276662,20707.217075501,3356
0.379,5.30801043037597,0.0411196046030499,4768.90870817577,3357
0.421,5.29458037930381,0.0692008483661045,2751.73187545989,3358
0.2935,4.23563159695359,0.0309541786855589,4950.98554453535,3359
0.4345,5.99568693164465,0.0207392126292445,10614.4836914218,3360
0.366,4.57918832109123,0.0506906028490047,3378.50964231477,3361
0.2305,4.38560003300571,0.0236929788236556,6752.64761263002,3362
0.467,9.22186418986866,0.0313126959606243,11168.8041370438,3363
0.456,7.25357091405093,0.0441290112223205,6146.40173941584,3364
0.101,2.68458483171965,0.0895546446669564,1034.10213755978,3365
0.26,4.05671835523283,0.0652640010362753,2298.89843869617,3366
0.3605,3.21252772517612,0.0416438177880587,2898.2176246915,3367
0.3315,3.08713811935975,0.0563901757870804,2051.18111551399,3368
0.4565,10.1470259090114,0.0291937966833732,13260.0264496257,3369
0.305,5.11878866763065,0.0158018264819321,11548.220498418,3370
0.396,4.60616951225808,0.0144582964856861,11386.4638362028,3371
0.426,5.39977750418699,0.054059623815801,3699.25739324833,3372
0.45,12.2190945321224,0.0992821823690448,3400.7636971085,3373
0.3475,5.54734814587144,0.0484990241077364,4260.0245565909,3374
0.1655,4.96239714482517,0.0365498671527061,4656.38990227285,3375
0.3185,3.80674410430509,0.0368745840489497,3828.05475235186,3376
0.24,4.04943100602439,0.0534518647104098,2758.64197297835,3377
0.3865,6.73574274296433,0.0325524386384755,7772.88546958346,3378
0.4295,4.46915735853978,0.00860067461416928,17911.4904600807,3379
0.232,4.07646299529865,0.0345326690506233,4224.82877689833,3380
0.337,5.07205305102988,0.0190824157414315,9659.08187722169,3381
0.4365,7.6833668620579,0.115941478738895,1451.48440905014,3382
0.145,1.61433250510226,0.0297185109746938,1872.11933591777,3383
0.4345,6.68917578575967,0.0922154628506373,2273.61036860795,3384
0.3435,5.2258940942847,0.0480751877596059,3980.60061140258,3385
0.3675,4.24807592053358,0.00902833533925842,16198.4133706533,3386
0.442,7.92101718255505,0.0710224428859328,3841.88938553537,3387
0.302,5.07924775511041,0.0290128079005141,6470.52209677414,3388
0.427,5.72657850679203,0.0141648875025571,14516.5046955452,3389
0.1625,2.8179743959082,0.041692198073572,2392.17924201378,3390
0.1935,4.23451851042646,0.0453677367220636,3353.64515260193,3391
0.191,4.21619002874261,0.0787481279208716,1986.06719025037,3392
0.2485,3.64262682699225,0.0244603805339926,5290.32829456567,3393
0.1995,1.90919828044541,0.0386204384538488,1750.86024431009,3394
0.2325,4.61555689533004,0.0434602739889931,3823.53155815295,3395
0.413,5.10670720783442,0.0338637788478669,5692.85536972141,3396
0.2595,4.41105791339782,0.039057980528125,4129.04580561659,3397
0.436,6.20165423219427,0.0520898770240382,4521.31594367599,3398
0.417,5.51771851408977,0.0638806051016132,3253.25945977071,3399
0.4305,4.32526658832542,0.00783636155020719,18844.9692370088,3400
0.3875,3.18005296041957,0.020088280171303,5681.48661524594,3401
0.2805,5.03101621614528,0.0281644314081319,6546.90018488242,3402
0.4305,6.84205187002386,0.0264169611122764,9829.85586869835,3403
0.234,2.8762464222328,0.019792313294076,5060.53241547652,3404
0.4105,4.5690168767891,0.0607171873316275,2669.14694262605,3405
0.239,3.64822633464209,0.0464763746861605,2897.67483689439,3406
0.126,1.50285211589812,0.0529596086375187,997.71942777421,3407
0.4,2.84003612781458,0.0146665337306327,6853.75992930179,3408
0.381,6.80957723847183,0.0486308800654543,5239.29532553526,3409
0.227,4.49533834493104,0.0442764885451486,3623.39483042928,3410
0.1485,2.97511508670772,0.0768913751407347,1342.35792850332,3411
0.4625,9.21108863614819,0.0521646010523587,6234.62709603405,3412
0.434,7.59471470064004,0.0563104058294665,5108.63526781463,3413
0.16,2.20729580953918,0.115822649304421,690.738836610216,3414
0.266,4.82096098213941,0.127665621215999,1198.43646158202,3415
0.4605,8.19154542460375,0.0561089532944638,5422.20021527774,3416
0.3165,4.86449217611646,0.0411011492673671,4412.53119564117,3417
0.278,5.12116367937445,0.0332318584370217,5706.47831722005,3418
0.3535,3.29523882852468,0.0684495756876116,1770.61936801591,3419
0.46,7.02050926284011,0.0159651698262186,16196.272894121,3420
0.34,2.31590352412672,0.109098489418251,709.325809157615,3421
0.3395,3.03393921763172,0.016598907629856,6524.03592701303,3422
0.273,1.86236599720348,0.0227911105438408,2868.22809204158,3423
0.4395,6.76783634661006,0.0342888764036629,7477.294137802,3424
0.4465,4.8265431995982,0.0103233894074956,16601.7622492823,3425
0.151,2.45369209778717,0.0493878824336638,1790.81830017003,3426
0.222,4.48200454986811,0.0455310074661709,3610.83206160563,3427
0.282,5.34728964803665,0.0902448025873944,2155.54280420644,3428
0.4285,6.4173283272033,0.0771222773107886,3131.93107353611,3429
0.344,4.17819306707302,0.0619285085151214,2510.20886643359,3430
0.185,2.4203620682626,0.0195746987260217,4221.9934495434,3431
0.3515,3.28893367714538,0.0129608029689978,8777.44199092532,3432
0.3075,3.67944165528451,0.0227339236229782,5916.40439253407,3433
0.4345,6.56067336508506,0.0269830401423213,9151.60582879105,3434
0.442,4.36774010091795,0.0211926916318835,7721.9906347742,3435
0.3575,4.41203782673231,0.00864380777768298,17542.9712212904,3436
0.1065,2.70405229402871,0.0558504916880574,1640.54338740758,3437
0.4585,10.1705077361315,0.0460401496674425,8373.63528483765,3438
0.282,2.19714887863888,0.0475405553944845,1630.12932087527,3439
0.3115,4.18711225048576,0.0381856199143594,3994.71513287232,3440
0.337,4.62801347252795,0.0168690054825486,10043.3513629416,3441
0.3345,2.1703695091938,0.0104437763083964,7031.33411622235,3442
0.4525,5.67589830900205,0.0447605294712381,4828.69812433656,3443
0.445,7.68219274524472,0.0192699888061082,14904.8653785982,3444
0.4025,7.11039011637459,0.0557972031566726,4733.51689894651,3445
0.459,6.34347013141474,0.0456787544979153,5250.59352393824,3446
0.1965,1.99959109769606,0.0767905047143163,946.530459106393,3447
0.352,5.97925130725072,0.0383171036547975,5901.73138950965,3448
0.4035,4.06587437545754,0.0111035865792663,12952.7643647999,3449
0.3125,4.93749030709975,0.0295778833155247,6099.61990623873,3450
0.184,5.12725958765763,0.0374858475053622,5158.80022203118,3451
0.4075,3.4713677880405,0.00905192178029758,13207.4294583825,3452
0.229,2.89292306309334,0.0453543946013076,2250.9915707922,3453
0.3955,4.65246121810938,0.0537994492232473,3235.46893658095,3454
0.4375,8.0177882888728,0.0481863870027633,6253.68340130964,3455
0.4185,7.19568944327106,0.0211712902399582,12688.9534465991,3456
0.43,6.91512953012083,0.0298622094200333,8729.66130334133,3457
0.389,7.7123121027434,0.0506781814846025,5730.34823846455,3458
0.3185,5.35284990016146,0.0693180265990155,2846.99133275659,3459
0.444,8.18830319353854,0.0340210854906071,9072.36293237361,3460
0.457,7.55408637704443,0.0473481882103206,6079.80149064395,3461
0.1925,3.40697163424588,0.0946788976184912,1301.58189714259,3462
0.353,4.27568472269852,0.016626983417834,9352.40971331317,3463
0.4705,7.32273756151247,0.033284650488258,8361.17396405093,3464
0.399,5.03318908104236,0.0213565066412417,8621.66410554758,3465
0.482,6.62916751218804,0.0228803161977578,10952.292322797,3466
0.242,4.46533745228762,0.0355721010410565,4646.49606360331,3467
0.1755,3.94702040399853,0.0641014996833729,2239.03297770558,3468
0.455,5.11110189916572,0.00983160455804575,18559.3962638417,3469
0.4345,7.28738651287809,0.0154951832289705,17340.2960773908,3470
0.251,3.77954197649776,0.0763264825634643,1780.98697482875,3471
0.428,4.9121783467432,0.0123670674282224,14182.4814198028,3472
0.4765,9.15643178387664,0.0218411108662476,15818.0999512167,3473
0.191,4.23761194070404,0.0532194656958048,2853.90916158335,3474
0.288,2.42879816448486,0.022425317384163,3908.24676852495,3475
0.4575,6.09891514431362,0.0537604360226095,4237.74352765491,3476
0.2265,4.48213459716342,0.0684842907414036,2379.00924242372,3477
0.3545,5.01797193038543,0.0151447522016468,12110.7022434022,3478
0.3835,6.662780219855,0.0383280724981722,6478.22658960445,3479
0.4455,9.4817889496119,0.0436931980969791,8221.16191021032,3480
0.3135,4.00545117181602,0.0279919358384841,5417.3231578687,3481
0.2305,4.74210400004738,0.0202087354953203,8340.53540329289,3482
0.3235,3.34357015298156,0.10474613851687,1070.3449398299,3483
0.233,2.77919245232841,0.114881633926196,805.831756757092,3484
0.1495,3.64471995126818,0.0911786320806186,1470.51137010027,3485
0.2965,2.10238206123212,0.020775194071472,3589.96657053337,3486
0.136,2.37062874086968,0.108101106147589,781.31039147688,3487
0.308,4.18530499998691,0.0313627912511314,4865.26699851218,3488
0.263,4.61293837062597,0.071037655485259,2341.53844965897,3489
0.2805,4.60385424462557,0.0307697198221616,5448.71193357087,3490
0.2265,3.71040640487635,0.071325741932606,1837.77567572792,3491
0.237,5.65399688757713,0.0335129167415958,6203.19045495708,3492
0.429,4.51255228097757,0.0992545078224524,1650.77492713351,3493
0.1385,3.14149513498436,0.0286012696960557,3796.10992495627,3494
0.396,2.86563299062422,0.0131925226148243,7659.83939581366,3495
0.185,2.17772007734891,0.0903910072194973,872.792568818043,3496
0.1515,2.44460806190087,0.0673840688988249,1284.13183568306,3497
0.3215,3.53411661544107,0.0130080889700919,9368.83868590408,3498
0.468,10.1285388621261,0.0257891710831101,14916.3450566493,3499
0.441,6.89638227799479,0.0324547141346572,8002.07527023133,3500
0.3625,5.51293388675947,0.0277812356561891,7348.46169015187,3501
0.4155,6.87432382544174,0.0442971918683565,5784.19466142414,3502
0.2135,3.15170455936254,0.0442204747142431,2643.89567234082,3503
0.3675,4.6580284273015,0.0409523910841692,4276.68806431158,3504
0.234,2.61542990554199,0.113242849587536,842.077669762976,3505
0.3315,3.41528454225341,0.00962600603464571,12004.9722198602,3506
0.3295,4.93647882878374,0.0563466414584635,3125.56564322204,3507
0.1605,2.75547564239732,0.0926882318383447,1059.59149132092,3508
0.1395,1.40280749620458,0.056507920991863,850.453178395321,3509
0.3765,5.04779222894862,0.0256327348076018,7310.23633810264,3510
0.2775,3.07098686891593,0.0678525202162729,1656.38905926771,3511
0.1135,3.02067970153014,0.079356465865503,1367.27746338904,3512
0.45,7.53519928135933,0.0328879787699498,8660.94811425796,3513
0.169,2.31085914405545,0.10384237803521,828.124190658225,3514
0.4525,7.74092683223092,0.0117169266731585,24043.1634495368,3515
0.4315,6.67670614532516,0.0201509862209154,12305.1695399516,3516
0.4065,5.58395750464997,0.0231053286938415,9031.78220787323,3517
0.443,6.21885116375137,0.0597347866167657,3787.2154113688,3518
0.331,3.80626953420507,0.0184375037026437,7437.98724616333,3519
0.2095,3.4215276129035,0.0380121194546382,3216.33768015478,3520
0.3655,2.84990546639629,0.00903858961686084,10502.7556925709,3521
0.199,2.28409118030527,0.112859038726681,697.913635246176,3522
0.3885,4.57122515285811,0.0114135620855293,14039.746057224,3523
0.3455,2.17039106493614,0.0285385563213617,2733.34441552221,3524
0.293,4.15218627806338,0.018640544383296,7893.2603295387,3525
0.2575,5.31261492813441,0.0565970181618822,3458.20554308967,3526
0.3245,3.99656537723131,0.0416730259385755,3552.13871956736,3527
0.1745,4.01015871903027,0.0531090092362467,2773.62576711257,3528
0.2125,1.74705939057175,0.0346344034662474,1794.22653966396,3529
0.2265,4.16069505335279,0.0799909054884281,1828.25016267745,3530
0.442,3.65447415251991,0.0202696756273096,6664.54320964959,3531
0.198,2.99940464192668,0.124972530100292,816.336384468315,3532
0.279,2.98148471803369,0.0273599934537495,3941.8162056479,3533
0.365,2.74182628280877,0.0225329026508216,4510.60480084853,3534
0.464,6.66151638813049,0.0757686987256295,3238.26291207462,3535
0.233,4.41387669880098,0.0456823114472583,3475.63047398084,3536
0.4245,4.69278414409712,0.0143960015510967,11893.5108262526,3537
0.3535,2.22213824592908,0.0166419469455076,4744.0620544451,3538
0.179,3.88026833823371,0.0607647434780898,2403.06675317168,3539
0.4165,5.57103971006987,0.0242980339768598,8269.37285234891,3540
0.2275,4.10637842655618,0.119187143321028,1216.09566827492,3541
0.43,5.83717537318205,0.0296005110571833,7431.55047143654,3542
0.4055,3.30509908795671,0.0145228487598223,8191.33969672362,3543
0.179,4.2757655783304,0.152924670940434,972.320574290602,3544
0.4175,4.79344307377463,0.00902398097521608,18553.0718347395,3545
0.237,4.61203255491152,0.0315983897972528,5321.97132225767,3546
0.319,3.48926747914711,0.0205695694924507,6027.62132002962,3547
0.424,8.34108509930573,0.0789702553414738,3771.75932658692,3548
0.339,4.30528615517164,0.0384105382886727,4199.15549281549,3549
0.2605,3.33527534839365,0.0207554808826763,5601.68544191775,3550
0.305,4.84291360231731,0.0193928606685948,9070.04568797463,3551
0.3715,2.7407062264922,0.015292175850687,6381.13769392661,3552
0.3,2.7434873397307,0.024628052053882,3930.67785021652,3553
0.3335,4.83766263652402,0.0322886038549876,5644.91918280946,3554
0.359,2.30153912082459,0.00921408078756433,8348.15112946715,3555
0.398,4.51081345980521,0.0484279520482922,3497.40772635628,3556
0.244,2.4992273142305,0.109403653899964,812.904533078964,3557
0.4825,10.9107003212126,0.0230043425396184,17748.1707502244,3558
0.1695,3.03243466727589,0.0789506187491139,1353.64242980923,3559
0.387,4.80155299281752,0.0101532629380836,16498.6777703405,3560
0.3595,5.33099939525349,0.0407188261566135,4832.67348346447,3561
0.41,6.17810870044124,0.0178834604149221,12772.9900009881,3562
0.4705,7.25678527655807,0.0148078639740294,18184.8325945307,3563
0.4385,5.44110173615703,0.0273853739892516,7416.04024804722,3564
0.312,4.6555636111524,0.015131612686005,11037.6793581667,3565
0.1155,2.92810136488228,0.0493037228968482,2026.91988892652,3566
0.273,3.75818007942041,0.0668173728239946,2057.74175999698,3567
0.267,4.6056308902858,0.0481046413568669,3495.07530602661,3568
0.189,2.3642165958838,0.0172176933501207,4625.56828676333,3569
0.4565,8.15554497493859,0.0211122510345537,14515.7645573282,3570
0.44,5.33645214023384,0.011617236514106,16366.9004027596,3571
0.459,8.26833188184237,0.0519515523579074,5720.14186655709,3572
0.3055,4.96854137639685,0.0397481176424232,4648.10916359519,3573
0.2085,2.58718256427653,0.0679789143455652,1398.65334964486,3574
0.332,4.37891302118202,0.0124180146760736,12312.2634311099,3575
0.4355,3.75077353025596,0.00976657782775085,13464.3923985291,3576
0.404,3.07601932035311,0.011315989914772,9505.83977531691,3577
0.4795,10.6755160561681,0.0327516909342144,12428.8435471656,3578
0.3675,6.6811718753689,0.0318150184401866,7861.26240566195,3579
0.167,3.91523285590054,0.0681318016993609,2104.80416086111,3580
0.4275,3.66227012767807,0.0120323636838716,10891.2333735504,3581
0.345,4.50139403176218,0.0835986865071193,1854.31836207047,3582
0.3165,3.20279842458562,0.0847556712736612,1390.89849587368,3583
0.366,4.89328327943392,0.0287297180641954,6414.63879887856,3584
0.2975,3.10319786439535,0.0313146895690344,3526.8859682781,3585
0.334,3.56797480662923,0.0268603772028468,4869.5827593252,3586
0.3145,3.69250742840646,0.109292790191129,1098.9981068948,3587
0.374,5.57994316913483,0.0638566320324744,3318.82452316329,3588
0.398,4.59722112743826,0.0283437074252953,6053.75195594843,3589
0.2895,4.05419420544862,0.0281482928493533,5339.2837361026,3590
0.3175,4.43268155455125,0.0210377867722458,7573.50858154883,3591
0.4755,11.5488853795724,0.0458158118123054,9418.11008633366,3592
0.3595,4.89119393832929,0.0377736702994179,4839.66978093891,3593
0.4095,4.90269786735984,0.0161441119305394,10986.4363393577,3594
0.364,4.78007750590765,0.017440134522023,9983.0858602451,3595
0.346,3.40708320505801,0.0526693299146734,2401.42874415062,3596
0.2685,4.53768613520697,0.0237165633174344,6898.17657713048,3597
0.3035,4.42848275632556,0.0692582682435477,2288.79935068252,3598
0.465,10.1273128398781,0.0119012237519667,31259.7278829058,3599
0.1975,3.86020629503642,0.0338732853633698,4053.74414283641,3600
0.4605,10.5659890259997,0.130758191406873,1967.37167340299,3601
0.2425,3.98692794591075,0.0318752214878008,4510.20391300843,3602
0.1655,3.59675268275431,0.041070594075624,3099.97383671718,3603
0.4255,6.97705649719416,0.029281184209902,8996.20767553452,3604
0.468,8.34521738486927,0.0391162158281517,8197.48960250833,3605
0.449,6.9272797599814,0.0258703262304641,10127.235477544,3606
0.275,4.97452807192664,0.0377614295529065,4759.78231621699,3607
0.318,3.18684725829357,0.0161696304714248,6901.71535349097,3608
0.41,6.05169197567706,0.0486503317050778,4721.63584262613,3609
0.3005,4.34931492956382,0.025779493156743,6163.78463341593,3610
0.25,3.23865731642434,0.0135775344775392,8135.5056209711,3611
0.4655,7.80443309997269,0.0801688826273082,3302.75256645653,3612
0.3395,2.20323894626655,0.0116178583253406,6464.87922083598,3613
0.363,6.45283674626993,0.0294659328341303,8264.27753014922,3614
0.361,4.67458615577292,0.00973128118359722,16494.5296031538,3615
0.212,2.49658654130699,0.0201706098100614,4317.52020869782,3616
0.267,4.2244995794639,0.0329977156571224,4772.6513961764,3617
0.437,5.09100401724911,0.0107098381857846,16915.0824747161,3618
0.3865,4.19281669208763,0.0489414945522596,3173.14661080591,3619
0.4155,3.96806966525244,0.0735011947503092,1917.14968320744,3620
0.475,12.3699535057341,0.0382370943618132,12297.6617011912,3621
0.457,6.46253801626494,0.014397947421813,16604.8080137429,3622
0.261,3.86824203500839,0.0170341302242656,7992.97560061284,3623
0.39,6.49225177294928,0.0680770481426118,3538.58728339955,3624
0.401,4.39357091246893,0.00882246543956224,17266.3939943586,3625
0.4015,4.27772164175064,0.00742637686966989,19202.5502960451,3626
0.3675,3.88492680426526,0.0554634247457992,2611.97888532188,3627
0.46,8.13446351585255,0.0397030974567169,7814.40952955675,3628
0.404,5.79477882438991,0.0138957939610189,15115.0228541585,3629
0.1725,3.48890769539908,0.047097715642909,2616.30571056435,3630
0.398,5.93926201977298,0.0270642294106922,8175.19811637629,3631
0.1945,3.6160030360058,0.0269148615806153,4847.64414215205,3632
0.1885,4.08556982444154,0.02618337083867,5652.52530088706,3633
0.307,3.63365465215778,0.0933563200312737,1219.23479078958,3634
0.1955,2.68466362556806,0.0687750790547932,1419.55001613549,3635
0.293,4.44198761673644,0.0350986971094372,4696.58758397711,3636
0.2775,5.15897858664608,0.0189748902144438,9875.5056592751,3637
0.3055,5.19197630531377,0.0310970345293742,6266.57688072362,3638
0.3875,5.60226733746118,0.0124401298026369,15952.6566422085,3639
0.1225,3.23792621612413,0.0393371111310443,2760.16350341045,3640
0.302,4.10945845275741,0.0165676714603369,8785.89983876509,3641
0.443,5.68258169436648,0.0152583149409354,13513.5572349827,3642
0.3815,4.52313734457805,0.0471153768278097,3575.64214479503,3643
0.295,3.11026840737733,0.0694460759860063,1602.70644658491,3644
0.3755,3.78364726696007,0.00858164069025318,14850.4280909248,3645
0.417,5.89962435481441,0.0755396154270492,2912.39562528644,3646
0.281,3.00098973094931,0.0331565377944492,3325.06467152398,3647
0.4355,4.90541004578092,0.0232545404953272,7907.85439442298,3648
0.4685,15.3441702239823,0.0451783214787808,12940.2828855856,3649
0.2795,4.42339510804484,0.0343942393213088,4552.9040411713,3650
0.391,4.21045385523372,0.017874468112991,8506.82203507871,3651
0.3605,2.97005363302785,0.0443391430192977,2496.55053942774,3652
0.4055,3.77904340664441,0.0227653334641657,6140.35020722135,3653
0.441,4.50150604267311,0.0238557878420517,7063.97509493302,3654
0.399,4.98184722452096,0.0158516464835355,11349.4110647099,3655
0.244,4.01480161025999,0.0525903335909062,2803.61026226716,3656
0.383,5.54933276363316,0.0611026342685253,3203.30247910965,3657
0.281,2.7172639551244,0.0663782657877124,1485.09581954869,3658
0.4415,5.43763177660231,0.0402397965912427,5072.87586072301,3659
0.2055,2.40646247652024,0.0977705339534572,869.480310997223,3660
0.275,3.85374511120859,0.063540103888787,2188.41577760438,3661
0.2935,3.2489653703366,0.0177732679480953,6403.16848672874,3662
0.3695,4.36444470451368,0.0398348831082496,3965.88204176596,3663
0.4615,5.38471462496112,0.00863510623145805,21708.1471508488,3664
0.2305,3.18802471350599,0.0842274591095898,1325.85119258304,3665
0.212,3.35566174549227,0.0335692037725009,3586.6376866094,3666
0.3835,3.51591215458122,0.0100046801557973,12202.3476986671,3667
0.1795,3.26106474370259,0.176287069931959,601.065058623951,3668
0.4625,10.5445588405284,0.0266042376166924,14952.5061889682,3669
0.3625,3.81492702097983,0.0187613748572502,7428.27790883932,3670
0.4595,5.49489248273773,0.0160554396645484,12580.5532589049,3671
0.2345,3.34716521971212,0.0970912793615952,1168.93267368217,3672
0.2515,4.2755834620651,0.0202196299288316,7718.83600434435,3673
0.209,3.02973151866473,0.0832885848629467,1243.55438438829,3674
0.424,5.25951937446342,0.0277912496785698,6833.98510668227,3675
0.4055,5.88998322206986,0.0489194990561413,4568.54149930774,3676
0.347,5.09831051091425,0.0577337486694413,3272.9438488538,3677
0.2485,4.97720545552559,0.0306415711327127,5868.63531034899,3678
0.402,5.28287033436959,0.0534791600298735,3628.7956453957,3679
0.4465,6.62435315117997,0.0114603155765923,20962.7711231784,3680
0.418,3.2367639802739,0.022389459829199,5341.73192302372,3681
0.45,12.8345132356425,0.0287742805876376,16935.4162249021,3682
0.2795,4.36980566803161,0.0237535354792344,6793.06376098452,3683
0.4665,9.90209709406287,0.0248474449702027,15046.725965561,3684
0.464,11.3951732349825,0.0411257886097436,10248.9527120129,3685
0.366,4.90476957161617,0.0339948492171847,5398.26726079664,3686
0.2515,4.65214986911283,0.0459660973078351,3692.89753322215,3687
0.3515,5.10396814592716,0.0167911222147196,10954.8167559009,3688
0.226,3.5763958208736,0.0484814978405506,2688.30586727989,3689
0.316,4.80392659603564,0.0131421839309189,12647.6166807152,3690
0.331,2.9691470618495,0.126907769688142,808.91062304425,3691
0.3435,3.39672055865046,0.00968538852027553,11919.2708843814,3692
0.386,2.92618502997086,0.00818107427056972,12121.7969353151,3693
0.2415,2.63484653837369,0.0315171421098229,3011.97398329115,3694
0.4315,5.18735384896659,0.0115340245991329,16024.0130458596,3695
0.4795,6.24677099448995,0.016192233529015,14364.5313951339,3696
0.3125,4.50589724783363,0.0360726478364753,4684.75697494549,3697
0.468,9.50983503523745,0.0818323330454884,4259.06624676131,3698
0.265,2.5212981962751,0.0142924352314494,5947.13076454592,3699
0.4415,4.49733007234364,0.0236976848098825,7085.53156311196,3700
0.312,5.31041333956517,0.0427739968490318,4565.15712239152,3701
0.283,3.32663134590992,0.0747324389027257,1599.44374887581,3702
0.238,3.0553154793073,0.111210572633956,855.871472035817,3703
0.3245,4.24833502121284,0.0282491829177876,5602.40625914883,3704
0.4375,8.08905174951192,0.0312915596742115,9777.5898171618,3705
0.4525,9.20206381366201,0.0350089595924392,10049.8108843022,3706
0.4455,6.19804253802745,0.0203023607423142,11359.9425631367,3707
0.3075,1.82555521699776,0.0147275194416275,4255.56458815062,3708
0.3555,4.52267552192553,0.0370742224594532,4468.49914144723,3709
0.176,1.62055097060823,0.0228250975535083,2344.63027513329,3710
0.248,3.11126077758694,0.054675840643227,2069.39046182646,3711
0.2525,4.49652276675428,0.0263617409673166,6065.1735427122,3712
0.3655,7.63347979613906,0.0327933885188926,8778.78042710419,3713
0.201,2.06107952014866,0.0227428348713994,3093.75283248948,3714
0.416,5.59255668243586,0.0577050666444597,3595.06879987082,3715
0.1675,2.89734217786804,0.0771767733662834,1348.87978050283,3716
0.2715,3.96937038239331,0.0339454462118839,4343.14637319293,3717
0.331,3.82058709349501,0.032323302589435,4329.18581499593,3718
0.37,4.99416618806846,0.070185614804294,2560.85795283365,3719
0.291,5.37139074865331,0.0235161310726669,8351.6751893358,3720
0.206,2.79414137068499,0.0902080244991637,1126.27578922237,3721
0.265,3.60868801856088,0.0241818502891861,5298.04447210419,3722
0.39,2.81341695751072,0.0152295379613043,6529.94887722818,3723
0.2625,1.61054605787514,0.0178781008095866,3094.96917680505,3724
0.413,4.79831066417872,0.0148590056377046,11713.5245207828,3725
0.3485,2.16568805874031,0.0131306170690069,5743.77810664923,3726
0.2465,3.55189541851603,0.0331672595904796,3840.16091968391,3727
0.294,1.99956682231726,0.00846646959395878,7506.98461557886,3728
0.4625,12.5814172290562,0.102279753293168,3704.85350394063,3729
0.4005,4.14938458146091,0.00718466397367086,19275.971512317,3730
0.4435,3.97249532643642,0.00813843667383147,16950.6676524904,3731
0.4525,9.42640547965881,0.0468733364142535,7510.81607329,3732
0.459,8.4162288798366,0.0220136918123179,14415.9069817916,3733
0.467,10.9410307955039,0.017531090217425,23351.181771077,3734
0.3135,5.12517920278526,0.048076802110543,4009.78128441215,3735
0.348,4.22964542097975,0.079949321139741,1922.88177898414,3736
0.206,5.04620149478963,0.035099292836135,4984.62070677954,3737
0.3895,5.31202064819541,0.0738922340090211,2579.04978450244,3738
0.3925,6.39461468636015,0.0467113385531489,5164.32998255654,3739
0.375,2.68941191674902,0.00706327624641875,12319.1235393505,3740
0.3545,3.02230247855553,0.010361024844144,10064.6865386126,3741
0.452,11.979586289633,0.0413052575439557,11166.4976592227,3742
0.385,4.23313267729374,0.0154379053449386,9847.5675396167,3743
0.359,3.81562132240007,0.0334907841877974,4221.22328307173,3744
0.419,5.52722570289419,0.0198398828245852,10382.69781192,3745
0.3755,4.64907299572692,0.0331696055832266,5263.37019931031,3746
0.382,4.29952711003931,0.0367804732873805,4341.83011622411,3747
0.364,3.11656965895079,0.0637236009985216,1808.71193322412,3748
0.465,11.9818850009087,0.0643147050660951,7100.2760056546,3749
0.3145,4.99372673502214,0.0923788519310243,1806.53819166378,3750
0.2405,3.75032644152541,0.0996996483808703,1299.17910286778,3751
0.432,3.74111504183122,0.00720672517101108,17561.8194767779,3752
0.4695,9.20218847697136,0.0451081133919026,7836.18314634891,3753
0.4315,6.28630072802332,0.0169723653833713,13760.9551514641,3754
0.288,5.30700981297144,0.0269069010060981,7248.84882356421,3755
0.429,3.01045986077074,0.00804815725315152,12780.340971913,3756
0.448,7.78822508230889,0.0246179269332572,11867.9429872021,3757
0.167,2.98817358873394,0.0497932392372426,2214.48109403521,3758
0.422,3.20596558051659,0.00994196830190918,11150.1914532577,3759
0.3,4.51646057173544,0.0199932207716423,8067.90392354438,3760
0.335,3.93065476413311,0.0593214945604354,2454.08214813358,3761
0.1355,2.57437397939983,0.0636786849335345,1449.73534268883,3762
0.435,7.17628472727661,0.0468392779749214,5631.02484234213,3763
0.2985,4.90132456435537,0.0474378401369236,3878.81711917201,3764
0.384,2.30724868002123,0.00911566911031659,8535.15188731374,3765
0.399,3.91542349507102,0.0120076845748423,11631.255383204,3766
0.4155,5.93137101794609,0.0305332939351554,7324.50784259585,3767
0.4295,5.07238197443391,0.0608404304881116,3136.66904296527,3768
0.4445,15.6811440790742,0.0361067800146413,16627.8171157103,3769
0.37,3.8787296289145,0.0624627605697593,2307.23338018891,3770
0.178,3.4539067673503,0.142504022454133,804.262277619813,3771
0.3985,4.60325900505733,0.0105682197335854,15296.8547548285,3772
0.4485,6.88786119416328,0.0326933259987253,7871.89093646012,3773
0.3295,4.59034531195646,0.0242930244507591,6915.55355841892,3774
0.466,8.07365088692436,0.0119706375002236,24620.7617802803,3775
0.406,4.30723327159045,0.0631838860476647,2476.2788024834,3776
0.369,5.10838778688046,0.0199026769209471,9366.34501711584,3777
0.372,5.23244169112746,0.0237345014081645,8108.72974084921,3778
0.435,8.51611720900173,0.0711362433132125,3858.15105847174,3779
0.256,5.95287590718427,0.0408020862012915,5300.6329680094,3780
0.406,3.79950458465338,0.0129970475917018,10437.5642247993,3781
0.2145,3.89292326765858,0.0851815733730953,1637.297706898,3782
0.447,8.75720772609679,0.0431471444056383,7733.02615932409,3783
0.3695,4.35925004981767,0.0312050057302159,5186.93693992376,3784
0.488,11.2360013257306,0.0781080705103133,5363.27431821329,3785
0.4405,9.63052441289594,0.032928942722804,10690.8276015703,3786
0.435,6.26454763423168,0.0236250524840042,9506.97130046539,3787
0.4445,4.95588116940212,0.0156787301120148,11521.4122120661,3788
0.395,6.79835674015869,0.0452309335900896,5627.03492616878,3789
0.342,5.8723016090843,0.0525047622117267,4078.01037341514,3790
0.3405,6.73016469544504,0.0326612308452866,7827.92033434333,3791
0.4185,5.43938604051028,0.00830256309721833,22687.2339675297,3792
0.385,4.83054292504668,0.0111707161493509,15177.8210644667,3793
0.272,4.89245793287073,0.0173942553012901,10063.3911702634,3794
0.3425,5.4451324143692,0.0157677287910837,12524.0741690646,3795
0.43,6.43770565561074,0.0342896111018669,7051.16002480423,3796
0.27,2.29734374626948,0.0149126632806863,5262.81456889823,3797
0.3405,5.72513874968353,0.0435010637935513,4824.59600067016,3798
0.319,5.88397785946882,0.0161045931845574,12954.8104387969,3799
0.383,4.56082163674415,0.0879727102296965,1869.82479865056,3800
0.3845,3.37083590833837,0.0196334825766711,6211.20007869078,3801
0.1565,2.80877792266838,0.0965580344836408,1008.13992408268,3802
0.3965,6.21388681145884,0.0605052363162111,3687.39513209458,3803
0.428,5.14470116125089,0.0181253830783513,10524.6342093564,3804
0.301,4.95577522401008,0.0325345224825504,5610.87830279448,3805
0.4295,6.99975479370591,0.0491549943843076,5297.51075424139,3806
0.3425,2.22307472051481,0.0154432195402661,5088.0134881921,3807
0.2135,4.69064402785968,0.0323934094868977,5118.27085573419,3808
0.3625,4.48057261954844,0.0341702060840897,4902.90362526493,3809
0.4275,5.51786702855127,0.0573910349636824,3602.37195310148,3810
0.305,3.28873545338283,0.0116539820247211,9662.64613663892,3811
0.1615,3.04519119358236,0.0453863347176844,2413.75782284138,3812
0.4115,3.89068525306408,0.00883142799873005,15117.3639890445,3813
0.3605,3.87334227628387,0.025178068846342,5745.04946761186,3814
0.2895,4.09113708331669,0.105295197982666,1274.13337355216,3815
0.4225,6.12084507546685,0.0669802682098267,3201.3903089576,3816
0.2165,3.73980335109133,0.140355813017581,795.405875815049,3817
0.311,3.95048915158134,0.0337180129874835,4306.21668035414,3818
0.2955,4.42079771672064,0.0277129073454679,5888.89767458162,3819
0.4605,7.51071248946939,0.0113951615537606,23828.2507139833,3820
0.2225,5.32647090123665,0.0291273567785619,6641.71588753494,3821
0.4705,6.07442646329069,0.025639994819964,8738.3312602104,3822
0.3905,4.15364513303014,0.0191134961284278,7984.9117186145,3823
0.2995,2.53321494942986,0.0249703885832334,3682.33681829457,3824
0.3235,4.19467339610251,0.0872360189811955,1639.89526706509,3825
0.23,1.86903868616495,0.0227675399792454,2861.80673307188,3826
0.393,3.17969265947016,0.0166593251606916,6842.97128802952,3827
0.4125,6.20614808291132,0.0584850641258478,3948.23032061014,3828
0.205,2.76511339915474,0.0609265848694866,1628.36325815975,3829
0.4225,5.85381008842427,0.0475101013073503,4597.58371497582,3830
0.441,6.49826594041139,0.0235032317290919,10133.3154278275,3831
0.456,12.2113985616965,0.0504703650568168,9236.66586712532,3832
0.199,5.17816603312073,0.0285118819044434,6406.11035903132,3833
0.315,2.11565739561692,0.0208055594370581,3603.46804866266,3834
0.234,4.31358056003011,0.0250670456943769,6193.2044577097,3835
0.2435,3.14932303359691,0.0377304030861552,2979.83722603235,3836
0.3615,4.54696121218856,0.0176786406173948,9184.30977217091,3837
0.286,2.35723298526271,0.0269585473406929,3156.17969448173,3838
0.349,4.20541865172992,0.0447173650563256,3511.72237190836,3839
0.3465,3.40030579166325,0.016912026011735,7251.72799869319,3840
0.412,5.30385853373124,0.0177653768360836,10781.0930039643,3841
0.2315,3.73100367095836,0.0919987317488391,1442.97041494301,3842
0.337,4.30662276089771,0.0416959980080936,3833.02818100901,3843
0.464,5.7127547283818,0.0223530682459655,9624.20614034413,3844
0.44,7.14304664005997,0.0953212673591517,2704.30493818678,3845
0.33,2.03456297021785,0.00827894468628152,7984.00016363934,3846
0.261,3.06581695814614,0.0260512208241245,4274.74743932097,3847
0.3235,4.83297901930106,0.0500770160450233,3523.51712137987,3848
0.4285,3.9743166521747,0.012216039127065,11576.2075780839,3849
0.3865,5.06027212452155,0.0425883563580876,4386.52731497105,3850
0.217,3.76411833867207,0.0652410877259391,2145.67206767667,3851
0.447,5.11101808119388,0.0444186039617724,4343.74028889157,3852
0.263,3.22861352112947,0.0677791450613206,1799.04949283371,3853
0.3175,2.07594474436699,0.00912659696532795,7437.626209015,3854
0.304,3.63995684889154,0.0495959387122257,2678.05495570926,3855
0.352,2.59186342377784,0.0149520795415521,6095.95390851431,3856
0.4505,5.77390772588766,0.0130399528303325,16146.869929354,3857
0.3705,5.35121733170232,0.0565766312576312,3479.56144683976,3858
0.4,2.67460408291577,0.0194767432812984,5006.28248076162,3859
0.3775,3.38082616256444,0.00770110833560702,14471.2509962195,3860
0.4385,6.57374719375698,0.0269461772086686,8841.54534083703,3861
0.2245,3.45919454932424,0.0601989185539453,2069.24058616044,3862
0.4465,8.91218875507834,0.0225622749492952,14480.5447581395,3863
0.458,8.88376719575639,0.0430028420777359,7865.85309262344,3864
0.3005,3.3800072244823,0.0438845280185127,2857.84714392574,3865
0.458,8.25662257773841,0.0425580412547661,7382.5425675482,3866
0.371,2.34766581963807,0.010387029870103,7818.82188855128,3867
0.395,2.51462698796587,0.0243280205367645,3795.2114965299,3868
0.4455,6.59704137989319,0.0719570589836946,3190.95481646759,3869
0.442,6.18893095891076,0.101873652933854,1640.42072472409,3870
0.4015,3.85720181961475,0.0147758654378441,9275.07657969787,3871
0.351,5.88153167731206,0.0353081685104992,6317.12995654109,3872
0.3965,6.26406686590303,0.0381140128631262,6192.88923322226,3873
0.4795,7.9495481691924,0.015481010510186,19066.7173064319,3874
0.4435,7.69050270327716,0.0262779681624042,11031.9317814902,3875
0.127,2.82088135622731,0.0988959071220575,1000.19632772205,3876
0.4125,4.59685087486689,0.0188244848463901,8998.29534573229,3877
0.4065,6.14776613872029,0.0135647825603773,16347.7872768296,3878
0.423,5.09210152944395,0.0116137205751944,15716.7513527286,3879
0.466,8.23416766804918,0.0896822577687019,2877.86152329551,3880
0.455,6.07440153807933,0.0160484941803194,13977.5794952384,3881
0.3335,4.86193297988909,0.0528463953107495,3418.86675343058,3882
0.285,4.56595958385741,0.0619469226372542,2631.22023535684,3883
0.364,4.91610214666932,0.00996337049040275,16861.4176803209,3884
0.1685,3.31468633583885,0.127764054514021,845.107915320642,3885
0.199,2.77926852981713,0.0503081217373709,2023.79815765696,3886
0.4395,5.84899572036563,0.0181465633984966,12036.672299041,3887
0.4545,10.5297761669199,0.0412451879639003,9775.68955624669,3888
0.2985,4.73792760871883,0.0717503298906716,2275.87276184591,3889
0.3435,2.61894247769861,0.0336567544504895,2913.01146814394,3890
0.298,3.50908139545989,0.0151012342045691,8081.13032570898,3891
0.2425,3.41763416604515,0.0518270266504499,2427.05244877729,3892
0.1525,1.51544490541155,0.0524512751897257,1006.23729545305,3893
0.4595,9.23619344931067,0.0369502712149965,9506.83828591234,3894
0.335,2.67426469562583,0.0293566069835336,3362.80133526966,3895
0.2885,5.77166648028139,0.0485100369223055,4421.49713745853,3896
0.1615,2.8036753561774,0.0942296982244311,1059.86378284921,3897
0.4715,12.355639813007,0.0793109724349405,5577.65802237436,3898
0.267,2.83959309830623,0.0247256627379369,4117.93610646493,3899
0.2665,2.9919060205514,0.0427456915392497,2587.72577890004,3900
0.403,4.9314525246953,0.0249338413831234,7433.88992123291,3901
0.371,3.24293819757184,0.0586310646112834,2058.00934104682,3902
0.412,4.59266146669158,0.0222993551855657,7604.44935497558,3903
0.472,9.38585307559094,0.014068433309677,24804.7856863335,3904
0.365,5.55503030413815,0.0621756330770826,3151.50074642126,3905
0.409,4.13420027030432,0.0145038585407858,10314.0123698281,3906
0.2965,3.64080475292913,0.0991371634548253,1207.58915605773,3907
0.232,1.58977680485715,0.0125500265074915,4147.61039346347,3908
0.4515,11.4135851437718,0.0546402091611955,7827.9368641537,3909
0.289,4.09974979651891,0.0286368736199878,5238.17872066482,3910
0.376,6.66767548130952,0.0395637649199823,6308.49882597133,3911
0.4565,9.6563557838082,0.017969528645287,20089.1208598188,3912
0.278,3.04971358119286,0.0162958816860808,6626.6563430098,3913
0.204,3.92065828187376,0.0395779413462575,3572.90789692667,3914
0.1955,1.63997802525038,0.0490442768337901,1171.0891932022,3915
0.129,2.6415902904291,0.0964371155792002,997.249240828417,3916
0.3055,3.14950817440185,0.0339627527694588,3378.46317985543,3917
0.206,2.27313279317254,0.0924119929439729,873.204801016545,3918
0.307,2.00693914309493,0.00845987412213181,7612.140208434,3919
0.3685,2.84145553259134,0.01506437412392,6690.04608423681,3920
0.4575,6.16245053792784,0.0093149890329164,23448.9641039581,3921
0.155,3.5658497517837,0.0565587083078142,2238.78555661631,3922
0.414,7.99842846077873,0.0388453526118305,7578.10611391546,3923
0.219,4.26947109204012,0.0354712977233441,4448.51665718071,3924
0.147,3.14120664070224,0.104763144526977,1064.07964054666,3925
0.207,2.62960862685404,0.0811877569351611,1170.04287963268,3926
0.4215,8.17221079889992,0.0703836289233111,4149.90221242948,3927
0.3285,3.41129101379232,0.0871388282273384,1380.8251189065,3928
0.4065,3.00209700216395,0.0110134870930474,9468.75012906466,3929
0.209,4.25675678319255,0.0467795766658327,3259.11344147103,3930
0.4375,5.73703031507734,0.00944987016193146,21476.4148056518,3931
0.274,3.85234356844833,0.0472953505627691,2992.9308655247,3932
0.1265,2.9274801151898,0.100428369092381,1018.3906056465,3933
0.4255,5.41208881737019,0.0191213914378143,10367.502440264,3934
0.259,4.42250051066526,0.0429987573831577,3815.96350216633,3935
0.257,2.38133475977407,0.0479964686202064,1818.23900525768,3936
0.3915,5.29938828280407,0.0507649303898017,3855.08313982505,3937
0.192,4.42793295607697,0.0515312810703402,3105.99634212708,3938
0.19,4.7576612675887,0.0220669280868036,7585.75730432741,3939
0.4285,5.25927901533909,0.0107481166312179,17482.5549522578,3940
0.402,3.20414201073957,0.0726171553148046,1630.47575067627,3941
0.3195,5.92551501837522,0.02255350346132,9673.91242087175,3942
0.3055,3.36956631750974,0.013959255684234,8423.29774964511,3943
0.3585,4.53377167801707,0.0421405986296053,4063.21742226497,3944
0.434,6.61964495897588,0.0337481629257359,7399.29410934503,3945
0.1925,2.53342182699637,0.0265407338155662,3345.97003763826,3946
0.333,2.82808804854419,0.00971309669494858,9802.73226523657,3947
0.1485,1.98529048953593,0.0817846455056786,863.140739133786,3948
0.381,4.84323896984041,0.0338575322593695,5402.30599640347,3949
0.2065,2.98460907664987,0.0822633341641883,1265.86375239468,3950
0.2255,4.48778763757096,0.0374095934531716,4388.35692428065,3951
0.396,6.32590989816325,0.0107134397922787,20829.1533523011,3952
0.305,2.33391575466086,0.0238501684828032,3522.8475201345,3953
0.4465,6.04097410235629,0.063964533209475,3566.7598970555,3954
0.4295,4.69834959625602,0.031696185368521,5565.51304907802,3955
0.389,3.9349191721587,0.00751263500253599,17566.7326304672,3956
0.2785,2.43139037434029,0.0267054590144947,3271.24390442356,3957
0.316,4.99206728509387,0.0239108075693723,7707.28653294231,3958
0.448,6.57542263659959,0.0491685683747154,5043.62876705889,3959
0.368,3.51533075539329,0.032205598319748,4051.59085071381,3960
0.2135,1.63427634074196,0.0213237131518044,2636.58119695176,3961
0.4055,5.01372905174426,0.00815893824863285,20947.8727408876,3962
0.4475,4.83328861589208,0.0100135841176547,17137.9836502742,3963
0.1875,3.57893181595271,0.0565840128413317,2293.55774434627,3964
0.4105,6.12863657588228,0.0268367966732161,8607.02688310782,3965
0.345,2.60171970330688,0.0178156961814006,5227.44205503965,3966
0.2945,4.17398129741579,0.024359611169824,6219.98815675862,3967
0.4605,5.38250824399817,0.0421263154177904,4808.05069143501,3968
0.2105,3.11413344759773,0.0690575903701806,1643.10361259264,3969
0.4115,5.46247958818451,0.0784824059463006,2549.44076869605,3970
0.447,9.31852213858947,0.0416710814426609,8524.38209816075,3971
0.3515,6.08512995319117,0.0259401569445366,8849.14091131444,3972
0.366,3.37308127403747,0.0630185060763972,1883.9319327436,3973
0.3135,3.24439553509918,0.124426993825885,843.248044083301,3974
0.3545,5.92663644509661,0.0277907701376003,8052.04255444126,3975
0.2585,3.94171833534644,0.0144515885732776,9473.74661044556,3976
0.2855,3.45613416400339,0.00876820283884201,12771.8871557204,3977
0.457,8.30974661151078,0.0813862564010521,3831.35837750667,3978
0.1995,3.95743941881816,0.115245950216655,1181.54463897584,3979
0.2745,4.30030366028546,0.0252730072965661,6141.08445819352,3980
0.4665,8.09074766655068,0.0779026759569276,3867.18297818488,3981
0.454,7.28076767090181,0.040573171314321,6672.38644706904,3982
0.278,3.40249839907424,0.0565959445099819,2179.82846986372,3983
0.2925,3.33045638008522,0.0547402598431031,2253.26838835065,3984
0.466,4.43814334070762,0.0142150793780914,11446.804066521,3985
0.429,3.671417565905,0.0109754826618764,11843.8585874783,3986
0.4325,6.25826813656426,0.03792523179481,6213.86731992236,3987
0.307,3.9141261950856,0.0204346151624749,6764.86725299118,3988
0.4335,3.79512985528003,0.0125593209209798,10765.3534015098,3989
0.3955,2.6418970797158,0.0106566270846437,8596.58864684711,3990
0.3675,5.61311213360618,0.019916633198085,10363.2623407091,3991
0.332,4.56321083412816,0.0160594618297458,10177.2609351576,3992
0.2455,3.39477381500123,0.106273077885242,1069.26474933173,3993
0.33,5.64193035336877,0.0281172172505317,7389.01480012634,3994
0.3085,3.39629666343467,0.0563358953792969,2162.57579199665,3995
0.281,2.7001697155607,0.0443650957859485,2140.61962920419,3996
0.4425,5.88107014533568,0.0204522686636153,10708.722474096,3997
0.4725,9.24579502655577,0.031795067211583,11083.6300819056,3998
0.407,4.88537468107935,0.0634722961105581,2724.15001878973,3999
0.266,3.9042614191565,0.0329345627763626,4434.34885229999,4000
0.4055,3.52777425258784,0.00852683246249363,14102.7928582511,4001
0.207,4.383264197908,0.0634100533105304,2540.4152443446,4002
0.4405,4.9480563600183,0.0235707264235657,7645.13485644702,4003
0.4415,8.86355595648494,0.0447985811774798,7421.56965061891,4004
0.2885,4.00897647684999,0.0736744556977152,1908.50901168238,4005
0.3985,2.84226273851791,0.0245782767761611,4205.45264816336,4006
0.296,2.37249460159728,0.0693034028343975,1243.3076997668,4007
0.328,3.80883897531678,0.03297386111127,4258.90458983634,4008
0.464,15.1877445499552,0.0325254560601721,17978.6343951287,4009
0.2785,3.70833631814715,0.0481596033128,2890.25192143587,4010
0.2055,3.64981563225833,0.0251305354457669,5097.69629446367,4011
0.4695,8.83890540787812,0.0472652856446626,7048.53774637182,4012
0.468,7.0510647715154,0.0110323460294146,23208.1900629339,4013
0.3295,2.49377499932044,0.0485797724462244,1925.03262396587,4014
0.366,2.5256063317282,0.0129772603592653,6751.74677234982,4015
0.452,6.31051798972145,0.0844112025547278,2797.08752921533,4016
0.377,5.01420740181338,0.0333313083056787,5638.88365077191,4017
0.4305,9.01473519502327,0.0473205580568068,7115.85845061395,4018
0.4425,5.48838602157535,0.0134124435363155,14807.010977897,4019
0.46,13.1780564570887,0.050282189040418,10086.8066223961,4020
0.358,2.63337424970703,0.00711598677749168,12080.6080025829,4021
0.2605,1.86682154350727,0.0226925657407811,2881.3655396297,4022
0.28,2.51013989326037,0.0128394317721219,6655.21311424955,4023
0.463,11.7481424121271,0.0334255488364608,13466.9867207924,4024
0.4195,6.700405812535,0.0669993165549616,3764.89645705367,4025
0.367,6.03443605518211,0.0138950536765613,15675.0491010999,4026
0.2555,4.41135795768078,0.0978484126100746,1550.48449409262,4027
0.3985,2.69584150342981,0.015712362082582,6069.13830741843,4028
0.446,6.16072536073003,0.0362864440618451,6412.67381467831,4029
0.4255,5.47811600372143,0.0238798961609018,8448.83160264145,4030
0.3095,3.24488534754063,0.0147354429067221,7910.48164966008,4031
0.3765,5.89019771610792,0.0479369651941759,4576.90280048997,4032
0.393,6.33850502972069,0.0209884982868913,11261.671077603,4033
0.137,3.48662181626751,0.0896504881429536,1332.89048631996,4034
0.454,4.57351950939174,0.0201779765692945,8462.1637408094,4035
0.3635,3.59453161842329,0.0252070241483199,5282.6106167574,4036
0.409,6.44471900528415,0.0187338422995804,12798.1984625137,4037
0.438,4.88578803222798,0.0156985078698515,11309.8127972017,4038
0.342,3.28357411360393,0.0242824108921883,4923.56585351337,4039
0.4655,7.42282469316256,0.0384199216024495,7224.01788463772,4040
0.29,4.35876673657453,0.0106817378730253,13801.9187544121,4041
0.4425,5.36991445916242,0.0576440597782861,3425.70598545216,4042
0.467,8.78430417838355,0.0333876088705436,10037.2382457945,4043
0.457,5.94287568857048,0.0319084890810753,6665.5434083325,4044
0.4585,7.31854450117272,0.0530554339138824,5212.06653827664,4045
0.253,2.58119521950645,0.0380580834056856,2515.15721640135,4046
0.3475,4.3748925164895,0.0238361378510925,6682.90905340846,4047
0.3985,2.75565092400288,0.0119650273387965,8001.70304435661,4048
0.4385,9.70855196658326,0.0238020574518899,15337.3652385408,4049
0.4265,5.02025919122177,0.0957744668238116,1884.63599562008,4050
0.372,6.10376574879802,0.0428555253149486,5375.18750856848,4051
0.37,5.04511051378083,0.0178682184048248,10338.499113381,4052
0.4075,2.99949870096642,0.00832062312053626,12296.3242788636,4053
0.298,2.93672200883288,0.0961823224171483,1103.1956236597,4054
0.364,5.0632438325428,0.0472147431181644,4043.62492748057,4055
0.477,6.36901402050625,0.0178578357826091,13201.5602887366,4056
0.232,3.6716610118545,0.0617675582096812,2176.54703469784,4057
0.445,9.85900166460741,0.0817526705750896,4395.88091167261,4058
0.2655,1.69176581107833,0.0418387729837333,1452.72800070485,4059
0.3,5.3975158567678,0.0309825258125699,6442.50322720224,4060
0.288,4.04435573369626,0.0401814957514291,3691.20347768966,4061
0.4575,6.7601778024007,0.0304250354893772,8458.73339193472,4062
0.392,2.61159212309419,0.0162690567230705,5713.50062555313,4063
0.4445,4.62134743106764,0.0133274104297006,12548.8515200506,4064
0.2795,5.62994558639469,0.0417472979518763,5096.19288772586,4065
0.4635,10.0137825840242,0.0393377961520698,9707.26507022761,4066
0.454,7.11902652064782,0.0389845851741938,6927.37572840689,4067
0.169,3.27398302843617,0.0661669085675331,1833.11593667031,4068
0.45,4.89432375440111,0.0132265469685137,13411.6497173848,4069
0.238,3.25339499898234,0.0168028690684248,6629.5616484874,4070
0.4225,7.60385695171277,0.0480211111983094,6006.22481495484,4071
0.4375,8.26161555332195,0.0347400613189989,9005.07708891856,4072
0.4695,6.9649863829347,0.0209814455273883,12424.1674017925,4073
0.272,3.92135515800785,0.0324894173642951,4394.46232560106,4074
0.231,3.28724895806687,0.104805826039846,1092.77279537515,4075
0.4355,3.45862400457405,0.0175696471903418,7279.07039779229,4076
0.4245,4.77929395992876,0.0127397143570878,13496.0374983847,4077
0.2875,4.499991308359,0.0674270645010634,2454.21811116476,4078
0.2745,3.42642119423722,0.0488689133262373,2604.58735283139,4079
0.2275,4.34824973630603,0.0378686762117306,4230.63724694194,4080
0.4435,4.52970589736987,0.0112290868725682,14415.8954937413,4081
0.273,4.0030015205037,0.0101191461729608,13080.4921363309,4082
0.371,4.69896205028602,0.0116745376525693,14027.5147258013,4083
0.3035,2.56860691650274,0.0738265428806936,1265.8008590448,4084
0.392,2.8617418401985,0.0122865007362112,8207.3728704269,4085
0.3305,4.66890699600205,0.0533769935561343,3341.46349524952,4086
0.3315,6.41313747365295,0.0190215462211382,12267.1854199445,4087
0.417,3.16268824637193,0.0200438820085217,5814.65830195255,4088
0.2225,4.38889821467956,0.0890185656310619,1773.78035579107,4089
0.4305,7.87413811441354,0.0696284807952585,3744.80073795277,4090
0.3825,4.88270449359269,0.00876179721819216,18908.7593950025,4091
0.461,7.34384471643834,0.01255153788916,21271.8529145391,4092
0.2585,3.48067359034084,0.0814628607978947,1549.36901297706,4093
0.3085,4.4176415091877,0.0406000439232658,3935.62431690657,4094
0.204,4.61481159964896,0.0580654199571344,2929.40395822457,4095
0.439,5.51571437548524,0.051054096062752,4069.23373412539,4096
0.354,4.05032475611817,0.0131864217144307,11030.2866034074,4097
0.4195,3.89795679937195,0.0139739050503809,9997.66772864236,4098
0.3275,5.04687790521967,0.016003367583784,11426.5501190469,4099
0.32,4.08472109194277,0.0213655940641169,6964.98304054663,4100
0.2635,4.50866835720664,0.0650490593496894,2561.01351424399,4101
0.2555,4.04668780146808,0.0730444506111223,2011.11061552901,4102
0.319,3.08374027168565,0.029341425000668,3856.71345750606,4103
0.3755,2.52496444253851,0.0260806628002099,3555.36585448927,4104
0.452,6.8521832494457,0.0558386286509387,4512.78261579843,4105
0.384,5.03032163303339,0.0411560890468422,4502.83473611034,4106
0.1845,3.20658619083517,0.0665069644929197,1722.3004183203,4107
0.1495,2.10743445608267,0.063966714346173,1215.2374742395,4108
0.4395,5.29092545722857,0.0143522465151328,13369.6331136268,4109
0.134,2.57211129395909,0.109149871470827,868.490641713825,4110
0.391,5.558463404067,0.0224202038995024,9214.20531407324,4111
0.4655,7.08676268461184,0.0364681852658744,7389.66419372068,4112
0.3115,3.78833848853747,0.0383993606182438,3630.51098338671,4113
0.452,5.00660987888493,0.0139144302460696,13153.8361778085,4114
0.4585,10.348684174235,0.0147570286864152,26010.5997961297,4115
0.4385,4.61892438212781,0.0389583410740233,4458.56821797984,4116
0.2765,3.6538974908583,0.0497264621657801,2765.52949656571,4117
0.434,8.21759025411692,0.042822276557661,7320.81614367256,4118
0.4675,8.10797510824173,0.0157888914732517,18984.5811845798,4119
0.181,4.17571386992952,0.050374369108271,3009.67910208641,4120
0.427,4.14116168364675,0.00997640769407456,14458.1098410722,4121
0.4005,6.74191216264493,0.0561226773027545,4512.98013987717,4122
0.415,3.25405573259394,0.0105344874791454,10899.9820693524,4123
0.2525,3.99911624113559,0.0669167226237872,2175.2542829127,4124
0.3785,4.36201594068382,0.0091118691251981,16399.3363951812,4125
0.3265,1.99040544922311,0.0175918967893069,3986.16024808885,4126
0.2425,3.44790426043364,0.0388569601896176,3173.39462720873,4127
0.342,3.46972565695118,0.021500740984403,5900.5319829177,4128
0.39,4.99189884934544,0.0242685805089836,7606.66555618182,4129
0.169,2.79512198839297,0.11217467334053,874.894326337371,4130
0.4075,7.52804018856747,0.0247404358608059,11392.8317463895,4131
0.307,2.83056494047008,0.0111184949194066,8716.70080413555,4132
0.3555,4.5356120279614,0.0221354806881425,7338.05567545375,4133
0.3345,3.74708339287694,0.032176228282214,4075.68645598228,4134
0.3675,5.21411775776853,0.0206829786620967,9248.57092207074,4135
0.4465,9.29396986484354,0.0238142428138773,14701.4280512592,4136
0.4015,5.64439698262789,0.0277477230047796,7618.88290327942,4137
0.191,3.05852679290235,0.145822039168404,728.821096852232,4138
0.382,6.34400177711069,0.0404227607720855,5915.41902086123,4139
0.431,9.46285392845089,0.0729963416848006,4792.19170608771,4140
0.2635,3.59879630918162,0.104068549100902,1182.85302933152,4141
0.4645,5.70253113471973,0.0216201569663065,9950.89965657231,4142
0.4485,7.42322772523487,0.0751651575091975,3568.44675577367,4143
0.379,2.94627789242579,0.0125939372094347,8048.86721069982,4144
0.446,5.08685913579284,0.0310504060662622,5985.42283483594,4145
0.3035,2.10846617887784,0.0090963121971776,7439.3800249195,4146
0.442,4.85470247769588,0.0105491349458364,16379.7151357535,4147
0.4305,4.670163705261,0.0158162716503465,10747.7277976904,4148
0.2295,3.67681771683861,0.109524055205019,1093.08767986235,4149
0.3585,2.19843153772337,0.0296171550354589,2691.72280949878,4150
0.4685,10.78318110032,0.0252975427878818,16176.2067943047,4151
0.3395,2.30834663034438,0.00940781308885168,8166.33330815801,4152
0.339,4.18953972590279,0.0340020009310444,4588.28958312267,4153
0.2565,3.34379226549644,0.0265601132461232,4371.97484607014,4154
0.1425,3.46159864212262,0.100709634035812,1198.72149123202,4155
0.457,7.02805055670336,0.0108961037319917,23311.9734268681,4156
0.2815,5.23564733105432,0.0646754733629367,3005.40656448025,4157
0.447,5.78397836439649,0.0183645189513395,11501.6453972909,4158
0.3065,4.27510735750896,0.00822546804700928,16971.6712232858,4159
0.437,10.5489984142403,0.0553228445078247,7281.21742367231,4160
0.296,5.22489021888583,0.0219120513299847,8875.55395695976,4161
0.2545,3.0249230193881,0.0604085065664631,1852.13152952598,4162
0.2985,2.47818794863498,0.0138316180324301,6221.90386503759,4163
0.1795,4.03829688649473,0.0400924844477839,3661.37937581123,4164
0.234,1.95275167956306,0.0246679706111169,2773.51141101393,4165
0.4475,5.41336215824615,0.0136426648860237,14505.0490036664,4166
0.4445,6.60214196925745,0.0134628980240278,17932.2391212885,4167
0.2975,3.94001023614624,0.0888152585647459,1560.57784373525,4168
0.2,4.08818403858587,0.0446462005777784,3340.13742467243,4169
0.4205,6.68692303710532,0.0215603855572407,11707.7450871552,4170
0.321,2.46819465394795,0.0181761830524539,4848.64503691648,4171
0.381,4.47591292125562,0.0173254069485142,9485.67095878568,4172
0.315,3.74220306992646,0.0198819201225364,6762.90274176656,4173
0.2245,5.15192544106219,0.0228625213897779,8043.31355774008,4174
0.428,6.27711189589873,0.025828314388849,9104.75085222638,4175
0.3695,5.62774241971361,0.0309464058613185,6842.13715678666,4176
0.382,5.56110471630254,0.0583585557613023,3498.33512086368,4177
0.327,2.80238169052922,0.00874680541155784,10543.0013617306,4178
0.378,3.65096773148887,0.0163012577262278,8021.44867107559,4179
0.2035,3.66172746238082,0.0962518386574036,1337.76997193399,4180
0.2145,3.34378338158718,0.135739389826096,816.971178848638,4181
0.4535,11.2065927834182,0.0181128554802547,23087.1642609703,4182
0.194,3.02414319673411,0.0894763062595942,1238.47953554281,4183
0.287,2.68557379186167,0.0166237054949447,5657.40346412203,4184
0.4515,7.66162619439074,0.0366069856213556,8078.80564163673,4185
0.4575,8.55670054368616,0.0418008772222378,7756.80696200319,4186
0.286,4.04447783854349,0.108986066097338,1195.61190749096,4187
0.3625,2.49563583024923,0.0248691884468652,3649.79623849474,4188
0.1025,2.0794548158652,0.0532144162972599,1414.50717472171,4189
0.369,5.12010213604897,0.0313116017632541,6062.36577850036,4190
0.229,2.17346927590087,0.0296774276973074,2638.15256449998,4191
0.31,1.85162919970687,0.0150681563122687,4270.88303354168,4192
0.461,7.29092202864537,0.0210697185914264,12875.44256366,4193
0.3335,3.09601747849269,0.0316771448020104,3546.89174555637,4194
0.3575,4.81743505210395,0.0423790442076617,4228.48978386389,4195
0.3735,3.60490515721287,0.0455229807791363,2964.19156795881,4196
0.2785,3.74032554187541,0.0468735593268167,2946.70954947225,4197
0.395,5.50336891267414,0.0554248518636438,3636.76604037045,4198
0.392,4.08649947792362,0.0256900181422443,5939.83557370537,4199
0.2915,3.48975754002244,0.0932727492017743,1340.1305736398,4200
0.45,6.86986725049547,0.0392478627038447,6562.80162396994,4201
0.4795,7.0423526645935,0.0101421363226621,24997.8708023888,4202
0.162,3.19447381431718,0.0974690592418742,1125.11586494266,4203
0.249,3.79985185026181,0.0593803396150448,2324.60812415115,4204
0.3505,4.00773367484594,0.00912059736099798,14918.1062777691,4205
0.4535,5.30762053678878,0.0181880423538827,10703.2930347466,4206
0.3685,3.08410466555125,0.0117582596228324,9035.42876359311,4207
0.216,1.64408655697011,0.0294654436620837,1982.54546383157,4208
0.343,5.01919981608371,0.0168736586269797,10787.5012443222,4209
0.324,5.04406110776326,0.0245178409830485,7441.65203223227,4210
0.348,2.20177778778366,0.007766566359369,9146.12237759932,4211
0.4175,3.46419028063167,0.0146712631180638,8437.48710205957,4212
0.3525,3.87162325032153,0.0198255837187015,7188.43814174699,4213
0.186,5.1948364559985,0.0647930015959246,2908.88871302946,4214
0.2585,1.64834084687513,0.0151283634920138,3657.41910937851,4215
0.2,3.49286517907703,0.0517643424263152,2472.53733388098,4216
0.4755,6.77326756514749,0.0221409491338709,11441.5034966178,4217
0.273,3.00746608205608,0.0784849468902589,1371.75273137784,4218
0.3485,4.4717547469694,0.0388706432570739,4283.7266001195,4219
0.1925,5.1344355714128,0.0348205723378766,5324.08937136957,4220
0.2135,2.80013317422552,0.0932485854861961,1081.91969239549,4221
0.3285,6.07554569785095,0.0467612771546728,4894.57704617995,4222
0.426,4.8955999850418,0.008438932319213,20066.9448633241,4223
0.1555,4.51004886424298,0.0469170241530662,3502.38941145923,4224
0.1645,2.12898507618779,0.0512020154736837,1466.8072653171,4225
0.1805,1.94280330616021,0.0557957453327354,1227.59327935353,4226
0.4425,6.2583552428247,0.00967781520048173,22962.989777074,4227
0.1765,2.90063677637145,0.0596365561168307,1760.86246660564,4228
0.4575,10.1406049134236,0.042359677477061,9143.86799036872,4229
0.413,3.21633692200771,0.0202403826192562,5786.79763232274,4230
0.3065,3.0212059392853,0.0429483626156608,2589.16009264186,4231
0.429,3.90722874662191,0.00771879621644584,17284.6677826597,4232
0.359,4.51482151264406,0.0654093016039354,2518.48407603635,4233
0.353,4.81344957259943,0.0325731307461092,5486.94970892107,4234
0.452,4.29058276859354,0.0206051722603413,7686.16598578762,4235
0.366,4.69603361288842,0.0137134994203284,12254.1931842714,4236
0.3215,5.03673280506214,0.0645947639331275,2835.04401325428,4237
0.4715,5.4602882342623,0.0157865693044497,12738.2506665486,4238
0.3795,4.47818039439325,0.00873894229698289,17461.0162850839,4239
0.451,4.88858611132365,0.00777327202402259,21581.8185110681,4240
0.455,14.447945306647,0.0407012177740852,13554.5169750001,4241
0.2345,3.69130983679904,0.0752220572561844,1738.38017991225,4242
0.2365,4.81442044993889,0.0470152783642817,3905.69261761308,4243
0.349,5.06090214249646,0.0421416500790147,4512.56431658296,4244
0.335,3.81333702821197,0.0218257537212982,6378.66381391176,4245
0.2285,3.41622872085415,0.035631111400734,3463.19085821198,4246
0.2115,3.47491569890231,0.0913881145526344,1327.79544661088,4247
0.31,3.12084105114491,0.0102267782049647,10367.2151766965,4248
0.37,5.03419651728778,0.0645569311263938,2778.83590787165,4249
0.3435,4.50452510806109,0.0758699478171851,2002.84808703484,4250
0.4515,6.11480163327154,0.0282139148590968,7847.92629380886,4251
0.4475,4.08217871552924,0.00765422730391522,18372.3578827975,4252
0.2825,3.96144497734147,0.0587384854757411,2480.82971428571,4253
0.139,4.42294509312183,0.0646543456458451,2440.92794269201,4254
0.414,3.18626411632252,0.0164037040099328,7105.70087694645,4255
0.4065,3.33128596109956,0.0081679476441764,13668.7910604956,4256
0.338,4.18704472386325,0.0215803137153608,7007.05587679801,4257
0.4475,6.42594368759034,0.0562713491788196,4304.21947705204,4258
0.237,3.24195725368615,0.0715588265471858,1655.81084663321,4259
0.435,12.6361382513269,0.0684730535462524,6729.4981766017,4260
0.2875,5.30915844144632,0.0314082063969249,6225.35789214849,4261
0.354,3.09837297563381,0.012391005489785,8823.68878020057,4262
0.3365,6.28884228726395,0.0479365440098318,4841.43913152437,4263
0.365,4.66141586103412,0.0466903209258599,3769.29072808611,4264
0.472,7.93359291981872,0.0119714848477894,24282.0931559922,4265
0.4655,8.85218338827171,0.133233731568777,1912.31740621086,4266
0.377,5.12417746983183,0.0144428741228435,12822.8551562927,4267
0.4555,7.85458736539847,0.0136303811928387,21154.679116595,4268
0.4555,5.46534588606131,0.0382014339412939,4930.68531741676,4269
0.3245,3.78201951455033,0.0084321377817508,14788.6527835252,4270
0.318,3.41205049852439,0.0209792915228936,5853.28094676761,4271
0.345,6.69243675401651,0.0606815010205707,4072.33760906157,4272
0.14,3.84412528951304,0.0739301199238826,1836.98940339022,4273
0.45,12.6014215950559,0.0341766778980196,13982.4511689685,4274
0.465,4.82770008277652,0.0139386572913,12671.7007033394,4275
0.2435,4.73556057752928,0.0279197448331431,6127.08624887137,4276
0.3475,6.48229106295567,0.043705349893517,5613.47395785947,4277
0.4295,6.52125523393011,0.0092710697689508,24704.3260265783,4278
0.397,4.13744746338365,0.0145802484081015,10205.2705541211,4279
0.4125,3.49965431763692,0.0408870439988706,2984.01929757897,4280
0.453,5.3742925749661,0.0160276107594411,12340.9414534577,4281
0.438,6.20055571487843,0.0194854879386152,11819.014603606,4282
0.3295,3.41115576288189,0.0470380626937241,2664.11729171511,4283
0.399,3.65058816726673,0.00975756373178004,13046.160966667,4284
0.1075,2.41842167558283,0.0737593436005396,1159.61246192166,4285
0.451,12.6766261014404,0.0991472532136722,4321.26977082092,4286
0.318,3.54133255363203,0.0336863050384544,3835.73979339226,4287
0.371,2.7385991659724,0.0108464136816777,8699.23920123396,4288
0.424,3.06546004533852,0.00849476058552084,12352.0371320777,4289
0.2215,2.85400149968754,0.0168725324748851,5809.72885348712,4290
0.335,4.55027503997198,0.0619274095797896,2688.0334183738,4291
0.4405,7.42851632811647,0.0484530291457198,5813.52190046306,4292
0.463,12.8893498403382,0.0139388417731929,34561.1132101529,4293
0.312,2.28711832542117,0.0126696158932636,6157.96430639488,4294
0.348,6.20600772771795,0.0407567471791548,5736.9386195983,4295
0.2455,4.11052442501191,0.0454649757545807,3359.26900482374,4296
0.4105,4.12448269742633,0.0130464584005869,11248.067349708,4297
0.3895,6.11526762626954,0.0268814471220766,8577.24445093652,4298
0.43,7.81860469524306,0.038265005144161,7789.19507396305,4299
0.4385,8.0748849364328,0.0358781559382556,8568.98594584126,4300
0.358,3.13399057492031,0.0151419426412384,7437.93970200939,4301
0.34,6.88177383954179,0.0285272301136237,9117.91335805913,4302
0.4455,6.90985187669586,0.0495247457255559,5331.28797114423,4303
0.467,7.04116948538679,0.00891460836354218,27762.3137461589,4304
0.183,3.43575114941571,0.0728691386813525,1618.64796448969,4305
0.295,2.77954215920005,0.0957945140327851,1047.23806432835,4306
0.4145,8.03010041046701,0.0492429866796707,6115.66632343951,4307
0.3685,2.37771613694175,0.0246429447593641,3523.89466175753,4308
0.4665,7.23531265923467,0.0261627294707541,10057.7962160091,4309
0.4525,5.61550113026617,0.0316654545205407,6747.82335655601,4310
0.322,5.00051073915692,0.0332196795898275,5579.04833625979,4311
0.3705,2.70419224474162,0.035049598998173,2709.99017563407,4312
0.404,6.59306973295606,0.0441289486377196,5584.87063492544,4313
0.19,3.09139271021236,0.0474911671139747,2386.37951784307,4314
0.386,5.77330524272821,0.0168686922237004,12656.2760974094,4315
0.3305,2.11611784062289,0.00587700109650796,11024.3423085053,4316
0.273,4.69419977213273,0.0271187109214719,6402.18159141969,4317
0.235,1.9797128577063,0.0326521272126301,2126.18962971066,4318
0.3975,3.00415232408051,0.00783958455353071,12755.7008967926,4319
0.432,5.54479012465636,0.0102796657071361,19210.6756585895,4320
0.461,8.76341445227669,0.0550023645818315,5785.2172732029,4321
0.457,8.29007560907647,0.0107978642786836,27755.8262228959,4322
0.368,3.6297762496453,0.0278282738431154,4827.46311210096,4323
0.206,1.87118109960757,0.0331876688865463,2026.83168419786,4324
0.2935,4.06850949634073,0.0351111034758082,4222.991642256,4325
0.1295,1.9397522326827,0.0419719579765319,1591.32206300353,4326
0.4675,7.50757897971126,0.0113191830901892,24226.2459263654,4327
0.451,9.87435165439349,0.0371685425616283,10046.3756035546,4328
0.363,5.19241276173735,0.0622973080243662,3000.60757712916,4329
0.2815,4.60822241096381,0.0315277250858285,5527.29139200384,4330
0.4685,9.75682408084516,0.0180730515148888,20230.7277684024,4331
0.2205,3.99486701111408,0.051249708893283,2813.86031170535,4332
0.465,7.74200719910526,0.0297825519846525,9807.25724654907,4333
0.2735,4.2649965243337,0.107307922453159,1436.47906572955,4334
0.204,4.97275744604842,0.0244295493841142,7181.38768562447,4335
0.3755,3.09938971893272,0.0331437582524235,3378.91729679174,4336
0.3335,2.49662058830751,0.00938969804243051,8763.37152906833,4337
0.264,5.1574901874157,0.0644902715559592,2921.6258295888,4338
0.3275,5.05978972811512,0.0312534207597791,5867.03150541872,4339
0.376,4.29190020171903,0.0373538856378656,4289.00301253181,4340
0.167,4.53387629692825,0.0295189700637071,5333.28222349176,4341
0.4655,7.81282708514839,0.0768028117711493,3574.52879746299,4342
0.374,3.86608903430664,0.0144953840566344,9617.10274571147,4343
0.3485,2.36110616932846,0.00883608238536599,8842.3704392803,4344
0.268,3.56335427577553,0.0564369078462411,2298.26733796322,4345
0.1905,4.76825990458158,0.0271830957693679,6225.56465850848,4346
0.4225,5.6588206079052,0.0193924425555082,10653.6180323491,4347
0.409,6.79976724718207,0.0408255812543979,6103.65468479374,4348
0.4105,3.52089921316063,0.0073493218961482,15694.7182087591,4349
0.408,6.62859671888256,0.0596160403910044,3996.83841649492,4350
0.3205,2.78818071378307,0.0103861145797207,8998.08257966925,4351
0.2765,2.03355322989304,0.0127220106920158,5414.21388114368,4352
0.46,6.56506538129411,0.0105364060881714,22429.3928271619,4353
0.4895,10.6987935378839,0.0480584124841168,8361.76547010049,4354
0.3865,4.49843178078588,0.0121240779225562,13091.1473939576,4355
0.441,7.86726965083055,0.0381412522980682,7845.94472464395,4356
0.403,4.369069846964,0.0972852036027674,1557.46351321819,4357
0.336,4.3515157351806,0.0315252465332739,5118.27802187943,4358
0.3635,2.30204487855216,0.0235345634925096,3571.69974903237,4359
0.3385,2.59214673496595,0.00943217801874125,9245.05112351104,4360
0.4225,6.05416802241052,0.0401808160207772,5603.13373143633,4361
0.2585,4.15510051927555,0.0256737798952268,5774.3741106064,4362
0.452,9.58115952873194,0.0330593380944966,11031.0687614752,4363
0.4405,5.13033449792212,0.0106280991134611,17233.8396292756,4364
0.393,5.24571657297793,0.0202071318787736,9280.86941829989,4365
0.301,1.89701336611177,0.0121309077316535,5244.33331178202,4366
0.223,2.35392258026035,0.0814947247237075,1042.43159299112,4367
0.1535,3.75143741056955,0.0343025070312578,4015.3378010574,4368
0.413,7.37056269814991,0.0321386534539506,8609.56521467022,4369
0.308,4.42702729659391,0.0546074843279414,2955.10417683656,4370
0.161,2.93302826085561,0.114413853156663,900.586438252572,4371
0.1345,3.66625078818686,0.0807150640863689,1637.62289601482,4372
0.387,2.91846164802451,0.0128734501483213,7949.59441127673,4373
0.462,10.5228841897583,0.0578143728551413,6762.02224191845,4374
0.413,4.32362180716775,0.00753600477171569,19396.7104599302,4375
0.3575,4.26183811032058,0.00929382653651204,15948.3551412543,4376
0.219,3.50355111346614,0.072804950184,1712.76048232179,4377
0.1965,3.15059772388265,0.0456416799110314,2595.55419159105,4378
0.42,4.16459967763541,0.102806672403344,1387.76446514751,4379
0.3555,2.3915846191624,0.00757081026147469,10153.1445420849,4380
0.404,7.30012754407029,0.0362621189777948,7590.41684334161,4381
0.2755,3.85534233787155,0.0296249034702449,4732.59635878377,4382
0.4755,10.677231025246,0.0258820055131753,15648.7897764121,4383
0.318,4.52103595958213,0.0770768532702997,2175.39927278259,4384
0.126,3.00311317584372,0.0915085548077864,1161.95464223036,4385
0.322,3.49055653749988,0.00926196212301011,12716.6957968981,4386
0.3795,4.78020426417353,0.050919481901753,3474.83922348038,4387
0.2005,2.25616459323963,0.0160216375184414,4704.51864046513,4388
0.436,4.58916215609447,0.018550196497196,9131.08399736489,4389
0.172,2.78093459473497,0.0397940071447105,2525.99922351705,4390
0.382,3.03859527973547,0.0112204722086374,9498.6167250135,4391
0.354,3.91790593924298,0.00934840054485248,14196.7551197073,4392
0.382,5.70025845290218,0.0541319197416066,3971.23502745832,4393
0.2805,3.93348888880951,0.00802371497091314,15521.753943925,4394
0.334,2.20512754611763,0.0197259722631208,3963.13777152051,4395
0.4405,4.05534628870774,0.025455730501032,5993.96462199833,4396
0.1445,2.14823974976884,0.063362124480605,1212.70210196365,4397
0.2775,5.60562833080354,0.0261528560599871,7885.63576098023,4398
0.4235,4.56991177180022,0.0774212650569175,2037.19184484378,4399
0.4285,6.9650191447533,0.0471350548447003,5575.31152143601,4400
0.249,2.71711096774878,0.0184925126300407,5121.03127338573,4401
0.11,2.23713933232331,0.118022098238148,690.019964870252,4402
0.342,5.80695453107517,0.0245934032856686,8905.99700465954,4403
0.434,6.05138725734844,0.0251901433806262,9019.45198219445,4404
0.456,5.54948556683429,0.00813983564082259,23884.4080731473,4405
0.242,3.33266119052113,0.06619291545674,1833.97045863648,4406
0.19,3.19891905171132,0.084677264228725,1404.73492915069,4407
0.388,3.15418262409758,0.0126947883535213,8773.35140119838,4408
0.3805,4.72332443662672,0.0295540143831223,5613.14246870044,4409
0.463,10.1163857767783,0.0186654360848648,20289.82514768,4410
0.23,2.78849253062066,0.112526989728074,852.077147453925,4411
0.454,4.85437464564158,0.00951023795689172,18027.4866255721,4412
0.3925,4.97157311102172,0.0439815848620036,3995.68155731839,4413
0.4375,5.53059113682563,0.0557644687006579,3753.36987275855,4414
0.3605,4.64604353122452,0.0341388079885684,5100.41366012729,4415
0.434,4.5454146433422,0.0214966408691345,7870.21707210222,4416
0.3265,4.58975111426871,0.0105014940248401,15056.899916862,4417
0.3945,3.03531129484643,0.0136388340981667,7887.15109098742,4418
0.451,5.31578350676916,0.0137201463469249,14139.5418940838,4419
0.2675,3.47385794877965,0.0228093737201362,5494.68827651691,4420
0.4235,3.77285496895384,0.0158958824466922,8646.17435956803,4421
0.2785,2.39532219696011,0.0784870695601922,1086.65108655226,4422
0.3895,5.08095458274465,0.0126170485836933,14507.5915049723,4423
0.4005,4.99780163528329,0.0772981006776647,2421.09707685783,4424
0.4535,5.75235347499936,0.00974954904934143,21018.3555353347,4425
0.363,5.62814743105086,0.0815726305483165,2320.11717062088,4426
0.4235,4.99082216768464,0.0142631936478369,12745.5706567746,4427
0.429,6.79591794127451,0.0342560257136516,7489.24498504286,4428
0.2915,5.99932648974864,0.0647097143793301,3454.69518944198,4429
0.3405,3.4971535473021,0.0921009868892309,1231.28004120847,4430
0.4115,5.72410149374488,0.0305899911682144,6947.80310282854,4431
0.3545,2.73522782646283,0.00959872468957058,9701.70276372407,4432
0.353,2.61873543789533,0.024255633580185,3878.00308972524,4433
0.361,4.33096026846155,0.0144234648936294,10685.8325592776,4434
0.3365,4.74695192097088,0.0392684660500986,4482.71171739929,4435
0.369,6.66811637922756,0.0503358105961121,4902.89813806213,4436
0.4565,10.8828003064778,0.0826679817383073,4391.86041081515,4437
0.1985,2.10117929215417,0.0932706676543513,810.947653936952,4438
0.3595,4.90340832705664,0.0532891849161324,3427.14040299447,4439
0.259,2.76385953040035,0.0204854561098755,4749.75757389192,4440
0.385,4.71138676637782,0.0244604787659534,7197.15369249559,4441
0.4495,10.8779826953637,0.0557308097755482,7070.59959096058,4442
0.195,4.27579490117166,0.0463950813549658,3406.5304968437,4443
0.39,2.53218576548442,0.0103053131256618,8427.92575064138,4444
0.397,7.67703581111516,0.039770121458906,7361.86302895425,4445
0.2695,4.41255494458195,0.0296316348242904,5589.73471185035,4446
0.133,2.92958911227276,0.138490499537593,721.291970145109,4447
0.2695,5.23899589205942,0.039552831445256,5020.68874195019,4448
0.4615,7.587352540477,0.0136392224381432,20412.0727713896,4449
0.429,8.39913162607277,0.0825284885445163,3457.55650264389,4450
0.286,3.9316781591962,0.0197975004964368,7140.24006188668,4451
0.2225,2.6548940043788,0.076492256203727,1253.57230891039,4452
0.428,4.0155065987157,0.0100503736218904,14138.2371845558,4453
0.2675,2.68563010223754,0.0873989891592773,1131.6152079953,4454
0.4795,8.90098648791767,0.0456744929091983,7328.08347324887,4455
0.4505,13.4276680300386,0.0556300034949296,9093.40331580766,4456
0.2765,4.57061462221903,0.0897785162548403,1806.97104042216,4457
0.2815,4.75374838787662,0.0656950137677456,2520.80797709135,4458
0.4005,3.63634646318386,0.00754898476882894,15927.1333408677,4459
0.438,6.2846503648031,0.0274917267640788,8569.77936222291,4460
0.348,5.26006111964083,0.0834996937780123,2189.33546601057,4461
0.397,6.58073567240795,0.0457281579413014,5336.89347427061,4462
0.418,3.21249462602578,0.00650555227114568,16003.6478609291,4463
0.4245,7.73872007345287,0.0499512997574752,5905.22631591655,4464
0.2555,3.48015991946053,0.0315284787957899,3929.61622472396,4465
0.3565,4.95316668509673,0.0333649349221148,5213.6578685259,4466
0.1815,3.50800530657144,0.0536870446258396,2384.6410273002,4467
0.465,5.90370719570874,0.0112015625235513,18954.615275919,4468
0.3205,2.14037277093094,0.0119286703760655,6027.56200506433,4469
0.4255,2.80832686743276,0.00814425731676795,11721.8924210839,4470
0.4785,9.80736669212425,0.0403465173801604,9136.14613548005,4471
0.227,2.92567400864941,0.0746397717729871,1438.82301046092,4472
0.298,4.70846041585702,0.0244496104162868,7070.02601586902,4473
0.3325,4.18844215361025,0.0267182096983668,5716.44150531255,4474
0.268,4.38199128012213,0.0473736298386197,3402.83109575735,4475
0.326,3.73205881581608,0.0881109878904843,1387.48165732962,4476
0.4325,7.85124167703918,0.0466579799490619,6268.03427599698,4477
0.46,6.69947572272667,0.0118722360062019,20478.2822444443,4478
0.3385,1.93547217638629,0.0560206298948848,1198.06484014449,4479
0.463,9.1255042393065,0.0350770493918101,9894.70088318951,4480
0.4085,6.15580186237649,0.031144870080811,7534.61001883203,4481
0.3285,5.02147175679364,0.0676355456285493,2720.41726606026,4482
0.2305,3.00366020443185,0.123982936595937,873.286280723967,4483
0.383,2.52927703625142,0.0102370806768281,8443.65866168028,4484
0.4635,7.98342712019264,0.0200662799993074,14524.9864338245,4485
0.3615,2.41012765501748,0.0156102016992492,5498.34183729108,4486
0.422,3.61215771679761,0.0624830412247878,2154.59921611063,4487
0.381,4.2173024743131,0.00745466994232462,18994.6978354001,4488
0.4395,8.85168894951317,0.0356704257328823,9449.65130688218,4489
0.3855,6.04446386193171,0.0298718161058153,7531.22294501288,4490
0.4455,8.23708656217434,0.0589283015928401,5256.59918336059,4491
0.198,4.08401543063472,0.0180202999651668,7613.91763904346,4492
0.4395,9.54022737070979,0.0500104976593968,6923.32136231436,4493
0.455,7.06069517791974,0.0155910852213859,16793.999135985,4494
0.409,5.23562437907622,0.0163942906347932,11752.8501054975,4495
0.3005,3.49038646461583,0.0753424187277335,1681.54250158005,4496
0.4115,4.72164017071969,0.0130419762447968,13100.5531968072,4497
0.4245,7.05613835466501,0.0164417085200706,15808.7954225761,4498
0.2225,2.02979068185263,0.0851196756956629,869.019083916859,4499
0.382,2.52044383336804,0.0111249876980817,7891.46307169813,4500
0.4505,6.58866919627464,0.0370581208172694,6204.20098333757,4501
0.4325,5.57456912819229,0.0131954241133064,15300.6040696225,4502
0.3375,5.80984879542427,0.0563183762932932,3774.60901645789,4503
0.4515,11.8418883163627,0.0331828936909293,13670.4443017525,4504
0.24,4.48388679149558,0.0320617191145885,5225.4549867787,4505
0.4245,6.52149955880281,0.0502283085000337,4891.19619712571,4506
0.4505,6.58261513109731,0.0280259945214801,8333.12119677332,4507
0.458,16.1218190965692,0.059562246140822,10119.8810024143,4508
0.3795,5.82853860783748,0.0438313587070246,4962.77218192158,4509
0.259,4.49565558095512,0.0357786976144541,4616.1183756299,4510
0.443,7.83706808670591,0.0351881416030424,8401.01080936785,4511
0.2675,4.28270245091358,0.0599975614191025,2582.78850979034,4512
0.449,10.390653030612,0.0376397690364821,10229.4597689284,4513
0.309,3.17731927590554,0.117386723193718,979.825092052401,4514
0.1155,2.03837131730443,0.0819089819158493,895.414088742723,4515
0.448,7.93894122801458,0.012482035232795,23320.7550588242,4516
0.3465,3.58217669258415,0.0471047294174623,2869.33991302154,4517
0.435,5.84198061416399,0.0449889093630484,4863.35112497834,4518
0.1335,1.38869281848031,0.0482409670257788,989.471547973997,4519
0.462,7.64530981233617,0.0218060096097963,12924.1666875494,4520
0.34,5.14215649577997,0.0331071036718321,5850.12492981806,4521
0.456,6.41948149286046,0.0173932470924557,13585.3961353315,4522
0.3525,4.19495730873343,0.0180679948149053,8438.26352376591,4523
0.417,4.54835474976385,0.0119766604489761,13606.795854631,4524
0.1305,2.337818749974,0.105727795825826,815.395895546377,4525
0.433,5.78235116272945,0.0452851096128037,4839.70725101103,4526
0.3245,3.35023376535287,0.0161248943857568,7405.95662988012,4527
0.452,7.31344916991371,0.0178360786598936,15350.0260318733,4528
0.217,3.7698702728064,0.0868124504988474,1450.17593943418,4529
0.405,5.54672330742269,0.0643998321215924,3081.2928792417,4530
0.453,9.79127729432028,0.0384529026118591,9706.73937489672,4531
0.4485,10.6233701223545,0.0546810809978248,7142.49236982949,4532
0.139,3.27418057445689,0.110390733901761,1065.49926198422,4533
0.2985,2.51814548440276,0.0654921935832676,1385.88480621848,4534
0.451,5.82091686840919,0.0127960974466143,16555.9525383036,4535
0.312,1.89975077955574,0.0232147553369379,2969.21949363829,4536
0.4335,6.01166636142834,0.0441971613457963,4931.83515710146,4537
0.3975,4.11602991931632,0.0277632009847058,5475.78848704422,4538
0.34,4.19712568711378,0.0363320260414304,4370.35772572867,4539
0.375,3.00392071370348,0.0129183082474779,8245.52819804183,4540
0.3795,7.08825094311408,0.0408578189373855,6630.0004436147,4541
0.318,3.9861551439095,0.0371755165231066,3949.86939819016,4542
0.338,4.70470810318218,0.0291991000471208,5992.83018992529,4543
0.254,3.63188997056268,0.0159639035109916,7994.78756623674,4544
0.3415,3.41657195971707,0.0117738458349578,10032.3168835683,4545
0.445,7.93025162340411,0.0130736687371175,22254.2754422926,4546
0.2025,4.72865510639221,0.0220019315397776,7557.75572771705,4547
0.426,4.19016007992163,0.0113184912179615,13170.6089220943,4548
0.348,4.35242998033933,0.0231799762781923,6918.90246026648,4549
0.1935,3.21624664026965,0.0432525148009829,2708.94384502394,4550
0.462,5.94895549516156,0.0176358111121505,12591.535002308,4551
0.356,3.72115610042091,0.0404593256315497,3416.16125872086,4552
0.291,4.12681350892929,0.0517012991825816,2908.8440861566,4553
0.3665,2.94463181845952,0.0121555226534485,8463.52453708163,4554
0.4605,6.19219327940187,0.0248358305873456,9295.37455642397,4555
0.2775,5.51536375024989,0.0249001478211267,8189.00844466659,4556
0.3205,1.99836310443399,0.0115089409223047,5861.7184403462,4557
0.334,2.14117051958236,0.0118619049538867,6206.44129637675,4558
0.4355,3.96044699423037,0.0260598787115736,5554.29775641738,4559
0.3175,5.82446920015286,0.0327186940697682,6718.87908083691,4560
0.463,11.9268463539817,0.0139661233717448,31669.1461427951,4561
0.388,5.75116209220779,0.0269381679863326,7998.63851932572,4562
0.3345,2.33866630224342,0.0230551429058891,3632.493955135,4563
0.424,3.45711145979004,0.00848895134785212,13988.1910436532,4564
0.443,12.8580087503075,0.119169056447746,2931.17732180205,4565
0.2625,3.42212816379594,0.0541174171114956,2292.98841706366,4566
0.4125,4.27851945116857,0.0294177474291781,5351.70979214201,4567
0.3835,6.53538102015712,0.0555140730710834,4298.67728974959,4568
0.2115,4.09917716583159,0.0410136276384523,3585.91381272882,4569
0.3125,4.03241061770643,0.0622670348290556,2321.47841750415,4570
0.417,6.21920097529256,0.0132634666823777,17084.7741941788,4571
0.4245,5.77112912292166,0.0364408473508855,5958.33021427701,4572
0.306,4.40844404508647,0.0504836338910801,3175.59391928628,4573
0.301,4.94081161794685,0.0277222891260186,6549.93589329219,4574
0.4695,9.78705936733496,0.0538334012137618,6903.84911867115,4575
0.1865,2.09058753553458,0.0471230805040484,1632.25867421642,4576
0.451,8.46001292844566,0.0145838199871193,21338.7807186515,4577
0.469,14.9584574803819,0.0766594818194744,7110.11117199101,4578
0.395,5.06764036143934,0.0686825016147123,2691.23712220817,4579
0.3685,4.58702442286501,0.03418673501954,4937.07508586904,4580
0.3325,2.87608435357359,0.0123720546593045,8020.38516060574,4581
0.383,4.19984863706726,0.00857468187711284,16586.6007841075,4582
0.4145,3.63820595898495,0.0277169375556552,4897.14458686967,4583
0.4135,4.43101080910894,0.00878622939807913,17361.1545489297,4584
0.3495,4.0970384627364,0.0332837140098283,4489.69355219733,4585
0.447,6.75653656639644,0.0996828533396893,1749.33346061238,4586
0.367,4.42262750504812,0.0540511270313338,2997.07576013765,4587
0.2685,4.29737887383278,0.040799854665286,3873.51797096441,4588
0.321,2.47955357115934,0.0116881867518166,7294.45350162945,4589
0.3685,5.35257082940072,0.0170780307763577,11352.6524603254,4590
0.184,2.04115925371061,0.0512365822427197,1452.7355796653,4591
0.364,5.85095879327907,0.0448894956060727,4830.35437846533,4592
0.4205,6.547220607213,0.0131351723773936,17962.4047174798,4593
0.43,7.05863947681469,0.0518663134376873,5044.39500158514,4594
0.3855,4.92638286820403,0.0804597721257737,1904.45295926068,4595
0.39,3.33375946563645,0.0248477363016989,4855.25380952953,4596
0.443,4.2083384033131,0.00956735271291116,15508.0893370197,4597
0.2795,4.14637438394445,0.0933590181237973,1495.38604233758,4598
0.4425,4.88956828794877,0.016066250142091,11265.3937500708,4599
0.2495,3.80573678737822,0.0632677054381073,2200.88897810616,4600
0.312,2.64316277575835,0.0149494887327662,6215.01436858043,4601
0.3375,3.72800602423393,0.0122880016807974,10477.3577064869,4602
0.449,8.95057554000948,0.0810585686764996,3674.33966329281,4603
0.4355,11.2343527420557,0.043318641519617,9857.27225490555,4604
0.4245,3.49512879611998,0.00477664926841237,22660.8011677764,4605
0.307,4.80077669423534,0.0723170609721104,2421.59942427065,4606
0.273,3.50427366485513,0.086609093931305,1332.91235907669,4607
0.377,5.10290973898819,0.0564131502374164,3383.31570549448,4608
0.1775,2.04482283359062,0.0630053190798015,1204.31640023241,4609
0.261,2.90160109485847,0.0246129301203493,4150.50460194146,4610
0.2965,3.03184044063048,0.015985530887244,6630.8593412803,4611
0.4205,3.15384187363198,0.0111973297409329,9976.18596775857,4612
0.192,4.78935305766171,0.0288194870641287,6026.7131548666,4613
0.1755,2.77917766138621,0.0498862788261627,1986.29606401311,4614
0.319,3.60210760578927,0.0105943411475106,11542.8882275164,4615
0.3085,3.34206163505833,0.14334660616271,712.492951422598,4616
0.3685,4.43641993768991,0.0185186496040688,8583.03704428733,4617
0.168,4.32461452239881,0.0606008058381058,2517.47408845856,4618
0.1935,3.06713692426149,0.0591977372340492,1885.06005647123,4619
0.433,6.44964415376901,0.0483595401037741,4992.567330291,4620
0.373,4.44828505752574,0.0224974000451667,7267.03600203835,4621
0.442,4.39457122352564,0.0249493768135796,6336.36470470578,4622
0.4595,9.75901226952007,0.0228204705306281,16111.8555417671,4623
0.4595,11.2716222227748,0.0655959331888148,6450.3346359667,4624
0.1835,5.08897979019103,0.032083397613297,5764.53188798734,4625
0.421,3.26947460866252,0.0157652527420679,7515.75654427333,4626
0.442,5.00501848860648,0.0106434956779565,16865.5012272734,4627
0.2135,3.01557522305638,0.0171829893798007,5944.95902150142,4628
0.4055,7.25093556482422,0.0311390575912751,8860.8959553188,4629
0.312,3.5559797934331,0.104952735032391,1163.49901533506,4630
0.417,6.99721492333081,0.0349709429565655,7526.2877599147,4631
0.4635,4.87500788607439,0.00946750293916739,18195.7384455819,4632
0.1785,2.03314681321642,0.100359974833755,695.901615948896,4633
0.238,4.42616713300768,0.0525245200265605,2959.88810436786,4634
0.4275,3.9540538642395,0.0418444130206602,3368.8883782588,4635
0.113,3.12382204503563,0.0688235340608384,1596.22995531214,4636
0.4475,9.07340469399917,0.0214552870669712,15798.4778590784,4637
0.101,2.58207114534241,0.114926710944379,777.877371306336,4638
0.3385,4.94582988451721,0.0094188400663305,17717.9984419623,4639
0.3995,4.96514267999258,0.0295502159216615,6319.80167062339,4640
0.3385,5.91995103069362,0.0372230767076115,6010.41182393749,4641
0.375,5.36696665540286,0.0258650581582176,7851.22204786151,4642
0.2695,2.51929807639649,0.0675834708949409,1360.67476920326,4643
0.424,3.98583945842616,0.0156565570640301,9225.45506667911,4644
0.223,3.24864239795106,0.0474274177119557,2534.85402134843,4645
0.458,9.31858071253201,0.0767275259063096,4489.46317269314,4646
0.2625,4.05004417440101,0.0132298299327984,10505.9572816984,4647
0.3815,4.76581504060278,0.00907309021732727,17986.4714880123,4648
0.452,7.64089758414475,0.0256936031434666,11216.518721828,4649
0.242,5.31346488415731,0.0294536581471372,6634.95846700406,4650
0.4525,4.73860024962555,0.0256363584993363,6938.9170650227,4651
0.0975,2.664880335305,0.0847574818937165,1108.37232645203,4652
0.4805,8.88343602213608,0.0364158109824499,9231.92571462398,4653
0.459,7.25653495713655,0.114377045062285,1335.80727145278,4654
0.4065,4.4541734812305,0.00701211421044212,21285.9197922808,4655
0.4445,5.3964198318064,0.0205525466357088,9792.81236437935,4656
0.159,2.73635768222111,0.0848800819419,1134.98546499404,4657
0.252,4.03208764359067,0.0490212733797725,2991.15406454594,4658
0.2765,3.93844080749567,0.059937063821701,2387.8805072787,4659
0.3105,4.57795437133953,0.060152713122284,2763.88722218363,4660
0.2715,1.89088157631251,0.0213980794969001,3125.65123703113,4661
0.1945,1.7891740421679,0.0659882165879564,980.621025422269,4662
0.4375,7.49426040640299,0.0596334736865878,4592.51203436816,4663
0.179,4.15655983775504,0.0606698997001843,2470.17590615643,4664
0.2435,3.8964705292933,0.0841937299898144,1682.34325939105,4665
0.369,3.9923834420135,0.0223836874609476,6574.79724821719,4666
0.2,2.22363376523492,0.0506312993171453,1585.42299213908,4667
0.3225,3.7075688807177,0.0379442857559966,3652.93518037472,4668
0.4025,5.90240310565404,0.0330884231675477,6767.1572227904,4669
0.4515,11.2679664541304,0.0831070563010659,4050.27096716987,4670
0.135,2.38836768491037,0.0342462050899828,2490.59860710335,4671
0.3925,4.84885012243172,0.0326241961573436,5172.50645434074,4672
0.4225,6.29027121376089,0.0315593858709037,7591.48264327502,4673
0.4575,9.21312366152138,0.0126889354391316,26629.0641770922,4674
0.328,4.88546113987441,0.00940517051532316,17446.9718945511,4675
0.24,3.103569169697,0.0938718002066297,1203.1942198845,4676
0.4775,14.3124464626891,0.0404788266716748,13369.3022958607,4677
0.2685,4.2504927248349,0.0244437952215124,6277.94638685962,4678
0.42,3.19789876389521,0.0242090628606539,4802.95265545573,4679
0.383,2.76991842765432,0.0143303508191723,6844.57472903083,4680
0.368,4.20794844438974,0.0191568915427383,7815.73529907102,4681
0.187,2.88315938421931,0.164548931020149,543.336767859561,4682
0.377,5.57978653068301,0.063270970923918,3026.32419792636,4683
0.4545,11.0267646719175,0.0327165565170139,12891.4077866071,4684
0.426,3.34810067178361,0.0151708828232109,8017.65237834436,4685
0.173,5.23773667693862,0.0742370305395304,2499.41578225652,4686
0.4155,6.068215769538,0.0745571955106553,2568.53521053512,4687
0.416,6.81678817683765,0.0391260583116209,6608.09899199949,4688
0.4125,5.26313022666691,0.0162892152153984,11756.079308625,4689
0.3245,2.97807853400606,0.010931715058265,9378.68473856525,4690
0.4545,5.41144170223647,0.0142225395850096,14013.00067776,4691
0.323,4.83372800669855,0.0185504064938845,9360.01080738215,4692
0.447,8.69210474011389,0.0436510586245682,7519.11102531352,4693
0.4635,10.070119109459,0.0322888047586261,11988.6427666508,4694
0.4805,9.0701134607812,0.0336948098411857,10180.2892676303,4695
0.281,3.77196705333959,0.0265676752051518,5238.67378405242,4696
0.2805,1.82272617612188,0.0108655175405081,5526.15194910561,4697
0.4645,6.60764003242312,0.0522272315567356,4813.44263319678,4698
0.3125,4.690589388418,0.0376786973528207,4607.71643190903,4699
0.3855,4.73188041469285,0.10424113675793,1318.52451275189,4700
0.2995,5.09924339414243,0.0535958179679004,3535.98877462969,4701
0.184,4.83331192577398,0.0669808481579464,2663.55340322838,4702
0.4315,7.35234132011845,0.0515977320662693,5344.9069380898,4703
0.1895,3.18127813316884,0.0216990640756373,5072.99105179022,4704
0.3535,4.84690351284777,0.101811418206078,1599.09999408918,4705
0.279,4.52639337861126,0.0267962808783033,6317.07501847746,4706
0.32,2.45320425627301,0.0110394981630933,7552.83726803195,4707
0.401,4.3944181844889,0.00827830645339045,18283.2537071786,4708
0.4285,5.65173599348293,0.0195090749921653,10788.9849416524,4709
0.382,4.62643951599312,0.0413284268209166,4170.77541260145,4710
0.436,6.43625663319296,0.0417586294483777,5793.07074149462,4711
0.347,4.77802067650208,0.0644080969534828,2735.21619710667,4712
0.313,4.04682116145794,0.0117266682758135,11693.097867298,4713
0.2445,4.50901432786535,0.0382998598265322,4320.64079213597,4714
0.4285,4.32493738212194,0.0127476533756174,12338.1223876537,4715
0.2295,2.34776335367371,0.104427141213661,820.567148809996,4716
0.3505,5.22214630580522,0.0392002465523758,5050.94862410975,4717
0.3955,4.30094223320295,0.0147732691688959,10566.5454773702,4718
0.28,3.332744589167,0.135864000157432,829.14782215473,4719
0.3775,2.60886936679643,0.00737365505075139,11646.923461543,4720
0.448,5.94106839672518,0.051499683960489,4297.30825128346,4721
0.4155,3.02030147510919,0.0116503418713377,9192.83575437196,4722
0.366,6.54548426424011,0.0396814252400588,6213.31496201397,4723
0.457,5.28123292495631,0.0307759908007796,6514.89019917735,4724
0.4035,2.86662327507927,0.0066104821871547,14096.6511587268,4725
0.4665,9.23688942645263,0.0111550553501788,30275.3879563293,4726
0.277,3.61143781293027,0.0355572107471848,3662.86437862771,4727
0.3265,5.2446185817367,0.0415090028223556,4692.54328401138,4728
0.2405,5.01471101985165,0.0230173443841158,7869.83537702699,4729
0.3415,3.19606225660371,0.0144207903720184,7753.7977096119,4730
0.132,3.44428471133667,0.064829951598685,1947.33992718268,4731
0.424,4.63295976234326,0.0414670500142757,3797.09067145242,4732
0.369,4.5766844276144,0.0175403681321693,9412.74694652959,4733
0.339,2.90039029621278,0.02920192738461,3528.59045259965,4734
0.4005,4.26524166220205,0.0100177469435964,14775.2646089392,4735
0.2405,4.15695363298698,0.0348126368104821,4362.12600349321,4736
0.4095,3.96275176185989,0.0333173685204285,4473.2269994118,4737
0.336,4.17312561243909,0.0448152455860295,3427.20074326041,4738
0.409,3.77058963276516,0.0108045956112422,12267.9151411248,4739
0.3245,5.31662063395707,0.0441353576644613,4538.8714284645,4740
0.452,5.14036695472448,0.0358960425217139,5438.81881189478,4741
0.4155,6.86642662497823,0.0570412319830084,4378.14463006739,4742
0.322,5.24118760863923,0.0288304520537117,6586.50909171047,4743
0.2235,3.68993291346393,0.0513998931254763,2583.31734721895,4744
0.367,6.30016372631198,0.0575803869451175,3881.91705972269,4745
0.449,10.2142365872435,0.0426786206561317,9103.48395939819,4746
0.342,5.36823927654849,0.0301372615160857,6672.95560521741,4747
0.247,3.75444365105854,0.0722109976064443,1867.44214874906,4748
0.4165,5.08550967396362,0.0178241454064981,10288.7339553199,4749
0.3985,4.69259940924896,0.0106590098808072,15519.052084327,4750
0.413,5.64930646626345,0.0354904739235959,5829.9310005852,4751
0.2945,3.35588188328129,0.0860972776340014,1345.34572285617,4752
0.2025,3.14567957856153,0.106015854911345,1061.57599863928,4753
0.156,3.21479792696012,0.108073917678755,996.869090433407,4754
0.454,5.8674639061686,0.00882639124885382,23205.8332516355,4755
0.2745,4.47763807494111,0.0563067928866823,2946.421396688,4756
0.3925,4.89211108383287,0.0109552133474833,15791.4847589693,4757
0.198,2.10682923969264,0.0608867927694084,1253.8412465864,4758
0.3595,4.25207301406581,0.0523050102665141,3007.67169941098,4759
0.4485,7.15284215500533,0.0669916047163403,4030.60537116574,4760
0.4355,4.85339690714961,0.0952513924836984,1578.45119856803,4761
0.1915,2.11088680307377,0.0644894634504148,1194.48000600602,4762
0.256,3.74565773189087,0.0152776134754494,8555.21601419173,4763
0.445,5.02778626614982,0.0154143199942138,11893.4848261013,4764
0.416,6.40150810308302,0.0317329745029948,7599.20457183121,4765
0.185,2.82111093105681,0.0542320620173628,1913.13256898052,4766
0.2535,4.85856010955376,0.050363845555187,3524.24936955552,4767
0.3575,4.21478084632325,0.0304934630241842,5141.24681443821,4768
0.2735,5.23657749122608,0.0467663776673931,4206.31164855418,4769
0.294,3.24520627086539,0.0488955404929131,2235.72632705085,4770
0.27,4.55199448187512,0.0384633771796808,4199.62216894213,4771
0.2325,3.89769639237536,0.0318998620039484,4399.62532107073,4772
0.3755,2.51914613222023,0.0242082120024538,3827.04567484176,4773
0.327,2.10119376184469,0.00893637859513773,7688.31534281907,4774
0.213,3.13729702528343,0.0648531472017964,1714.79643173671,4775
0.16,3.41961778692078,0.115487527600178,1065.48088401781,4776
0.446,8.02480190590227,0.023481448742426,12870.2377670916,4777
0.438,5.20547808722675,0.0282925568779924,6658.51620722467,4778
0.456,6.55635554523181,0.0272773964725538,8917.56651924214,4779
0.441,4.47407326547456,0.0568365055327536,2974.11544597726,4780
0.192,2.90562117248945,0.115730825034545,859.892879029592,4781
0.221,1.66631702933536,0.027194264283519,2150.37917284508,4782
0.256,3.74266430690552,0.0584924325685642,2358.84790869362,4783
0.303,4.7352137251207,0.035271690694896,4926.2206312731,4784
0.449,6.37085249686031,0.0208028107223004,11428.608799952,4785
0.453,6.71048961740434,0.010596156350893,22638.9546123321,4786
0.404,5.1383509946703,0.0147728673556583,12605.5364117177,4787
0.4645,4.72005139205985,0.0195710253209341,8973.04745617269,4788
0.3875,3.09752230423609,0.015113512316349,7273.35982422292,4789
0.436,5.01666441530704,0.0202318488682538,8872.2484514936,4790
0.3955,7.08307191095289,0.0771653475271513,3159.46060252462,4791
0.3755,6.1639109541378,0.0377504650791934,6093.35543714917,4792
0.334,4.71687036910973,0.0356452286349036,4955.82051492125,4793
0.3955,5.03766178626823,0.0537002364316913,3527.4677824587,4794
0.436,3.08686774811056,0.0114642778294696,9476.23207407914,4795
0.374,3.392506463781,0.0122969376841494,9667.41728420287,4796
0.4285,3.83072159752533,0.010001216589103,13389.4231310982,4797
0.3195,3.73375279758127,0.0752790607309138,1800.18111581901,4798
0.2025,3.57495252035008,0.118181929042743,921.479365711687,4799
0.205,3.09761281730307,0.112779320480767,923.029811199396,4800
0.336,2.82909799830827,0.0143712466357409,6898.21388207482,4801
0.2495,4.00185766607072,0.0920066629611107,1555.97559363481,4802
0.447,10.7262920737559,0.0457393432126811,8936.12062541823,4803
0.241,2.41492392423592,0.0370075169410713,2375.41789642054,4804
0.1435,2.54240514497366,0.023417838481172,3692.64202215581,4805
0.203,2.7523015251912,0.133528145798489,695.511416566611,4806
0.4325,4.24404458716869,0.047527899420007,3228.29436869575,4807
0.3625,2.4089947534297,0.00956770866909996,8418.60108986591,4808
0.4645,4.66258414482623,0.0148784441264086,11473.9200964503,4809
0.454,13.5574807204488,0.0720855637229909,6974.09938303739,4810
0.4725,6.35883747163359,0.0106906557449257,21333.5857012498,4811
0.3285,2.59314944754192,0.0139734256778066,6493.81353480129,4812
0.3605,4.59632046217358,0.00781798382352703,19715.2110530713,4813
0.328,3.1354790905318,0.00976067325625372,10813.6082897011,4814
0.423,5.19908321624994,0.0097223778315541,18797.2713044765,4815
0.4285,11.3014469976095,0.0447496952024234,9499.94333255493,4816
0.452,9.90767058743079,0.0471190432653615,7968.65555435891,4817
0.422,3.26796471415326,0.00789145247746585,14017.5707385243,4818
0.3415,3.28933796369203,0.0881943046922488,1326.31915529839,4819
0.3855,6.41063300509058,0.0622896066592315,3862.96102092316,4820
0.1825,2.94801619079435,0.13292656757593,743.456122477705,4821
0.308,2.38546794386539,0.0301354732837033,2860.92910563185,4822
0.4365,10.2596820260385,0.117240278478028,1938.63035889574,4823
0.2115,3.48633739328396,0.0559840765056661,2179.25029574401,4824
0.439,6.95516235696485,0.0495121297728368,5156.52509536028,4825
0.4065,5.50278589872707,0.0287488804622219,7276.44753506253,4826
0.448,6.75796864407927,0.0306777498550694,8351.97099308797,4827
0.244,3.3484617962865,0.0439293956498629,2653.33990582209,4828
0.402,5.5272301938868,0.0392168392416526,5296.91100071,4829
0.2,3.18005776428345,0.0733045078459184,1551.45272783874,4830
0.466,14.3569971917318,0.0779882973295357,6670.18614887295,4831
0.391,5.95737828597933,0.0354043885243975,6314.5472668883,4832
0.2335,2.19215693960016,0.0796160739055439,989.651409444526,4833
0.197,5.00535477790846,0.0190779798808971,9039.25067911631,4834
0.4345,7.26962595729246,0.035501626617195,7613.61462602254,4835
0.2595,5.65730342111881,0.0441660036810606,4794.6197359393,4836
0.302,4.29732126573208,0.0207111858198235,7535.78071786368,4837
0.4365,4.13360386083938,0.00908345467757797,15868.4139118896,4838
0.4105,4.4139969213325,0.0151717533794474,10636.6659797271,4839
0.1775,3.47701111197408,0.0886325291383998,1401.30045417252,4840
0.1685,2.78351020572011,0.147959830335706,638.623251535357,4841
0.162,3.24403567296217,0.0607522864526179,1915.66713482897,4842
0.4465,8.07933016464928,0.0448267152924137,6690.44649547705,4843
0.457,11.9887798039406,0.0541437389387119,8311.08243895841,4844
0.4025,5.49601504537257,0.0314601447699334,6629.62220591076,4845
0.417,9.14961896269966,0.0489119288878926,7072.36777398637,4846
0.292,1.85858022168747,0.00746907534897739,7694.92619934987,4847
0.452,7.67437363805389,0.0496692656971599,5339.5185112276,4848
0.3265,3.40339348461686,0.0507895810875517,2505.30296930688,4849
0.2215,4.55652939113256,0.0470127396992842,3576.05376105556,4850
0.388,4.69574041851385,0.0231605392640593,7342.66664772913,4851
0.2515,2.15634375262392,0.0116376081133763,6067.69996531821,4852
0.418,5.26936498666522,0.0607727839221225,3246.21462571707,4853
0.4265,3.59714409461439,0.0174172927657171,7525.18647419391,4854
0.367,3.67529698223402,0.0182860540488273,7241.6914824609,4855
0.354,5.06406907352142,0.0371647504766888,5110.66083645141,4856
0.1245,3.2683880431681,0.0614922537307984,1851.10707838072,4857
0.209,3.91579544972716,0.0529751376836073,2741.11324670113,4858
0.41,2.82479624483444,0.0424798972992747,2329.89927220049,4859
0.479,10.9805589478179,0.102855826168021,3259.3130052843,4860
0.1995,3.94686850110104,0.0746565696596767,1895.9783473448,4861
0.4035,5.21398441581749,0.0260696658496959,7444.42489665304,4862
0.37,4.79306727502326,0.0416062903951537,4290.05329872405,4863
0.154,2.69878829391202,0.0629982677737522,1560.70598475299,4864
0.3845,5.09697376847953,0.0095948103886917,18501.8304499682,4865
0.4755,11.9756837816646,0.101287962668721,3934.64967135281,4866
0.2235,3.50540018884353,0.0398535090232085,3175.59035979826,4867
0.4095,3.81494852742362,0.0350608266920457,4015.34260040729,4868
0.387,4.8289740357104,0.0849322982334618,1768.73397397995,4869
0.409,4.6608031430662,0.0130387092855873,12854.5555799164,4870
0.403,4.35138644785465,0.014670452704229,10710.1719894707,4871
0.356,4.73725854739318,0.0463138723901189,3765.49815539009,4872
0.343,5.17146912173675,0.0232410214146199,8200.53398925898,4873
0.4475,6.74009595898343,0.0109972357401897,22091.9094673585,4874
0.284,2.30370130521711,0.0865420670375686,952.536629626994,4875
0.175,2.96070622289753,0.126664893597034,802.110590019339,4876
0.4185,5.51413291621833,0.0234316636686251,8876.87925688624,4877
0.418,3.33226526233835,0.0161457940593996,7513.95493443582,4878
0.4285,6.46384041031641,0.0663840384000628,3416.63417884906,4879
0.463,11.5060297659064,0.0172269343305738,25161.152893614,4880
0.4415,5.8618592266354,0.0684073603839342,3072.34153991688,4881
0.4705,10.4934369583766,0.0908616481271277,4048.21115719235,4882
0.449,5.70735705563973,0.0140654083417975,14959.6269038649,4883
0.45,3.56898356898811,0.0116592732954024,10943.1142776181,4884
0.1445,1.46349002601643,0.0192916694061135,2471.21195305795,4885
0.3735,3.88475458064227,0.0123184085803337,11100.4510026813,4886
0.2645,3.05784877186899,0.0585671244353843,1912.49004960122,4887
0.2615,4.47250842603767,0.0237574985281311,6794.61265479348,4888
0.372,5.08563068764335,0.0602656259592065,3033.6357082893,4889
0.1945,3.40290384395804,0.0709171085758707,1733.01781935574,4890
0.1645,3.47058999169356,0.041070337304258,3134.44590538561,4891
0.4435,4.47868526084036,0.0143526139227397,11367.0591085751,4892
0.457,9.99617534268258,0.0422174309059151,8975.43137048269,4893
0.4535,9.26749777519377,0.0217770739445885,16101.1676107836,4894
0.2535,2.97150260459168,0.105215786606471,961.973418225113,4895
0.237,4.0546147479936,0.0362155643064327,4047.82780388139,4896
0.1865,2.42985546244606,0.088765107042931,999.105499731572,4897
0.3845,6.18403661753567,0.0460835341951553,5085.53387327368,4898
0.3795,4.56962215782804,0.0106395561824153,15070.8646575063,4899
0.32,4.51180116012652,0.0236246169906228,7088.98171620485,4900
0.425,4.40635926697091,0.0142774800403202,11242.0423794637,4901
0.2595,3.89898098812652,0.136722156679541,941.601125647425,4902
0.26,5.20847585036966,0.0295638552213907,6356.76101275449,4903
0.3165,2.02025849494387,0.0372032092728311,1953.94257833491,4904
0.4045,5.91770606116584,0.0426357465308794,5097.14820076685,4905
0.3455,4.81983561306919,0.0145188323285738,11750.4572204671,4906
0.4355,5.23811287735026,0.0152706854702858,12625.6233139108,4907
0.1725,2.26881343811118,0.0611280271075176,1367.65641600034,4908
0.358,4.61996584505914,0.0200640766495376,8492.64583111975,4909
0.2505,2.66096309795326,0.0569728183105077,1710.67588514956,4910
0.0965,2.46437094219636,0.124991679674481,701.680246616796,4911
0.4515,9.04340696119399,0.088334191052568,3407.43404346774,4912
0.458,8.97370939679325,0.0460852946752781,7437.90035045067,4913
0.3675,4.81000679032479,0.0355071989499151,5032.16817955734,4914
0.32,3.85703544996124,0.0809310996829166,1686.55223923274,4915
0.454,6.38733266823041,0.0191286542272438,12422.441866057,4916
0.3765,6.24005170468369,0.0252006298995053,9255.37053188004,4917
0.468,5.78404642784811,0.0218716139684513,9911.23476860838,4918
0.391,3.22941491835589,0.0114365759745302,9799.7991839998,4919
0.322,5.65593255262784,0.0778374197781395,2565.14405675339,4920
0.164,4.08629060971406,0.0541020560083393,2855.06431363325,4921
0.3535,5.26797048937812,0.0206584645594636,9430.10971904103,4922
0.444,6.24871824732017,0.00950919797393439,23244.0649593959,4923
0.3185,2.27617182590317,0.0181841132362284,4420.09732943011,4924
0.399,2.90429480329099,0.00703374079717837,13613.6388313764,4925
0.4585,10.3396642371885,0.0523910095500544,7608.72419653109,4926
0.4155,3.29659386644405,0.0122218288784978,9598.10001365971,4927
0.294,3.46934239504832,0.0708372127901022,1755.74742650618,4928
0.323,2.88723117284223,0.0227375960726977,4679.85660946227,4929
0.3605,5.28608553390913,0.0106247597383972,17405.6288574622,4930
0.446,4.3528639008059,0.0145524703299011,10898.6050579847,4931
0.3855,4.65777224832048,0.0304703841884152,5603.20963988562,4932
0.4555,8.10361033040188,0.0158177426315833,18938.5233534204,4933
0.3165,2.29915762756999,0.0151851987865612,5233.08296914864,4934
0.3905,4.80267409723416,0.0532216620465378,3302.6342131551,4935
0.2615,3.40646188046088,0.130683233302541,931.369383177852,4936
0.224,1.85787498671636,0.0235267017757172,2775.7651527667,4937
0.313,5.34114644032769,0.0194214223612721,9882.77479932021,4938
0.21,1.67558051854136,0.0342955462730209,1716.39643203765,4939
0.433,7.17464151285352,0.0226954749541905,11770.6171777057,4940
0.243,3.45307364954338,0.0326196454294185,3822.77658919054,4941
0.2805,5.41693131421031,0.0529814324700642,3793.55082175085,4942
0.3665,7.88262166830973,0.0599027295117559,4935.73717284714,4943
0.3595,6.00281336625022,0.0516153503451486,4383.97513586347,4944
0.298,4.87215956478619,0.0415080969773042,4393.88474437151,4945
0.4125,4.33011451619305,0.00803803502366907,18003.7792572382,4946
0.302,4.69977910691212,0.0261880864941599,6670.94350958475,4947
0.406,5.94130823079486,0.0609597358426407,3540.25629295668,4948
0.337,4.61472563269667,0.098744315716435,1430.76549509388,4949
0.484,10.6426752477005,0.0254547938349465,15832.6844242288,4950
0.1315,2.34434685269788,0.102383623929741,803.51072217258,4951
0.367,5.54347355388901,0.0157603994449408,12582.9245712602,4952
0.2745,3.82234374778771,0.0445408147604759,3146.02438656359,4953
0.3475,3.72027935073661,0.0111032376251217,11513.4010034548,4954
0.406,2.85656190002283,0.0187251978054967,5591.13142730394,4955
0.357,4.49262491735933,0.0183980870025228,8793.11344299048,4956
0.177,3.67122670924609,0.0550635447473451,2405.4754961064,4957
0.3905,4.91657928005088,0.0201416606910488,8938.62066873822,4958
0.3545,3.21873738519728,0.0825015598858351,1429.78626724505,4959
0.207,1.69961896265489,0.0151343449066006,3717.32426497499,4960
0.1815,2.47127797592754,0.0334032177197149,2764.81254311508,4961
0.211,2.3617483160983,0.126187238810619,651.65119304835,4962
0.4435,7.43248950328714,0.0292146362765227,9395.16527709915,4963
0.4535,8.00263508635085,0.0409372185570865,7417.87705292852,4964
0.378,4.80604448787468,0.0269278094978247,6616.8894008227,4965
0.454,12.6040182289962,0.0968046879484822,4504.47940198923,4966
0.388,2.94075374345374,0.00736239467916157,13234.9996033957,4967
0.184,3.66636704567579,0.0761148291521266,1752.93202911775,4968
0.437,5.46301483990282,0.0970416672043391,2042.13341185759,4969
0.3125,4.75639216802571,0.0179226030497853,9479.5049432252,4970
0.2805,3.15596427620169,0.0620578166444624,1868.50654016407,4971
0.2425,4.79128060518648,0.0244074211362048,7155.00470058458,4972
0.4455,9.68817424156917,0.0445294785555962,8258.86925893671,4973
0.399,5.38743717114105,0.0265015264912318,7436.40675120056,4974
0.327,4.51235323613509,0.0729174591265518,2184.76950408579,4975
0.425,4.97578257288746,0.0331256715475953,5533.85213647087,4976
0.401,5.47059281630635,0.0245604745454468,8335.41300426774,4977
0.347,3.44114673316147,0.0719245987139975,1736.42436893185,4978
0.4335,6.7518428186007,0.026123505090017,9719.35945585385,4979
0.299,4.99621572867602,0.0160201996542192,10915.1734432834,4980
0.324,3.50353978095501,0.0241814582240109,5152.67953562672,4981
0.458,8.46719507112804,0.0212008541320832,14970.5190678671,4982
0.335,5.79610363164671,0.0353405214392755,6165.02118212509,4983
0.424,5.87787116801381,0.0562347535064247,3910.011778054,4984
0.394,3.84679575855815,0.0250955177904364,5656.77404633186,4985
0.4665,7.37169315833514,0.0251971384320215,11019.5196231389,4986
0.425,5.00653499550486,0.0619716729999025,2926.48009871031,4987
0.361,4.2384481237274,0.0424995546753262,3691.97466805144,4988
0.4585,9.14530206744057,0.0803045935960387,3973.75513829622,4989
0.1865,4.02926459777585,0.0397253636763422,3699.12619352298,4990
0.273,6.01396842659371,0.0567695519319183,3794.07267781487,4991
0.3215,5.06747120274542,0.0120389550506235,14613.01977629,4992
0.4255,7.74797822425693,0.0650364187707433,4545.56136648681,4993
0.398,5.35841086792702,0.0844020046367986,2223.47564748803,4994
0.4015,5.26041748578876,0.0390343004996386,5017.42005037838,4995
0.393,3.805753861061,0.0470789962880195,2956.81272196123,4996
0.4355,5.99999962068697,0.0728832365808455,2999.9409525023,4997
0.253,3.19267862656783,0.0385573279022365,2994.65838192519,4998
0.2345,3.72632940119684,0.0898665557788091,1445.6812802582,4999
0.349,4.18457033124504,0.0371146117761846,4207.1605304359,5000
0.244,4.00282358970975,0.0808031643937644,1773.14279755666,5001
0.2115,2.75850195021381,0.043661215673752,2370.31028639616,5002
0.4315,4.22754254008441,0.0126852400587567,11940.2850075472,5003
0.293,4.22020063677749,0.0924583735630711,1582.76056682771,5004
0.1945,4.31404569783121,0.0476531764565007,3209.77602331696,5005
0.391,5.60078916707421,0.065048036905572,3221.84948898507,5006
0.4625,6.32821825563876,0.0113213636842312,20206.1042095629,5007
0.2355,1.74881222071495,0.014057306436224,4145.40017144553,5008
0.179,2.9216724663423,0.054150915088065,1870.51834735574,5009
0.2965,3.33568765009317,0.0119687270445716,9535.30690930414,5010
0.4585,7.43535909077101,0.0101593440923601,26247.1823552505,5011
0.3945,4.06002371624982,0.0165566861310539,9045.84052586724,5012
0.446,5.06345034533992,0.0213691014387678,8534.31054782223,5013
0.289,2.49514751004817,0.0804664679508466,1137.60526620393,5014
0.143,3.17946678310026,0.0488299577652314,2328.16161330974,5015
0.164,3.69568791946875,0.117749575294023,1107.72177835936,5016
0.461,6.23473112556222,0.00820954202934453,26670.0234857557,5017
0.398,4.53250842762359,0.0170168474249216,9779.18161778649,5018
0.426,5.87682286406478,0.0161492077531556,13410.9392068774,5019
0.182,4.23581851896449,0.0633199507664837,2320.09470147496,5020
0.4175,5.58670699802904,0.0606655025624183,3277.56136038214,5021
0.392,4.60831608608243,0.0108670403603709,14903.5453635274,5022
0.248,2.64452084309841,0.0448259821562985,2156.86364829292,5023
0.315,4.64786864817202,0.00931849578163174,16701.2195421864,5024
0.3535,3.87727053324285,0.0161670737166474,8537.51396706804,5025
0.2275,3.36623266271337,0.0872677663250724,1398.14680813536,5026
0.354,5.02647638184916,0.0555331871652997,3345.95830053364,5027
0.4775,10.4491435982733,0.0382149766647353,10443.2937982375,5028
0.3425,4.29605930949347,0.0195248776135501,7985.60033151661,5029
0.362,4.41412393828947,0.024155571549209,6604.50660706086,5030
0.3695,2.44250629180365,0.00819708754110842,9899.21552614483,5031
0.292,3.82044867474937,0.0295867530117165,4714.15889402713,5032
0.404,3.55390711424479,0.0304654953712051,4353.97853684614,5033
0.3355,4.81718720810986,0.0371497015389937,4854.93321031809,5034
0.4655,6.9319372701005,0.0818601206045625,3197.91056394146,5035
0.419,5.80781991452297,0.0165481931159942,12825.8892060793,5036
0.438,8.03096739533048,0.0311696407071335,9731.00028104759,5037
0.2355,4.2575247584304,0.031192663148247,4914.76321553351,5038
0.404,4.35617295517276,0.060589603409112,2686.83056503338,5039
0.472,11.9760684955806,0.100750924319219,3803.14750254296,5040
0.318,4.75378438763375,0.0288471087793867,6057.398133208,5041
0.1895,2.0282624892055,0.0341917180318049,2130.5022651061,5042
0.4545,7.30198483915196,0.0123041856907881,21395.5327515611,5043
0.3285,2.26119687940758,0.0341219232705932,2387.96505120705,5044
0.4455,8.53655711613976,0.0458389874592738,6896.0368758533,5045
0.3965,6.01439418515766,0.0210406078585866,10426.5911080957,5046
0.2075,2.94184282990766,0.12985208594732,719.568580862515,5047
0.437,4.17175106407666,0.00821837985227848,17324.9670443361,5048
0.445,5.55492323517673,0.017074159686494,12090.1516568656,5049
0.352,2.42175512710476,0.0238545345738249,3689.18207471591,5050
0.098,2.3714512358866,0.0674282140340787,1263.50271256908,5051
0.218,4.14035611623886,0.0544382327070696,2707.98226121975,5052
0.3825,2.76370571322104,0.0153278885969154,6351.87252249009,5053
0.448,6.92359117853451,0.0493921819143966,5253.42463662933,5054
0.255,3.86221876589123,0.133915067367738,942.824144795883,5055
0.4345,7.36322820027689,0.0721014780660509,3779.2703849006,5056
0.3805,3.38990275012822,0.0186689722383113,6627.84766470441,5057
0.255,3.48357743982558,0.0536798417885129,2232.28244291255,5058
0.222,5.23606761468346,0.0143420456251523,12637.9551209603,5059
0.3615,4.06815368945692,0.0315585902052633,4792.4491921779,5060
0.3895,5.65182199324272,0.062746529186745,3204.92286000439,5061
0.3295,4.32660378587513,0.0361075772627677,4487.68286538052,5062
0.428,5.81766128331346,0.109535102588717,1708.42962708319,5063
0.463,5.95116808894069,0.0078296939796928,26412.3572333343,5064
0.445,5.38151849244163,0.0139374553564147,14015.820487814,5065
0.437,8.17562153817049,0.02154778314606,14237.9885555372,5066
0.4475,7.82897126339536,0.042605703014642,7025.95832051431,5067
0.397,2.61944918248527,0.0243447337012491,3875.25893321798,5068
0.302,3.97763986330865,0.0530002885468701,2749.32673985317,5069
0.2215,1.9027291491773,0.0939946619843051,729.720454283709,5070
0.344,2.27128907867987,0.0111096555045751,6941.07820124523,5071
0.4195,4.71181650493986,0.0152465415597053,11241.9051025651,5072
0.2115,3.36489253777228,0.0540465142064904,2284.67249888811,5073
0.2275,4.38941060627806,0.0545476468804085,2953.51850956297,5074
0.4585,9.36948552592117,0.108737432276944,3043.29246179796,5075
0.457,9.37482330333738,0.0280250317880282,12787.1820923953,5076
0.308,4.00312684963665,0.0370485221500605,4036.12103495089,5077
0.3635,4.33320561471904,0.0143289752352216,10878.8823731663,5078
0.346,3.27648287163716,0.038065501066973,3188.2388474041,5079
0.2045,4.61086773501831,0.0486611257649569,3485.05934834367,5080
0.448,5.30621525636882,0.0174067322831081,11266.7978653791,5081
0.271,3.42856995964619,0.0207260794613202,6003.56884701433,5082
0.3755,5.7208174713948,0.114623230489239,1571.77376114009,5083
0.126,2.21758788208966,0.0920631962948762,872.755748869827,5084
0.241,2.86367890364014,0.0299862479822993,3465.31814008505,5085
0.226,3.98913467263226,0.0380079866541973,3838.58314151359,5086
0.427,3.98486589708087,0.0180712865608775,7843.77327474063,5087
0.457,4.62298615376893,0.0191607246703106,8715.71818231587,5088
0.438,3.7937460636261,0.0105459952572949,12687.3305640096,5089
0.455,6.10176859041452,0.0116174496725445,18907.6844109277,5090
0.4365,8.78986620197097,0.0322297060056208,10337.5892394269,5091
0.379,2.32948342347239,0.00719758501102052,10714.0544086303,5092
0.2935,5.18530238255079,0.0464763000703526,4210.86272632945,5093
0.4575,9.56886531619854,0.030300861225106,11949.4988253755,5094
0.2745,4.72604789487271,0.035898161054038,4808.05657193115,5095
0.391,5.34361758752933,0.0253744119337239,7803.16782594211,5096
0.448,7.16334510127227,0.0247516582571254,10801.6028519133,5097
0.4155,5.82009719541754,0.0243218306131135,8914.33340324937,5098
0.2905,2.7686215792158,0.0218309213561694,4561.3383305557,5099
0.1975,4.81258936647871,0.0187633472424667,8927.08247234469,5100
0.1665,3.26244278502631,0.0398939994483718,3019.39039498156,5101
0.382,6.00106866525074,0.041549521993825,5366.39584440635,5102
0.4235,7.44961965584005,0.0206121523611458,13505.9764993079,5103
0.428,7.03901713706363,0.0117977592501078,21571.9521547489,5104
0.365,3.55003388440492,0.0127546994645844,9751.68794458423,5105
0.3,2.1442176767617,0.0746904951693649,1056.43009365427,5106
0.3205,4.36380118599103,0.0142530070361255,10764.0899597718,5107
0.3535,2.69273755524591,0.0342762675867343,2923.07271124381,5108
0.464,7.13945885822999,0.0152599110470687,17345.0142987058,5109
0.356,2.82907195400922,0.0172706747856937,5929.00906313216,5110
0.194,3.75194566206408,0.0971072469867028,1356.39755873567,5111
0.2765,2.79974170988481,0.0541386141748984,1882.42965425723,5112
0.3085,4.26646955767595,0.0261593726870183,5910.0778673693,5113
0.1865,2.33700062497953,0.0779550315668358,1057.5353513349,5114
0.3935,7.42305146819215,0.0329981116215537,8475.60777196229,5115
0.475,6.59032243992966,0.0282765341615603,8817.36957436869,5116
0.388,7.5554078935369,0.0362010483319699,7957.82604754924,5117
0.4105,7.55938848824121,0.0632018882297262,4292.21398865116,5118
0.2785,2.06935482664845,0.0194662877903988,3771.52668175911,5119
0.1865,3.16284323979654,0.0519659886132351,2239.97608814274,5120
0.362,6.66254307058564,0.0433986754707921,5736.01533046258,5121
0.3835,2.64065908340143,0.0091841788475338,9724.23312315334,5122
0.431,6.84524635577781,0.0418082457080205,6265.5172614033,5123
0.201,3.21643076957814,0.0666749654799483,1714.03017097132,5124
0.2825,3.27538545500897,0.0285418925717071,4202.06449762339,5125
0.47,9.73793559043498,0.0917846932521534,3008.7870366216,5126
0.2265,3.13069613886012,0.120893486501461,890.697157453406,5127
0.3765,7.57823298251948,0.0406609321960447,7019.32144407731,5128
0.291,4.35507311754676,0.0849462968356406,1887.51233791059,5129
0.266,3.38516685309298,0.0603502041114072,2063.50057103515,5130
0.399,6.44495706779989,0.0248690853867293,9522.65094192416,5131
0.19,3.15484912156717,0.150096087166045,727.094456348022,5132
0.3965,6.27864305406617,0.0262160116204644,8992.49448478752,5133
0.224,4.31535339978214,0.0343061755943756,4542.07345609126,5134
0.289,4.33176891442873,0.0897583672481155,1719.80492493381,5135
0.278,3.04344293375572,0.0283065785977503,3939.02974953312,5136
0.2785,3.33150698889167,0.109394875083865,1092.18921576755,5137
0.4325,4.45735524011754,0.00960422450421915,16301.8485965974,5138
0.442,4.49136939827052,0.00973507463193557,16255.1096374871,5139
0.399,4.41770581789317,0.0308577124953991,5330.15863548502,5140
0.4695,8.0335436445308,0.0193062274342377,15394.8546261673,5141
0.4395,5.69666308361679,0.014413615503968,14384.9996189578,5142
0.286,4.66413910821299,0.0701488331416822,2301.15293153665,5143
0.23,2.62920406228009,0.0553977035874216,1725.08890990778,5144
0.29,3.12554135838059,0.0710828128905908,1588.04917382894,5145
0.141,3.45050101300727,0.0377190757102708,3235.04616060206,5146
0.272,4.63012895546499,0.0229185902530947,7253.30407361169,5147
0.3675,4.02981247868436,0.0143131484376809,9966.24983890284,5148
0.314,4.47279539125668,0.0645581834550006,2491.33792122841,5149
0.435,6.19194222545595,0.0237465503537749,9673.1477815879,5150
0.443,6.18853543573449,0.0575870564055351,3722.40224019185,5151
0.458,5.62932067594967,0.050060189773333,4275.84217703282,5152
0.2435,4.17203266502717,0.0481879627683089,3121.9882608273,5153
0.324,4.95813171706059,0.0126499077357838,13756.8686345347,5154
0.239,3.85297710059471,0.0798128867538717,1724.11147524024,5155
0.4405,6.61168523548067,0.0284410518040891,8745.10745031716,5156
0.2185,4.4383170054475,0.0902497255771457,1743.81788931126,5157
0.4135,5.61324336498033,0.0171262887914238,12006.0310454987,5158
0.346,4.43329483109602,0.0434790639255423,3760.03216265571,5159
0.22,3.6569020580363,0.0632104414572628,2108.62864318538,5160
0.3985,2.76373737406457,0.0344125585298963,2977.73563940001,5161
0.4035,3.35127105098378,0.0118905405164154,9886.19587687931,5162
0.1545,4.69043732973816,0.0748712461263954,2122.58620493294,5163
0.247,4.68749304377624,0.054103131939763,3296.53596000457,5164
0.3215,2.94808987343482,0.00979535579378533,10036.0649487687,5165
0.408,7.0143620129896,0.0286223332351577,9214.8505401559,5166
0.268,3.6945045803002,0.05970981779119,2257.09815867292,5167
0.292,4.01111299029156,0.0279521921073299,5306.809724868,5168
0.2915,1.80891905099024,0.0110434746822284,5472.28298401801,5169
0.462,5.53362571089055,0.0262890158593993,7948.84839423046,5170
0.289,2.63743010110923,0.0169917727249348,5402.71649397998,5171
0.3095,3.55218543557832,0.0194684176302086,6531.67224289302,5172
0.266,3.74997711515701,0.103829655750169,1281.67786368946,5173
0.2525,4.38994147853853,0.062019312773681,2421.12515819817,5174
0.414,4.68676531304695,0.0103524434744928,15799.2698411312,5175
0.345,2.60858149947773,0.0170396932548973,5412.58493121234,5176
0.2735,4.27012304084129,0.0310752120713891,5002.71087560803,5177
0.2125,4.24255317493662,0.081264532950115,2012.41036884895,5178
0.2345,1.60062722886627,0.0196868949180611,2803.42142242889,5179
0.3535,3.44015997458831,0.0847810236094864,1468.74843091348,5180
0.3935,2.80580094105174,0.00567250640797501,15677.2716857145,5181
0.4495,5.73743413468463,0.0108494808234655,18929.071857512,5182
0.4325,10.8615370146224,0.0269222098786274,14825.6367743984,5183
0.3035,3.83118117543125,0.0791940195722678,1766.64527826387,5184
0.349,3.57638873984801,0.0184006137538253,7064.40142243064,5185
0.2785,3.26289582414919,0.0476939877718195,2545.73281462088,5186
0.4595,12.5176657683096,0.0457658462495718,10192.7267143604,5187
0.3275,2.43079516985043,0.0331636814521139,2599.55009667219,5188
0.282,3.23284980230628,0.0341753793572289,3489.66923457276,5189
0.3915,4.1036725130748,0.0129441105483035,11344.7826904328,5190
0.256,3.70907323962778,0.0359022432372856,3804.88417044212,5191
0.4255,4.67821659913515,0.0145484800875505,11746.7652830857,5192
0.3795,3.30382082243907,0.00809302653696985,13699.2782089208,5193
0.354,4.75392521609196,0.109068552501449,1477.49788122417,5194
0.375,6.19872585954202,0.0672691919892083,3366.37832013962,5195
0.1915,2.65014442185057,0.0796901923812418,1200.64814966878,5196
0.368,6.39439689030249,0.0460538047972528,5222.06124198367,5197
0.4265,5.8871931722023,0.0568252944877288,3826.5181059308,5198
0.307,5.79070371326074,0.0379503233423654,5771.00072226783,5199
0.472,11.5888025419168,0.0246974182944878,17456.0907305413,5200
0.289,3.43224732902912,0.0153110429432568,7687.46342182919,5201
0.4055,5.39867140944834,0.0363217818238501,5590.92707779356,5202
0.3285,2.1359978181743,0.0222766332653519,3463.35452119988,5203
0.4665,11.8775427852999,0.0444563182976993,10243.1532796499,5204
0.1365,3.82397799855072,0.0545279770608736,2563.28190344143,5205
0.3245,4.48004653307245,0.06797211532765,2268.46587098838,5206
0.2275,3.21287917189957,0.0178482058107049,6140.2843873058,5207
0.4015,3.57215908527903,0.0439681024764274,3033.02111611885,5208
0.2105,3.191095713453,0.0559901627376838,2071.4094049579,5209
0.405,3.6872938053025,0.0267364434842469,5063.21909496735,5210
0.4135,5.10043922283963,0.0122463027789239,14835.2106942513,5211
0.3405,3.42047015633205,0.064557520525692,1927.54464583147,5212
0.441,6.3811740405805,0.0215560864083692,11080.1171590447,5213
0.4285,3.52948038130824,0.0210922840751076,6123.3968977248,5214
0.3265,3.58114418337369,0.0248336211074928,5360.54736620671,5215
0.1845,4.06192314190672,0.0391299932352381,3742.0708202447,5216
0.46,8.85357588219645,0.0354927637691528,9496.90774738171,5217
0.446,13.5269845622264,0.0861122707466545,5788.34980594002,5218
0.355,3.94043041270116,0.0178188626119074,8108.65786810628,5219
0.335,3.87183358904858,0.00886333617739024,14721.0683210373,5220
0.45,6.92784762096394,0.060605714473526,4114.75849953313,5221
0.3585,4.21655261585224,0.0128874749348138,11664.0054099326,5222
0.1925,3.23186766503577,0.109980352176567,1015.52630347852,5223
0.4425,5.66854225684081,0.0505373801982217,4174.31888116091,5224
0.3275,3.81205241880769,0.0533718062053,2594.79835631885,5225
0.357,4.70476748886454,0.00772569277786516,20235.1079525341,5226
0.431,4.10159598663387,0.0090853149306849,15653.4174801537,5227
0.299,3.99321213416102,0.0433516658947491,3444.50946745239,5228
0.3245,3.36342458530826,0.103009826258611,1151.03380827135,5229
0.2815,5.10808666928271,0.0269916923505805,6838.53455933339,5230
0.44,6.0257972518255,0.0128850604330467,16989.8226105672,5231
0.181,2.57792641347713,0.110308535327377,820.540336728443,5232
0.442,8.15717329763871,0.0694027566100202,4350.89889488748,5233
0.472,8.58395688076883,0.0903304613820888,3347.80107470922,5234
0.4665,11.6897841476104,0.0443691974028529,9826.81935306279,5235
0.451,9.75618514400795,0.0341824343820565,10884.0220873412,5236
0.417,6.28438838968754,0.04513768159541,5271.58636388617,5237
0.4775,11.0240172051621,0.0142963029875426,28795.8037932234,5238
0.4065,6.80033928410417,0.0499001308546099,5000.5089763937,5239
0.319,4.54755226743723,0.0243519756941831,6833.69542483208,5240
0.439,8.39681836383591,0.0451651534914559,6931.26227622319,5241
0.447,6.36886945239288,0.0200757316780744,11925.7578789992,5242
0.4095,3.38812981463714,0.0232194359246956,5235.50321880347,5243
0.3045,3.61761664841345,0.0124551930884323,10195.5626366999,5244
0.2125,1.94210675946945,0.0329210664951126,2077.72359873527,5245
0.4345,5.45512381051925,0.0209732818073796,9643.85062950938,5246
0.267,2.9210087481786,0.020254018627844,5075.80253847163,5247
0.352,3.14501343598096,0.0105199541491709,10237.5971402535,5248
0.453,8.55973170133863,0.0374511815547689,8550.19870894323,5249
0.4565,4.51952547315952,0.0132999999060389,12385.8188214341,5250
0.3535,3.52880342197665,0.0185145051784666,6929.17966033371,5251
0.424,4.76492284851841,0.0354945140008228,4996.93872997479,5252
0.159,2.32594278047781,0.126904486586558,651.335510068065,5253
0.278,4.36558309269921,0.0252133540262008,6306.64375822729,5254
0.368,5.46275269006514,0.0369304721571245,5517.36098480988,5255
0.292,3.39557593440826,0.0321897158078481,3880.48158301416,5256
0.4465,11.1313376294843,0.0142242837277666,29048.6713259302,5257
0.457,6.73647044081623,0.0208171417180446,11988.7118786513,5258
0.2125,4.6262041003417,0.0350876908463234,4849.57668895404,5259
0.4435,5.75560249044714,0.0279726374860189,7741.42200101298,5260
0.461,10.9513502972834,0.0344267538486506,12191.4199242434,5261
0.413,4.28002570199991,0.0948297239186343,1622.29325878121,5262
0.2375,1.60719338468689,0.0309629717093346,1860.82021377634,5263
0.401,9.28192682872609,0.0542967963856836,6503.58496724607,5264
0.3315,2.14189788817922,0.00639008395418467,10442.4772894818,5265
0.372,2.72634035884525,0.0105165538148629,8799.97966130542,5266
0.462,6.74794182184933,0.0290242951364485,8770.65039376696,5267
0.4575,6.83093131604763,0.0122557180682234,20232.5419890488,5268
0.4715,5.2304173344978,0.00885440137245266,20904.9968663635,5269
0.3505,2.33120606176696,0.0223713540196634,3750.98204983368,5270
0.4645,8.52958606531229,0.0463038721167662,7017.30539350463,5271
0.3085,2.35006545349563,0.0292112862500145,2908.24238119782,5272
0.392,2.38948217567468,0.00640707373715332,12107.6619152717,5273
0.36,4.57635097636848,0.0216893545445332,7732.94234292612,5274
0.4595,6.6108384837657,0.0322403774244478,7835.93390828308,5275
0.286,4.09901816257308,0.0499995887315266,3008.81281558894,5276
0.4425,3.52711108778594,0.0103175910322033,12120.1722563213,5277
0.307,3.0044237861173,0.018430668354877,5807.45628997868,5278
0.2595,4.54211503505265,0.0183565033342656,8615.62169199508,5279
0.454,9.07384117413088,0.0133378549633136,25150.3488542658,5280
0.446,6.56432346761953,0.0560924124601524,4357.72588134318,5281
0.441,5.66246354785477,0.00955747590306269,20782.2658289768,5282
0.298,4.7558768058818,0.0338283102468448,5230.55843295634,5283
0.2615,3.76833068835053,0.0387492852147094,3537.40059153145,5284
0.1515,4.37392359480905,0.0490639114709626,3199.35854342211,5285
0.446,6.64448743670773,0.0406332011241983,6099.73270254287,5286
0.341,4.89350212750195,0.0336056539289565,5433.36261366113,5287
0.438,4.73190767297636,0.0774478021932551,2256.24054334619,5288
0.462,11.9320266632418,0.0466550076823637,9771.24928481733,5289
0.19,2.90740342880937,0.0686883452560667,1557.39194316065,5290
0.3845,4.87884891743844,0.0351125048797345,5155.77021256055,5291
0.358,2.94098610592155,0.0120547959871977,8394.35074119692,5292
0.4775,7.93245259915833,0.0255729788216445,11732.6073994447,5293
0.2325,2.76655399901547,0.116836387110203,827.751663718938,5294
0.374,2.39656503711842,0.0100025529804052,8192.84925240492,5295
0.4255,5.11284157113113,0.0327196711643608,5862.27720719731,5296
0.2325,2.87929529650476,0.0792214505114943,1323.41565153964,5297
0.4355,4.71667510136045,0.0155738293963078,11091.4839664879,5298
0.4125,4.70400837463294,0.010883302272681,15239.1901128777,5299
0.463,10.9614519428679,0.0479403152361374,8724.59765228374,5300
0.3635,3.45386259171423,0.0136654996415355,8990.58927820473,5301
0.1655,2.11969154487255,0.0297739745232582,2457.84621717499,5302
0.251,2.7026414172854,0.0183555546939579,5193.93872343831,5303
0.4375,4.59428823051742,0.0219813539974524,7725.79842023071,5304
0.375,2.74992799734809,0.0110895849243545,8642.38621015386,5305
0.1845,4.1201581246451,0.060184228807734,2570.37935082359,5306
0.38,2.97917998383265,0.0546015580814738,2038.05588861004,5307
0.3745,3.99322637962921,0.0280158007776769,5244.47642960338,5308
0.4495,8.59284238686059,0.0186293835503616,17316.3227159165,5309
0.3285,4.35081158292537,0.0332174199409883,4928.76813869699,5310
0.4385,4.93398712208343,0.00775639376034998,21843.7802367152,5311
0.345,2.5849777116119,0.0683353965227171,1407.24424943994,5312
0.3935,4.88193346155512,0.0118409279585405,14878.2292131417,5313
0.148,3.10901972171634,0.079657687130298,1393.00381396599,5314
0.3565,3.29921305501959,0.100093498329857,1188.269436524,5315
0.4645,5.89488914669324,0.0156370040629289,13849.1813122353,5316
0.447,8.86554306856459,0.0270564040189528,12418.7583760723,5317
0.327,6.16122472181466,0.0340224876862971,6753.17685378948,5318
0.303,1.93833395969957,0.0146385761215973,4525.40910801656,5319
0.444,5.31663373175009,0.05956084757626,3351.77337905508,5320
0.2345,3.62160266028398,0.0549451327183661,2433.91776793237,5321
0.377,5.88757418540908,0.0524377985686945,4030.40678659915,5322
0.4515,14.6546385409467,0.0946861463275144,5094.99705595957,5323
0.4625,6.69504952691975,0.0200022259310979,12295.6731566267,5324
0.455,9.24617664136732,0.026634869832219,12801.0964160265,5325
0.1625,2.56194725655573,0.0869128588528399,1067.29909644108,5326
0.361,5.78817431035459,0.0712747224854243,2952.26447773522,5327
0.3715,4.47621147937182,0.091644019981037,1588.66298623251,5328
0.2585,1.79216584135213,0.00997090817701467,5793.78734256817,5329
0.4465,7.52311463016084,0.0465009299992333,6037.1605301942,5330
0.411,5.96852806559372,0.0645859102364807,3414.98967845573,5331
0.2855,1.9669170623249,0.00794680657957118,7636.38196226963,5332
0.1895,2.88686939884988,0.0698990942793307,1397.43237748554,5333
0.42,4.12957035807564,0.0134273065686158,11071.3777694278,5334
0.4115,6.89223786209032,0.046381515997637,5678.19164740557,5335
0.2905,4.50943182636956,0.012450709651796,12448.7678615698,5336
0.2025,2.43586540611118,0.0889069070553643,1005.66017638137,5337
0.399,4.51733753504709,0.0733873088136751,2144.38230834106,5338
0.26,4.13487713055429,0.0550511934257201,2727.75920595148,5339
0.191,3.98404231016446,0.0876271434516144,1614.81329871639,5340
0.481,13.4680053796154,0.0641608771480677,7326.99044728883,5341
0.435,7.93588606831572,0.0546836836546179,5487.50519057167,5342
0.179,3.80142173291451,0.0526167116848771,2628.77612649139,5343
0.329,4.46430984021912,0.0487043169351605,3406.26496911006,5344
0.458,7.20673643580726,0.00951853313873395,27153.028709302,5345
0.44,3.78847168923365,0.00972188347774223,13640.870833498,5346
0.4265,4.50068990923617,0.0121509282289817,13221.7050006649,5347
0.207,2.3452725247238,0.0832327422167273,1016.28114949077,5348
0.313,4.26196288729481,0.0081944870512724,17345.8869477939,5349
0.446,4.07731667834249,0.0162360234898635,9219.89645173447,5350
0.3995,5.32302973436454,0.0194384060336667,9896.01059208128,5351
0.449,9.49496730880869,0.0414487409153472,8668.62659195249,5352
0.237,1.63249403756619,0.0246865821010976,2329.92863078735,5353
0.3425,3.49038131612514,0.0667945751552846,1921.537863111,5354
0.3935,3.47192461638942,0.0110431342174672,11039.8952349109,5355
0.1365,2.278265352096,0.121639531862577,660.866461891686,5356
0.322,3.53517874496298,0.0132273106006023,9287.63155645985,5357
0.39,5.86036490795775,0.0225952394578467,9602.28451270081,5358
0.452,4.79497780232401,0.00936616906840402,18092.4243154584,5359
0.439,3.90849478569606,0.0127536294976762,10994.240377607,5360
0.147,4.65568432010191,0.0410119909193302,4016.98062534717,5361
0.2515,3.41794321722152,0.0568522581545341,2202.74645907312,5362
0.38,4.59787000120973,0.0560757506041814,2999.7814279471,5363
0.4085,3.48455678174917,0.0195769858751175,6521.94986162548,5364
0.331,2.28215322452756,0.00726144321006857,9949.85445409045,5365
0.4305,7.32658076543983,0.0765251548768441,3213.36990270999,5366
0.449,6.01251446234599,0.0566818654148853,3948.54918678057,5367
0.283,2.82828269314943,0.111951283649322,871.111730060575,5368
0.3495,4.69783820268635,0.0121893369982026,13798.3637902208,5369
0.4465,7.3299519741655,0.0302156308327628,9184.07380568366,5370
0.454,8.70742056511907,0.0295461631230639,11235.6204150475,5371
0.462,8.43201883895767,0.144767386478254,1377.00347833558,5372
0.336,4.23144728516546,0.0301130980016039,5162.25972000665,5373
0.458,7.931069555841,0.0535901551935264,5559.04816819835,5374
0.15,3.54934767339488,0.141644995016858,789.383609804291,5375
0.3995,6.45123539026258,0.0289045932631738,8374.85461677438,5376
0.2985,4.27931432022878,0.0619244343309502,2568.30314575546,5377
0.365,2.67111369978862,0.00669227877133831,12688.2372896006,5378
0.378,3.09719672098558,0.025210151778675,4572.09508230889,5379
0.3315,4.45303347933966,0.0228872085837786,7123.82378726643,5380
0.4535,5.45883224063481,0.0204829372403554,9958.33006004008,5381
0.1235,2.87761833378304,0.11649347998745,895.530037786999,5382
0.4325,3.59942602307906,0.0168819716778091,7734.09073971899,5383
0.409,4.84149346141463,0.0590133980917196,2991.89509382221,5384
0.4155,3.47431089629348,0.0740714377963602,1667.24406163567,5385
0.221,5.54062240059698,0.0254655966120196,7985.92929489503,5386
0.411,6.21948991779814,0.0590551062289203,3746.06563918951,5387
0.378,4.78492280510299,0.029670372290645,5965.8015274906,5388
0.3645,2.37813552454875,0.0478882032758891,1777.484201583,5389
0.4375,7.28657446948996,0.0636453029042604,4332.96910140588,5390
0.4105,3.36367961933657,0.00815880791663616,14056.4637899554,5391
0.4425,7.95296136625624,0.0377098702497266,8051.77407194513,5392
0.332,4.32134002182743,0.0134050197753556,11292.7883502708,5393
0.1825,1.47400526800867,0.0231998766133208,2131.37387044199,5394
0.238,3.91172020168135,0.0626803246633252,2274.99606204131,5395
0.2755,4.03212460699965,0.10646536265088,1237.51140767515,5396
0.332,3.90828247774114,0.0408929603432146,3496.51655811099,5397
0.162,2.45344227409971,0.083773893152131,1050.48518008702,5398
0.3835,3.00657143807395,0.0109561468878224,9540.10159077696,5399
0.4545,5.64831975368526,0.0210952476248935,10018.6396541997,5400
0.418,8.99599793549886,0.0223339405674675,15064.0193926673,5401
0.433,8.13269226818544,0.0425234435628086,7175.08839591822,5402
0.2205,3.62179182373455,0.138080759171213,860.569133433366,5403
0.429,3.82162401148065,0.0130267059318466,10358.7578395571,5404
0.2675,1.73221610334988,0.0118605467357367,4841.6931995076,5405
0.4315,3.16810486102059,0.0157724741567912,7287.92190599281,5406
0.291,3.43729117200818,0.0142161051445282,8363.74246609175,5407
0.455,5.96971118212149,0.0337115062420316,6740.29923647487,5408
0.383,5.68729727700932,0.0140844795836209,14838.6607872339,5409
0.307,6.08497155161447,0.0669182227692205,3374.24157784073,5410
0.321,4.21605344704604,0.0392239813053477,3987.33719540861,5411
0.4575,9.27607430095113,0.0475358454149338,7370.70989878578,5412
0.388,3.32543305552166,0.0213329001407425,5724.98340591531,5413
0.394,3.19934031748446,0.0111422010377734,10096.4993161962,5414
0.4675,8.32792043229772,0.0200120694298084,15668.3177909313,5415
0.3385,4.37809056247995,0.0942013542971336,1661.79460688054,5416
0.2405,4.8182437270426,0.0188859787748059,8983.30554931078,5417
0.3755,7.47735669489276,0.0256008181429669,10912.82305408,5418
0.4615,5.43534561680455,0.00929388721408272,20713.1244516555,5419
0.221,2.89864914923724,0.035269069877282,2969.38825151878,5420
0.4435,4.61749610644982,0.0132839281592815,12609.2611131356,5421
0.437,10.9593512726521,0.0155370351154009,26149.6221014479,5422
0.376,5.75047383629381,0.0586705231980386,3523.51379812692,5423
0.401,3.74904218374026,0.0994584432930004,1339.00331765265,5424
0.244,5.7018356670328,0.0336990298969052,6334.23890517394,5425
0.4775,13.1269720077665,0.0637837255323769,7681.82103015455,5426
0.3545,5.2283085749203,0.050237105105014,3810.143977966,5427
0.342,4.98456884642381,0.0485314963484908,3613.23575499124,5428
0.227,1.54296904810099,0.0171637844272761,3111.72867780589,5429
0.38,2.94745376074936,0.0118851138491332,8682.65897024981,5430
0.2015,3.3615813613824,0.0489609743767556,2499.02573759865,5431
0.4215,4.4085669723084,0.011961489935415,13053.6493121454,5432
0.446,4.1771755453678,0.0105297019114413,14117.4982397418,5433
0.306,2.92917865960154,0.0902989418703066,1196.04279162222,5434
0.23,4.76129199018169,0.0655040611421728,2605.75054984985,5435
0.323,4.60301765795412,0.0354265305270524,4799.06371717977,5436
0.342,2.35221845581959,0.013205473263473,6183.67891907903,5437
0.3375,2.20253383610032,0.0121779226872524,6210.38062777426,5438
0.246,3.64753589551559,0.0247249798512077,5269.31690362137,5439
0.3205,2.9526774857959,0.0273324287099522,3897.90937010926,5440
0.43,5.84369066384707,0.012569538900154,16809.6344862138,5441
0.3795,5.56917210168444,0.0461930398139028,4472.32932252926,5442
0.419,3.11361072084901,0.0115570898449536,9581.03783256665,5443
0.172,3.9425856082301,0.118712514027456,1216.04971313246,5444
0.321,4.02319324564297,0.0709859687433524,2057.16157907093,5445
0.255,5.30198362489516,0.0321066179113442,6031.82092678678,5446
0.453,5.26996450500797,0.0169067361162272,11469.0121455458,5447
0.3375,4.39056507278993,0.020009222102451,8033.61763941898,5448
0.3715,3.22933678036585,0.0279814612061134,4249.28764767074,5449
0.389,5.18455842348032,0.0275784406439673,7048.331871575,5450
0.2175,3.90693345200246,0.0705724163471006,2027.83833521237,5451
0.2675,3.50922927897267,0.0743192083092064,1597.9884495373,5452
0.1565,3.61251209750073,0.0895852423958757,1410.78526561106,5453
0.2385,3.22758126214702,0.0620736264414558,1918.83320569616,5454
0.3565,3.60328217918131,0.0415667443418949,3167.21880803032,5455
0.201,4.84568390290488,0.022112809690634,7837.93924465236,5456
0.3705,5.17963716569069,0.0263940101098095,7319.98937130289,5457
0.472,8.91814995903512,0.0720406542100346,4407.13494676395,5458
0.447,6.93376550092163,0.024260609003644,10827.2208514914,5459
0.4365,7.11053358398844,0.0341562256302048,7991.71255934275,5460
0.215,3.00677290997622,0.0569113105492587,1841.8391801946,5461
0.3155,4.87055564070935,0.0775767642983238,2265.85718002323,5462
0.4405,4.47566705469886,0.0199798628803956,8365.56194754139,5463
0.184,2.12173992022476,0.0309794123335065,2402.31309177562,5464
0.4185,3.86027998586623,0.0181163875778661,7846.86117235797,5465
0.4525,12.6352982977867,0.0568622059249038,8223.44577406896,5466
0.4645,10.1523773714086,0.0934298201180185,3845.15492964967,5467
0.2985,3.23937004604242,0.0120873366273958,9170.91544741045,5468
0.31,3.958333951446,0.029580073114183,4838.54746169443,5469
0.424,3.17055323328995,0.0138514437346198,8202.50280781322,5470
0.3695,4.34464603863056,0.0247442849347783,6202.73603192538,5471
0.323,2.75644118771982,0.0145639640252429,6593.87395461718,5472
0.386,4.28102114767564,0.0297859478272617,5336.13624525568,5473
0.391,4.17973425085692,0.101816593329513,1356.34855919111,5474
0.406,3.23541574582207,0.0124554434201878,9280.61904529147,5475
0.358,3.79278190411791,0.019192394854873,7154.23878234562,5476
0.4705,6.60875982502382,0.00991646968583325,23951.2313889782,5477
0.186,4.67934813387215,0.0213283432840241,7602.84683898559,5478
0.2055,3.15468133635413,0.103472806608419,1063.43827139516,5479
0.4355,7.44000981971775,0.0303679084919315,9330.64275610054,5480
0.4495,5.5260950128107,0.0123130119000626,16173.8673612162,5481
0.396,5.10042316444935,0.0465412558924511,4135.26431100325,5482
0.395,3.08751369407663,0.0330849578168566,3384.5929448562,5483
0.449,5.80067401507607,0.0150765182272067,14117.9926363892,5484
0.461,5.52146162752117,0.0446327700673173,4272.18625791417,5485
0.465,5.79700681024506,0.0108663929580013,19340.3148746674,5486
0.2045,1.69118486231838,0.0312302186556041,1920.91431745591,5487
0.348,4.31416964184041,0.0444976183254056,3507.61109451713,5488
0.396,4.23626723567097,0.107467502428104,1097.86689083001,5489
0.4665,6.56951053094604,0.0109590459024536,21661.0754965913,5490
0.4585,6.61463265519303,0.0187774094011363,13029.8508748833,5491
0.3855,4.06934186197818,0.0194712496614318,7655.91082362747,5492
0.1285,2.02458712411554,0.130429337784128,518.635206673109,5493
0.318,5.06195683731408,0.0395189299132191,4790.84626966602,5494
0.344,2.72293081569769,0.0119273845056779,7975.41817261536,5495
0.2715,3.8725369654309,0.0218119425581065,6434.5341746544,5496
0.3125,5.85208512556964,0.0272144661388835,8038.09867181728,5497
0.4415,7.37974899321097,0.057827820987798,4482.44857019718,5498
0.3675,5.6214882171256,0.028579317121444,7320.86814266206,5499
0.381,3.67089970969212,0.00964176088122831,12998.3924481612,5500
0.3985,6.57836826812782,0.0515600263897056,4773.201046799,5501
0.3945,3.61979437422783,0.0147084347817747,8930.70840138049,5502
0.446,4.46912232651323,0.0112891051032675,14177.3741918149,5503
0.282,3.74693939066366,0.037424178512589,3682.05127136009,5504
0.197,4.55962533685858,0.0242395242086446,6656.56599432591,5505
0.2995,3.11952809387429,0.0179843855459719,6343.51110074741,5506
0.406,3.99361803434396,0.0095285064855764,14539.1359138932,5507
0.2175,1.88107101025214,0.0420899157687691,1627.00941804456,5508
0.4445,10.2227585456567,0.0310661928251555,12502.0896991761,5509
0.457,9.97743259088002,0.0221662225737076,16994.183952087,5510
0.347,2.22172263505968,0.00659471041314602,10588.7287490986,5511
0.256,2.06769935462871,0.0498301963862215,1515.43082724668,5512
0.383,5.11431561770676,0.0228701684148067,8319.1646808217,5513
0.1735,1.46337798148023,0.0214371663293541,2292.52664308108,5514
0.4495,11.9962949510744,0.0520918168884232,8704.09517502445,5515
0.241,3.25579734263487,0.101052134873099,1129.58244780345,5516
0.3215,3.84308667383868,0.0654700666549136,2178.22367001005,5517
0.441,6.08011614416745,0.0513720453064784,4368.67962663955,5518
0.418,4.57905659807708,0.0336381859701694,4833.33130680745,5519
0.4035,5.41738023358526,0.0132595779932796,14687.7999466584,5520
0.397,2.91615131825876,0.0131864563936861,7809.34254387863,5521
0.3865,4.87724232064793,0.0647637902711572,2810.25293289384,5522
0.414,7.51643050785037,0.0353806835196415,8080.74396559849,5523
0.3365,2.24067368625438,0.0136042616635406,5674.93554004557,5524
0.344,4.86056398643572,0.0713368191836038,2509.87357381445,5525
0.175,4.4651590362115,0.0187665849792461,8084.96121928616,5526
0.464,4.78461490788466,0.00825094803250027,20245.8571036228,5527
0.3255,4.50129981482377,0.0140069060391909,11268.5563748783,5528
0.457,5.55954473808478,0.0162093358483816,12591.8758033933,5529
0.245,4.07370771787232,0.0356062880598071,4195.63168495546,5530
0.3135,4.74661424590062,0.131067960426564,1137.52082121587,5531
0.3745,5.77378184185719,0.021999985732335,9749.91331976109,5532
0.46,6.2197430095504,0.0285204073244896,8242.95606581466,5533
0.1985,2.44428419622993,0.10483494343019,852.732623535157,5534
0.4,4.32132732215036,0.0164858319586877,9506.68143721574,5535
0.466,10.0981842981763,0.121072920998872,1748.16316879958,5536
0.312,4.23632775022992,0.115890101671538,1174.29116924721,5537
0.248,3.32925681497881,0.0267998382914225,4493.59620147925,5538
0.215,2.70921034401774,0.0475810509341947,2086.35835702019,5539
0.3145,4.28211192721407,0.0264322196902672,5987.0854782584,5540
0.362,4.38458217822157,0.0298028579353495,5496.69768682732,5541
0.4495,5.78687115382289,0.0133355698439382,15828.1104707263,5542
0.4605,15.0177739683015,0.0948156235744207,5703.79045281839,5543
0.308,5.02442548621462,0.0267346572371424,6906.58628604177,5544
0.461,5.49053425832594,0.0223470734043457,8890.8936317147,5545
0.4045,4.78492040722957,0.0594756851352137,2967.79088416824,5546
0.4625,9.24793113203023,0.0119882850176486,28245.3534655471,5547
0.45,5.16803214301303,0.0128497251526992,14656.1223188311,5548
0.2615,3.59735441514527,0.0872404619693899,1486.58487674793,5549
0.1995,3.27611697012032,0.0686167924680036,1709.22522866969,5550
0.4235,3.93273399609855,0.0119554667691316,11719.5101885444,5551
0.2365,3.90885842119956,0.0450008576443195,3194.9636725728,5552
0.2595,5.09062760212287,0.0180585346346121,10191.0658522705,5553
0.425,6.24159649330678,0.0270867554004911,8645.70634670958,5554
0.4295,6.4152024971632,0.0525476821549419,4407.97094276027,5555
0.3355,3.25687021889873,0.0501906766693268,2415.22021772131,5556
0.2645,3.81111293311138,0.0354017684731824,3995.09564695487,5557
0.4515,9.36530053963167,0.0647002634629905,5429.77046611852,5558
0.238,3.01773370440762,0.0297140577636511,3623.8715261959,5559
0.317,4.46861392501646,0.0285285738666916,5785.71899229765,5560
0.382,5.93733901680311,0.026144819814982,8581.78485161007,5561
0.4275,5.10121358060025,0.00946955990295369,18953.553650118,5562
0.384,2.78005786690033,0.0157705440814543,6322.52903850604,5563
0.442,7.08289171985925,0.0624695877388433,4096.03831970497,5564
0.3935,4.84494858921066,0.00715801623098356,22660.3827915342,5565
0.399,5.72168367310086,0.0284146326169366,7540.14070951102,5566
0.1965,2.69837026412323,0.0596905649254621,1690.06846907346,5567
0.459,8.95675721536778,0.0872416425134808,3440.19908783501,5568
0.4625,4.70839918420228,0.0459671381619136,3799.00097407034,5569
0.4775,11.4132530731387,0.0384980361380987,11304.7037904324,5570
0.3715,5.03639056011566,0.0288162090296125,6513.18262959008,5571
0.3165,2.95825307217473,0.0634001840382247,1717.67639125364,5572
0.4495,6.97306924841479,0.0360190466587277,7307.7545606966,5573
0.4385,8.39102355556901,0.0155269273059957,19878.1007972107,5574
0.2815,5.26026418897667,0.0276491940563683,6896.33609682954,5575
0.4435,4.63639595171801,0.0096864589105044,16953.7265386508,5576
0.4515,5.72306671864471,0.0323850044796658,6649.20330148113,5577
0.4475,7.39948813961517,0.0174370538712328,15754.62879881,5578
0.279,4.58199285411452,0.0197889864568767,8258.83549809397,5579
0.222,4.91099521029654,0.0829315409104288,2099.47087755767,5580
0.31,3.33884488259556,0.0229626028272161,5226.79407089654,5581
0.213,4.85696684130725,0.0221547250904174,7592.45569509018,5582
0.2425,4.20538983172503,0.0887158574065527,1641.48192372269,5583
0.453,4.21192693379217,0.124108773986554,1144.77501307863,5584
0.3365,3.94670834426788,0.0184822813704247,7681.67152824702,5585
0.471,4.23484894370323,0.00993542201056225,15126.6397464737,5586
0.3205,6.36196219486188,0.0530158005909964,4457.23936890942,5587
0.3055,3.97242954013439,0.0162919958745356,8570.18312147634,5588
0.437,5.16340861435252,0.00694471545293629,25276.7421811839,5589
0.1595,3.81618876966864,0.0461597980531799,2931.74912446905,5590
0.44,5.39856900472679,0.0136667030200028,14428.5815222448,5591
0.3275,4.33001051419369,0.0291361574755,5469.81944955868,5592
0.4065,6.68386765342631,0.0440276686834662,5610.63319677431,5593
0.4145,7.53831911944802,0.0297782544605675,9580.54392609398,5594
0.358,3.59748736356313,0.0184711021570587,7096.56955183536,5595
0.305,3.37705084528336,0.0131221658223211,8881.78130409328,5596
0.409,7.05635141693798,0.038566706201459,6958.75482387494,5597
0.349,3.47682315337187,0.0204466820251984,6106.87501835538,5598
0.2645,3.86252370974595,0.0468346560718736,3054.76460695057,5599
0.2345,5.08853424744178,0.0249519528457604,7412.11453090307,5600
0.405,5.32285735989981,0.0457453084619173,4328.10123235234,5601
0.3035,5.68951093382853,0.0443015028819071,4663.98638158441,5602
0.169,3.97828180166611,0.0468297913208568,3010.37139176592,5603
0.2215,2.3374193645392,0.0187088451238252,4290.82994068722,5604
0.2165,5.19655440419852,0.0176228227930145,10154.9023473705,5605
0.3865,5.26002612869957,0.0357639569544456,5320.4641465931,5606
0.378,4.27467204749943,0.0475381076857473,3345.10007345708,5607
0.202,2.90353556841147,0.0895126898926293,1142.5745375076,5608
0.4115,5.66010373778759,0.0302413810590389,6717.13180807634,5609
0.403,3.57988151573555,0.0226518450078579,5801.11892327024,5610
0.401,6.37279030412719,0.0403279021735132,5932.98027121485,5611
0.4525,6.89047007650414,0.0103498675612319,23748.534317226,5612
0.3525,4.16598948693932,0.0276115087704218,5568.22303130279,5613
0.439,4.98670939026022,0.0124342019052503,14378.3805264906,5614
0.329,4.18700344335383,0.0554543769571396,2762.35691178168,5615
0.422,4.6980429375251,0.120895915315692,1272.73652310149,5616
0.462,5.27944167805878,0.012750815205037,15086.4645769596,5617
0.272,1.98874359073532,0.0321180480154665,2198.19629590876,5618
0.288,4.98737049805394,0.0716997933185125,2537.64154669448,5619
0.2215,4.46397879374246,0.0196070798616491,7929.12021703567,5620
0.4425,6.19271190455966,0.0392054089682172,5723.23944674388,5621
0.4655,9.54776708632138,0.0455862481157261,7918.71760313671,5622
0.2595,2.27433008516159,0.014989551097139,5225.1153110892,5623
0.106,2.87512605683033,0.113800509307776,902.104708616456,5624
0.449,5.5392196458039,0.00976084215029509,19996.5700666492,5625
0.4355,5.72293382101445,0.0355133743373439,6152.6174784609,5626
0.2375,2.68631047324695,0.0941882967962543,1014.00832637861,5627
0.164,2.14868450236433,0.0587491560130852,1323.80126626695,5628
0.428,5.75178831666133,0.010637761511444,19279.1580852212,5629
0.437,5.42304294188143,0.0313165323864601,6594.16226986694,5630
0.449,8.25277798990345,0.0232706871812603,13379.9392808667,5631
0.436,4.5810889085882,0.0201383525564147,8460.91289450737,5632
0.454,7.594213954082,0.0651275472782737,4393.41150733299,5633
0.4485,5.17851668719557,0.0145212402713597,13095.7059842794,5634
0.277,2.80532049135536,0.0195902871137905,5029.38529256163,5635
0.205,2.60246973315547,0.0393065892269092,2408.0156673526,5636
0.3995,4.0102535704632,0.0103378520143166,13390.4399596237,5637
0.327,3.30839959868302,0.021866435214256,5538.87007433512,5638
0.217,2.35434125803681,0.0411080755822923,2085.45352018988,5639
0.238,4.68427734506794,0.030279952237968,5631.02493240862,5640
0.352,4.29768579783339,0.0552088304758556,2849.76117400124,5641
0.2875,4.64770476681305,0.0198575695639889,8420.78484415906,5642
0.4125,6.57232925167722,0.0423049666707848,5869.43714203731,5643
0.3785,4.7950863623064,0.0316767835782682,5665.40744798186,5644
0.448,6.44929952072056,0.0298778022615683,8270.8036681076,5645
0.432,4.74818917651709,0.0503509229792355,3578.20307858087,5646
0.364,5.96994588743783,0.0608968275356579,3714.23233471169,5647
0.423,6.75912154040975,0.0258924296985853,9771.54353728694,5648
0.3165,6.26502575309709,0.0227896650797241,10160.2667878686,5649
0.417,6.5336752870439,0.0127121059864268,18637.8841514459,5650
0.2545,3.70339411782812,0.0462239825157361,2920.35298074063,5651
0.248,2.29198550481306,0.013527790358724,5672.72764549648,5652
0.4675,7.24958975650099,0.0205601246287647,13304.1485500145,5653
0.2955,3.43427216324865,0.0291128243543901,4227.87488026319,5654
0.4145,5.01671248041125,0.0307743283104016,6137.26644053959,5655
0.198,3.73272650754154,0.0642056569207697,2154.36535848639,5656
0.432,3.58294930156419,0.0100487863451945,12576.6072054135,5657
0.297,4.15127171391408,0.0718680740143789,2103.60503823258,5658
0.2795,3.15563756709428,0.0345022385490023,3341.79057315175,5659
0.394,5.0701597617754,0.0220379417378893,8481.43113274173,5660
0.2615,3.26454870129815,0.121248153098459,896.170197896812,5661
0.453,7.95880795573773,0.0363199333475738,8343.25635237466,5662
0.254,4.93159719364536,0.0623901110619156,2939.71850832619,5663
0.178,4.56082744329775,0.0341319809538005,4809.4086320397,5664
0.1735,2.44588600461759,0.0380881424091061,2240.14008555849,5665
0.3595,4.7041132308126,0.0820109965269153,1908.02818620143,5666
0.4745,14.439133643643,0.0394503542699074,13680.8869114058,5667
0.3035,4.23691024663594,0.039779907833065,3962.56288047149,5668
0.1995,3.51347811424167,0.0763166442713709,1631.88018714246,5669
0.1915,3.3628750282774,0.0884168789680857,1342.35105152882,5670
0.451,6.03824885828735,0.0433530252875063,5254.47408283968,5671
0.415,3.88715585716053,0.0248776240587412,5770.75094169365,5672
0.447,4.58348786391618,0.00897010319577066,17823.1815939547,5673
0.243,4.26623761347312,0.0624684827375827,2462.65358602561,5674
0.317,4.60790090550829,0.0654615191961962,2591.22835103489,5675
0.4455,4.18829288001562,0.0232687206037823,6621.66607732127,5676
0.321,5.50722110636474,0.0309548276594457,6386.19805999853,5677
0.276,4.59697715833766,0.0140585234392717,11551.7565201966,5678
0.314,3.98160258434542,0.0301609832874273,4825.72725564394,5679
0.3485,6.64517633229053,0.0275657613364426,8984.23792532385,5680
0.4375,3.78237306809404,0.0118148642421345,11541.4798563432,5681
0.3725,4.7506587211818,0.0447466397194189,3999.66040786585,5682
0.38,4.30998009205309,0.0404239548983886,3997.45142022847,5683
0.2485,1.58388572956682,0.0175930913382287,3072.84997817819,5684
0.181,2.55259848875128,0.0507930257382656,1839.93186876644,5685
0.3565,4.96742123510257,0.0410173925664781,4553.41738719948,5686
0.214,4.11851266729585,0.0749025493813616,1963.71128751121,5687
0.28,4.47486380021653,0.0355853973940803,4628.43307548641,5688
0.4595,7.02010587252896,0.0221847275067935,11568.5287414535,5689
0.312,2.27825609000388,0.0115653187291761,6686.11690273572,5690
0.3875,6.13680919393988,0.0345621034061695,6660.58233541047,5691
0.4385,4.92742767679476,0.0150656920500864,11949.6920427804,5692
0.419,7.35828500073998,0.0348085125556218,7969.65457328641,5693
0.239,2.38598827060726,0.0139589929897112,5699.23387846285,5694
0.1385,2.35564702501794,0.0971654914963327,869.516836524325,5695
0.418,6.6285404095205,0.0159997418826463,15190.3222082008,5696
0.396,5.17339695315066,0.0214017740568918,8857.45466859905,5697
0.339,4.6737341607088,0.0197228099123506,8595.92723026835,5698
0.4185,6.18334325638343,0.0577930392788109,4021.42961519808,5699
0.401,7.34625982183737,0.0294513026951884,9464.95173068415,5700
0.2295,3.63505404422383,0.101004043999659,1204.32197209051,5701
0.4255,5.5836090463504,0.0119118059081053,16885.6618518666,5702
0.413,6.24073587458305,0.0278528967746859,8460.36585525682,5703
0.4045,3.68943239191184,0.0262042137735815,5171.7148267009,5704
0.2375,2.38730055876206,0.0222537813514859,3785.93397440606,5705
0.391,6.15364854782764,0.0405735096545646,5739.32254504272,5706
0.3965,5.28533508194744,0.0226077141730639,8462.69909737443,5707
0.264,4.27065471268937,0.0648313070153922,2384.42563807131,5708
0.3295,7.02793557998024,0.025520989243101,10214.0771327487,5709
0.18,2.06759922949171,0.0685627814133286,1067.0876843083,5710
0.3745,5.5322466513827,0.0314376532960163,6594.47868487319,5711
0.302,2.08029856094488,0.0301346656039888,2492.28493961619,5712
0.4125,5.80862889997696,0.10125159894957,1678.41133524218,5713
0.3025,3.30600792988446,0.117431808256268,958.420977623796,5714
0.3375,4.03797101833775,0.0975402140264668,1435.10430611503,5715
0.3195,4.5859121575849,0.0280085952217684,6002.69628788755,5716
0.281,3.43842301661827,0.0127717114106965,9167.68117618774,5717
0.4285,5.53611428855145,0.0181273002657428,11381.23171192,5718
0.4715,11.4832832157741,0.0383561483408229,11420.1424759487,5719
0.3865,5.01548244990956,0.0140859247514402,12685.6511108635,5720
0.3435,2.31348016061005,0.0103085198043914,7632.29594993952,5721
0.3765,3.57182806394088,0.0302020640231721,4429.65435202442,5722
0.4205,7.26987076800009,0.0418677754029683,6571.84874150198,5723
0.3725,3.31998772361364,0.0263387204197631,4556.63928872565,5724
0.3555,3.68433972831919,0.0335441979037278,4080.55839108547,5725
0.3415,3.91175449545056,0.0262786141666159,5207.18347030002,5726
0.435,6.98113139298655,0.0343858251829325,7596.03664895325,5727
0.3115,4.22842513297511,0.0153053153638317,9550.3199532354,5728
0.165,2.70012019670564,0.0620680481183799,1598.98556745648,5729
0.46,7.08146272767644,0.0260213098989246,10157.5281132244,5730
0.4285,6.15727480434099,0.0134609649230377,16587.2027099092,5731
0.4535,5.05970325857763,0.021009832562984,8816.86286767153,5732
0.419,5.34386478516245,0.029343480746656,6786.83578985937,5733
0.4165,3.74645582762579,0.0123167983906557,10819.359040001,5734
0.2115,4.25125993117514,0.0360765443180382,4206.31974738903,5735
0.3515,4.52662246938214,0.0607075624665517,2750.51561448497,5736
0.2865,4.82826786471432,0.0280246988046865,6344.70632117469,5737
0.105,3.10106898668031,0.15913633715643,657.815112375254,5738
0.4375,4.30908006985694,0.012772293551287,12169.9826844966,5739
0.239,4.03361963925273,0.0471345771417933,3151.08567973788,5740
0.4625,8.21922825324848,0.0128357048536219,23600.1011553169,5741
0.415,5.55977924773125,0.0205610523911978,10112.6926711729,5742
0.309,5.19184911878883,0.0534358254091451,3578.84391844852,5743
0.4105,6.06488949363419,0.0519840830470089,4395.14954684885,5744
0.4165,3.17441878244872,0.00689048610409246,15177.6471138763,5745
0.382,4.86276362447097,0.0257570533100433,7044.65101439873,5746
0.3955,5.90332593396966,0.0342177648709854,6498.92937427495,5747
0.226,4.72962208378729,0.0168684209366217,9878.21184212024,5748
0.4765,7.82989802544562,0.0257217761132678,11482.1783703516,5749
0.4275,5.65662365297817,0.0216950739124334,9691.42654450793,5750
0.4425,10.1565869949128,0.0868644249909798,4343.30077100093,5751
0.371,4.0321510750927,0.0335855359833733,4433.18082649637,5752
0.4455,7.4475755875758,0.0364212571735721,7754.61547462694,5753
0.421,3.58626549233909,0.0155118051750246,8381.36141269124,5754
0.3795,4.08088107033576,0.0575423453450064,2616.09609224532,5755
0.39,2.89116064350358,0.0152331341387359,6855.44253095948,5756
0.4265,7.1056527322936,0.0610580833661564,4351.97319349351,5757
0.217,3.99262146265358,0.0532443300441212,2707.73778173427,5758
0.4695,5.32848296785948,0.0103347808142361,18493.8945821027,5759
0.3875,6.12438602349483,0.0384075956525963,6042.4894078227,5760
0.2605,3.49682353716663,0.0104473706123538,10804.9524433423,5761
0.266,2.05720818221149,0.0211897922846824,3424.56352128562,5762
0.3185,3.4576500307911,0.049538057737466,2479.69071268567,5763
0.3205,4.97748877252921,0.0259860432923147,7084.15865719886,5764
0.4345,7.12276711721825,0.0387161484566052,6712.54084252845,5765
0.4325,8.75214875205795,0.0441198302009774,7558.11212427644,5766
0.464,10.4615300655433,0.0298086781035578,13254.3236642472,5767
0.3505,2.62499146398428,0.0519955059381986,1748.75838633681,5768
0.317,2.35266894699146,0.0327042201517594,2526.82320544532,5769
0.4125,5.1542725916602,0.0227638529758734,8421.3064074603,5770
0.197,2.96065768352103,0.103462203259354,1017.21982830916,5771
0.2335,3.94425082225901,0.0445406639152053,3225.10599628788,5772
0.447,8.09399455452291,0.0511158512825729,5954.8985811411,5773
0.312,5.37377381928249,0.0512068776245296,3958.37352138173,5774
0.2675,2.26605478943524,0.0195974218883956,4000.38201676989,5775
0.2395,4.15904975995731,0.0538974233150129,2813.57251542488,5776
0.456,5.45803427293143,0.037527199115165,5062.58750900211,5777
0.432,5.98289703842663,0.0294863366817716,7585.1787210099,5778
0.268,3.98169107828838,0.023160074598656,6128.91689794045,5779
0.3955,5.24340092732395,0.0487390815869284,3998.21448901646,5780
0.453,11.4808374685813,0.0712299060132486,5716.27628314401,5781
0.384,5.44378537273472,0.0313042374068113,6571.37289472802,5782
0.414,5.52518970299642,0.021911791485333,9019.60427444735,5783
0.454,7.08889017777455,0.0420970231599178,6420.31673491847,5784
0.459,8.26837784475805,0.0214067180176341,14539.0010142612,5785
0.3915,4.96267577427617,0.0166565354178194,10870.4940662575,5786
0.445,6.63626828641875,0.0639689009963756,3931.93992199908,5787
0.2905,3.94859247727118,0.0494373530725858,2882.65817564462,5788
0.2845,5.31043982937624,0.038828172486431,5077.71222229084,5789
0.329,3.43649941334486,0.0646471353320854,1936.08208743103,5790
0.2965,4.50848505381231,0.0134872630120796,11627.8526747903,5791
0.4145,4.90919238708952,0.0214043902502477,8518.12056090904,5792
0.405,5.09418819056947,0.0317542304152357,6035.65479423368,5793
0.341,4.3048690167336,0.021690976436823,7284.21006779131,5794
0.4445,7.3012631414244,0.0155812314982814,17430.9671564763,5795
0.4235,6.32064080314826,0.0428972209670372,5557.99454200996,5796
0.2385,3.10464708795861,0.0285267430434111,3962.155609791,5797
0.2055,4.07590777499697,0.116010849035965,1199.5161929593,5798
0.276,3.77695782786019,0.0111362593601803,11426.9651143146,5799
0.1545,3.99144486883457,0.0389421818198504,3637.27812331681,5800
0.416,7.51578883166904,0.0421590156991007,6714.76848466063,5801
0.3875,4.28816507157758,0.0500280210874862,3144.18377232921,5802
0.457,6.55963743678687,0.011018099963879,21596.959189515,5803
0.4425,5.02576845454631,0.0441619638173259,4295.43867385682,5804
0.3975,5.06025006187035,0.00869170722097363,20103.2633148661,5805
0.4055,6.93207759788187,0.0517145783039341,5085.67280068529,5806
0.4555,6.40203580665636,0.0820676288438987,2696.19340941095,5807
0.4485,8.43828757194187,0.0361154921707425,8783.31209969568,5808
0.179,2.07094993728438,0.109187528823376,640.991144058624,5809
0.1515,2.16055794716085,0.0640294197113697,1186.36811231614,5810
0.14,2.37126332355493,0.0632578034367602,1330.05089870052,5811
0.3015,3.8421943748582,0.0310257948806112,4517.88895813512,5812
0.46,5.29446212930751,0.100645788737062,1691.88114365284,5813
0.4485,10.3081452802507,0.070411258897772,5026.66969205919,5814
0.398,5.80885051378853,0.0165723798793299,12885.5322103395,5815
0.409,3.759804716882,0.0384209665403868,3643.12867635961,5816
0.4545,6.24005290650737,0.00979900786466914,22509.1933781421,5817
0.293,3.49758944002242,0.046373607424784,2803.10070812804,5818
0.2645,1.94462789526509,0.0114473838355136,5457.10964800031,5819
0.204,3.60285651272367,0.0690489768831021,1864.22059750388,5820
0.458,4.35986155393446,0.0102998931766784,15107.9468590878,5821
0.443,7.41244784587289,0.0147267402558842,18582.4250148777,5822
0.2415,4.03084371668149,0.0821535697967971,1783.04232471514,5823
0.4025,7.33007679673352,0.0203495490511228,13393.2000282151,5824
0.4585,10.9953581980435,0.103360508321464,3537.5662621214,5825
0.47,12.4629298264258,0.0398657459632958,12078.5854608012,5826
0.4525,5.19893018111802,0.0249027295809169,7685.39454404544,5827
0.4245,4.90906117340478,0.0189582057791927,9625.57513810111,5828
0.1815,3.07854395968034,0.0897295789985125,1171.04755531113,5829
0.4425,7.57127462679023,0.0347196394108119,8352.63051237866,5830
0.4415,4.57584728660808,0.0111562774923575,14695.8444828325,5831
0.264,4.28971593326052,0.0307066814861,5070.836844797,5832
0.2975,4.95225294254401,0.0610076708766387,3042.68410275702,5833
0.1425,1.53452157667335,0.0316936424903622,1637.07969044944,5834
0.4335,4.91955196571255,0.0128173595959186,13911.2812577834,5835
0.1325,2.15358292424354,0.078213449521068,989.551377703383,5836
0.445,9.99729649474485,0.0730536462770529,4939.53380664559,5837
0.2695,2.78663003979111,0.0391150408889799,2600.35362656272,5838
0.456,8.12167740427069,0.0612597189838122,4914.08895269612,5839
0.136,3.20400957269149,0.138358127964661,761.696679156907,5840
0.449,7.23813177677925,0.0276584801014326,9388.88979977804,5841
0.4545,8.56204035451147,0.0499766302320587,6526.50158512534,5842
0.46,7.26133645300138,0.0780577024820389,3174.70041586148,5843
0.37,5.71345547316428,0.0447195534806949,4826.1400409704,5844
0.3325,3.95855083610243,0.0726025013181574,1864.63098310196,5845
0.248,1.91551273607664,0.0414115694889673,1612.79436278932,5846
0.251,3.6371939302284,0.05414918517382,2441.12272528083,5847
0.4645,11.6140111500042,0.0537650996531403,8201.04029423236,5848
0.4305,5.37798943121733,0.00851655499916976,22035.5355861198,5849
0.3915,3.11689645957387,0.00827971890579012,12707.1940537271,5850
0.192,3.09027008370131,0.0416666713869771,2689.5192258049,5851
0.285,3.19403904341271,0.0426634716861858,2651.02202862794,5852
0.3805,6.59077872000818,0.0422682189733022,5910.32044675057,5853
0.3295,3.72279483881038,0.0118371961096497,10776.1362164546,5854
0.385,5.70229111186706,0.0331943129532633,6448.42912473584,5855
0.2365,4.73204215949956,0.0180268841519552,9143.8328846279,5856
0.431,3.69344362155371,0.00661157529834052,18456.7003200998,5857
0.442,8.5848648601932,0.0446609092357357,7280.90411069177,5858
0.4405,7.50477240062385,0.0404826786175864,7023.02021793805,5859
0.23,2.89447531289992,0.0285149225154599,3554.87734743,5860
0.4405,4.87929366266718,0.0345200465889779,5147.97654244189,5861
0.141,3.46440576311822,0.106752887686261,1132.61831606253,5862
0.465,8.20872712228141,0.0516386981324506,5870.37607739466,5863
0.305,4.56701639377615,0.0209596631922055,7981.30995756419,5864
0.3465,4.27766132501804,0.0274334809959072,5741.27684475554,5865
0.1935,2.11846903258038,0.0581540664480949,1330.44318042373,5866
0.465,6.29881307800924,0.0123797427253272,18599.1555189804,5867
0.161,3.29850222852524,0.0780957747246822,1542.38075144642,5868
0.172,3.96973886009665,0.0617280730685284,2313.40724908741,5869
0.1315,2.93573353448781,0.0813329212080468,1338.79060720528,5870
0.4085,4.05912521849276,0.0131942087490778,11091.7986337657,5871
0.2505,3.27052172007151,0.0835028119625149,1373.05275839816,5872
0.4535,6.72806413812615,0.0346841080753794,7348.84749526905,5873
0.454,8.12613937849882,0.0317830193456822,9658.33878209239,5874
0.2465,4.76803329486374,0.0271507752825227,6299.66376957626,5875
0.427,6.78606343203844,0.0270272251383761,9595.53970634168,5876
0.359,3.00752083398808,0.0109775731023542,9541.72781958203,5877
0.4445,4.02374040773237,0.0134086601078734,10977.9477332477,5878
0.304,1.79163404609227,0.00894613975197702,6456.61009801242,5879
0.3355,4.96868125402863,0.040283046058722,4624.12288528608,5880
0.429,3.66524549958892,0.0114433012581676,11423.3273723157,5881
0.4365,5.01316156608175,0.0110291030022426,16248.2914705027,5882
0.4435,4.42146046677591,0.00999655423352582,15662.5455844123,5883
0.3695,6.02348095352599,0.054217127364417,4164.98477452525,5884
0.242,1.94614562127252,0.0254996757192332,2689.87622030095,5885
0.244,3.56482423705277,0.0471838442806257,2809.96701998956,5886
0.2115,3.84992913362445,0.0200537116610436,6827.51099699355,5887
0.2455,3.60580770390534,0.0288951953020966,4586.29010995881,5888
0.124,3.5006131365637,0.049135476770925,2549.95717787664,5889
0.2485,6.16812980703708,0.0257240456657787,8576.27198877224,5890
0.452,6.249074496578,0.032291932016143,7176.50812851162,5891
0.3535,4.17890550102972,0.0245043275869119,6283.11920662192,5892
0.3445,2.89901886324727,0.0310564336867193,3356.70793624487,5893
0.205,4.01571502708287,0.145134310098803,930.407048956725,5894
0.456,13.2959826047731,0.075672295535854,6370.79287169163,5895
0.427,3.96545045367604,0.0164058459439627,8672.25355334832,5896
0.4455,8.57972541610423,0.0575571030079313,5618.76885808458,5897
0.3735,2.28245029422715,0.0130233807136354,6207.84662378462,5898
0.4425,5.22245942335491,0.00945567921024798,19595.1516400881,5899
0.3495,4.11366786483506,0.0221342561346234,6807.09506417665,5900
0.317,3.55536368234385,0.0338600502512391,3901.7866735789,5901
0.417,6.44729775487998,0.03138194908392,7854.64170531769,5902
0.186,3.28720005491347,0.0497666293677065,2432.22213254554,5903
0.2645,4.11589334169565,0.0299211664735654,5094.97418408571,5904
0.2335,5.34317050779237,0.0430300381405311,4586.79224158739,5905
0.4255,4.32573434759123,0.0209959000666017,7584.58120135033,5906
0.3295,4.65738699504258,0.0212913788195003,8082.5770341407,5907
0.426,5.47849814709455,0.0197683813191044,10219.7180628577,5908
0.398,3.34115480216087,0.00966881760165185,11767.2493492972,5909
0.2235,2.18353938166466,0.0216335858692566,3549.18548608832,5910
0.304,4.65195159889739,0.01211423491991,13163.3289855273,5911
0.234,4.58416456776636,0.0314375054494794,5312.48869195177,5912
0.438,10.6408706685935,0.0559864706358735,7225.47618117316,5913
0.305,2.05704374827785,0.0115321149714408,5938.11687448862,5914
0.4105,6.4970930151393,0.0371844046591013,6537.54245261125,5915
0.3405,4.31379912879756,0.0311855381459829,5080.58904053903,5916
0.292,2.30339405643094,0.0207164667636088,3962.30461953887,5917
0.2485,4.5786545769363,0.0985289319385312,1649.57366988655,5918
0.1715,2.10955241846899,0.087945943796597,875.697639119165,5919
0.226,4.70882482431281,0.049668683687609,3429.64258258829,5920
0.114,3.79378942163064,0.0923914296533377,1414.71255783691,5921
0.147,3.11422119749839,0.0840417173371925,1296.69276729403,5922
0.419,4.01855010747104,0.00903068640181606,15291.9650509982,5923
0.425,6.27648481188788,0.0531584304028446,4233.98037422468,5924
0.284,4.15349501785688,0.0368002210345441,4172.47878442851,5925
0.4425,4.2086374814037,0.0181904668350795,8521.6007367565,5926
0.1645,2.05769247988721,0.0241721166665503,2945.73856674416,5927
0.28,3.82961433397757,0.104393239398234,1100.44054164823,5928
0.471,5.22844840856064,0.0122620389873831,15485.2119525429,5929
0.45,9.69574495723254,0.0510668386297928,7262.0520710684,5930
0.442,3.70953712572924,0.0216112362108237,6434.80722003121,5931
0.435,4.87008372083382,0.0302153085726322,5970.24329060191,5932
0.453,6.45804599064535,0.0990800449836728,2114.17270468332,5933
0.417,6.54334345641072,0.022910056160572,10778.2689458909,5934
0.256,4.77394289052874,0.0131618124153636,12249.7099584074,5935
0.4535,5.80736890335822,0.00775076642821616,26095.4088672313,5936
0.2725,4.84650671433529,0.0131134941281736,12709.6390012005,5937
0.2545,3.61675529493919,0.0127453001048612,9590.58885337794,5938
0.449,7.329910996784,0.0559373298211302,4846.1168529713,5939
0.3385,4.2315311971981,0.0304195022893581,5138.87068458466,5940
0.444,4.57149152075496,0.0115930802950963,14177.6937865304,5941
0.1195,3.12351607191041,0.0413365175508507,2632.17170044258,5942
0.326,5.89089083017641,0.0362065103308262,6024.98639773307,5943
0.2805,4.84086189950878,0.0262541115610809,6685.44205705662,5944
0.43,4.78080431784351,0.0110626109065781,15331.1183288612,5945
0.31,2.33903723558022,0.0176911919627158,4615.76417234701,5946
0.3945,3.27323027249572,0.0188900033432662,6279.75789593571,5947
0.3265,5.63632591724021,0.0455602142009539,4638.47936498464,5948
0.2655,3.65808130860938,0.0560459801938282,2401.99252154926,5949
0.409,6.24730704718978,0.0141601071994747,16047.9284941912,5950
0.4385,6.38746600999856,0.0197845313069373,12035.0291578064,5951
0.4245,6.55215048734228,0.0282582143734906,8802.53655056386,5952
0.1835,3.07933607688083,0.145161676891403,675.081232318921,5953
0.226,4.92461635791993,0.0439253792783897,4023.11954169648,5954
0.321,3.74705124330225,0.0819711159463642,1669.71348503535,5955
0.453,7.05184066411683,0.0336590323967248,7956.16109453214,5956
0.4095,7.3324823683853,0.0670768144607962,3981.98285332322,5957
0.4245,3.10092923111017,0.00655703636053066,15669.7192517801,5958
0.179,1.8215320426152,0.0601882516721065,1085.51207090132,5959
0.4565,8.03022304278683,0.0722206721697127,4101.75530980498,5960
0.305,4.66567850727948,0.0179970478273526,9363.86903686022,5961
0.304,2.39151381695453,0.0209542845635129,4049.03912776198,5962
0.3945,5.42347962470997,0.0365946832356194,5542.78069598741,5963
0.4705,8.06462349242051,0.0527020360033336,5602.2758387254,5964
0.434,5.67045946640764,0.0168458036250026,12456.6092555127,5965
0.3405,2.23070962380755,0.015886482418246,4944.74680992992,5966
0.1515,3.83145100836307,0.0337772805932112,3870.06654805012,5967
0.208,3.08952951435545,0.0748488736339078,1499.81994535288,5968
0.297,2.34917129120559,0.0105338856277859,7374.15777025836,5969
0.2905,4.50935721834338,0.0157442756046531,10195.0432040591,5970
0.453,11.3361887360064,0.0760931668062697,5499.82052620765,5971
0.145,2.8717899482673,0.043337313378612,2381.76569049185,5972
0.399,6.23694509649615,0.0392061743301509,5871.55209826111,5973
0.2805,5.59930793220752,0.0337950188734683,6325.7370518786,5974
0.1415,1.86415685563986,0.0717164355171473,941.342595441389,5975
0.459,9.77598554192468,0.0613684576014259,5956.12730368254,5976
0.277,2.55312685383502,0.135480625422396,664.329464735923,5977
0.4575,5.80137033158169,0.0115756686335561,18163.5991513611,5978
0.378,6.08241969367098,0.0157223900515029,14207.6994162731,5979
0.193,3.91966849525728,0.0585839580188849,2379.30872947311,5980
0.251,4.31481243080185,0.0132923142933251,10947.1189442919,5981
0.3575,4.37177794789549,0.0264423405791582,6127.57560327983,5982
0.327,4.57468713959961,0.0312272523448874,5529.36205663242,5983
0.2775,4.37640399687207,0.0539249921695723,2956.35763502204,5984
0.4525,8.9980502673798,0.0403229284869634,8448.43963418042,5985
0.4735,5.12478408362167,0.00954366475273497,19179.2856310964,5986
0.4465,4.24343203640777,0.0283155718428298,5430.69338748437,5987
0.301,6.27420785519876,0.0555861717481419,4240.08218433162,5988
0.258,5.21730097923442,0.0412276329752179,4712.65894353632,5989
0.449,10.5744850888723,0.0407929421146124,9925.90692335613,5990
0.436,6.37419973363035,0.0738894001238385,2903.28061076477,5991
0.4665,7.14257836180933,0.0260900042863371,10345.6238622856,5992
0.413,5.46492748389805,0.0426344439720656,4816.38345720164,5993
0.3465,5.42608971124899,0.0414255857376621,4828.10528689467,5994
0.4605,8.56556171035468,0.0144506117819016,22015.5056085326,5995
0.3415,2.79805196631069,0.0108711563322284,8784.16623656705,5996
0.2555,1.75976648219414,0.0162943933482455,3620.0839293867,5997
0.3305,4.6344700159902,0.115100470754159,1226.08160926171,5998
0.211,3.45958458739204,0.0218869448199106,5510.45751119989,5999
0.16,3.2882244708996,0.0239636060905502,4672.15892259287,6000
0.4485,6.70263413890595,0.0399419262013651,6354.58200088733,6001
0.3255,5.14425936327734,0.0302084580607989,6364.9317220775,6002
0.231,3.15818539928343,0.0972885220470232,1109.07459328215,6003
0.4625,9.0327229105325,0.05155274849058,6661.15475338382,6004
0.3135,3.5937653377828,0.0732864078298833,1711.77689941721,6005
0.4395,4.84877238290686,0.0119444654798782,14476.2928723167,6006
0.3545,6.04131388400697,0.0447455319793314,4981.98540012094,6007
0.447,5.62655380417385,0.0201683791616458,10150.950463671,6008
0.317,1.95797980537711,0.0146651167841549,4611.68003107216,6009
0.4265,5.6567248027308,0.0445397978781539,4798.50121329106,6010
0.4505,7.82162054002499,0.0204452256080489,13993.6091093361,6011
0.2535,4.5579264224041,0.0315650327563372,5243.50436758579,6012
0.349,4.10347338538071,0.064095868659012,2211.6901057146,6013
0.454,10.6709146336323,0.0148317641858254,26687.0330982614,6014
0.126,2.53351594034901,0.0460112048716717,1949.76823197318,6015
0.1625,4.72623877991182,0.0244421722230425,6917.084599448,6016
0.455,8.56618952233674,0.0314021046817418,9834.27381045986,6017
0.3985,6.99979753228076,0.0404104264785753,6511.01969067243,6018
0.4305,4.20301994422756,0.00858551451470056,16954.5902507669,6019
0.433,6.08374542058938,0.0263771061059459,8631.20171512578,6020
0.3935,4.58855071400597,0.0428695740144031,4041.72783290566,6021
0.1805,5.28444223199957,0.0414824911782249,4588.28934822571,6022
0.448,6.42802026456206,0.013961585038726,16861.0096667582,6023
0.4305,5.5805050061516,0.022681593847032,9192.1284375601,6024
0.15,2.13021186685091,0.0495916885463976,1506.53430756936,6025
0.46,5.31836329990241,0.014913433956062,13039.8593213891,6026
0.182,3.29183960002242,0.0474585763235751,2561.98744038971,6027
0.3555,5.2182711455126,0.106347721265273,1566.10008183704,6028
0.3305,4.86605816191956,0.0519315815770713,3561.95032909633,6029
0.406,4.742634045052,0.00949379826659761,17418.0855644328,6030
0.446,9.14055452620498,0.0384104939497609,9077.01562797352,6031
0.145,2.4588062123682,0.0924320565730617,942.576084998773,6032
0.4,4.76190091371105,0.0145882077482809,11766.3742068761,6033
0.363,5.70716556372139,0.0388100340463656,5551.42570896997,6034
0.401,7.32306363531958,0.0386069498957079,7232.84251118115,6035
0.333,5.40157736617285,0.0158959173550664,12119.6796788739,6036
0.4405,7.09675329931788,0.107036106882351,1972.42414613848,6037
0.419,5.04221057740038,0.0466037945796006,4031.19741998508,6038
0.33,4.58968418517545,0.0184673708384084,8971.29371056008,6039
0.4515,7.02582682759569,0.0256983102555167,10170.3851305327,6040
0.451,12.6376083004254,0.108799090436151,3406.31723939989,6041
0.4415,5.63635825833913,0.0330908033070996,6451.93723346925,6042
0.3695,3.00827095140954,0.0126154464886276,8407.07917507345,6043
0.461,9.38393016887323,0.0204568703889627,17289.7921370235,6044
0.4405,6.561882450148,0.0503051999495045,4904.45705949957,6045
0.452,7.1090707868485,0.0206762415052467,12868.2796351991,6046
0.207,4.04893582543035,0.0884769830188268,1631.45089145102,6047
0.454,7.15202118808519,0.0185284671786435,14333.4772323138,6048
0.3135,4.25765528008042,0.0281476446826632,5369.9938493603,6049
0.443,4.02639073973366,0.0905367241252902,1588.20166587144,6050
0.3085,2.45822725850213,0.0815381047380662,1095.57260395219,6051
0.3935,6.23717491950339,0.0356862791086908,6587.07117834925,6052
0.1815,2.02658802370306,0.0555792186860709,1298.05202072593,6053
0.2425,3.10525701081655,0.0332332299830498,3422.70589981702,6054
0.446,7.59777677180367,0.0413516675604474,6981.97085779657,6055
0.469,7.42776448217241,0.0852844701173361,2920.52799303532,6056
0.36,5.22484844052597,0.0334167457135401,5830.47245673795,6057
0.403,4.46340093730481,0.00815694394627473,18625.4756897781,6058
0.1505,3.49169884579682,0.117174756223579,1024.22351826236,6059
0.4025,6.13935554337679,0.037278453164831,6222.24953861955,6060
0.38,5.60839260682065,0.0145422362149067,13945.5332525274,6061
0.403,3.85272074885435,0.0147177780089041,9452.18755649707,6062
0.4685,9.54619402005738,0.0727191571543448,4770.46801628841,6063
0.458,4.9851785618346,0.0625081892929293,2963.15298818077,6064
0.4355,5.52578722442343,0.026674827468403,7730.76114033294,6065
0.44,7.59367590483423,0.0381067359236239,7545.32522949175,6066
0.4255,12.2934450794949,0.0454031869199964,10127.5149604236,6067
0.236,3.64875408815939,0.0585751119426709,2341.30058541066,6068
0.459,6.82762738477543,0.0451563446221637,5772.02592397259,6069
0.4625,16.0519116115518,0.0309013718864741,19944.2575580698,6070
0.4085,5.84169943422616,0.0488796011386483,4503.4219854676,6071
0.427,3.73707311786082,0.0281810336662704,4845.42740721779,6072
0.4635,6.37779570581775,0.0169667173141126,13815.5455686892,6073
0.411,5.71996903335413,0.0263874826367959,8096.71769125106,6074
0.288,3.4421139464951,0.0774984233754931,1621.45333726236,6075
0.304,3.2862613419512,0.0217277215023411,5568.31893989183,6076
0.4385,6.20442444748475,0.0228965452230155,10157.4072313636,6077
0.4325,3.78676300814143,0.0125196219190714,10832.8626018896,6078
0.228,4.02115983230114,0.0682420389288751,2092.87024863845,6079
0.2,4.97475845235534,0.0589959495244897,2935.66745030756,6080
0.438,6.9663249962458,0.0809690491073936,2893.0226083392,6081
0.4195,6.89338700396811,0.0477768576447216,5406.75249371765,6082
0.3715,2.71473593604046,0.0164923564826249,5899.42543451856,6083
0.459,10.4390952634009,0.0840561186334468,4416.37487537567,6084
0.4645,8.67144028578749,0.0557103608326924,5738.35093579534,6085
0.4205,4.4154797086156,0.00653497856658965,22620.6053590377,6086
0.319,4.65438476744874,0.0330293616856307,5127.17866632567,6087
0.2125,4.48300473460362,0.0392224047782709,4023.72407070755,6088
0.425,4.88485167578135,0.00905325576484724,18846.8543653644,6089
0.423,6.2932166625196,0.0541632817864889,4273.75962962915,6090
0.4095,6.58939896081991,0.0507283881269227,4878.83034671884,6091
0.2335,3.45081787066304,0.0281689247139129,4499.92704741904,6092
0.44,6.82851906870099,0.0306987548440066,8429.08619783919,6093
0.218,2.30412327039967,0.0682891018035377,1246.13794641825,6094
0.16,3.55279944164466,0.0801607231125899,1586.70754673526,6095
0.4275,4.85755149400132,0.0125947002699901,13929.5255103122,6096
0.3155,4.78181624173599,0.0212346093425384,8058.0224565057,6097
0.4805,8.27397944094652,0.029771266409056,10558.8601920209,6098
0.2955,3.52468569392741,0.0333203038402938,3937.90063171377,6099
0.328,5.07634250094877,0.0520532499370061,3570.47519192972,6100
0.4295,4.24231536356956,0.02818922452147,5585.25218499704,6101
0.4675,8.65987998557804,0.0375563733662094,8400.4163356688,6102
0.4555,9.39274162480626,0.0522968400927276,6863.59523995628,6103
0.2545,2.74922423019739,0.0277246324665077,3579.66366705965,6104
0.205,4.31227955770749,0.0454748734261172,3396.9359149989,6105
0.3085,2.73654743065785,0.0735728200238528,1363.36965037942,6106
0.33,3.73069571444665,0.0340833673359439,4017.892505409,6107
0.1585,2.67816023817968,0.122474987600842,751.385549288235,6108
0.4455,7.11772520839193,0.0386685645649857,6922.55421894621,6109
0.4165,3.4589606418067,0.00856774256114395,13783.4205916951,6110
0.4595,9.21511526626003,0.0194456459525931,17575.169144349,6111
0.411,6.18991609983201,0.0378530603425065,6235.84906143545,6112
0.09,1.62204514724439,0.0359545006658398,1471.75828402367,6113
0.4275,5.81066807878509,0.0196629090643924,10992.8677991614,6114
0.4545,7.19440999059143,0.0661467675119307,3945.39526883977,6115
0.22,4.20445577243503,0.0468792764879694,3251.75718937052,6116
0.392,6.09061097122878,0.0716499229310433,3067.96001236534,6117
0.3755,4.18017282998269,0.0128425019849483,11580.4523876684,6118
0.436,4.75028997301292,0.0100365040371946,16600.5903837395,6119
0.471,7.32031971489858,0.0250596731499054,10595.503313729,6120
0.3215,3.50630317694722,0.0144263843926492,8515.03133557425,6121
0.412,7.13038150849472,0.0511111594316111,5132.76438404187,6122
0.454,5.62442047132042,0.0082157507790685,23949.311354279,6123
0.42,5.07708152952041,0.0100916761587734,17870.5917856275,6124
0.2735,4.77870024930075,0.0559648085096235,3201.83035452416,6125
0.371,4.15259733951814,0.0269546676230451,5672.81687006199,6126
0.39,3.67706212840963,0.057663865853822,2398.36954368745,6127
0.244,4.03679426845519,0.069933708301571,2009.79140183024,6128
0.444,5.13369413596581,0.0695746496065165,2735.29525167583,6129
0.2635,3.79711838911778,0.0628576996611862,2217.09818344618,6130
0.4495,8.38542621507278,0.0172831002381235,18045.4125953788,6131
0.3855,5.6747153663032,0.0411567966654811,5229.37696719762,6132
0.437,3.66227604193298,0.00692012270959681,17815.2302973828,6133
0.4585,13.4567558427453,0.0420947351488063,12151.5685711054,6134
0.39,4.17214159485091,0.0126563100718709,11731.7146322264,6135
0.3205,4.10804917108809,0.0367622848511852,4071.93320058039,6136
0.3855,2.66734150211743,0.0156289167714825,6072.86192007845,6137
0.453,10.0542127069521,0.0376166208810132,10232.6824634014,6138
0.2245,3.8504536785784,0.0873756347261683,1565.81103201271,6139
0.3945,7.16820327952351,0.0490473632767707,5514.6385551182,6140
0.2155,1.71140790759274,0.0318485715070624,1897.89812375793,6141
0.351,3.51854305391993,0.0317973979310838,4092.52621123437,6142
0.2155,3.27680608931525,0.092346867597371,1234.09347606691,6143
0.392,2.67361737368082,0.0120625645120704,7798.54944966563,6144
0.196,3.01828753959513,0.0543725647028236,1991.23350166935,6145
0.2675,3.10386670962893,0.00986745279145759,10209.5286299895,6146
0.2805,5.66720405449839,0.0318704285957149,6541.45993761176,6147
0.3355,5.48524168209439,0.0476958536818071,4291.34567099506,6148
0.4215,6.49879290103169,0.0482321794920342,5065.43058349668,6149
0.3155,4.39639504411966,0.00939748771422528,15897.5193512662,6150
0.259,4.20636242214,0.047780463357949,3190.94022184166,6151
0.445,6.2129657932505,0.0331686939863777,7028.13018113325,6152
0.275,5.18913847500002,0.0315935079200718,6084.64931485748,6153
0.3415,6.03903542307796,0.053240056109223,4253.47996152499,6154
0.458,8.38322872787553,0.0482390928478873,6596.26963268011,6155
0.439,7.66052061801192,0.062245349265972,4683.55122032203,6156
0.169,4.1090978214268,0.04248448301277,3369.21390069473,6157
0.2605,5.62489755926094,0.0381356639303469,5591.7527505622,6158
0.356,3.89320196838712,0.0167285601054272,8282.31439029961,6159
0.464,9.4104297572848,0.060268331249114,5429.37871949048,6160
0.4585,5.86729748408275,0.0100450549481201,20881.1409395973,6161
0.336,5.40209233110911,0.047674923169625,4168.639358477,6162
0.3955,2.95956979498015,0.0193638001470331,5431.89811311512,6163
0.401,5.6388407076294,0.0254225746163101,8314.83358173754,6164
0.449,12.7208937909462,0.0583395882172908,8100.65535511129,6165
0.393,3.23279745343296,0.0112004887165698,10069.1002370877,6166
0.289,3.50070071752737,0.0859754207786904,1352.01459755656,6167
0.43,6.15087069982019,0.0262346123037286,8807.31915143209,6168
0.29,3.97684912892076,0.0264395779178066,5474.61476045529,6169
0.2515,3.89659479603807,0.101710749125199,1281.54753607404,6170
0.4115,5.92889160670953,0.0255973375700587,8736.07724051937,6171
0.4265,5.07682464619564,0.00879990305933716,20194.7677493153,6172
0.356,4.14351643078169,0.0136635375395774,10964.1439907279,6173
0.3735,3.73631375629461,0.00936069757932082,13746.6249545065,6174
0.386,6.44417160659833,0.0570507214107069,4037.67009232002,6175
0.289,4.44595275411598,0.0640481440118267,2532.03226761796,6176
0.449,5.71429382368531,0.10629041855965,1679.1156063052,6177
0.4115,3.1231887954266,0.00959926393506384,11214.7233852793,6178
0.27,4.23513831732839,0.0673283069987875,2283.08635061103,6179
0.379,5.23164811558387,0.0664299730480059,2820.95360072467,6180
0.449,5.69969219226976,0.0137121794744183,15198.8649877873,6181
0.274,3.90738366587106,0.0897241791905119,1543.07723007506,6182
0.158,2.74952065600035,0.099473766328505,1014.89632602373,6183
0.292,3.21416067347793,0.0122176379612235,9023.31832565637,6184
0.335,4.24347776291187,0.00950745304207536,15020.0995008345,6185
0.43,6.39370990845799,0.0161641754474693,14621.1892263907,6186
0.337,3.11874015080467,0.0141136954625307,7897.03261366455,6187
0.343,4.72047377854451,0.0350202117103832,5041.37692238142,6188
0.45,5.24553959363483,0.0124526052869458,15361.5462653417,6189
0.4095,5.00179476794452,0.00787589276106878,21248.6021932613,6190
0.4025,4.70461430855506,0.0349733521472024,5016.80211391882,6191
0.44,5.82650171102263,0.0303460237402904,7132.235192913,6192
0.3565,4.67234272300235,0.0432844039944395,3938.53032491287,6193
0.3075,4.79810693960715,0.0445679579332642,3998.88493955849,6194
0.4315,5.44039373349794,0.0108278042580202,17970.9680745054,6195
0.4455,9.80190321318744,0.123166498037694,1308.86589847719,6196
0.4425,5.61303111784367,0.00983570164490568,20460.7008861123,6197
0.35,6.09107494516798,0.0573387830131549,3930.56533090784,6198
0.39,3.66366052389796,0.0136753117936999,9595.72381953818,6199
0.2145,3.16709422457079,0.13286984017596,842.900929583533,6200
0.218,4.48758269955284,0.050326244473467,3228.8326133332,6201
0.4005,6.07100347015186,0.0250147693819442,9005.29668969976,6202
0.273,4.62942420907624,0.0638472905015744,2549.08272553849,6203
0.1815,3.80309890336874,0.114519383901371,1071.95228761143,6204
0.4205,5.67452467075408,0.00962086215602724,20779.7039654683,6205
0.3995,3.22881556070061,0.00920388926500595,12006.3004603263,6206
0.381,4.51584545875758,0.010612459739035,15060.4503360449,6207
0.423,5.08138753382632,0.0197750366946859,9545.02682870279,6208
0.449,3.95098995060242,0.0119273072530689,11909.1905984303,6209
0.3285,3.8394458876359,0.0345713886665209,4085.48601278869,6210
0.2455,3.50186680654729,0.0970995902003296,1286.66600851546,6211
0.399,5.89683112668798,0.0272353319853006,8126.74384214803,6212
0.3975,5.26740430980858,0.0351805899572093,5614.57620946458,6213
0.46,12.7553955857936,0.0764094322553358,6091.40792105253,6214
0.371,4.89945883503142,0.0232922932326373,7720.73723437886,6215
0.351,3.94959101490717,0.0544018766145197,2586.21066030515,6216
0.2585,3.75487245447932,0.0274685259055135,4918.72599858597,6217
0.2065,3.23143756649914,0.117533366538309,933.081561894121,6218
0.4135,4.25683151383985,0.0209911941675944,7462.21371422756,6219
0.374,2.92977066782462,0.0117285045581919,8674.05549676087,6220
0.346,5.70182770689513,0.0350545264890122,6054.63373491097,6221
0.4725,8.33652158477208,0.0174034762825899,17884.5572027353,6222
0.434,12.0284922094006,0.0306169145648504,14951.5787496693,6223
0.468,8.61538727655056,0.0570631408049408,5649.19085056892,6224
0.424,4.63699828963492,0.0160392327693399,10500.5353286868,6225
0.456,8.61111507180335,0.0437362570055992,7502.90620737982,6226
0.3865,4.74303846723038,0.0425230523693462,4078.92606146756,6227
0.215,2.81976277634422,0.0827518602194445,1235.48757472552,6228
0.2815,5.00741742188502,0.0631323615977293,2940.35000539313,6229
0.3805,4.58160716797072,0.0400604349404162,4292.61675410481,6230
0.4465,4.68370002773977,0.0675169505943459,2522.68535159054,6231
0.4205,6.4581331274455,0.0587256375110775,3864.03522495147,6232
0.462,5.05248707106725,0.0208471348359546,9095.92274688054,6233
0.316,3.06452296156135,0.0183383165810505,6049.75808402105,6234
0.3505,4.5693876282738,0.0234925473166681,6975.57831809924,6235
0.2425,3.30801710748478,0.0452854421940218,2647.91970341446,6236
0.3245,7.04673382065651,0.0427767768910929,6363.45502508695,6237
0.424,3.85787961488355,0.0125874969482961,10743.005556149,6238
0.326,2.36424537682519,0.0120081699783805,6746.97092893886,6239
0.399,4.57151169922528,0.00827808007564554,18942.8850449461,6240
0.44,6.65051927165956,0.0252727293207877,9973.0589558832,6241
0.412,4.18582369111101,0.0109483139789374,13438.3084921386,6242
0.312,4.94700911254867,0.0640146012364624,2828.35070989903,6243
0.4305,3.59177558868636,0.0138585457046159,9441.55009508483,6244
0.293,4.94365583918405,0.0577959106251319,3132.0354962714,6245
0.163,2.21118585601363,0.0790793943209987,1040.62973645086,6246
0.2905,4.75900993700228,0.0199013050961887,8731.25416345627,6247
0.2605,4.96259766983399,0.0247038113868907,7195.86859803961,6248
0.438,7.52345805406757,0.0662615040067068,4173.55873467257,6249
0.369,2.93601579825001,0.015857245915802,6645.36856441071,6250
0.346,5.79030451861559,0.0296582361944039,7261.98159787149,6251
0.376,2.59766590348422,0.088937307723218,1075.74722930421,6252
0.449,9.87785936772178,0.0375500187359634,10033.5899968594,6253
0.2505,4.88163428289585,0.0413116715447866,4272.42137306691,6254
0.408,6.24577183851372,0.0398424010859355,5905.47619141198,6255
0.457,4.86576757816832,0.0153707043290232,11599.7951481927,6256
0.363,2.83351852668122,0.0124101773445845,7947.24833412042,6257
0.258,4.01001990632164,0.0323604342430117,4496.99951459673,6258
0.2565,4.60645779271613,0.0233793374980883,7145.29377144915,6259
0.243,4.43445656546288,0.0226583727081844,6948.19952089616,6260
0.331,2.94729719937358,0.0145014985132381,7118.42387851511,6261
0.402,7.26151684539724,0.0650765600893408,4011.51100735196,6262
0.1985,4.39081209473949,0.0580786837769993,2746.27120464036,6263
0.3635,3.62949280990255,0.0123512701317304,10318.1694867098,6264
0.493,14.9539132592832,0.0789367568199122,6766.67459476244,6265
0.2405,2.16270212828658,0.0476850145949046,1606.31034972627,6266
0.141,2.33845849192995,0.103633048243102,815.002510207524,6267
0.4235,4.43237784952083,0.0287080944185994,5637.14271305167,6268
0.337,2.02237181097084,0.0248676110447512,2884.75978934972,6269
0.2065,2.95221286507148,0.101914374082689,1020.37133154965,6270
0.284,2.98105982728698,0.0197526496353296,5327.91816983915,6271
0.468,8.26675108892016,0.0151175995532866,20335.64480841,6272
0.303,3.80228997619163,0.0614414718746453,2208.74790924511,6273
0.4725,10.3480613359263,0.0244671855577607,15998.8142231869,6274
0.3785,3.53548968675305,0.0557241763067685,2350.28504093547,6275
0.4075,6.83812654098621,0.0333371305063452,7705.82987842115,6276
0.38,3.76189683259394,0.0118179469965235,11064.0486792057,6277
0.456,5.66694484448077,0.010108842062202,19958.4149152522,6278
0.457,8.31662048077859,0.0260164620058273,11946.0751828156,6279
0.4415,12.205504235063,0.0860493526627512,5038.70926083327,6280
0.4345,7.87274318869403,0.0401115286883276,7422.77059789824,6281
0.4575,5.99285391590116,0.0219004053220233,10251.3530868151,6282
0.464,9.52858172302029,0.0968811413652186,3512.33166097308,6283
0.444,5.56919085048152,0.0615705165787177,3208.40603683383,6284
0.357,4.62316020510868,0.0453485999573188,3811.34968597639,6285
0.3295,2.54751627467857,0.0121041657140601,7185.75247540743,6286
0.2915,3.15579145475217,0.0337362506375719,3423.45583784016,6287
0.458,11.7469393329551,0.0608662753346076,7301.22919911862,6288
0.4495,8.20006656973066,0.0324759676029694,9635.31447943306,6289
0.453,8.88070007766608,0.0281848404113615,11921.1582215931,6290
0.4205,5.49065583675477,0.0170375613328914,11834.1050042581,6291
0.2725,2.66192363333275,0.0924578410532662,1039.74493332728,6292
0.413,6.8185824390682,0.0427439078413258,6102.11616634777,6293
0.455,9.31652252109746,0.0501984721433792,6969.98616300753,6294
0.4445,5.88633721788571,0.0456470201131673,4601.82710882514,6295
0.469,6.69267417368153,0.0253348743423051,9625.4541438249,6296
0.307,4.5729556511132,0.0318842873599634,5328.64214500196,6297
0.333,4.86692929131514,0.0303431203331724,5959.75263198636,6298
0.444,6.54321971525306,0.00865247426578272,26665.7518978489,6299
0.392,5.64249623266783,0.0752992620094204,2585.20728678243,6300
0.1645,4.15086592866861,0.0841533000482187,1752.19653106006,6301
0.392,5.04586270389191,0.0249236953593031,7515.02467227042,6302
0.2595,2.62222718240889,0.0197792186117393,4571.86209765594,6303
0.2445,3.62776507854699,0.0343627358474771,3681.52551549214,6304
0.411,3.5225417078075,0.0141416647397579,8882.40995746469,6305
0.4515,7.10416266031492,0.0323985575623707,8344.64000724785,6306
0.445,4.51013683085329,0.00906633909612541,17381.76976711,6307
0.409,6.11647213726003,0.0574703505681788,3783.93105644814,6308
0.462,11.11620163955,0.046516518635845,9159.33838344147,6309
0.4215,5.86598598787834,0.0115310498267055,18249.2139357177,6310
0.4535,7.65714424219435,0.012523257820413,22251.3706779011,6311
0.338,2.0408159414662,0.0134889659454376,5244.67953722808,6312
0.2885,5.40710469169478,0.0400183077894835,4940.56889057093,6313
0.464,8.28572548936023,0.0244234738406502,12881.2500190193,6314
0.2575,4.92860398797114,0.0621325201258875,2916.27377229248,6315
0.375,2.92186347849385,0.00712048624891527,13239.9692392235,6316
0.441,5.89738067505612,0.0288514365911838,7418.39769940114,6317
0.217,4.36920232036969,0.0182586891957664,8603.0684508492,6318
0.401,4.41204504526075,0.0223817175031965,7237.38166680275,6319
0.1805,2.4979472988876,0.123733547166732,708.249259277745,6320
0.2875,3.71278796808297,0.0157573484408956,8251.75003141199,6321
0.4495,9.95014036482623,0.0835141091983523,4175.47704259384,6322
0.3815,5.05879081729944,0.0653453736654996,2810.30165889304,6323
0.408,8.74236648209961,0.0593471432709028,5298.4754670053,6324
0.313,4.89599470702949,0.0400051865645678,4489.69859694583,6325
0.3495,3.61451867062964,0.0493252933751525,2731.01699245933,6326
0.381,4.16021830391039,0.0458883272286107,3384.11792069118,6327
0.3375,4.95389078821465,0.0305309114731706,5976.98686982269,6328
0.4055,5.4582893143988,0.0240224895699251,8613.29406488398,6329
0.193,2.77235240880101,0.030989045176567,3145.41059084764,6330
0.464,15.0680383470095,0.038224202017398,15081.5739782999,6331
0.451,6.11038901588052,0.0156556728711681,14380.2064380679,6332
0.4365,4.85929926550814,0.00862690960115087,19466.089689021,6333
0.424,5.50492196701763,0.036116671993067,5755.70005087794,6334
0.3845,5.82681984946153,0.0412356873816285,5423.10117488846,6335
0.3205,3.45790029150542,0.0121534438430384,9924.25171107282,6336
0.3855,3.25423212847048,0.0154082870290293,7529.46433875801,6337
0.309,2.22325830559811,0.0320033011142463,2560.40433719188,6338
0.4735,8.7277603992824,0.041909317046578,7231.72664557074,6339
0.2205,2.71937424169992,0.0819090212107424,1226.79616830556,6340
0.2165,3.67853048399932,0.0534055397261436,2444.47140485972,6341
0.4735,7.17012472670425,0.021002107961539,12431.6946085685,6342
0.366,2.81582069196345,0.0103378920132248,9411.50699543504,6343
0.191,2.83165004046928,0.0443858263067373,2320.62761699052,6344
0.4535,11.9932388688972,0.0730280824574893,6229.15342750433,6345
0.243,4.11340367068901,0.0615840147142653,2419.13577155968,6346
0.427,5.118281585338,0.0634000091786909,2997.51814667011,6347
0.445,10.7027903762426,0.0768594696171953,4981.6795400742,6348
0.4,6.66985594807161,0.0245609974175549,10268.7259869513,6349
0.4815,6.82683448010543,0.0330506240995801,7723.6748150936,6350
0.3995,4.7108882778906,0.0125094640907489,13417.4437915852,6351
0.457,9.69277486229384,0.0762322202848854,4671.50137962388,6352
0.399,4.52446532709958,0.0291321793165261,5776.59927618064,6353
0.2455,5.38180857571246,0.020250340919075,9522.61129107828,6354
0.4475,5.62564500932468,0.0102355809230115,19407.9348961137,6355
0.233,4.02513589996789,0.0302279134492111,4909.59009323622,6356
0.4825,10.3330990448743,0.0261786853145158,14619.1187622484,6357
0.4465,6.7289555163171,0.11230899414567,1789.89735807138,6358
0.4325,5.42768952437199,0.051522957264662,3923.49103687514,6359
0.353,6.37920880425364,0.0254067186288663,9252.47936277169,6360
0.1265,2.98691797423201,0.134684433637451,783.482294269265,6361
0.4005,5.54093627193398,0.0581799387115292,3577.01831459593,6362
0.444,7.05883256627214,0.0366257129856922,7093.56342428614,6363
0.252,1.76091334006924,0.0156034678498661,3831.07364149263,6364
0.2265,4.68803894711616,0.0612221844442175,2809.50253271316,6365
0.4495,5.88953176271638,0.00998330632707532,21018.5141985224,6366
0.4275,6.62797232473446,0.0373631816255953,6746.84031765425,6367
0.3555,5.879643973782,0.054589362025679,4034.66786796724,6368
0.4395,4.70333566128503,0.0181060607347279,9640.4253074828,6369
0.373,6.64406916796193,0.0294722818462949,8522.71570695784,6370
0.398,5.40989396777118,0.0173083191234921,11453.7385964716,6371
0.483,10.8220117787561,0.0945701913541439,3903.619254065,6372
0.36,3.97262891583909,0.0242966830908708,6044.9040484823,6373
0.424,5.97254766509844,0.0643857545492863,3386.82340237836,6374
0.437,5.47614837239488,0.0141515906092734,13904.2239149878,6375
0.338,4.15392348942793,0.00917817215816288,15379.2528826576,6376
0.46,13.0721106226425,0.0247097185279501,20010.8419993015,6377
0.4535,5.96306746948965,0.0119330263508434,18177.3553737903,6378
0.4605,11.3989463502309,0.0790106199426625,5274.97541708815,6379
0.4555,6.21937018607748,0.0409533798031753,5254.92206584622,6380
0.2105,1.89010770687924,0.0667139978287157,1022.21842468388,6381
0.474,10.2391179885131,0.0464016672615809,8325.38618857772,6382
0.245,3.34863742881825,0.0493537276288471,2473.82053362823,6383
0.364,4.95428002518489,0.0618793512920321,2932.96687604699,6384
0.4185,6.83388308682115,0.036973647110251,6988.76247798791,6385
0.4455,9.35470549105657,0.0331549264394141,10733.9998271342,6386
0.1795,2.81284483172576,0.0526957644023159,1952.98877401737,6387
0.196,3.69475388960298,0.121854141738856,985.535206536644,6388
0.3205,4.104141921247,0.0285230468463017,5318.32089293922,6389
0.444,4.33590193488987,0.0870716559330915,1837.13381486359,6390
0.4315,5.6508249834365,0.0185408785518065,11117.7180178337,6391
0.116,2.58250149004572,0.0947767210957572,982.879685050944,6392
0.473,10.248389885757,0.0627149642500334,6176.20787222987,6393
0.431,5.06188518806382,0.0270843253882345,6767.28647231427,6394
0.174,2.28529810879944,0.0558961145836579,1488.25566016038,6395
0.3815,5.13878735031533,0.02686444901297,7085.3512775098,6396
0.4605,5.94135021457004,0.0101999386263143,20861.9165844678,6397
0.3265,5.24231614567468,0.0580653313189687,3203.11781254475,6398
0.4115,5.05458020790178,0.0202171175377179,9067.6767931925,6399
0.2565,2.7296881942365,0.0902492539934845,1115.4583692613,6400
0.2675,4.65374682407537,0.0463268241117448,3710.56158012846,6401
0.4625,8.75660757313473,0.0359779187497928,9242.49662906779,6402
0.2975,3.79541594311776,0.0285147778608959,4656.52287964554,6403
0.4785,9.83695262395815,0.0323712355652111,11632.6750865545,6404
0.4715,8.55267961684575,0.0133827207620822,23659.9360921385,6405
0.4345,4.63073246759979,0.00830149092240481,19176.266484915,6406
0.382,2.61711235538981,0.0782362972417227,1224.04743884992,6407
0.1675,3.36579747154991,0.0480787865040451,2588.22353342874,6408
0.154,2.01476658012706,0.0200744090670853,3303.69422861015,6409
0.4435,7.62970722172697,0.0335127786453843,8676.05720070119,6410
0.443,11.2165397366098,0.0546599477236944,7633.38112731896,6411
0.287,2.62167857389813,0.022964593622039,4096.06955944605,6412
0.4375,7.71864455335196,0.0355384229146101,8255.39615385606,6413
0.3655,4.30011652008521,0.0396143809677165,3889.77297708363,6414
0.3275,3.99410857336977,0.0204430408926379,7078.34606886649,6415
0.3395,3.41743057310855,0.0240324075080282,5045.13660049974,6416
0.327,5.28627990913577,0.0222943126952557,8711.9258127355,6417
0.4355,3.80962984545765,0.0128898738460237,10585.1227702426,6418
0.3475,2.28617850322331,0.0223506875392431,3729.66714366634,6419
0.2715,3.88884561053523,0.11899221225678,1060.0031547995,6420
0.144,3.83585326383536,0.0765129051820853,1708.07150302506,6421
0.4395,7.09597768601891,0.0341854624369707,7865.21354046343,6422
0.4115,5.10428102141915,0.0333053332972958,5751.41547985675,6423
0.331,4.76063928112748,0.0686684543074878,2396.91896832576,6424
0.3965,5.36097823474123,0.0214495107690052,9172.00164278807,6425
0.1515,1.73809927137726,0.0269722292676759,2160.7545068929,6426
0.3665,4.67630526319449,0.0910515342954533,1546.44536420778,6427
0.4105,6.72466053588435,0.0449776857607723,5445.31356930619,6428
0.359,4.42522510029467,0.0315533600049085,5266.25234929293,6429
0.252,4.13675400814191,0.0668268110430003,2119.02815173099,6430
0.336,4.29944662319607,0.0361383583347861,4440.18198180923,6431
0.4515,6.04260350057552,0.0152555405316913,14392.5769405304,6432
0.2685,3.12267183408283,0.0596195147396552,1935.1268348448,6433
0.2685,3.76649977530518,0.0195927118529061,6877.24478036733,6434
0.388,4.89368192511261,0.0581171782718916,3114.19252040299,6435
0.271,2.67723656462023,0.112413116530269,856.108243962535,6436
0.241,4.20025451938013,0.0453233550045104,3357.11963358394,6437
0.1635,3.54923231833546,0.0740221700673619,1722.49161110133,6438
0.1565,2.40616771732607,0.0733737533638568,1186.44333045482,6439
0.443,6.50299369129772,0.0389408467451936,6318.38822930401,6440
0.32,2.98631854588894,0.122208398045997,802.542690212514,6441
0.2635,4.27016904637287,0.0364060241814456,4297.67764905051,6442
0.4455,5.33430332084208,0.0143297366162952,13602.791742291,6443
0.464,10.3158883460614,0.0568453456845869,6924.01734746951,6444
0.3435,4.11165297222807,0.00932500519023478,14733.9018074334,6445
0.355,2.73490979579545,0.0096592538117527,9631.1700187937,6446
0.2905,5.52369972069117,0.0445735731604875,4568.7101891523,6447
0.387,3.92941147949425,0.0188719727273447,7536.08824084721,6448
0.4615,7.06551528410381,0.0356072441082194,7460.73096647131,6449
0.18,2.96855287754796,0.0348788666550298,3048.36990833555,6450
0.41,5.99765495169285,0.0359363740818104,6243.65184200502,6451
0.325,2.51299035975831,0.0168116057683524,5239.00334744888,6452
0.3455,3.82978771312814,0.0152098033925852,8916.20199956189,6453
0.229,3.90982064076658,0.0738878594810836,1957.53333277007,6454
0.4435,3.4808599623863,0.005395725564172,20967.7090600039,6455
0.3385,5.31133214058729,0.0736835723803331,2599.7483375192,6456
0.3705,6.50065368617433,0.0489430573199829,4951.32041646068,6457
0.43,5.72666010504959,0.0203254214213954,10429.9072280841,6458
0.1865,4.04914900227078,0.0237573636717233,5966.80644772869,6459
0.396,5.44641206740533,0.0130803966215717,14906.199339766,6460
0.423,7.35251664520411,0.0381742828516875,7330.44079706161,6461
0.373,4.69297589348193,0.0267365397602107,6491.07019113001,6462
0.304,2.90116555397958,0.0146290952904574,6904.73066022762,6463
0.2315,2.58032794177792,0.0140781649381347,6053.30719877405,6464
0.441,5.49420353349797,0.0150554088783225,13412.6897681783,6465
0.304,2.77805898898084,0.025294824578616,4011.56581298565,6466
0.3255,2.23957559634654,0.0169022573545339,4681.9075591353,6467
0.4115,5.25197981792007,0.0104467316576218,17556.8647275092,6468
0.3795,7.52819485898803,0.0397042688621316,7221.79034132274,6469
0.2765,2.76633220007781,0.0838035870165171,1220.86598097714,6470
0.4665,8.87097922647922,0.0506701509069514,6483.63010957022,6471
0.3355,4.88518368437605,0.0625936451712476,2930.24555428673,6472
0.126,3.46027244441723,0.0813179020640169,1418.84125468074,6473
0.3955,4.85301638992343,0.0377944572916753,4777.59551791508,6474
0.1395,3.59927895616193,0.0366971044607748,3426.78561957081,6475
0.3975,4.62679467898533,0.0112063080114622,14701.7585028626,6476
0.2135,4.04379775610297,0.0467734330053556,3179.97694000916,6477
0.456,8.13386497654296,0.0515049396238288,6009.60616801741,6478
0.232,3.30541678548594,0.0595056426033684,2061.43094103421,6479
0.33,4.72479639595959,0.0332076568218404,5348.55873698757,6480
0.1495,2.7091789030469,0.120535320364953,766.08185484967,6481
0.417,5.19482369954498,0.00976374346125477,18744.5132396628,6482
0.2355,3.96019231353692,0.0600247709571016,2410.75295693535,6483
0.281,3.43843969025104,0.0136453590318997,8681.67794954016,6484
0.381,5.86517784925892,0.0443422107409231,4958.17935683411,6485
0.4345,5.51783803287714,0.0337690661238219,6102.97517689101,6486
0.3985,3.87270626940265,0.0741562967863077,1905.29029434415,6487
0.175,2.36782713324081,0.103197227547798,820.479817208895,6488
0.3475,5.66067241701622,0.0267172449540571,7830.77249669369,6489
0.3275,3.93193208061261,0.0538771966583286,2699.91219704131,6490
0.3985,3.00814752791898,0.0199038224616711,5518.14613906442,6491
0.428,4.20280435086185,0.00808974955687501,17860.1181280756,6492
0.4465,3.97215999229383,0.0125981249467518,11392.9849279978,6493
0.428,4.74415062504066,0.0120622836986122,14118.7704671401,6494
0.448,10.3497233270627,0.0463956977809159,8505.6377304765,6495
0.4545,8.84363471475517,0.04011521028619,7963.75120012606,6496
0.4175,7.94911107721978,0.0837739806812108,3235.93983841936,6497
0.29,3.64397384385816,0.0223873439455659,5963.97982390861,6498
0.335,2.04116531534581,0.00944872189449407,7187.32985000455,6499
0.462,8.31030235835098,0.0395951742997998,7801.34144119935,6500
0.364,5.67815852318959,0.0158958044322861,12746.849959913,6501
0.335,4.82671889388047,0.0324096137357973,5562.9341379107,6502
0.3965,6.3904523618673,0.0148778328876788,15459.8900139402,6503
0.3565,6.85465179234676,0.0820195518007645,2818.04311818772,6504
0.45,5.95485041634497,0.03732901767509,6011.1058537591,6505
0.4785,7.93165873701512,0.0622757534345388,4599.46626888574,6506
0.3725,3.23901180274327,0.012436244151843,9093.90063428237,6507
0.272,4.4762829360425,0.0312544931481559,5259.28005146224,6508
0.4185,4.24868316117133,0.0162257994837668,9508.79187705157,6509
0.338,3.78681455716293,0.0392732012825504,3491.77633997034,6510
0.175,3.03515972811969,0.0800429968077206,1432.95886000551,6511
0.22,3.09104589406721,0.136734050595192,707.687356566025,6512
0.253,3.67582135950777,0.0131318620696214,9389.01442479687,6513
0.3655,4.63670160121017,0.00780801800549331,19831.4000953675,6514
0.3725,6.93455027596766,0.0313149690068394,8252.61589727441,6515
0.301,1.75991133110458,0.0138910417094251,4321.33545532106,6516
0.1795,3.94597518043593,0.0333633320442141,4104.62716328139,6517
0.454,8.79063095643384,0.0450176615791605,7427.35147839906,6518
0.447,5.90125311887062,0.0786752829781429,2822.51467813138,6519
0.4325,4.12236463272359,0.0128644736391987,11589.2132933994,6520
0.3745,5.75617847966876,0.0871344322658398,2039.11701723171,6521
0.3965,5.35595722182761,0.0678215353875678,2976.33454989409,6522
0.2345,6.19139352130212,0.0368124397561709,6304.24390054951,6523
0.4415,6.74503745083303,0.0243255481044935,10520.5355059891,6524
0.3355,5.36117986300805,0.0204221607853861,9749.66897856794,6525
0.4585,7.42108658619737,0.0658185385731626,4206.06698668647,6526
0.242,3.31467878870121,0.0207405584979552,5496.67027368894,6527
0.438,7.29567197153418,0.0270290255977335,10289.3864577229,6528
0.3695,4.1463684927176,0.0355316455891351,4323.63895231172,6529
0.378,3.0137106384083,0.00951260754625408,10763.2237876357,6530
0.226,3.63022840400759,0.0319576396649886,4041.11065997977,6531
0.45,9.74250786749558,0.0165175323246096,21920.9206954431,6532
0.358,4.65534970527574,0.0457960672884003,3885.1952768237,6533
0.4605,5.89379278581889,0.00913781948388424,22655.4559375451,6534
0.424,6.22245178990615,0.037882570591037,5860.487479866,6535
0.152,5.49929995433678,0.0626123554287974,3161.7746440612,6536
0.437,6.57398611646914,0.0663197406551647,3699.5397403129,6537
0.4505,7.38844284339717,0.0148678914800358,18335.6911534704,6538
0.406,8.44329229692521,0.0301418498782526,10680.9839179373,6539
0.2695,2.61089653772485,0.0328233305542355,2869.63917795041,6540
0.2245,1.88188068664147,0.0414177357695023,1643.17599819843,6541
0.151,3.30114858315305,0.0491068492246211,2425.15285746835,6542
0.36,6.21514555642225,0.0353037178421569,6762.70983213721,6543
0.464,9.61834955468572,0.109646354145454,2688.02366405749,6544
0.4315,4.54835752202759,0.0109901355158241,14765.1534052594,6545
0.2985,3.491347908351,0.0192748931846072,6469.17957937536,6546
0.445,10.34802522179,0.0159513117988286,24170.5109376141,6547
0.3975,3.27211894218516,0.0108465995127824,10423.6495834741,6548
0.3595,6.89238583028516,0.0374872410028167,7012.41853263754,6549
0.4425,5.97809016697484,0.017455488593367,12460.4907829555,6550
0.19,3.32647104172533,0.110681056568624,1051.20856490511,6551
0.466,5.98964585561635,0.0752357169871072,3005.8699718087,6552
0.453,11.0915117969873,0.0217406893541727,19016.0763653026,6553
0.2535,2.8233145790953,0.0306333544037509,3236.35593665989,6554
0.301,1.83712709879434,0.0116130126539682,5278.17236266433,6555
0.462,7.99652037929184,0.0169669653394444,17443.1410207002,6556
0.2545,3.53921988034372,0.0504755013449902,2552.41510647796,6557
0.3255,2.09697183542128,0.0107971961718835,6478.0709506929,6558
0.2135,3.12924169915616,0.0609744360314486,1849.18778996981,6559
0.4105,4.33023064228362,0.0202905904581479,7768.09974368867,6560
0.4595,7.13619511168993,0.0191034245136736,14010.8873273376,6561
0.341,4.38160467408862,0.0291028260343544,5513.44829704143,6562
0.2935,4.54942360881868,0.0809832405822915,1931.1831878135,6563
0.3905,3.32522043508053,0.0086793253199486,12844.9111028819,6564
0.38,2.73991477862524,0.0135829095949697,7018.51643546678,6565
0.4515,8.9125166863361,0.0524906764681405,6440.44334546703,6566
0.2145,4.58657615038597,0.0660520644350815,2577.62347538171,6567
0.283,4.70192038021537,0.0440183230234294,3894.91867314763,6568
0.31,3.19230252814927,0.0875849868967115,1332.91315790785,6569
0.32,4.92172084998359,0.0371917795057731,4896.1034916741,6570
0.4185,4.90817110932828,0.0151181484381796,11743.0242514191,6571
0.452,13.4841398463783,0.0274123573950149,18597.0910598392,6572
0.1765,2.11153197306245,0.080052368064243,962.056718853306,6573
0.392,6.88802833389451,0.0415415740797162,6240.50520086082,6574
0.293,1.90317761459175,0.0103808642776513,6045.90368155221,6575
0.424,4.29575527162043,0.00812619983939244,18264.8181199525,6576
0.4085,4.101781428154,0.0667378893970892,2258.45495321293,6577
0.258,4.39814051534852,0.0336204280898372,4794.27287449102,6578
0.4695,11.3989259874475,0.030177719802495,14330.322894963,6579
0.309,3.68745598622114,0.0872777843627269,1554.68077696894,6580
0.352,4.4058160977368,0.0176778303473831,8833.19953267085,6581
0.365,4.48255762477581,0.0946631112532919,1524.40456947305,6582
0.2355,4.29365395987148,0.0198234899519628,7562.56416388978,6583
0.1435,2.18302474499678,0.0724807779931791,1096.36606493699,6584
0.426,3.66677870181877,0.0120324393918334,11036.3481971092,6585
0.3045,4.30857326598222,0.0237756374188964,6343.71179762158,6586
0.258,3.26234999033536,0.0650584918391627,1866.63710197299,6587
0.462,9.60098799261102,0.0431937781302376,8497.11119300907,6588
0.465,8.41743837340888,0.015160867885107,20558.1950508374,6589
0.4255,5.55999679417386,0.0125223820030558,16074.0611049918,6590
0.424,5.14583425061562,0.0435842453547508,4483.78764528881,6591
0.335,3.74758400448259,0.0430032304000034,3195.41120234801,6592
0.421,7.31017767803962,0.0763503931336613,3099.41916864624,6593
0.339,2.27828016675867,0.00671494047558311,10822.9697537125,6594
0.34,3.61581454189138,0.0374121593366285,3548.16556660785,6595
0.4305,5.77469187877864,0.0153470331097803,13592.3649096303,6596
0.24,3.27541266486128,0.0830090230906176,1413.60668648269,6597
0.374,4.23385440933249,0.0121487681065854,12257.915648711,6598
0.392,5.0540126274928,0.00833979999225143,20805.2736514549,6599
0.4535,5.91074359932813,0.0808388967875626,2742.34137958474,6600
0.321,4.10579739373964,0.0202022237914442,7280.57467435209,6601
0.434,7.37621988928216,0.0353426975736385,7949.27742224644,6602
0.427,4.04820097470954,0.0159926584293012,9117.11159041207,6603
0.4675,8.35518869259407,0.0166926783160553,18466.031259627,6604
0.2415,2.82211399266678,0.0941879868489588,1076.52323351423,6605
0.4405,7.11531402350631,0.127667249231996,1569.58588282774,6606
0.345,4.95095367181131,0.0852369944623146,2145.72466395248,6607
0.2475,1.96551203788982,0.0279385004722564,2469.07189628213,6608
0.3235,3.8151585252341,0.0417616738000343,3298.97052640291,6609
0.374,4.00525710895696,0.0327496464489031,4401.26470154164,6610
0.1705,2.55978490909379,0.0798026294948794,1145.90319155212,6611
0.4625,7.77008242181328,0.0107737800647836,26066.0194797098,6612
0.4135,7.19148134069849,0.0293429850687206,9352.19051564718,6613
0.438,5.47564568046449,0.0129036984468401,15293.8571548674,6614
0.371,3.69404545370486,0.0175255371173285,7580.48288270829,6615
0.3995,7.29991834439526,0.0450998341648143,6154.74495318567,6616
0.3785,2.73478383114286,0.0325688932038275,3112.27309380685,6617
0.4345,6.15675828730417,0.0426531274157897,5014.87573629278,6618
0.2535,3.62830218854978,0.0341482208849065,3863.93155406568,6619
0.251,4.49158391265434,0.0548945126365872,2996.19646679096,6620
0.448,12.1888581018043,0.0887296565703156,4852.59241038643,6621
0.369,2.44517401217253,0.0206112994198496,4342.39830571542,6622
0.1375,3.71556253074261,0.0547516381703918,2461.55575128241,6623
0.344,4.16595188881339,0.0164131377472332,9051.3425059515,6624
0.3035,5.30146785636189,0.0301446353690742,6412.42413145337,6625
0.1905,3.10348116095057,0.0752696388167446,1485.99107193228,6626
0.2715,2.06484711210285,0.015773647156898,4444.65653611206,6627
0.261,3.83360755004325,0.01909083264727,7168.97364553068,6628
0.2635,3.60485951531475,0.0293237100231951,4423.30052752805,6629
0.3935,4.63922830746909,0.0481518977886435,3536.28257435066,6630
0.315,5.41315695159286,0.106257136391512,1658.97132703409,6631
0.384,5.40973079266744,0.0316821715271682,6404.4447179229,6632
0.443,4.92378142592482,0.0537036107491963,3460.37946346528,6633
0.4225,5.41186809138245,0.0248892455772152,7775.27201062146,6634
0.4305,6.2821798243641,0.0485197953808694,4856.96313419133,6635
0.4205,2.75247704248073,0.0134044269516457,7345.51889165361,6636
0.3305,2.91671452839157,0.0270802805491093,3904.68339537822,6637
0.443,4.46016917644693,0.0147020663770849,11108.3255114229,6638
0.168,2.09362488935843,0.0369079319499651,1993.71175082141,6639
0.404,5.78786245681957,0.0775862321554277,2702.8915456447,6640
0.4525,8.16420710756563,0.0271221635804618,11379.0198338084,6641
0.4315,6.26525700691379,0.0179655974216376,12902.9714606449,6642
0.2945,4.17897384892564,0.0113960162726452,12424.9718707665,6643
0.4595,5.22022679052535,0.00736724130698013,24488.9598882236,6644
0.2535,3.86102456146986,0.0307517072953208,4629.93056380259,6645
0.2995,3.82415202080841,0.0100266851134423,12804.5082842452,6646
0.303,5.12660442837002,0.0327519286541155,5833.3995006142,6647
0.305,2.02422426534403,0.0101802866346425,6383.73002804246,6648
0.1085,2.45477243124187,0.0482375589629879,1771.27953983443,6649
0.3065,2.19727137924371,0.00920064318632989,7649.16555664884,6650
0.321,3.56486297730414,0.047323025596389,2811.7989902788,6651
0.4555,10.5656320364959,0.0942699333294389,3957.98014722531,6652
0.3765,3.98152474707699,0.019792278065855,7249.8022499733,6653
0.444,4.13912998041534,0.0129179582901042,11619.562166177,6654
0.406,6.08359491592073,0.0248832962855778,9117.38363383783,6655
0.267,4.7103295937623,0.029012785456358,5887.230917094,6656
0.451,12.3180110632966,0.0731432518027968,6047.29955811971,6657
0.332,4.44248533130929,0.049867726323631,3317.99694670479,6658
0.228,4.8853975767152,0.0328313663334014,5413.77561424002,6659
0.278,4.97042351542375,0.0260644312929123,7008.56123774484,6660
0.2085,3.86681771480845,0.0915077028040274,1516.10883567273,6661
0.453,9.57808615906144,0.0255770382374537,13784.4587714617,6662
0.4485,10.2844527170392,0.0873137117038213,3170.77817624561,6663
0.292,3.90922477169545,0.0248802213972664,5605.40739670715,6664
0.1635,2.96409474816367,0.128654010078215,773.750890056363,6665
0.297,2.001195405204,0.00683843360112807,8919.30197904626,6666
0.439,3.89168413747262,0.0085899276677889,15772.9802427959,6667
0.255,1.71963360021845,0.0242323986989187,2511.81428531077,6668
0.4215,5.64851998780039,0.0250817112069562,8379.61324809719,6669
0.2055,3.05254863100747,0.0350878609866888,3135.25791823935,6670
0.47,11.5322685808779,0.01453244122224,29587.6866107734,6671
0.3925,5.05685282266243,0.0447545780755933,4179.33949474963,6672
0.2795,4.59202688296157,0.0336435259192134,5060.91164965114,6673
0.459,7.49340630961325,0.0173348786568444,16108.8353411948,6674
0.2545,3.29793250551948,0.0291677993582113,4163.70921697171,6675
0.3775,4.49422295607792,0.0399992795644772,4160.56598330253,6676
0.241,4.05352861451496,0.0160810509641133,8560.16901511376,6677
0.4475,7.06650881634757,0.0726431712874289,3698.13734169812,6678
0.4485,5.52401491172378,0.0266350397979459,7500.63757429795,6679
0.316,4.36036840980173,0.0453537443209862,3488.29178618636,6680
0.3695,4.57041106114223,0.0515953100899048,3305.01604580506,6681
0.2005,4.34452888059146,0.0752587479160539,2050.4135607854,6682
0.41,6.17277838255149,0.0320975504357244,6979.91833952599,6683
0.4555,10.6144604608358,0.0923748723388472,3639.39848666453,6684
0.327,3.59469961692824,0.0551269637447331,2409.66785739603,6685
0.4055,5.5768234680838,0.0418285451077234,5028.3853522671,6686
0.339,4.28987979914899,0.00855062970485335,16862.5447290054,6687
0.289,4.65144854373574,0.0876473594978489,1776.61221331555,6688
0.3725,4.82471231971512,0.0141732387414442,12179.1370043909,6689
0.4095,4.72544781489099,0.0162526786406276,10616.0160861793,6690
0.432,5.5863325672913,0.0121227946108178,16615.1314114746,6691
0.236,3.52587895143117,0.0566133870197087,2306.76494561604,6692
0.413,7.53998841757734,0.0373025547700567,7627.34426410453,6693
0.4575,7.09518219322384,0.0144012750335722,18063.3331045928,6694
0.3005,4.40864671319869,0.0422265308752591,3831.83376985799,6695
0.3365,2.40352653508935,0.0219534362256384,3935.90416225077,6696
0.4145,7.05399202232666,0.0553675419639022,4791.31552634128,6697
0.288,1.87684920456424,0.0159335171587467,4028.41324291572,6698
0.1665,4.86659696884131,0.0392073544798065,4422.90216489565,6699
0.346,6.41947202726009,0.0339795107914209,7016.31005196534,6700
0.454,6.93639249172679,0.0118161634254878,21347.0541913679,6701
0.283,3.98379495856064,0.0156549588844264,8944.48932593492,6702
0.327,3.67500012948795,0.0395606178518139,3405.5855915934,6703
0.4295,3.87711190137032,0.011425743850205,12047.4421851949,6704
0.404,3.05483163058562,0.00723651089434647,14111.8139409653,6705
0.233,4.28620098938705,0.0405361704653972,3871.02607935796,6706
0.223,3.52995008225446,0.0965853592756921,1208.6754691207,6707
0.4285,3.77378127858469,0.00667563926679275,18709.5096812428,6708
0.39,4.20088377311936,0.0641788798910713,2437.05592823627,6709
0.259,3.66686356122155,0.0558977756106823,2426.26291924287,6710
0.3535,5.06025977661137,0.0166944530603069,10894.5589136562,6711
0.358,2.23810613254657,0.0123669726591524,6287.12002217141,6712
0.4405,5.0016174525178,0.0469163793690769,3927.57467006056,6713
0.287,4.1244416143622,0.0300196891502173,5030.91168389653,6714
0.4635,6.75947617603261,0.0211232128511277,11928.3799840338,6715
0.2675,4.42546250420727,0.0501377926730473,3139.7255612818,6716
0.3505,4.30371265353466,0.0872582277639262,1788.27741255391,6717
0.205,2.56997527721481,0.100406915375526,861.688067074166,6718
0.407,3.44101900771799,0.0134377906819661,9024.02162784023,6719
0.3945,5.33460685547034,0.0492986408807762,3954.55197374054,6720
0.0955,2.80916879678094,0.0728359837059188,1422.17477964605,6721
0.1815,2.5028615893263,0.0502462236267424,1805.07959263783,6722
0.3925,5.38467570246577,0.00976326827346723,19063.2812065613,6723
0.463,8.57025436474617,0.0408607292891379,7923.14560020057,6724
0.382,5.26698936760595,0.0748642161115709,2516.68666691764,6725
0.1545,2.20846458256837,0.0914114641139637,879.873499008982,6726
0.4255,6.76570747417118,0.0375230065021202,6829.97346076046,6727
0.38,5.19478813497202,0.0326112241197859,5946.15562538532,6728
0.4365,5.07954206616177,0.0157575572588765,11910.9556135153,6729
0.413,3.0023873165994,0.0211484156182445,5243.31823112635,6730
0.2815,2.27786953340102,0.0366959289708508,2269.41360039222,6731
0.282,1.81633291315605,0.0239390138891169,2647.22803014945,6732
0.4445,5.7643980150558,0.0181901705803039,11735.7036263243,6733
0.4015,4.47411343943031,0.0102777183618116,15277.6904107319,6734
0.3095,3.14361784789366,0.0916835160411763,1266.20884273939,6735
0.397,5.0293941087449,0.0112786350084501,15786.3730922831,6736
0.469,7.24187745148948,0.0664404803003382,4114.11473565325,6737
0.375,3.85853312533788,0.00666856793120709,18835.3060542286,6738
0.3875,5.16073820333033,0.0186057933119076,10195.5557345819,6739
0.402,5.23406963583169,0.0363620958957604,5350.75170910938,6740
0.3715,2.25265205566258,0.0103077164042776,7479.26228288187,6741
0.3955,3.73111403571144,0.0216209076375675,6354.81553685441,6742
0.4325,4.33384004261342,0.0213791295340074,7549.77415544019,6743
0.465,10.1625812435311,0.0398320439621064,9747.24349543027,6744
0.2655,2.49427377032888,0.087520584339945,1024.42886452282,6745
0.323,2.30067961764686,0.0289089758446897,2888.96819834906,6746
0.336,3.94063923860948,0.0195680311319257,7257.21785703126,6747
0.23,2.36314455454444,0.0329844430169002,2580.45262185078,6748
0.4665,10.3821603788535,0.058826933598434,5869.15717578068,6749
0.371,5.27627352990201,0.0653912807850274,3016.55992811489,6750
0.4515,3.69108517187584,0.00650085837380594,19091.6615582393,6751
0.31,4.00644183823387,0.0172127074200662,8391.32235294277,6752
0.4505,7.50112703180471,0.00996819279326178,26807.6716706982,6753
0.482,12.055805554985,0.0422897946063513,10758.5521730826,6754
0.4175,4.20392241912924,0.0395087389940536,4013.99154173707,6755
0.3495,3.71420732830137,0.0928037255201408,1212.31786664229,6756
0.299,2.93087963594914,0.0495384097781411,2202.22489810696,6757
0.3835,4.52656225897511,0.055782983554804,2997.83996850013,6758
0.4035,5.8116406855435,0.0114000311896073,18230.1154231276,6759
0.2315,2.04421495776354,0.060398526259864,1224.27669638486,6760
0.2845,3.02747609624657,0.00905870685131889,10880.1320920331,6761
0.277,4.60677535192213,0.0388975468859069,4210.07655650236,6762
0.4545,4.42377712151806,0.0529043334908652,3008.55620988397,6763
0.4245,7.24150445449172,0.0418747007499979,6491.01360646878,6764
0.307,3.58528209766269,0.0140365724482777,8893.53131526695,6765
0.3855,5.1282023082601,0.0785180446310019,2231.10917445079,6766
0.387,5.60011338479349,0.0484591919299742,4230.14916522749,6767
0.4395,9.40706345346742,0.0613608293085285,5690.17135859926,6768
0.3735,5.47119681142253,0.0578348998310586,3533.17094692845,6769
0.1535,2.63337345608116,0.0211623929170931,4028.36530430173,6770
0.204,2.60812543809659,0.0823316248542924,1128.85714313721,6771
0.239,3.03874674887171,0.0469157217484701,2355.15449107695,6772
0.305,2.84049601915311,0.0579673003103703,1795.48986665313,6773
0.382,5.79872095488169,0.0862400952347661,2261.86252119106,6774
0.436,6.57913956499455,0.0902633861004828,2408.07021942079,6775
0.47,7.72557369129092,0.0121888610896959,23243.1430107623,6776
0.402,7.39588269089843,0.0323233871252013,8639.39677217362,6777
0.391,5.09430603317668,0.076601676094841,2470.82619718118,6778
0.2245,3.09145985860428,0.10389055942828,1075.42211469,6779
0.455,8.63713863994164,0.0129318080548513,24513.9988972517,6780
0.363,2.92526938953013,0.0143335933877657,7185.66812637296,6781
0.453,6.29137350761527,0.0181369103547167,12872.5387440001,6782
0.373,5.80470449451327,0.0697906339774952,2933.01663634188,6783
0.424,5.33249463341092,0.0149450536553123,12927.6919576173,6784
0.3205,3.5592532635696,0.0897185683711873,1428.84534235008,6785
0.2865,3.25163135799657,0.0906403774749644,1228.81212449949,6786
0.405,6.1120815996325,0.0256952745296973,8890.44399442927,6787
0.4325,4.60144063581948,0.0283227116541461,5874.3478947161,6788
0.1505,2.003858006905,0.0689950816820968,1040.21520275405,6789
0.461,7.86280463154902,0.0562648694186233,5226.06765970482,6790
0.2,3.64749355077824,0.0213907620338964,5956.43988432341,6791
0.459,11.4974865279314,0.0128714433072495,32917.3958390166,6792
0.3935,3.0027890529492,0.0137081293493225,7789.6628620531,6793
0.4255,4.60379471515147,0.0112202834362548,14483.2169085159,6794
0.27,3.71173344457049,0.118761025990029,1022.7349490323,6795
0.403,6.01805185323307,0.0549747146063285,4073.64760329766,6796
0.23,4.99632419998733,0.0389987687556305,4490.33363546818,6797
0.2115,2.86982622514379,0.0274685719128452,3677.64095249201,6798
0.3445,5.73303467851807,0.0274101694405744,7750.61016031532,6799
0.379,5.77337195313022,0.0674143964592657,3112.70530049439,6800
0.3625,2.57249312848912,0.00960492265584591,9104.26391009499,6801
0.292,3.59627366111814,0.0156524745569244,8006.42162143576,6802
0.166,5.17481305222366,0.0601106710621778,3085.82408494153,6803
0.1755,4.49313686918044,0.0437581157835236,3807.62188332436,6804
0.215,2.94999286328149,0.0885996875296222,1210.64783926095,6805
0.401,4.74119785162362,0.0194449099407077,9108.72450016269,6806
0.4595,10.9059184056849,0.0334359266493235,12264.7762591871,6807
0.305,3.50865636586384,0.0775857381794826,1638.52521597313,6808
0.4805,10.6182441292671,0.0587463384379901,6828.77814295807,6809
0.3005,4.77930648173341,0.0394950360403993,4484.26566539431,6810
0.427,4.48998539679592,0.0229223247750388,7300.28888366551,6811
0.4735,9.38537589442957,0.0416205375563114,8544.65343492021,6812
0.469,7.64970995940066,0.0367951059687707,7219.23073263272,6813
0.393,4.72016676739622,0.0413092783730464,4252.30640790471,6814
0.372,5.04914354776765,0.0418552997727381,4526.18820753624,6815
0.339,6.34888498086687,0.0382944681971977,6210.85291625203,6816
0.2645,5.05034039756592,0.0592639030995016,3177.73734950791,6817
0.4225,6.7349253634856,0.011221939197834,21508.351172179,6818
0.351,4.80384125531957,0.0451083724813468,3985.30589159394,6819
0.2245,4.39818808785231,0.0366001734309946,4477.62976283296,6820
0.39,5.1907778302184,0.0385857706089358,5034.67622633159,6821
0.417,4.178246177267,0.0129669449749452,11529.4086272128,6822
0.377,2.9233253958789,0.0119954624695999,8474.21514378281,6823
0.345,2.41838364009056,0.0178405588418441,4832.34696129117,6824
0.2795,3.98769794069344,0.0975909300385589,1426.91462261083,6825
0.3775,4.64372800479816,0.0400960093678724,4349.93304558204,6826
0.2185,3.6294435469551,0.13267891280946,935.604170240798,6827
0.3245,3.2449576600203,0.0316767542038523,3619.16146711141,6828
0.328,2.18888910747786,0.0149953285767427,5096.35833370874,6829
0.4445,5.05222624184164,0.126700431369865,1362.10673516607,6830
0.2485,3.76680414320987,0.038656294827331,3540.52280249204,6831
0.356,5.23608240494768,0.0753256128165991,2465.5285170421,6832
0.1035,2.42369177317765,0.155430027153615,524.577250496763,6833
0.3535,4.90449199878623,0.022058587506366,8109.59254769728,6834
0.37,2.97062433659108,0.0165436874953712,6371.74411992141,6835
0.4555,6.16336233573474,0.0347980860482662,6740.79733831807,6836
0.457,5.61094980600383,0.0124094146055641,16361.9406768746,6837
0.4255,2.84444165918156,0.0082848292817761,11811.9906464067,6838
0.4015,3.26666650952323,0.0164182765179718,7167.23954123699,6839
0.256,4.67068899450964,0.0478587483055541,3619.08165474199,6840
0.313,4.97394919781377,0.0168133138710808,10456.8793408467,6841
0.464,9.08966482164864,0.0222922990984438,15345.3625850802,6842
0.341,5.7839703439706,0.0301026718714644,7201.49751110438,6843
0.4225,3.40345412143637,0.0215008577387421,5692.02787470181,6844
0.433,8.61982811807392,0.0491260916853805,6685.1979114631,6845
0.469,8.38347033719022,0.0137001909747434,22608.5590646681,6846
0.417,3.93576842666447,0.00710678469158755,18462.6105184212,6847
0.328,3.77217181973532,0.108891400840511,969.523889119262,6848
0.4625,7.42670249212954,0.0133157228388218,20509.7367441071,6849
0.1885,2.97835948293183,0.0572259878698034,1866.88336247461,6850
0.195,3.89565614644149,0.0707871405047287,2005.79371797871,6851
0.3965,3.37283526526417,0.00978935474977547,11916.5186293855,6852
0.4365,5.98801799344615,0.00795627378664802,26189.9237155597,6853
0.382,4.7879222123067,0.0400116014269642,4467.24817615101,6854
0.111,2.76824031545354,0.0728902145529939,1338.12106302446,6855
0.4045,5.24860629896947,0.0904078208110762,2064.26331983696,6856
0.2075,3.16090420256117,0.0459766060638705,2482.7321676277,6857
0.359,4.20497525252451,0.063871334336467,2472.54519483217,6858
0.383,6.13766069635391,0.0427097569008545,5478.66862841424,6859
0.28,4.03363458528378,0.12504292343371,984.692789941197,6860
0.452,8.54568670822389,0.0382568379988703,8462.09248298927,6861
0.3805,3.0210805555056,0.0115812725099715,9136.96309399373,6862
0.3655,5.66568950257652,0.0385629498371744,5540.19582719905,6863
0.32,5.86752998827691,0.0356339048487994,6145.55682379592,6864
0.2095,2.65209920616815,0.0987795203007302,969.108530640848,6865
0.452,4.47922103592043,0.0144420134656236,11415.5980906284,6866
0.456,7.22760535141927,0.0149751567592731,17686.9439681313,6867
0.2435,4.54819550754325,0.0345971400593436,4763.61062340814,6868
0.381,5.13040620323017,0.0103345833802101,17402.4695438461,6869
0.3785,4.81548110363221,0.0392274911952385,4577.17668609779,6870
0.2835,3.90968227906567,0.0916966047492115,1448.38835021907,6871
0.429,5.34302654668994,0.0334927258678798,6003.56223065468,6872
0.281,2.98249145800486,0.0920550748996993,1188.25252983328,6873
0.4205,5.90567910452646,0.0217785318977869,10132.4028747353,6874
0.2075,2.79171555952972,0.0498163735249741,2030.06159930192,6875
0.314,4.21501742881234,0.0903776495399743,1601.31489189899,6876
0.307,2.17504810234915,0.0382899287108517,2018.52651077034,6877
0.2935,3.58741242074099,0.0301775875146766,4334.1206793959,6878
0.455,6.96203750977139,0.102148750363468,2248.84901957932,6879
0.329,4.46548346418408,0.0330741347358692,4914.92719658192,6880
0.413,3.89023345643874,0.00869565167026892,15356.1228009487,6881
0.3975,5.69328232365429,0.0360483013397406,5942.41628153301,6882
0.2275,4.4712825554515,0.0648007869099767,2595.92385604327,6883
0.1765,2.29309800076939,0.104478321091112,786.830394878837,6884
0.255,4.51663928443174,0.0244872245593624,6683.7167017012,6885
0.299,4.85459874876966,0.0681454871644249,2662.28143047906,6886
0.2765,4.32833094367815,0.0614832179737019,2592.31118131716,6887
0.412,3.57906919024789,0.00636415750415043,18411.6333184948,6888
0.371,7.10107368478742,0.0310763894510913,8657.07808608067,6889
0.4425,5.64012993503818,0.0200688033037593,10403.6186063288,6890
0.1435,3.04869606841117,0.0714835545867369,1560.92747750432,6891
0.219,2.87652093563526,0.115805112627732,860.311975328591,6892
0.3805,5.97249974028587,0.0251321741425227,8917.522854782,6893
0.294,3.22271807934386,0.0161155544005082,7107.95322750949,6894
0.33,4.00609185076006,0.0963963612824368,1511.26773528464,6895
0.1675,3.08578702385466,0.110486558075866,918.186578740321,6896
0.4035,4.53967894696891,0.0453696188980991,3758.97798654018,6897
0.4465,10.7863007206408,0.0220137471560524,18557.5195872134,6898
0.3525,3.82396580773829,0.0231802648453053,5916.95705126396,6899
0.422,3.57451969826158,0.0620044656835602,2158.56273764594,6900
0.2255,4.39581154396293,0.0495264965289658,3196.46547918767,6901
0.4205,4.73074526671805,0.00879839394497979,18785.3232070419,6902
0.4555,10.9563659714376,0.0323151817533233,12886.6192242298,6903
0.292,4.23174804985395,0.0332020823928739,4713.69663425483,6904
0.4485,5.07138764516199,0.00784227153098671,22376.562981922,6905
0.236,3.91298851300452,0.110636224936121,1197.50880095545,6906
0.404,8.58194962924013,0.0430326717794632,7482.16848357487,6907
0.3765,4.16247481642014,0.0511530602457361,2983.15521110669,6908
0.335,3.63429906481546,0.0321786635904498,4016.10170833797,6909
0.414,3.33458832761946,0.00680299682681438,16310.7659093292,6910
0.4625,9.11418561430032,0.0324128164663248,10692.4589557151,6911
0.392,4.50666356794734,0.00880135680203373,17466.6194408774,6912
0.3825,2.5280202428534,0.0102147470987176,8526.96683586006,6913
0.3175,4.78446020747204,0.0451882319761235,3970.295018226,6914
0.28,2.84447272651866,0.0964371891535502,1061.0496522078,6915
0.457,4.57053946530814,0.00955233171184465,16904.3833348809,6916
0.4575,11.0770835800657,0.039448870024823,10501.8476130536,6917
0.44,3.05063059112502,0.0186716729512374,5985.37241828507,6918
0.375,3.0914392240085,0.0109236955974839,9793.47166143429,6919
0.335,3.64183357752242,0.0300046720665854,4492.26084433945,6920
0.453,8.32463716956789,0.0755004483416796,3912.69736080829,6921
0.343,4.19548842796191,0.0251407103799445,6084.3135284621,6922
0.2545,4.74033278497259,0.0229313882889043,7318.05948639739,6923
0.121,3.20748837346735,0.0411624604153625,2801.68420812955,6924
0.449,6.75242345268676,0.0360031957476002,7085.22025263339,6925
0.426,5.3077730647325,0.0496703060553404,4027.94707467632,6926
0.4095,5.63754576438228,0.0384179605826345,5482.25426180828,6927
0.31,4.14918044477806,0.0236767146667452,6454.76419657213,6928
0.179,2.85424269899709,0.0984521219428357,1023.49950237415,6929
0.388,6.40540790260622,0.0269946251729985,8845.27271691875,6930
0.2145,3.51277853103374,0.0403946759809284,3089.41067751917,6931
0.325,5.94741870769251,0.0335372263911759,6605.7119761668,6932
0.17,2.4438425081974,0.0834566992880942,1055.6616181914,6933
0.249,4.68901376908785,0.0189189804883223,8780.43844832129,6934
0.246,1.68809073906393,0.022674998817078,2664.98574158177,6935
0.345,3.69954707225309,0.0982869277851462,1205.54358810856,6936
0.3415,2.1757472527127,0.0138044127742212,5524.88124129346,6937
0.382,6.17795006969233,0.0257056104297782,9046.73403038674,6938
0.4675,9.83260932097081,0.0360604917441286,10463.4333821128,6939
0.3965,4.95722971798531,0.0281071291358332,6489.10420038832,6940
0.303,1.9424605696648,0.00705334309298174,8459.52170882885,6941
0.373,4.69476217630172,0.0187809994426728,9090.55823099506,6942
0.3485,2.28934013202933,0.010336566426321,7444.06188091133,6943
0.414,4.72018446641856,0.0310165428345327,5678.74890065382,6944
0.1785,2.5884546807968,0.106090053590276,865.210535175759,6945
0.352,7.09317391640029,0.0392196986079146,6811.60893322911,6946
0.445,4.33226759006117,0.0132162709024423,11793.017076594,6947
0.3405,2.14226205360481,0.0252067634418563,3053.12211371695,6948
0.44,10.0435574253539,0.0565973620461157,6441.38584421746,6949
0.453,6.81513793021515,0.0111592984190389,22019.6243129053,6950
0.446,5.57116535741334,0.0167177246786019,12302.7356090174,6951
0.461,5.66875553252513,0.0138854215819211,14984.9044569262,6952
0.4,5.53951373400841,0.0300040050054822,6956.3776447261,6953
0.2955,3.84856760142098,0.0238464443853863,5868.02041321684,6954
0.4455,5.16369730700475,0.0371625189557543,4899.69052802976,6955
0.4375,8.06790481051659,0.0372691997107883,8248.40901631382,6956
0.385,2.47892842677818,0.011496444614147,7500.49772933697,6957
0.1575,2.16796340685111,0.0565670897836537,1350.92488926876,6958
0.2545,3.79975157248752,0.12302499786198,1037.25443080081,6959
0.362,3.97103564007228,0.0464562420063108,3189.88460809034,6960
0.381,2.84033323199562,0.0148696497353688,6723.65786351312,6961
0.399,8.30074942797052,0.0475190070382932,6624.21796666692,6962
0.2055,2.54168089149489,0.0829610804715204,1113.25751335013,6963
0.3755,3.84042110235263,0.0121349635850887,11334.2864487174,6964
0.4545,8.12393093188392,0.0607922532654152,5099.24969634439,6965
0.3165,4.52370230645849,0.0128352054310707,12412.4200482184,6966
0.468,7.10071988814505,0.0169638512003103,15596.7888467319,6967
0.4055,5.36297728043863,0.0292022217065789,6891.88434956866,6968
0.456,8.60562720755779,0.0322049669971348,10207.8009878983,6969
0.3365,2.12846486609618,0.00592155429303615,10986.8023963203,6970
0.3,4.74474151991847,0.0216605320887299,8150.27611974294,6971
0.39,6.05131300855107,0.0664930014988388,3069.70712811408,6972
0.3865,2.79423393185251,0.028268093077272,3547.67337874356,6973
0.328,6.43260261694103,0.0255184047436176,9307.47078690115,6974
0.146,3.50555237350818,0.0648385981243709,1882.95763510438,6975
0.265,3.4053369320652,0.0578239962855286,2115.07658386888,6976
0.167,2.17764248541115,0.0331131927097252,2330.52501455954,6977
0.241,3.1404339507605,0.0156483911728835,6946.50892666423,6978
0.4295,6.32851876086801,0.021839794639273,10771.8295050051,6979
0.271,4.40352341306617,0.0537667626144081,3079.58612936116,6980
0.4795,8.01060170252591,0.0540642335758987,5490.04831830295,6981
0.4225,3.24458878197213,0.012983148889804,9003.50975424277,6982
0.4585,10.2729687741204,0.0185303254218439,20547.9933016666,6983
0.3915,3.24317484821894,0.0147092957591343,7926.30413924277,6984
0.3365,6.27616603992533,0.0522128662994878,4536.85311853016,6985
0.4495,7.53630281136996,0.0145136369062337,19129.4990176354,6986
0.4435,4.95160036859633,0.0176247958002457,10375.8713332404,6987
0.405,5.13959914414354,0.0168433920515058,11275.3070603618,6988
0.394,4.80406521830012,0.0384872374895556,4653.82848921866,6989
0.444,4.85397298158648,0.0134934164239368,13107.2949935138,6990
0.4325,4.39143804327411,0.00772014766918706,19396.1080371034,6991
0.219,3.73839893436986,0.0568532453656546,2347.78954839696,6992
0.2525,4.47780076294343,0.0892857602993859,1779.68128702538,6993
0.4475,7.63827143999379,0.0453445575283017,6404.70070876912,6994
0.25,3.59841769206468,0.0802988346184639,1596.29964991974,6995
0.303,3.36347557700523,0.0321647059638973,3818.33447178131,6996
0.451,5.01860110954433,0.0199678069128953,9383.63447249263,6997
0.353,2.29389567129332,0.011170946361577,6949.12074121793,6998
0.133,2.09467195167315,0.0837634172568179,932.117588780896,6999
0.2585,4.33992606379127,0.125670571658317,1140.78299045811,7000
0.444,5.78154036864614,0.0120195581707912,17422.6795945012,7001
0.443,5.923907524719,0.0430091221612239,5180.32924230654,7002
0.4225,5.86800896947465,0.018789257304989,11549.9439222493,7003
0.2265,4.46987821287872,0.0146787975021718,10606.5109773966,7004
0.468,8.20527549859806,0.108579000943538,2635.15796689734,7005
0.455,11.0109031505635,0.0274400952866425,14722.7874835581,7006
0.4685,10.3779719345422,0.0134784501841919,28739.0221694926,7007
0.4115,3.3649438020383,0.0276027889307252,4498.69396537504,7008
0.221,1.84292201482468,0.0669918372273882,987.001744545884,7009
0.4195,4.68038984873527,0.00974824258251187,16837.590264394,7010
0.4015,5.42118915074278,0.0583305285420116,3492.9382174252,7011
0.434,4.18454078561057,0.0311421041923074,4954.50505162337,7012
0.227,3.62369480885444,0.0499585595983271,2644.38901995513,7013
0.4625,7.7022381438197,0.0542428727012957,5384.68651210349,7014
0.376,4.03105906253469,0.0385306778971468,3905.01922145359,7015
0.4385,3.94357187202977,0.00854500968715273,15839.0088690295,7016
0.4425,5.29228536571713,0.0422033218471801,4555.42918557156,7017
0.4485,4.656925021707,0.0120111080857238,13860.1884943174,7018
0.46,10.1012045150497,0.0763862309968098,4850.7470136029,7019
0.204,2.89070481981423,0.0447231655737726,2366.56106213461,7020
0.2865,4.81722341102364,0.0508372807235976,3466.3074434964,7021
0.3555,5.83604266513578,0.0294406977586502,7447.54412210022,7022
0.183,1.65967679154444,0.0208739706827812,2651.22602004136,7023
0.434,4.08350746397857,0.0132797474346725,11116.6702452045,7024
0.19,3.11599924145806,0.0424211203144003,2648.92281332827,7025
0.2825,3.80712624244567,0.112396679953738,1108.51285652222,7026
0.245,4.00959555314762,0.104891429767602,1385.58156563441,7027
0.248,3.05466615286077,0.0145421910432449,7121.73022486562,7028
0.4185,4.66957159080717,0.0308011132972504,5656.4420306177,7029
0.394,2.97562486176689,0.00967470724128292,10495.2726048754,7030
0.3935,3.44381288991875,0.0386858806220985,3141.82862871469,7031
0.1025,1.64586308729335,0.0533545134785825,1108.87899182002,7032
0.3025,3.44851081632802,0.0140940421008508,8541.08868723381,7033
0.226,4.60515707380624,0.0461585737062026,3543.87270377629,7034
0.448,6.45295492807075,0.022834950535652,10526.592934259,7035
0.418,4.6407484507154,0.0202733138077675,8490.16755717545,7036
0.36,6.19549446390667,0.0473614492762742,4913.19217268533,7037
0.4415,5.4167487415654,0.0173191948507569,11505.2602602988,7038
0.311,4.89884600153713,0.027735631312607,6482.56283754473,7039
0.135,2.43576874043017,0.0315791701067549,2677.11044303126,7040
0.432,5.64261651671409,0.021852020727445,9661.55157860918,7041
0.1845,2.88161384321016,0.106829959164952,983.348446933403,7042
0.4705,6.85067376836526,0.0149935931072254,16742.0968706714,7043
0.4315,6.01294453162742,0.0280784031223553,8086.48034003305,7044
0.4235,3.9821937359022,0.0196652302691191,7445.81420065287,7045
0.448,6.14764476086645,0.0165541377755837,13710.5276797957,7046
0.279,4.82467707461185,0.0175833939252425,9572.03146416882,7047
0.175,3.54141133940664,0.135230220499126,815.930116771703,7048
0.296,2.58480905287041,0.0276785320126144,3352.60278571178,7049
0.1595,4.72936640288846,0.0566825054756933,2934.51258327897,7050
0.3845,3.42502385932957,0.0336442196595789,3787.08613896302,7051
0.3525,5.46480731170864,0.0317680192434005,6419.29468477019,7052
0.4815,16.125657216609,0.0644534109405299,9270.86718254905,7053
0.33,6.25919124046901,0.0383869974700297,6094.34692085105,7054
0.182,1.42406414265355,0.0176304084660677,2659.95693076584,7055
0.2445,3.55835563230291,0.102156473203433,1149.68899526727,7056
0.208,2.5405558094029,0.0841266521443148,1092.29308588997,7057
0.263,1.77861067974854,0.0440604665520412,1448.47538406262,7058
0.1995,3.95152660099477,0.0470324212765556,3077.22968467018,7059
0.459,9.33439206120563,0.0308741279171858,11618.3588985409,7060
0.357,2.45806462800887,0.0277116505485406,3221.87747082255,7061
0.461,9.00800309815273,0.0541182459282884,6297.12435683886,7062
0.408,3.8170281869445,0.0669502413779931,2110.04276285543,7063
0.2595,2.84488413333046,0.0530848681941364,1966.06938494646,7064
0.297,4.5761284111252,0.0232182690584238,7121.71640037723,7065
0.4375,3.89046437065829,0.00785604486339691,17036.7024799513,7066
0.351,5.2750550548748,0.0309619908409303,6327.96278421281,7067
0.2865,5.37732965165224,0.024251333049903,7919.9561542183,7068
0.395,2.68696803821938,0.0202048944367192,4839.41553271353,7069
0.3145,5.17799425282141,0.0240589679462737,7923.5895677998,7070
0.189,3.4772553297774,0.0765895123260774,1600.90025402592,7071
0.424,4.94117588915033,0.0142200696627527,12557.579939678,7072
0.2475,3.56606532580056,0.0709670296987886,1807.52087087278,7073
0.4635,11.1579866854224,0.0394257223256783,10854.8042040228,7074
0.4635,9.07108216079896,0.12565916827786,1930.88724399786,7075
0.428,4.8425824272774,0.0152607633276753,11475.7568274183,7076
0.4145,4.37462644044662,0.0154691263335465,10182.2894073293,7077
0.4575,7.26560811370353,0.00962202259529984,26930.9145774533,7078
0.2105,2.8004714000854,0.0376986707408829,2667.0561258337,7079
0.3605,4.48489110404241,0.0191645139169684,8525.60554802722,7080
0.4255,4.16321149588558,0.00942987653103602,15472.9104785135,7081
0.479,7.46608517005048,0.0245448662587786,11447.0045339081,7082
0.247,3.52019641252351,0.0484000246179241,2610.83066291338,7083
0.3675,4.28963381122913,0.00893576632392009,16342.8254962353,7084
0.196,4.47264334274429,0.0355615904757867,4692.87225801536,7085
0.3395,4.43881443834927,0.0332219072810672,5002.29066439545,7086
0.3955,5.94792907203019,0.0129620739563359,16508.3610302657,7087
0.4095,5.38786875771557,0.0097264319605309,19473.6728977734,7088
0.356,4.63588786869474,0.0488413971622948,3479.80318470955,7089
0.441,6.82880617546943,0.0646212227445169,3972.37739846669,7090
0.457,10.8488732595831,0.0523940596869912,7883.14136324354,7091
0.2745,3.35217227327215,0.0260522254429058,4821.42432679189,7092
0.4205,5.05658566282803,0.037320566616364,5105.90096576171,7093
0.429,4.67908926094183,0.0189933214071448,9091.10610482032,7094
0.458,8.66296630501691,0.0422521749697996,7858.68413405825,7095
0.471,8.70478714461541,0.0212596858352562,15493.6119052162,7096
0.3235,4.34554254855678,0.0652469878137305,2454.89164151272,7097
0.284,3.78514443886399,0.0143185195107108,9275.05764718436,7098
0.411,6.36093934858436,0.0820497675897681,2588.54199209019,7099
0.434,3.34743480499277,0.0136079585508393,8893.39414566401,7100
0.39,4.24893683349587,0.0141764375017778,10620.4731058538,7101
0.3775,3.52497198376662,0.080331902593484,1557.34771565896,7102
0.444,7.51514550459513,0.0839388927848766,3157.32451030644,7103
0.3215,3.948320259933,0.0243434400890995,5677.82664847472,7104
0.452,6.19339621304485,0.0160424709356696,14256.7288980492,7105
0.4105,5.84226682888309,0.0796498349524658,2517.7017277753,7106
0.382,4.51537855114396,0.0356262896352637,4550.59475351448,7107
0.461,9.67940444925111,0.0134782306542034,26602.235146211,7108
0.3375,6.14233920599108,0.036753594309049,6181.83030831726,7109
0.392,3.35906034027825,0.0138341882334385,8573.59282041912,7110
0.425,7.0671816039169,0.0378453415720169,7087.02496976541,7111
0.3835,5.00719658787321,0.0523912908146049,3478.28629081798,7112
0.418,4.74150006255498,0.0118242119230598,14379.6564793888,7113
0.456,7.87080014485246,0.1244450874686,1357.42853087446,7114
0.4075,3.396472199905,0.041294373940246,3067.17950643977,7115
0.4455,5.27637671259929,0.112089935088403,1699.23299004816,7116
0.3675,4.03248665578031,0.0966592844248612,1206.26897075874,7117
0.4605,8.39706098232293,0.0561806131023086,5543.37733050793,7118
0.364,3.23716985813509,0.0501361064206975,2381.0617107664,7119
0.421,3.71758666164827,0.00928374004272974,13976.6901935401,7120
0.361,3.87155400610987,0.040295871045009,3606.24948110319,7121
0.384,2.5013056637753,0.00645686876397861,12412.502862253,7122
0.348,4.79088731541503,0.0193100719650124,9136.83911345502,7123
0.4525,6.68697889384426,0.07352967972336,3448.97962482461,7124
0.431,4.6660342452656,0.00897857990695594,18111.1478559291,7125
0.215,4.36956982147263,0.029529531791044,5295.13872958422,7126
0.364,2.52068779627764,0.0183499662605898,4917.93739938386,7127
0.2485,3.72691599459646,0.0447230181958418,3019.75217749882,7128
0.423,5.23120935568702,0.0235775222876791,8326.73742144683,7129
0.396,4.58223935707194,0.0153115765574124,10848.4212190442,7130
0.3455,3.96836397724531,0.0348918875886525,4205.79791388471,7131
0.2975,2.34964930995221,0.0176542463798264,4680.23034686166,7132
0.287,3.26175973379781,0.0417076115509212,2875.59319174778,7133
0.448,7.56768613508718,0.0139125595741896,20040.0886201375,7134
0.266,3.19426135230775,0.0549920155830081,2114.79386494648,7135
0.272,4.77343694223765,0.0290319839328757,6104.17125846618,7136
0.119,2.62096787639674,0.12678737388314,741.177267058777,7137
0.245,4.34868148940738,0.0703964867367737,2269.74858256291,7138
0.312,4.78872868063682,0.0818727616981141,1935.04428156815,7139
0.179,3.5636482405654,0.070194579891631,1903.13893442982,7140
0.4435,7.00721586607899,0.048218565325291,5586.16431933602,7141
0.43,6.92262089053541,0.0371484654091321,7063.95828174984,7142
0.291,1.78112758377151,0.0137145844995802,4491.50115892681,7143
0.4475,4.77655345286527,0.0106232054490723,15850.8559399571,7144
0.328,3.73512083414022,0.102717627614195,1292.6635992941,7145
0.218,5.07490983799166,0.0372996848765958,4891.46787220271,7146
0.333,3.28190246775845,0.0225118872478151,5276.15376131644,7147
0.4605,10.7773861000947,0.0269435574478621,15036.9886617877,7148
0.365,2.81568076609653,0.0253882137541854,4024.88244513561,7149
0.422,5.01626490348011,0.0318593567832615,5994.4776357991,7150
0.4385,5.39578863497828,0.0231091687384496,8352.26805564006,7151
0.437,7.12486164444599,0.0297417539849762,9138.58395638941,7152
0.325,4.09243539532497,0.0271373118345695,5517.22029884641,7153
0.326,3.04112860371061,0.00918404326047626,11069.3708108821,7154
0.374,4.98101386355837,0.0516326637093527,3607.00056543413,7155
0.455,7.51488064573575,0.0306959345063319,8722.0670732259,7156
0.2115,2.68611817003934,0.018594151337002,4962.73980277412,7157
0.401,5.66935740958962,0.0326338902689591,6496.18446994375,7158
0.455,6.45148307537814,0.0292422375744084,8388.63153265645,7159
0.3595,5.66971709052473,0.0423329330147186,5064.93409305708,7160
0.3745,5.85220661475814,0.0290795874683431,7582.2109168174,7161
0.3735,3.04380170536401,0.0282439018117067,3850.36096195039,7162
0.3015,3.66159864385523,0.050609207160563,2560.57295995592,7163
0.396,4.31924908947903,0.0113978989232775,13220.7900771392,7164
0.377,5.17165811750618,0.0114903592557562,15777.7623746284,7165
0.2915,4.03680345252304,0.0416076790904307,3577.92062281563,7166
0.4435,10.1537096137821,0.0655879117321151,5783.41449147665,7167
0.458,5.95346752870243,0.0132276102933713,16408.1694988066,7168
0.217,3.95761559610588,0.107311128706113,1235.95079579901,7169
0.465,6.151137088337,0.0310915716748069,7118.38644924604,7170
0.47,8.15139147582277,0.015086965650583,20073.6500048966,7171
0.3625,6.16260851284987,0.0314657228621046,7305.86351164085,7172
0.3,4.68484523474522,0.0349713773405439,4943.72694473349,7173
0.18,3.41129722195251,0.0624179662461298,2003.73111034143,7174
0.446,10.0165727636921,0.0249362063411549,15189.8441866247,7175
0.4585,11.3816255139051,0.0702635647014877,6060.13033114265,7176
0.224,4.22527607451955,0.0404828748337635,3858.33582458869,7177
0.4525,6.72674719721781,0.0396820099724369,6328.7478294301,7178
0.396,4.50508743319278,0.0211782596616389,7861.971884925,7179
0.305,4.86152120812271,0.0203997230315341,8519.18523778641,7180
0.1645,3.74843477237164,0.107901112984976,1178.39963562173,7181
0.273,2.96977340241857,0.0455180335265604,2377.27708102202,7182
0.4005,5.75964301773036,0.0559949453567395,3866.20611365652,7183
0.1685,3.29777962344033,0.0948193490234363,1253.79631911751,7184
0.4115,6.17084431325887,0.0426845981950718,5460.33431471754,7185
0.4245,5.5773967048211,0.00847981846279909,22743.071084081,7186
0.399,4.04953246591414,0.0126445298346814,11515.1228177622,7187
0.269,5.08367038215431,0.0128868888945443,13457.8735960071,7188
0.4175,6.05005473021143,0.0109765703234543,19550.6625158854,7189
0.277,3.80311088631596,0.0746119270644561,1853.66172503075,7190
0.356,4.89940442122586,0.059278850123878,3020.38535108174,7191
0.1365,3.71287023253226,0.0673985813248339,1977.08432154747,7192
0.432,4.92430284794195,0.0129765178622045,13823.7212110463,7193
0.196,3.21348854417123,0.0553165004005209,2118.31670864961,7194
0.4505,6.10030365751687,0.0150110091100222,14949.4918257077,7195
0.4075,4.95246469709664,0.0118696882992973,14870.8150660154,7196
0.388,4.03472341772459,0.00600800027816762,21624.4753755661,7197
0.4525,6.85225048977936,0.0569176234022439,4522.44822957854,7198
0.3175,4.27421453361034,0.0259297737764941,5976.1999398668,7199
0.2515,3.87593718738232,0.0396418669543988,3575.16327219845,7200
0.324,2.15456719168162,0.007721169072904,8887.44278334636,7201
0.3135,2.35352349757914,0.013373169589135,5978.12796012619,7202
0.344,3.24076176173095,0.0186137346398958,6280.49560826648,7203
0.3715,5.85364766051785,0.0189058479983607,11502.3238873872,7204
0.4785,13.9565666563145,0.0431726440102859,12539.8066010161,7205
0.4405,5.55296643023263,0.0205968197294507,9927.53315709326,7206
0.4535,7.90081763558179,0.0105142642800594,27105.6376244229,7207
0.45,5.76039513197551,0.0108612815177709,19159.2611719367,7208
0.287,7.02901695816855,0.034777240946054,7513.00938000339,7209
0.2245,5.11348047327262,0.0182733235320476,9939.64446833577,7210
0.467,6.1347184318359,0.0207010916779631,11112.8806824801,7211
0.309,4.43014390347543,0.0923594381190438,1503.30404857854,7212
0.278,4.5904062347817,0.0344043412072507,4863.6569491755,7213
0.252,3.35108287743319,0.0583744082243873,2120.05193896417,7214
0.282,2.45220667925366,0.013245982271459,6316.63836613082,7215
0.459,7.34737057138322,0.0354335334201487,7374.58645515248,7216
0.2525,4.59379615817236,0.0137215703107067,11293.4984156661,7217
0.444,6.34456863823766,0.0574998843992165,4096.75936959697,7218
0.46,5.23652518983075,0.08709453898309,2183.02381563535,7219
0.357,5.3880618917412,0.0395041121377903,5094.32580244002,7220
0.34,4.61590889587298,0.0682028577762926,2445.98525869313,7221
0.3175,5.62055790695681,0.0192728114393746,10597.6203823682,7222
0.191,2.04084539034714,0.105102255734612,692.66253000312,7223
0.4675,4.39296999754411,0.00776710203803777,19525.5402578344,7224
0.453,10.2341063010591,0.0300482373624835,13030.2741561806,7225
0.443,3.75147463734484,0.00753053068286166,16931.7482989859,7226
0.377,4.7303100679238,0.00734631771532989,21432.6676539692,7227
0.1645,5.28570116752654,0.0435261429346853,4362.99058875796,7228
0.392,5.50977633307701,0.0227230000853901,9043.16928114149,7229
0.239,4.06439184843536,0.0217565576843914,6702.7080715941,7230
0.4055,5.84563780680528,0.0339964856571215,6433.75862672223,7231
0.4555,6.52797369270922,0.0305668530610393,8070.06605805427,7232
0.2115,4.18837598816954,0.0754799812948431,1955.67032467956,7233
0.396,3.83874173998736,0.0189063289595285,7299.80544033937,7234
0.4175,7.06571499342419,0.0329099944610768,8135.41714479757,7235
0.2175,4.08940592428113,0.0363656411313842,4110.72307977308,7236
0.369,2.99032242271138,0.0156052967138528,6845.50993816621,7237
0.14,2.45978792138113,0.0876591007653364,987.818011365214,7238
0.455,10.4517414924155,0.132701546161669,2109.13095806318,7239
0.2165,3.93408572671719,0.0556359482075759,2485.34219882617,7240
0.435,4.76379026911699,0.0195714445979625,8956.83270154966,7241
0.4245,6.7159769969211,0.0312429233410362,8057.38249605373,7242
0.4595,10.7641219546651,0.0435030299818407,9402.47368756312,7243
0.289,2.12497204931952,0.0193494442122319,3862.17795685886,7244
0.2805,3.26810500166659,0.0673580346029872,1770.94602792719,7245
0.374,3.17906211665767,0.0168834453757175,6730.70485066326,7246
0.2665,5.77253662258629,0.0353494936517218,6101.49641016617,7247
0.2275,3.96961661642285,0.0587549898497952,2383.0013978912,7248
0.269,1.86150006672426,0.0149255612294636,4254.04473441898,7249
0.377,4.36353927710113,0.0330357162394589,4929.95714858413,7250
0.454,9.50548602235649,0.0269528083009238,13496.7440790924,7251
0.3755,3.14587456929869,0.0109196577244045,10074.0301756365,7252
0.307,3.52656460330254,0.0596796570259054,2145.12016069679,7253
0.2875,4.97964696857151,0.055809197183389,3305.84714813257,7254
0.2635,2.01284368725067,0.10842422604711,629.236417482444,7255
0.367,2.39541983431933,0.00913987088649348,8878.23562072616,7256
0.451,4.53021978134661,0.010403187263993,15493.8970949098,7257
0.3935,5.23002964147826,0.0626363364629041,3072.70780425023,7258
0.3995,6.18105425876073,0.0411224461713792,5658.98128202535,7259
0.319,3.690060163691,0.0120014550158195,10674.3198700325,7260
0.375,2.28866868065423,0.0260956441954932,3192.25174862118,7261
0.4385,6.59707429956433,0.0180002645175206,13523.4302335278,7262
0.454,5.60806733712619,0.0214501565332008,9685.22422685709,7263
0.2705,1.81975386622907,0.0345456104022566,1883.18549412385,7264
0.454,12.2695122263873,0.0465010196676309,9918.17214820416,7265
0.4465,7.79866759672903,0.0141951974036541,20072.6852393997,7266
0.228,3.55061859055032,0.0230757887343834,5393.99825428184,7267
0.4535,5.89239636060753,0.0149871003353815,14472.9122357657,7268
0.207,1.67736362106163,0.0484748198400287,1242.64574694262,7269
0.2505,3.33056720481111,0.0381268202171292,3155.82069087595,7270
0.4065,6.94155676982467,0.0364563949475769,7223.97372174236,7271
0.4435,8.99062823266975,0.0463959174977398,7344.18465532715,7272
0.224,4.44475214477625,0.0662922672722085,2431.53431832116,7273
0.157,2.56034390085918,0.0818805667028326,1153.45148066507,7274
0.39,4.35561319457682,0.0130477226538412,11915.3595388049,7275
0.4435,5.214113815289,0.0149099060149776,12800.7066006464,7276
0.3865,4.46057269957185,0.0171893416032161,9314.50107558181,7277
0.4505,12.0922645459164,0.0254180788689644,17955.8975268208,7278
0.309,5.49570606254195,0.0914535453794954,2150.11392195755,7279
0.3985,3.33971797559457,0.022202641237849,5389.38674133335,7280
0.43,7.60469404981065,0.0458698941716363,6254.72533164629,7281
0.291,4.28406964996968,0.0347824337702008,4483.94937038713,7282
0.4205,4.95081796820711,0.01757796770399,10253.8712304278,7283
0.259,3.2089957200074,0.0555661351848244,2081.05522374711,7284
0.264,1.66206340881654,0.0139860788040802,3952.82971769699,7285
0.409,2.84235827135414,0.0114332022069522,8712.82373472491,7286
0.4255,6.98842507494905,0.035554498482732,7475.75739145819,7287
0.47,8.63436592643175,0.0127027011273641,24921.4627686938,7288
0.188,3.80400292105726,0.0479474369998953,2857.07195101306,7289
0.1245,2.69172531081741,0.120084601447095,806.82785237514,7290
0.312,5.26783034926197,0.0314726598568318,6233.71711944675,7291
0.4595,8.69463815094913,0.0326371811299249,10096.7003968297,7292
0.387,3.81625056268951,0.0128493878290703,10589.142779272,7293
0.396,5.45082026792065,0.00908634149039685,20956.5687889536,7294
0.355,6.7074509134323,0.034439376808918,7395.61739495362,7295
0.3115,2.39645784731311,0.0327408474027907,2623.75458319634,7296
0.3155,4.27689955006126,0.0571043262553641,2613.41793333775,7297
0.2845,2.8329150211386,0.0175999838596833,5707.66502463054,7298
0.449,8.67316152545264,0.0390613249854027,8459.96640847812,7299
0.408,6.18012347073111,0.0658865466216681,3534.39252751252,7300
0.422,5.75445631073336,0.0240746028089093,8884.03966049545,7301
0.171,3.66065117297477,0.0918621337069959,1449.38523858658,7302
0.3275,4.03735219870057,0.0664052538188205,2222.5423654676,7303
0.2935,4.11738227486346,0.0719459344045239,1951.42184956386,7304
0.4135,5.0056457315399,0.0558552969873661,3352.40994190814,7305
0.2635,4.00682999653428,0.0502117694542977,2936.18039850886,7306
0.456,5.3295030958164,0.00847077068349658,21776.2183628523,7307
0.43,8.42712655089718,0.129066832201587,1324.44503917069,7308
0.303,5.54078402080793,0.0460750308891335,4548.43287903437,7309
0.257,1.93933355923076,0.013731447980028,4698.43313429578,7310
0.326,4.55626425734544,0.0203006923286131,7971.54890224212,7311
0.424,5.09515858490521,0.0125631381116638,14621.9347025308,7312
0.348,5.31432136892393,0.0541893647480656,3607.86566793692,7313
0.4125,5.6694724291664,0.0515665782439534,4094.15193360295,7314
0.4285,5.21058134193797,0.0281006178380806,6927.52220317557,7315
0.467,13.2501431627671,0.0432213779890436,11557.6535071728,7316
0.2965,1.86118824138903,0.0127703461386497,5034.44112792722,7317
0.257,4.17409384090687,0.0758955776420664,1891.80152793317,7318
0.166,3.64553803515859,0.069753868696317,1994.51499672981,7319
0.4685,7.0454039673445,0.0257234670235321,10351.1598216289,7320
0.453,9.99848251783461,0.0203282336694962,18475.2611038044,7321
0.2115,3.62913190297229,0.0457814237931621,2840.24829234934,7322
0.4275,4.20773525849806,0.0105687152539249,14130.4863205989,7323
0.4,3.20005421541867,0.0411664811192436,2781.36644619311,7324
0.2845,4.92983515324986,0.0333445574583621,5551.1828269117,7325
0.455,8.05993895525503,0.0338917418727906,9022.67817331971,7326
0.3265,2.9691740877671,0.0745202563473758,1460.63116867974,7327
0.3075,4.27409720204849,0.0297346068193667,5163.64286838926,7328
0.385,3.21201250020555,0.0229145067319831,5169.56313319106,7329
0.4515,6.27046136419876,0.0230992526436597,10163.4507794518,7330
0.3095,2.15643409683308,0.0175566607465948,4330.77296578186,7331
0.459,10.9297948503167,0.0280743359481523,14755.2288136233,7332
0.454,8.64230440542643,0.071625879446662,4400.54660548184,7333
0.355,4.51513611587707,0.0505615552158754,3344.66330421641,7334
0.3285,3.99404056122154,0.0503743134536496,2922.80697051607,7335
0.377,4.43767732108984,0.0177150356322175,9160.87392245948,7336
0.4145,3.49149599158351,0.0124034855683366,10020.3685077057,7337
0.375,2.87137303301636,0.0328836299644664,3122.78649381001,7338
0.453,8.92951966911399,0.0409909660737864,8327.27419789136,7339
0.457,9.01198870649276,0.0625216400104644,5280.88828989255,7340
0.441,5.16819546133043,0.024762962407423,7686.91992990716,7341
0.416,5.90672488118084,0.0947367813804381,2118.53936207483,7342
0.4395,8.58752325953447,0.0438688301824,7408.98833406781,7343
0.198,3.0664189670767,0.0868359534328379,1250.5065735022,7344
0.237,2.88051760348673,0.0291708042045745,3550.27762597856,7345
0.448,4.18908043279202,0.00823365117974603,17616.9439167122,7346
0.213,4.262532379608,0.0503264053206648,3085.18097317027,7347
0.3075,2.4157556291713,0.0482898364080203,1864.51241461345,7348
0.419,3.84812569005406,0.015349800024996,9090.58504301674,7349
0.365,5.43868406653747,0.0559679342771074,3596.96919833477,7350
0.299,3.07762710613622,0.0978328077934745,1111.84234574427,7351
0.246,3.93098795863858,0.010947398916984,11840.4405499298,7352
0.459,7.57914137291571,0.0501266652654426,5710.86255606923,7353
0.2195,1.53163014163418,0.0220003040590051,2454.74815932143,7354
0.2435,4.19023759498814,0.0219430117569723,6900.88874056235,7355
0.3875,5.08699724405749,0.0569909626421562,3286.14416422743,7356
0.393,4.4204632742178,0.0113810175267104,13842.4862370763,7357
0.3005,4.17029346175309,0.0651821853003701,2386.9422723568,7358
0.4105,4.2645673455906,0.0148314538519633,10372.6691658971,7359
0.3,2.38164488610133,0.074426279314866,1174.26509126875,7360
0.3985,2.87540762967446,0.01257150712956,8119.86663756585,7361
0.432,5.98161067972345,0.0193825237770454,11465.0960918828,7362
0.4615,7.24421508929144,0.0120740752675437,21938.7236853385,7363
0.268,5.59218835940669,0.0578432369575949,3637.45122825287,7364
0.4435,5.02154499504044,0.0152895307824949,11938.7030527031,7365
0.411,3.36103433444404,0.0120645911252839,9966.69292251249,7366
0.281,2.90314156021393,0.0611268850144085,1743.32102857013,7367
0.457,11.4987214909273,0.13820303262982,2019.87669135506,7368
0.3195,4.72882856836889,0.00871465499874032,18035.0599379354,7369
0.375,3.51351153353123,0.0314204727519817,4154.48185538008,7370
0.461,9.89182189572736,0.055494848730829,6671.58191534643,7371
0.1805,3.21880063202735,0.062854752396709,1853.36091256615,7372
0.432,6.52566252944028,0.0309468719373131,8010.91487203475,7373
0.4925,10.0862944077293,0.0197007938569897,19378.5021450205,7374
0.271,4.4754846864066,0.0482270339959888,3456.55533633493,7375
0.1245,2.60799899918952,0.0277591328837962,3070.19824295568,7376
0.193,3.17116966915235,0.0173011333340104,6022.5977745676,7377
0.108,2.8095014915588,0.145126176964627,630.405048692532,7378
0.3245,4.00518436718437,0.0354141508093128,4167.83444443655,7379
0.3935,2.92402969171944,0.0154192512807292,6821.70294170585,7380
0.1715,2.13737421544396,0.0392255710197285,1915.54530892022,7381
0.235,4.37368381560395,0.0564685147352883,2774.68395743649,7382
0.339,3.05133530618337,0.0306886134897154,3659.32275993672,7383
0.4295,7.45390158518217,0.0439762010537502,6405.69421732531,7384
0.2465,1.65920036498484,0.0192670242394037,3004.24586243051,7385
0.3585,4.03790054885673,0.0223453878850366,6630.73561188906,7386
0.356,5.72271041344854,0.0716972065399118,2962.74777932677,7387
0.469,9.165707368494,0.0449238223541909,7758.64256300304,7388
0.379,2.98105862340294,0.0189198571218152,5725.70354125697,7389
0.2945,6.05785920680427,0.0278583719067015,7968.05139706548,7390
0.255,5.10095281171187,0.0213254908128952,8563.73653298497,7391
0.441,7.25657628702394,0.0653876057219598,4236.27658382368,7392
0.448,8.9862311864645,0.058022589834971,5726.12371971278,7393
0.444,3.7120621879972,0.00697374010786202,18039.4333432971,7394
0.176,3.2139903773179,0.02899012911809,3912.86788232905,7395
0.242,2.84284431598873,0.100813538432966,1023.46678381915,7396
0.407,4.44094105282753,0.0520567023931128,3127.08074787833,7397
0.4225,3.15864790510019,0.0113781908811905,9766.48989411604,7398
0.3405,3.0546604808975,0.0264809826126317,4145.92624341547,7399
0.4175,6.72572755651442,0.0520132053665584,4870.80410580162,7400
0.1875,2.57661971761006,0.0905434883141079,1011.21711129353,7401
0.325,4.36067193997475,0.0401007448209883,4067.31460197816,7402
0.2645,3.22873972847378,0.0539224922013129,2190.23074255632,7403
0.464,8.108979371454,0.0746662782067643,4023.00971049929,7404
0.4175,5.61981511023718,0.0302972719546044,6979.39787453828,7405
0.3625,3.95285048098868,0.0254776074215926,5530.78503158518,7406
0.231,3.31395267357759,0.105846700100463,1100.27293956952,7407
0.345,4.55642744486724,0.0109506309658112,14613.2360882689,7408
0.438,7.7672352397092,0.0171833198801386,16704.0031610128,7409
0.4345,5.5130442139996,0.0296130331891134,6950.55576865229,7410
0.3195,4.03846191255448,0.00807098867078814,16444.3833406124,7411
0.342,4.68720984758834,0.0378317141462344,4641.69508011945,7412
0.2795,4.05964828478075,0.0345088670166089,4354.52910502704,7413
0.147,3.64812497746358,0.0642390518652881,2006.91779240135,7414
0.293,4.70414555413589,0.0366896573571816,4690.67264380231,7415
0.354,4.76381936056676,0.0343467175513323,5155.98893710631,7416
0.289,4.47707478759522,0.0195811228884261,8183.6433517614,7417
0.4215,4.50702457500801,0.0283884969481868,5929.23747484408,7418
0.322,3.62237543373734,0.112500117672232,1057.59800711129,7419
0.254,5.9315036901981,0.0407905891814898,5250.90978632345,7420
0.4085,3.2306037335998,0.0955121376125579,1220.75845184611,7421
0.439,4.97582960191262,0.0202528701500688,8927.90352664196,7422
0.198,3.53858099385239,0.106945915864717,1192.30335291087,7423
0.429,6.84537177247231,0.0119850669942632,20542.6549493937,7424
0.468,9.46099646930069,0.0429935739166442,8358.97455829275,7425
0.325,4.01665817652836,0.0155704375844826,9274.58236712623,7426
0.454,6.92613896601922,0.0263190724052181,9699.91893602777,7427
0.3955,3.27031412672388,0.0105627912957384,10721.737257434,7428
0.3745,2.81195623673342,0.0193888572274831,5308.60893300916,7429
0.443,6.04126896193295,0.0248912368614653,9042.14085950191,7430
0.451,5.47980187337548,0.017214955412624,11699.5742050434,7431
0.472,7.74800031377607,0.057253514758861,5138.11827086538,7432
0.2515,4.94514793950235,0.0437605924005073,4176.78857163552,7433
0.4655,12.7082774922996,0.0503447884778738,9673.36454940208,7434
0.2935,5.11776667712621,0.0668026617773157,2811.9015842417,7435
0.42,7.37661121939274,0.0307737087142354,9038.20008628205,7436
0.368,4.54662014816948,0.0688700111322153,2410.97146886367,7437
0.3505,4.60453729487871,0.0254890575950841,6523.27200633125,7438
0.3155,2.82685518035326,0.0202852156020678,4978.97118795014,7439
0.262,2.48517723655393,0.0321032981505107,2728.98681434795,7440
0.284,3.53377572190528,0.0447260219514854,2857.86176480166,7441
0.421,6.88058500843985,0.0123892241375139,20110.5581544492,7442
0.375,2.91202901158305,0.0116528695435253,8742.17185352158,7443
0.3555,5.39886776925921,0.0837435865895667,2257.03337535467,7444
0.238,2.28688151074418,0.0643492851266901,1304.81526194565,7445
0.3625,3.77402198759739,0.0351423906576118,3893.15541574087,7446
0.4465,4.95921382588844,0.0230508080624576,7867.58577850967,7447
0.171,3.81043961247809,0.0631584229610398,2178.32834166208,7448
0.435,3.98482018590801,0.020216150448161,7295.96286650236,7449
0.458,5.61166657229218,0.0283795905091239,7155.51243030774,7450
0.4515,5.4894501539813,0.0595424888200564,3477.28011036707,7451
0.319,6.84402195873265,0.0328373585839037,7832.67258720156,7452
0.249,3.34241638778055,0.0987641787099486,1180.47421307007,7453
0.447,7.26416191996892,0.0322507678296218,8481.16383189515,7454
0.4515,7.53145438579714,0.117106878540255,2110.79591061004,7455
0.417,4.22569338537941,0.015357747111924,9984.41681079751,7456
0.2465,2.27063154501178,0.116410870910067,686.321764431841,7457
0.31,6.19029732805315,0.0630949284584396,3589.10048063757,7458
0.3795,4.73431053311772,0.0341911220764359,5180.83719611641,7459
0.424,3.58405695377696,0.0196590747220117,6787.76478452396,7460
0.347,3.97212424708256,0.0127430642745455,10947.4418643294,7461
0.4485,4.96145029931143,0.0117221487379925,15267.1015586233,7462
0.452,9.12753165330384,0.0815907906560355,3997.31322835171,7463
0.47,13.6083545502118,0.043042495571671,12124.2417730661,7464
0.4295,4.68615221030818,0.00803089867677659,20161.5150622173,7465
0.419,6.03072698301129,0.0213549198276683,10665.6475999115,7466
0.455,5.92434462767898,0.0217414788534006,10074.5559927674,7467
0.414,3.0192223360993,0.0105104069854795,10035.356050544,7468
0.449,10.3370757128871,0.0410780863235335,9737.27944270934,7469
0.2465,4.34086975530401,0.0544629193139677,2924.34807841395,7470
0.383,3.01187971957794,0.0154172069911946,7015.20696601343,7471
0.43,5.45551802457483,0.0387338238046933,5128.38181926513,7472
0.279,4.41807118703964,0.037720612545588,4285.98614099814,7473
0.2165,3.70122526604622,0.070834077131573,1866.5804030313,7474
0.475,11.7718752928072,0.0510001891720127,8528.847148017,7475
0.147,3.39531688748731,0.0817932571336015,1430.08513210927,7476
0.3645,5.23337711462378,0.0289297397634712,6758.33421259463,7477
0.2475,4.4632628579866,0.0475812413089122,3444.11862510461,7478
0.3835,4.22832970367378,0.0281210661741575,5557.04916151763,7479
0.442,7.33312461382798,0.0347824634454833,7997.7686839374,7480
0.2515,3.42023234229779,0.0637271927982872,1941.59848325785,7481
0.437,7.80599357215096,0.0304731256936977,9686.98223806401,7482
0.41,5.0584989275094,0.0526691289530753,3595.88647454269,7483
0.164,2.92352146632317,0.0999864130009147,1019.12121157529,7484
0.1745,3.18635479733684,0.0719696006617911,1534.19500505619,7485
0.4715,7.20291243299259,0.00927484838787741,27750.8247417045,7486
0.4265,3.67571918466656,0.0124555126726057,10599.6481367775,7487
0.4555,7.61757354762605,0.0347624314542814,8059.92212585979,7488
0.446,10.2049430054231,0.0450968707173679,8629.55505647283,7489
0.48,10.4180214586068,0.0489840059438962,8035.46489062597,7490
0.212,3.06935686162129,0.0857011120510727,1274.85003098122,7491
0.267,3.71821628063183,0.0532440994673088,2601.58232282794,7492
0.2265,3.34091869547458,0.127150864207808,787.29692879249,7493
0.416,5.06430072794737,0.0212921699197571,8865.59566092834,7494
0.444,8.85842448725303,0.0511554947106768,6559.25961542739,7495
0.4035,2.92235668994743,0.0081706820176206,12110.0520244404,7496
0.2295,5.35134833901762,0.0406764850985683,4702.77111449895,7497
0.306,3.63904865016172,0.027437873562464,4636.63006386994,7498
0.45,9.03475365287769,0.0411994293964724,8305.87607404974,7499
0.4095,8.34442488485901,0.031793622748769,9932.69105833922,7500
0.346,2.11949704214447,0.0133440656507404,5475.67486041852,7501
0.349,5.6832285261648,0.059935700769712,3432.48638442722,7502
0.406,2.88582861717394,0.0130036944260213,7832.33531474986,7503
0.1895,3.07751130977864,0.102222193669766,1103.96300600945,7504
0.307,4.29511983133541,0.0146384587701519,10335.9034741424,7505
0.323,4.45853850134055,0.0962499342307683,1532.19496077995,7506
0.264,4.47088423165047,0.0500761917028675,3263.78290283007,7507
0.3595,3.0830787907997,0.0110838587341243,9633.67088600864,7508
0.381,4.17603424425422,0.0239528643131536,6423.07443626094,7509
0.3645,4.08831355157252,0.0600787526126215,2427.16250016821,7510
0.271,3.25116399529725,0.0203320728508718,5633.89355711343,7511
0.1695,3.50988761979659,0.0637443053605186,1994.40017110315,7512
0.452,12.1337874244926,0.0251420367775498,18232.8248171238,7513
0.448,8.51758204467715,0.0109720734257237,27971.2964859538,7514
0.3785,3.190784313188,0.0769149374727048,1436.6159231923,7515
0.4695,6.61660136249031,0.0106920032097792,22212.043176738,7516
0.2065,3.0399533163044,0.105107204943512,995.059412073632,7517
0.275,2.85290503320482,0.0345661658647905,2984.91091563364,7518
0.385,3.66982401081666,0.0098084711889259,12891.5659310337,7519
0.465,9.35408585773873,0.0370306244864588,9533.7334824181,7520
0.1865,1.88361925084867,0.039004971779744,1700.69846258423,7521
0.3555,4.4991279874436,0.0145903746530057,11200.0552085456,7522
0.446,9.60999122977197,0.0424557457047283,8622.37872581386,7523
0.207,4.79748284390397,0.0913468436562864,1850.86807242462,7524
0.3485,4.67608070283183,0.0350228482643532,4969.58090877069,7525
0.322,4.38139036157478,0.0733813921263045,2135.71496674534,7526
0.416,5.03180754802362,0.0519929079073702,3548.31585380685,7527
0.458,9.40404785027592,0.0351585180729351,10181.0440308197,7528
0.418,3.59941219971383,0.0730690044909209,1832.69046875024,7529
0.288,3.89516519724469,0.077211654547878,1791.01612814523,7530
0.464,6.89102816892589,0.0265278251903681,9805.49453991691,7531
0.29,3.74024208441537,0.0927505744681574,1454.06612842097,7532
0.351,5.59066761365243,0.0291344317271463,7151.61406945928,7533
0.397,5.93074427482051,0.0121894492166895,17475.9981848556,7534
0.4515,12.4457103781371,0.0399972373833675,11824.230129832,7535
0.246,3.34399340868904,0.0328314524450689,3648.87393131929,7536
0.264,2.161584939508,0.0242566574454182,3154.55758477946,7537
0.364,6.02432218219318,0.0401494222169095,5635.10274546163,7538
0.1745,4.84845469433809,0.0702974635643145,2509.58170625297,7539
0.4145,6.73218110386498,0.0374933994943686,6729.06676205567,7540
0.393,2.5290709197334,0.00907595400226237,9423.98781601036,7541
0.4585,10.7959285085409,0.0488429576452685,8407.81355256935,7542
0.2535,1.92280949092372,0.0135365589583884,4733.96892106857,7543
0.4065,6.23588487419887,0.0364123608452434,6467.33905259899,7544
0.3485,4.9910015371614,0.0399062915201745,4645.26972794174,7545
0.2215,2.92578575798982,0.0717961751581826,1508.93315343999,7546
0.265,3.32352226388311,0.0454774455562766,2664.49510657781,7547
0.1915,4.44667732054302,0.0335830168157509,4782.68718518351,7548
0.398,3.18318230532117,0.0101759275645061,10833.4135904312,7549
0.463,12.4435025883862,0.0474794307319334,10042.719333815,7550
0.389,6.3788486507999,0.0398081485558286,6076.35627484639,7551
0.28,2.42536075478713,0.0305216403178268,2883.9798758066,7552
0.4085,5.2428060477799,0.00989879110699246,18595.8771153278,7553
0.4595,8.38440069589788,0.0104017083258139,29115.8712736913,7554
0.1655,2.8534413318813,0.0660353929346937,1564.06284650999,7555
0.4115,3.4286594376206,0.00735452742904702,15437.0187061731,7556
0.397,6.23842790300771,0.0274410192159586,8547.46921940492,7557
0.4365,6.27966475100341,0.0383845158651464,6182.97407620738,7558
0.1645,3.74555269866385,0.0416452245735026,3370.85114928,7559
0.4645,5.29845427719178,0.0155862049115422,12615.6263592075,7560
0.475,8.84173706484652,0.0366650464729814,9204.58241476275,7561
0.2045,4.08646315183832,0.105258771136711,1299.19634506172,7562
0.2565,5.50606423215595,0.0506607918965599,4017.05123476675,7563
0.1745,2.59354258555289,0.056275353697206,1697.42126824676,7564
0.4645,9.06575756459247,0.015336527232481,22027.1844558395,7565
0.3615,3.21075288583705,0.0209646404338494,5584.16598645944,7566
0.275,4.26207487312838,0.0192880695475841,7882.46346661846,7567
0.411,6.07436337506825,0.0733663556426537,2932.91416250003,7568
0.349,4.73610776364953,0.0585260639060544,2875.91686125658,7569
0.2645,4.66561727566261,0.0521714108705477,3330.87006164493,7570
0.4525,11.972057169788,0.0708849936592769,6260.4296010366,7571
0.2545,3.39299911179284,0.0515441900428971,2441.84622532342,7572
0.4355,8.54937865682901,0.0417968215606579,7637.02113195881,7573
0.4285,5.08983181147632,0.0288098889610274,6641.18604408133,7574
0.2975,2.13613994471594,0.0338418514093952,2276.61877826896,7575
0.3915,5.03718550908555,0.0256968184177552,7335.6785234665,7576
0.41,5.11557228473667,0.0251863576719461,7614.99664020005,7577
0.3595,4.86438685313276,0.0147377255199581,11843.0440247367,7578
0.4385,8.71954378986373,0.0782506010698179,4135.36666030777,7579
0.3825,5.57180564582973,0.0567265245626843,3584.30833840275,7580
0.436,7.09620693255474,0.0851443179590179,2433.61590471264,7581
0.466,3.91781699241909,0.037799232521316,3741.27901122704,7582
0.3335,4.47067521964556,0.0403627038527084,4194.177628932,7583
0.4265,7.22412523909177,0.0311100056359781,8750.9105220261,7584
0.4685,6.89290392585502,0.0393595918022064,6665.76683666949,7585
0.272,1.80356377350358,0.00691474744544791,7952.17236530349,7586
0.4255,5.50163582829654,0.0725161380631543,2749.14977007253,7587
0.4545,9.74871370420226,0.0418798764504569,8792.19719928101,7588
0.224,5.35617632109286,0.0721598376851395,2694.06246792561,7589
0.2105,3.95885612822688,0.121674932765444,1112.11343666865,7590
0.1265,3.38349025610543,0.0632701918482519,1827.0083787572,7591
0.3145,4.6176865689223,0.0220208824845673,7709.55457548569,7592
0.1835,2.68156349925607,0.0472332449422643,2114.22940166466,7593
0.3475,4.17510868703359,0.031124122095549,4981.52597790135,7594
0.3455,5.67617522100923,0.0328094495380922,6445.43016892607,7595
0.4275,5.41141230190259,0.00866561020967024,21846.7323181876,7596
0.272,2.87072250039224,0.0569443412707602,1832.29288338927,7597
0.3835,4.96997661496773,0.0318503981595258,5830.71817546792,7598
0.4195,5.0992129998916,0.00958492168240815,18658.4198064176,7599
0.334,4.30636433141006,0.0186411323278428,8302.78725664767,7600
0.367,2.43703094315392,0.015489091191691,5565.37674741695,7601
0.2675,4.83991486231198,0.0206388186313667,8508.16746923007,7602
0.3295,4.42365283551891,0.00887911570464069,16660.8541240305,7603
0.3135,1.93605710777011,0.005838050191101,10072.5028671235,7604
0.296,3.85882650803677,0.0203263729672348,6729.42993635558,7605
0.229,3.22534828312632,0.111332308786552,945.094921992701,7606
0.2405,4.58736016545847,0.0347565782651568,4802.3857056428,7607
0.467,4.55286132811262,0.0263763862820819,6477.92594607519,7608
0.45,6.42634138008021,0.0113592546473897,20448.4823513666,7609
0.4565,6.56152595610605,0.012844292782522,18613.4961724907,7610
0.442,6.80978408295121,0.00975634170586851,24806.048896697,7611
0.4585,6.24624280960125,0.0898826142957515,2365.34528321775,7612
0.139,1.99732130319399,0.0432838221917089,1619.54698712066,7613
0.301,3.29191093602937,0.0159878163874077,7265.92851149082,7614
0.2875,3.65142320323547,0.0744671653828789,1766.56168828259,7615
0.4305,3.94120289372931,0.0078257389673104,16915.7566803284,7616
0.2375,2.31051193720053,0.0411847485514284,2016.41838334272,7617
0.4675,8.50122199817527,0.0397610448754713,8159.84778931626,7618
0.4475,5.45353988198665,0.0187748958898429,10821.3488574324,7619
0.285,4.38008127155998,0.0354760404719532,4565.23425777877,7620
0.1725,2.73977845516222,0.125079205220189,771.332975308125,7621
0.3855,3.14818541010981,0.0265226832503063,4392.92276116943,7622
0.2815,4.60527697786927,0.0617040440657546,2633.21415924364,7623
0.244,4.64382398593603,0.0419649182094472,4114.25265214803,7624
0.4335,6.65312600897202,0.016201014809738,14963.2094009308,7625
0.447,5.58958578705774,0.0171930124620976,12063.9712657432,7626
0.2895,5.23725883102297,0.0393436775858788,4963.72746786138,7627
0.4135,4.75393694257687,0.0313879907329272,5652.59837940707,7628
0.3675,4.33956641323744,0.0166966030028333,9410.49919567587,7629
0.3885,3.94883717906034,0.0914603920739453,1357.77259531424,7630
0.37,5.74965690551228,0.037266195794387,5873.01170808443,7631
0.4205,8.30272495160502,0.0275361127346766,11458.7436324724,7632
0.4465,9.01656932354608,0.0156640461616247,21323.409860739,7633
0.1625,3.96750583798832,0.0882834232042923,1528.20945559567,7634
0.45,9.76353735943382,0.0392555454866125,9542.83539901142,7635
0.4525,7.12082040966826,0.021346261231871,12243.551427703,7636
0.459,5.43487652449327,0.0105836242095999,18344.5119873526,7637
0.388,3.30541283710159,0.0395480061052833,3085.54529004969,7638
0.3615,4.32701440795568,0.0868676279480898,1786.13157902528,7639
0.4085,3.24272735640004,0.00761222513809381,14265.7027942827,7640
0.3905,5.58931151136906,0.0566705860431274,3715.02703572015,7641
0.4465,7.46153204995686,0.0668001187898,4126.22433173492,7642
0.4685,6.55157967754974,0.0170854373346971,14231.7130886886,7643
0.4585,8.03211665631286,0.0344646568709891,8884.46559686303,7644
0.381,5.18966376198423,0.0103796045766198,17380.5803574298,7645
0.3235,4.26947866427189,0.0428721542242,3703.89472835261,7646
0.315,4.50086590600893,0.0320505501474742,5154.19256635611,7647
0.4155,4.22853727354097,0.0200926571024982,7642.77150065539,7648
0.2235,3.11957971202514,0.0540812934839439,2111.56271753531,7649
0.424,4.95418931241286,0.0245738767398361,7600.2158535208,7650
0.15,1.41709746323635,0.0239662392781782,1966.91796631956,7651
0.4665,9.50887316906687,0.0697857695502761,4798.31259000211,7652
0.4575,10.7344092095616,0.112360013182779,2511.13385444416,7653
0.462,5.65645667155437,0.00953231087714562,21176.1010914126,7654
0.476,12.8460039224186,0.0556392482404394,8606.34635413142,7655
0.319,2.75682413340343,0.0248738080697528,4055.25229137294,7656
0.3855,4.14328945669026,0.034529582445601,4461.31038755465,7657
0.4145,7.57328873936194,0.0480798572327036,5813.0424711042,7658
0.3495,5.40242635881989,0.0223924198635954,9084.85529039237,7659
0.3855,4.33601513639661,0.00768296476064164,19072.3795920047,7660
0.2245,3.40735776715639,0.076796527177063,1586.36137600565,7661
0.396,5.47383855454537,0.0312120250978236,6441.77536548295,7662
0.319,4.40187894567291,0.0521245489716827,3075.91308083506,7663
0.2975,4.37776928545108,0.0343398746581273,4806.65608405433,7664
0.2145,3.71062531912651,0.116210685934969,1036.3643425573,7665
0.2595,3.39215916835466,0.0544538183301591,2310.13812387719,7666
0.182,2.4957032628908,0.0312899790695279,2752.37098148297,7667
0.451,7.18834394489633,0.0369172052926403,7430.7195073544,7668
0.462,8.68654116809259,0.0167141149168232,19300.238013655,7669
0.402,7.72246786247825,0.0544279224963712,5201.54447725595,7670
0.4365,5.99225874737337,0.0317749254115386,7106.98435606638,7671
0.4265,4.1300220130503,0.0109757283110538,13272.5147489976,7672
0.4475,5.79199998259252,0.0280813426710631,7791.63609439755,7673
0.3235,2.36813433417448,0.0189642820009655,4461.34591283678,7674
0.3435,4.24279343789957,0.0120583799769566,12155.1845965065,7675
0.2105,3.40723612181103,0.113345095723201,1017.26435588899,7676
0.4195,4.48367197787201,0.0099500813312617,15870.259336525,7677
0.443,6.20406442207242,0.0731196604623814,3040.75808252503,7678
0.4165,7.24375129126066,0.0292840769931352,9385.06631138188,7679
0.17,2.76976257463623,0.07634023052463,1304.74251411332,7680
0.4685,6.21992044458213,0.00866170914145664,25254.2286909237,7681
0.444,3.70631941075349,0.0175366172005789,7587.2243794659,7682
0.268,4.51098714033558,0.0140196315574868,11187.5953931446,7683
0.318,5.11935271015839,0.0142970564279637,12591.5279632185,7684
0.428,5.47017659627811,0.0483835957045906,4244.20174371874,7685
0.453,5.29106207635574,0.0650185312651645,3018.19220650017,7686
0.4315,6.27039833982142,0.0255960886682994,9030.42287120077,7687
0.344,3.41819546312617,0.0188001847728546,6515.01518977872,7688
0.317,4.50739624201158,0.0711920603511914,2211.78384151479,7689
0.4545,6.20344890822907,0.0105955703642433,21077.6850781964,7690
0.4505,6.54229818665438,0.0207722814388872,11847.3016692898,7691
0.4535,5.08578120805725,0.00816397702720176,21717.8289917035,7692
0.462,6.66821434001896,0.0173267124048357,14313.9259556583,7693
0.3025,2.59793127260161,0.0519237347362223,1825.07105422567,7694
0.409,5.84588517396709,0.0214499403080292,10051.5695298484,7695
0.3,1.9327843728416,0.0148859321373983,4403.32018904991,7696
0.345,6.79767780350497,0.0470705437492426,5456.22085095153,7697
0.288,4.06956621710748,0.0581703086396605,2605.2360037289,7698
0.25,3.86191166258219,0.0337595642286277,4214.01256973804,7699
0.44,12.0626031732859,0.0316599266587737,14513.611696294,7700
0.414,3.43101174099152,0.0102010540305926,11685.9767311847,7701
0.3065,4.66317255286666,0.0266224921516471,6474.0646926731,7702
0.1095,2.71401167301818,0.0697294603732248,1471.5715259561,7703
0.3585,4.18542218950328,0.0149692706085779,10083.9919799831,7704
0.419,2.85356059800896,0.00876947018685758,11144.781261368,7705
0.245,2.84302649936874,0.054853759513418,1889.33962025084,7706
0.269,4.04159948580557,0.0507811982930805,2913.48628496724,7707
0.446,6.87909282179075,0.0560399551436336,4368.93079522394,7708
0.3255,6.05296033323527,0.0384778399338834,5877.17366592566,7709
0.2955,2.9750977182948,0.0161607136456599,6469.20430938278,7710
0.475,10.1787011638776,0.0128336016531975,29429.1742857806,7711
0.2215,3.40241039975561,0.0816266955225597,1498.20368546191,7712
0.4475,5.88513572349384,0.0149337237581316,14409.889432046,7713
0.3175,5.39963266364429,0.0235701532780042,8343.73106127068,7714
0.4375,8.80693613091572,0.0462744363832543,7063.06565623881,7715
0.32,4.0620923311337,0.0493657237321899,2879.99003154857,7716
0.354,3.55308472069225,0.0330380371393603,3951.92715195489,7717
0.3605,4.12343526424701,0.0513537910914191,2978.02751383268,7718
0.146,2.46249738483488,0.083999294789085,1054.84550490248,7719
0.3745,5.28952285577128,0.0581488112433154,3380.77025463887,7720
0.3115,3.2913992134513,0.036322275441964,3323.10796954953,7721
0.321,4.66621149200572,0.0800233040088857,2079.34323550122,7722
0.1925,3.77658416850382,0.027802191088574,4932.54543611135,7723
0.356,3.73551340094174,0.067267694789646,2056.04380512067,7724
0.341,4.03057696655438,0.0314097432135778,4820.16440833592,7725
0.449,3.90471527104392,0.0127399892921084,11063.0427645563,7726
0.4565,11.7604569740592,0.0181691430083617,24172.158631603,7727
0.3285,4.97138066589781,0.0331768233566691,5602.18174426629,7728
0.463,8.13008057219433,0.0234519725149622,13078.2440598539,7729
0.143,2.47031469243914,0.12553072962296,703.751566453381,7730
0.4555,11.7283688552631,0.0760030256542228,5726.72365020527,7731
0.173,2.31016273003971,0.0199607624085818,3873.05062177261,7732
0.0975,2.4202046245312,0.085530299022551,1000.74952889262,7733
0.4425,6.14581138917399,0.0243517884561477,9441.51112793348,7734
0.4455,4.81156461116258,0.00983103489157102,17356.1423933501,7735
0.4575,12.2708807528285,0.0531003361409577,8677.68718783954,7736
0.442,4.44995722563573,0.0139785798919597,11565.364410928,7737
0.403,4.201964025368,0.00882350962491829,16380.9737396203,7738
0.3475,5.6879212280791,0.0395011073279131,5420.56397611337,7739
0.425,4.75567450194945,0.066515010954358,2478.46393150173,7740
0.421,4.33992125862175,0.00875733076055655,17256.7111987504,7741
0.191,3.32117778935777,0.140046581534261,785.23070316909,7742
0.275,2.22274385768529,0.0162558104032889,4742.95627711645,7743
0.3405,4.55509177062136,0.0332111342339492,5114.96076749223,7744
0.2505,4.00546403997944,0.0409973310520569,3657.24646324582,7745
0.4065,4.71948272230776,0.0153302100673775,11045.6078947566,7746
0.4215,5.43434251655755,0.0219118874314549,9321.82577058933,7747
0.3805,4.60578618357856,0.0153824196769608,10806.0369112249,7748
0.459,10.1831425607194,0.0424843251979107,9070.19040622563,7749
0.462,8.20153016544438,0.0139372006407248,21794.4704699662,7750
0.396,6.19130502803773,0.0625565721490462,3676.67707775644,7751
0.421,3.5725312890327,0.012195898302294,10386.1942945406,7752
0.2605,4.79278081802935,0.0277246565858117,6272.4841862834,7753
0.447,8.92357913331169,0.0437298494030061,7766.35552215489,7754
0.297,5.09486761784784,0.0158664164228729,11613.6724319011,7755
0.2755,2.67003413815866,0.019545020697626,4879.16762429038,7756
0.328,5.02499561022312,0.0189987316994709,9502.30539413952,7757
0.2505,4.2557973953364,0.0509345482932098,3110.13973048812,7758
0.395,4.68526881197845,0.0154787562660978,10933.0048468388,7759
0.44,7.11590280808891,0.0393521204664421,6897.47135956737,7760
0.3265,4.30549111637741,0.0181051126831538,8568.77422299977,7761
0.31,4.58291540363158,0.0727137848415361,2323.58992654479,7762
0.2775,3.12742965943802,0.0158515764717365,6803.88829262728,7763
0.444,5.98787728570375,0.0508945504422167,4393.13758591149,7764
0.315,5.69206148962038,0.0501970880666469,4229.21618728734,7765
0.4035,3.27751641728235,0.00956539794384071,11782.9615084365,7766
0.271,3.79414904977844,0.0330753903716207,4049.13116707062,7767
0.365,2.70432582170205,0.0170714854253816,5693.963634028,7768
0.454,7.73201692377188,0.029016492857944,10166.2807090169,7769
0.451,6.77972798766942,0.0303798317314174,8338.69402788153,7770
0.291,4.90532762216199,0.0488403291134693,3719.74562689932,7771
0.384,6.69870245239207,0.0339859634263295,7384.17977926831,7772
0.4705,6.74890407764105,0.0132826473871988,18554.4158520644,7773
0.161,2.97016933798788,0.0266065580117565,3962.80531551005,7774
0.409,2.95584463978591,0.00897583292642337,11231.9282993568,7775
0.3455,4.47603810573288,0.0301123257420691,5652.87420687523,7776
0.4475,11.2737721968203,0.0526033762866618,8126.16622354599,7777
0.198,3.9073808658871,0.0239562952739763,5571.32467399041,7778
0.2165,4.44526508528203,0.0374030376866121,4402.91376583949,7779
0.421,5.29965203211774,0.0259841647408957,7673.04195966861,7780
0.257,3.89104249439723,0.097528331208679,1432.24100068147,7781
0.47,12.4415091129037,0.0282629981571739,16712.8064669857,7782
0.444,9.21376506790698,0.0306365421071005,11469.4387319844,7783
0.412,5.6986390579829,0.0807036156516073,2552.40877094053,7784
0.416,3.55263641736558,0.0174175252615163,7406.96008311264,7785
0.3535,4.63018184113948,0.0740536676195698,2175.43264333852,7786
0.3225,3.79211815773857,0.01069180475985,12031.6159583775,7787
0.3135,5.40266098889294,0.0375010444688482,5453.89066180247,7788
0.431,7.02273958019058,0.0361978985300015,7376.00328359976,7789
0.4175,3.01458776225477,0.011440813016861,9273.72505478833,7790
0.342,5.76689813083878,0.0304365217938348,6978.52237806334,7791
0.3015,3.61150072617873,0.0332409930468394,4032.01683771809,7792
0.2045,2.4751514173124,0.0989649432206006,898.89273781311,7793
0.2385,4.90670028450056,0.0929867463385707,1868.20686515539,7794
0.3495,4.57776562260704,0.0131918644721898,12261.871325445,7795
0.217,3.12115525160004,0.125427653587426,811.109358705351,7796
0.308,1.79577416872905,0.0264047868186686,2425.57139606623,7797
0.274,3.95622487157895,0.0511061868769923,2877.83340139742,7798
0.285,4.56911579309141,0.0356421199381217,4884.98945088244,7799
0.4,3.0354187366361,0.0107816133285962,9826.34065912731,7800
0.425,5.43439237152473,0.0138107440414939,14207.6709390395,7801
0.3705,3.3365284119176,0.055727385283021,2227.49909299455,7802
0.466,7.64642956557681,0.0610515972036408,4533.81112465919,7803
0.309,4.72069169708498,0.0620954865397143,2779.53153421041,7804
0.462,10.9197020741282,0.133507239355606,2035.96524734986,7805
0.433,3.9259497550838,0.0111239268982216,12551.0061163138,7806
0.2035,3.16059222849978,0.102168667534242,1039.34373150912,7807
0.346,3.61649549175841,0.0352197976026912,3787.05557108987,7808
0.1885,4.43955104354137,0.0374036191685553,4256.45949456164,7809
0.2075,3.23343214878235,0.0313585210552173,3774.68228376328,7810
0.343,4.29995197338408,0.0325695130016782,4895.42588375566,7811
0.4155,7.40500515387497,0.0363782418370607,7824.86201830353,7812
0.311,3.58594035683829,0.0627472588013563,2082.89737795485,7813
0.189,3.11939684118131,0.0731030048127129,1537.16791105854,7814
0.258,5.0443524010266,0.0701299162242862,2668.91823964008,7815
0.4045,7.82460125064624,0.0306576470985954,9661.29683162283,7816
0.173,1.90074195188318,0.0737948769134415,926.251148765433,7817
0.381,2.46269474615274,0.0259474481088128,3408.62335914414,7818
0.315,3.0789807266333,0.022657050320882,4936.95925828357,7819
0.371,4.81238913733197,0.0613697170859235,2891.87846694418,7820
0.429,3.21649926589416,0.0197170447367539,6005.72647845499,7821
0.371,5.5768898107107,0.0259931233144676,7984.42880840644,7822
0.228,2.71505494289167,0.0469193324121653,2116.68702950196,7823
0.224,4.3045142698745,0.0569168006448643,2784.22047808808,7824
0.2225,5.15280220250183,0.0517185095718531,3650.1048710076,7825
0.3065,4.76416720264512,0.0383797235946989,4608.46052144151,7826
0.457,10.4107741728595,0.0419814727742375,9356.85060259091,7827
0.4645,7.31716024955843,0.0315199768916194,8795.70767460459,7828
0.284,4.20751374415403,0.0345078523611299,4471.9075170461,7829
0.464,9.14577171145907,0.026612072162817,13011.6224169229,7830
0.27,4.43717473737365,0.0747307880514778,2213.13892268618,7831
0.452,7.11655631565524,0.0378226557292801,7140.42869458917,7832
0.4335,6.89943822965103,0.0290386002433093,9067.41134415548,7833
0.437,5.11445940472642,0.0111219492009435,16456.739474774,7834
0.387,5.20184733324957,0.0171580630874842,11081.8224646037,7835
0.3785,4.55208054518815,0.0134233474375723,12191.8215389774,7836
0.3725,6.56542838790086,0.0617974825677573,3979.07882043038,7837
0.3165,4.04622680865225,0.0332731230852183,4142.63987729804,7838
0.416,3.32625214901052,0.0103035609663045,11335.5245393524,7839
0.3955,5.15660405839624,0.0818116777229484,2013.30055393287,7840
0.344,2.29035855953423,0.0216610527483622,3798.5012689999,7841
0.3475,2.07351510683019,0.00601979967815905,10609.6032153241,7842
0.3675,5.72833890601558,0.0283623662112676,7556.40485301128,7843
0.419,6.67509035824984,0.0644901306121079,3477.55010937482,7844
0.2865,3.74154876134917,0.0131602378238488,9747.93629976581,7845
0.221,3.51854651738552,0.0520739374099697,2478.52671326099,7846
0.348,3.97598524392198,0.0283432714299617,5104.25884741082,7847
0.4305,4.97019325766997,0.0388256002129854,4814.11242169494,7848
0.408,4.58421614067344,0.0364312611401596,4692.71076277639,7849
0.3585,2.71695540505153,0.00910712547750461,9977.16580294064,7850
0.2585,4.04350141281968,0.0308460128217642,4762.12138805386,7851
0.4515,5.67434230137949,0.0190650921490491,10989.009572613,7852
0.3135,1.98800541233152,0.0071054206844062,8719.71400006328,7853
0.425,5.12262224147799,0.0102454941486504,17575.6017968155,7854
0.4295,7.2435497569588,0.0660744486835469,3886.35015081415,7855
0.1595,3.51274495374993,0.0788319291940473,1491.69387449453,7856
0.4575,6.15955270665182,0.0133515064729589,16747.9568377581,7857
0.4275,3.68357472150493,0.0152445451024482,8798.07762917593,7858
0.4245,4.26722187449162,0.0187250202121178,8378.41562512414,7859
0.29,2.75715760688079,0.0177809295441839,5417.15679537897,7860
0.2595,4.48888576060985,0.0259389514716797,6330.77067618154,7861
0.3055,3.50362650266423,0.032701829259653,3930.63549028951,7862
0.402,7.03243060778348,0.0278163351888028,9572.07712131662,7863
0.393,6.64570956695227,0.0382329090117809,6399.42092971417,7864
0.4625,7.03556607900859,0.0387170132601693,6902.46085785054,7865
0.3895,2.605398240223,0.0330680901354134,2880.47427841279,7866
0.2665,1.69792622568107,0.0410194429558826,1481.36959954325,7867
0.4255,6.49808435179675,0.0589081984226291,4195.51177614154,7868
0.4065,6.96347565180452,0.0491202152985628,5403.51116163146,7869
0.4125,3.79970325370127,0.0140588519738559,9622.36324313615,7870
0.4595,8.90315184058316,0.0193915684715073,16862.8869731266,7871
0.2105,2.01302113293881,0.0545059804001619,1344.28734504138,7872
0.3945,6.61045951793682,0.0367198834067815,6781.25966549257,7873
0.4575,6.12288806119635,0.0130819377830229,17145.1010249316,7874
0.3335,4.10008046119578,0.0178594287824546,8280.6470778328,7875
0.3125,3.91839362239001,0.068445764754202,2071.89257244293,7876
0.4605,8.6617248641444,0.038820828293755,8557.94550997187,7877
0.378,4.00579661583432,0.0097511066662668,14281.2451079039,7878
0.4065,3.79021739443677,0.0913301641847186,1460.95283134752,7879
0.2995,3.43274465561358,0.065150590688939,1923.27826476145,7880
0.354,5.21749047499725,0.00980823311014457,18118.4069741097,7881
0.342,6.61749515962322,0.0355122543016442,6974.08810206142,7882
0.4785,8.96461736280519,0.0199427251632244,16632.6916784093,7883
0.2275,2.08173742588657,0.0808695847711312,963.687580025608,7884
0.219,5.26047058009711,0.0415251797142471,4476.07867427179,7885
0.264,3.60028592277923,0.0801677061883865,1591.35054811117,7886
0.297,3.73487477344969,0.0210828663791866,6327.50928604738,7887
0.4055,5.50211591368091,0.0513521320564274,4030.91932112435,7888
0.2825,4.45435677329396,0.0688162918798488,2287.36071204241,7889
0.4505,6.36904701175631,0.0565377515133871,4203.29948582174,7890
0.3,4.26548128872587,0.0356306433012912,4359.15297096712,7891
0.31,4.770039149124,0.130069518714392,1191.44578924626,7892
0.4075,3.38150703366583,0.0139114165559288,8695.70553832477,7893
0.3805,5.32023249397893,0.0367641951474614,5487.92481604742,7894
0.2485,2.66449152045909,0.100314434402826,959.537451751417,7895
0.4325,5.16078980841329,0.0691276805588018,2731.47585469551,7896
0.2545,4.25869364371778,0.0268935033807603,5806.33430148242,7897
0.4535,10.7337689061646,0.0670018658503562,6040.11177245882,7898
0.2655,4.44433259005341,0.0517205193113081,3218.62225215663,7899
0.456,7.45086622689921,0.0108082506497506,24715.2681834811,7900
0.223,1.70906423201533,0.0294089581964935,2083.85067842201,7901
0.436,4.37674597865875,0.0303956773807482,5411.48667460777,7902
0.315,3.39344028676457,0.0109628420648643,10493.5029900855,7903
0.271,1.75723848629676,0.0183631505221772,3343.13647104016,7904
0.249,3.6853676707209,0.0413802462614524,3222.63577389613,7905
0.425,6.90975262256841,0.00928082750301372,26379.6267581767,7906
0.3585,3.95428078334591,0.0125650004127393,11072.5649593398,7907
0.3625,4.51608478660134,0.0376621082271492,4482.3870831149,7908
0.4495,9.97700115992403,0.0379944290811234,9799.34836919705,7909
0.3255,4.27650440225802,0.016801536664199,9304.70337335945,7910
0.45,16.2096455565625,0.0550693031718894,11265.9569875312,7911
0.293,3.89035535723598,0.012120887032589,11129.7770776097,7912
0.3415,4.4185526832865,0.0405634724096571,4059.64214503332,7913
0.465,7.93046025992394,0.0947741307475378,2414.24981606342,7914
0.409,4.72604374418952,0.00777203530034519,20859.6451340582,7915
0.41,4.10752858489707,0.00823305150315378,17056.0363916492,7916
0.325,2.2857395825784,0.00856528369329309,8654.84484226929,7917
0.299,3.90863605041091,0.0103662881850061,12679.5666251673,7918
0.4695,7.26016319101075,0.0308547657974248,8982.46345935102,7919
0.2425,4.51662860937411,0.032146369733115,5072.6652790822,7920
0.4475,7.89738188499452,0.0229574069107121,12911.4136577307,7921
0.199,2.83457601421215,0.0906902223947672,1080.71747790861,7922
0.237,3.77449735547055,0.0810576290109506,1610.14727593964,7923
0.469,6.36264479141444,0.0286093964275019,8036.10434602896,7924
0.3655,5.64926966987854,0.0299715300911786,7009.61635117403,7925
0.3465,4.37444604711801,0.0394703661431247,4107.02695467421,7926
0.4365,5.24805817069834,0.0206085265919925,9594.56618056722,7927
0.1045,2.9493926567724,0.0656495752200511,1670.97320736466,7928
0.371,4.38713213034536,0.0115522913206986,13300.0178389182,7929
0.2925,4.61470588771219,0.0227089758220084,7385.72568418167,7930
0.477,6.87458685606322,0.0116389364391232,21676.5498062417,7931
0.456,7.60226517116689,0.0755543862773593,3517.40992176865,7932
0.3605,4.38782278039896,0.0391700694447589,4225.06393685828,7933
0.4495,5.06838031259972,0.0373370872948175,4896.10038023766,7934
0.44,6.31179846590549,0.0620504983436745,3626.96514542826,7935
0.4315,7.90299371936737,0.0431413074676476,6896.73715130365,7936
0.4145,6.97134319229542,0.0459080620175768,5784.37310258247,7937
0.3915,5.49719312407151,0.0590958985668752,3458.03820581409,7938
0.38,6.24784045046727,0.0245070025177157,9556.71596948108,7939
0.4455,8.76002254399964,0.0222698582711363,14516.3831582554,7940
0.201,5.31666758382894,0.0238501980431563,7975.92446801885,7941
0.4575,6.80516483516996,0.0325856953041504,7942.44791513968,7942
0.374,5.99219722817124,0.059212656125157,3798.01129972337,7943
0.4355,4.5704118979741,0.0090161037297759,17660.6859742293,7944
0.47,10.5045915787,0.0540866873765193,7274.90660061099,7945
0.446,5.93394762433008,0.0381070068223684,5921.07689203321,7946
0.3815,3.25433225591305,0.0258154964399118,4694.96224363462,7947
0.1575,3.71844951404412,0.0768843008536968,1767.50493734188,7948
0.2495,5.47675545799987,0.0351103400694683,5752.4637307357,7949
0.199,2.47335016386769,0.0678680859173626,1327.10676564036,7950
0.297,5.27849072709393,0.0739973665439754,2541.7830796079,7951
0.2675,3.83288692916486,0.0245889878217727,5437.59046944868,7952
0.4515,5.87171981158177,0.016532302032098,13116.3913833847,7953
0.158,2.22204505812917,0.0664178104133585,1148.0812138454,7954
0.2055,3.98124119222101,0.0379120626306337,3777.90305252888,7955
0.4775,7.8819522252852,0.0247053010728486,11828.3168753564,7956
0.168,3.38347559987517,0.080675164122261,1498.67310146077,7957
0.1605,4.40599625320875,0.0495856033645201,3172.57804893743,7958
0.366,2.39553396182104,0.0198941613322546,4329.25961430432,7959
0.347,3.98431128982903,0.0216061511830827,6726.84739075717,7960
0.4625,11.6065080105106,0.0142226260922534,30366.6215931231,7961
0.1285,3.12634549294049,0.0854216689758924,1274.77674529215,7962
0.2425,3.79840525056861,0.0700411630857033,1894.75775142481,7963
0.327,3.77158261900655,0.0274308038774957,5079.90450226512,7964
0.2445,2.8654347977508,0.0976779963458838,1050.8922524563,7965
0.233,3.83380023306593,0.0286718067392759,4845.72611942007,7966
0.271,2.79316400206804,0.0215488313612074,4563.53252173607,7967
0.3705,2.67326734431513,0.0185446935805497,5186.50049218724,7968
0.39,4.93279461865873,0.0325192946775335,5672.97050547808,7969
0.1895,3.61458107638877,0.0943795423202075,1295.61466827671,7970
0.4335,7.19756717514924,0.0306268813529794,8912.91297101587,7971
0.4515,5.72689396340268,0.028439379055458,7219.37981524519,7972
0.411,3.15652456496501,0.00869699093414349,12224.0603872778,7973
0.2845,3.43355723432283,0.0175603627850627,6902.07635479742,7974
0.387,4.30392830445168,0.0129213117195174,11952.9277162395,7975
0.409,6.79737741398811,0.0237254838436753,10715.9226597287,7976
0.4165,3.57225203623137,0.00907660403582131,13460.0727109414,7977
0.4335,5.28836505734759,0.0191621525533509,10160.8755233108,7978
0.33,3.71293311831987,0.0175542566792794,7538.05376308036,7979
0.19,1.76802184579853,0.0152812429401029,3791.00451201257,7980
0.3115,5.23796823822782,0.0217740417434262,8734.313123086,7981
0.278,3.97597887012598,0.0442107115511195,3232.11289641468,7982
0.3065,4.29421653279164,0.0399654061203502,3906.66338060964,7983
0.449,6.72596813230254,0.0398238713998536,6333.95445147794,7984
0.3875,3.71964005157675,0.0113113225309993,11620.758879894,7985
0.247,1.67445370913315,0.00897746496513272,5793.70867458151,7986
0.104,2.6176824200125,0.0674314341959491,1425.01417247655,7987
0.2825,2.89871545931882,0.0738537182904943,1428.72386963665,7988
0.372,5.36893514691119,0.0455767180295472,4408.99497532156,7989
0.1835,1.859877250919,0.0127526014734458,4579.50545859809,7990
0.249,5.73431802338374,0.0251901783284821,8349.58710552541,7991
0.4215,7.65558286860369,0.0725380854859735,3778.19462402411,7992
0.375,4.73640496885762,0.0682737047080498,2511.18086845947,7993
0.4655,7.58882329524845,0.0319635993410982,8995.04682664893,7994
0.336,2.29365618763779,0.0621276552514776,1313.51350459252,7995
0.4655,12.4261287211886,0.0607848536417787,7672.37041769431,7996
0.3675,4.3975623180744,0.0188544566736986,8551.65306000506,7997
0.434,6.35011214366698,0.0379774973602809,6326.11514270405,7998
0.154,2.38351172306558,0.124944894929383,656.986644471072,7999
0.209,4.59581441804796,0.0172164553470817,9304.67272342564,8000
