"prevalence","meanMOIvar","meanPTS","meanPTSGroupBC","inverseSimpsonIndex","inverseSimpsonIndexBC","instance"
0.162,3.13592781155535,0.0668462279479714,0.0623226062059062,1695.14790935811,1483.94687567624,1
0.4605,12.7406553158034,0.0176060915766835,0.0101776532793654,27156.7284417469,36430.4249611909,2
0.444,5.63903418874643,0.0434496578215473,0.0390472737875078,4920.98672299109,4392.50543430649,3
0.407,6.1801454133629,0.0701120433450259,0.0375577525642817,2631.59066453543,5051.03663653133,4
0.386,4.20533796604453,0.0430060422552653,0.0358534353092755,3710.91640183125,3560.75962939166,5
0.464,9.26328311484613,0.0113620230226557,0.00926109460765652,29705.4416780758,28599.4633818311,6
0.4595,14.5393066029385,0.0716841565590538,0.0545688738447468,7474.63348719909,8211.61219229577,7
0.2815,3.3253192679376,0.0417229166233978,0.0389848802665669,2899.99073182553,2475.29127303804,8
0.3585,6.62400374989662,0.0354134376366792,0.0308319497573779,7121.03051220366,6529.27787450361,9
0.3375,4.04507441203636,0.0159773352441824,0.0147063393230791,9205.45049887305,7977.47767339653,10
0.372,3.86638126214315,0.0175763929594722,0.0155323466691644,8036.0019636402,7239.10427925373,11
0.329,3.84244277904352,0.101532954413775,0.0807973440259374,1310.48939271062,1430.08669165457,12
0.2245,3.82575903722617,0.0672314401853147,0.0617621338564294,2087.40072201225,1836.68653844082,13
0.1295,3.60276294294821,0.0359544635969564,0.030799873732539,3466.76749258907,3213.89245257819,14
0.3865,3.29263393739124,0.0588098416379132,0.0519298058227693,2053.72034051689,1852.64310956566,15
0.117,2.83877510846982,0.0894246166386573,0.0843303027231068,1169.28840350062,988.248831155279,16
0.1415,3.12985622775035,0.0580402158860285,0.0459093924024635,1940.31206090805,1962.67339385046,17
0.3725,5.49424176389003,0.0473764156686181,0.0382302961736259,4318.20154137194,4325.42969765971,18
0.4195,6.18209387081494,0.0581436417158617,0.045123553929635,3957.59770192757,4223.13791067174,19
0.2905,1.83351809350184,0.0195054115669871,0.00956167136468413,3295.44581500251,4932.31000215152,20
0.4465,5.93306061654323,0.0343778533174727,0.0317417229900387,6541.02774028563,5672.90906750756,21
0.1405,2.98792580910437,0.059296247229842,0.057544732895656,1779.37985674511,1474.61071440555,22
0.264,5.17877656317671,0.0397940415686994,0.0391656139831799,4886.28863579732,3958.51481351498,23
0.3765,4.84207721634009,0.0194147308482398,0.011864546846353,9082.10018140998,11537.6156163719,24
0.4385,9.50423437103206,0.034476680459687,0.0257369257130425,10433.9778764621,11225.3663104788,25
0.347,3.94402496899883,0.0272318394074063,0.0184071083840771,5317.01924078073,6180.35529829824,26
0.3,4.16352239592381,0.0575808075955611,0.0471335648696664,2621.02161902114,2716.40729139033,27
0.294,3.56523570799378,0.0402141685981865,0.0358976502907151,3265.38372234905,2944.28836310866,28
0.2075,3.00490657508849,0.0485177558506722,0.0441251975255093,2215.69614981685,1948.08130305749,29
0.2625,2.60387377289115,0.0569260245720844,0.0499062686296965,1680.42986767486,1543.74253586662,30
0.3115,2.53379488722466,0.0728089123618111,0.0691152991345456,1265.95921175468,1071.47096556501,31
0.46,12.9228926895129,0.0470201819190893,0.0323339437099404,10235.3481907474,12366.1119083194,32
0.3365,5.11126394483037,0.113134943856108,0.0935870483241259,1526.51866443909,1663.11073307552,33
0.476,8.94841372168015,0.013880217238619,0.0101358791983609,23809.1196756545,25418.8087622641,34
0.3665,2.70241373994835,0.0173536444921336,0.0135535705218994,5540.49647351164,5552.1436648977,35
0.372,3.78421162046592,0.0268704565301937,0.0169532991238081,5138.54939475423,6418.64623831848,36
0.269,3.77698731511727,0.0415766067958907,0.0376960315437723,3340.65513251186,2952.55771076891,37
0.3645,4.78481905119722,0.0822762595238752,0.0601189353794244,1971.98889356297,2433.55212362526,38
0.359,5.52469838910291,0.0284264861028066,0.0270676969239111,7375.31566182663,6219.52998062768,39
0.3115,4.04149601277977,0.0687283781562952,0.0567805381096972,2149.61442873896,2144.4900877706,40
0.303,4.50638030431029,0.0192401946775379,0.0153524518145524,8698.45004107743,8570.70746275121,41
0.1855,3.2608515552055,0.094873511767872,0.0867379042090095,1246.81222297591,1109.19378615326,42
0.4395,7.45557826761993,0.0607354223079532,0.043588207509999,4383.89508795926,5280.03257715217,43
0.4375,7.41736400347134,0.0339898530414379,0.0264441862196692,8249.59814522885,8508.72830329562,44
0.3905,5.87505224715165,0.09399131211889,0.0514089783246243,1582.50581601079,3523.43371952212,45
0.4195,3.67768250957771,0.0145172766516419,0.00692600693716097,9166.58679381873,14251.6329990437,46
0.4565,6.38170180113773,0.0250449864644344,0.00788351598605137,9282.46295781617,22636.2671250036,47
0.311,3.13603363819039,0.0137059779440824,0.00947975719586189,7916.71988465461,8777.18105434922,48
0.429,4.44989571441097,0.0141192143408298,0.00893429365358676,11525.4817830279,13953.4287418875,49
0.3615,4.89946469660403,0.0143081970135504,0.0100017070731524,12202.2394126994,13462.8257155219,50
0.363,5.108003484028,0.0223565668343653,0.0217206689646332,8462.15814301706,6947.45748139778,51
0.4165,3.80709552181032,0.00860103242184906,0.00757061284141684,15154.4976999005,13475.6119673388,52
0.4065,3.37173459114117,0.00918178045662462,0.00651714943091455,12527.7787842203,13432.5186563999,53
0.1965,2.93025980695815,0.0840016806969483,0.0724725365610548,1240.29796720489,1197.21543310069,54
0.2815,3.79816922961947,0.102322097300809,0.0858157986289373,1296.93774430999,1328.57267700437,55
0.332,3.87220662720066,0.0327276450129276,0.0256829698346694,4369.41818607311,4452.52709340517,56
0.4325,8.44810456042821,0.0363780354364879,0.0362558479205553,8887.93740741746,7121.49082386992,57
0.4435,7.77331363757524,0.0958094381490755,0.0574273972250585,2766.67118236275,4106.12749390906,58
0.1885,3.43724425037417,0.024573348619333,0.0228947750548128,4933.71825247657,4217.01954710737,59
0.3935,4.0074091920316,0.00874322279287953,0.00688284850057311,15604.3485343705,15267.820105727,60
0.4305,3.86583003877774,0.0176899706597448,0.011141945814404,7981.03517664424,9766.98165182614,61
0.4615,11.1120330145361,0.0338924035636371,0.0305028067303704,12520.4987297288,11108.3328034188,62
0.449,5.84829818855602,0.0177521469448358,0.0138429488352479,12255.8992761396,12422.759049558,63
0.4295,4.31367653028915,0.0131222388450562,0.0107485531357692,11837.974931683,11339.1640041249,64
0.2945,4.15904586905909,0.0140330130675318,0.0119558246064113,10556.8008119798,9769.38938841636,65
0.4405,3.56203887471946,0.00887509972597682,0.00707365532655266,13861.6004063223,13508.2975072817,66
0.4405,6.42166561219109,0.0304148104274379,0.0159159011942531,7740.40076318051,11828.5387173562,67
0.4505,10.9292976347195,0.0960415247210799,0.0536603731191567,3354.30422550826,6355.2187110337,68
0.3375,6.26266950715345,0.0314645916569753,0.0314625688171255,7474.50369736112,5949.40985648354,69
0.403,5.52483743083774,0.026980825482897,0.0258744972651644,7640.19122575091,6343.22687900677,70
0.3525,3.76588402820413,0.0410593112106516,0.032451785032362,3390.2318874058,3431.28814223022,71
0.4005,5.69479826659219,0.0602404735903189,0.0363022450843229,3345.02223078453,4741.547128594,72
0.4725,6.4735691375886,0.0264658116025571,0.00993400443620899,8980.295224087,18753.8896813111,73
0.447,5.67999324527845,0.0135591145871715,0.0114552052272981,15220.0754144601,14153.0677803592,74
0.348,4.54521946286764,0.0245104995090028,0.0143473679698238,6775.02990669697,9122.90728128456,75
0.1455,2.71972542724666,0.126453976479022,0.108064390606444,721.189945348733,705.356413450405,76
0.3035,5.45270245051395,0.0430750101609893,0.0271446617827996,4571.02308842353,5897.58936725976,77
0.4485,8.85730765598056,0.0124096852851535,0.0101690892011198,26166.0360838561,25107.4243274842,78
0.415,5.18430752163112,0.0441105298061449,0.0371564576634025,4432.32593640003,4237.2130644898,79
0.283,3.16618828140635,0.0221570514843067,0.0207770828182527,5196.60139024142,4434.21415962967,80
0.3455,4.30926004191212,0.0357209653267115,0.0282381848098148,4469.63995210711,4541.16809825043,81
0.3875,5.3601774927237,0.0157100557654186,0.00891058478632707,12303.9824223193,16509.2637705722,82
0.329,3.11861437167008,0.0558571043342548,0.0486164578482863,2058.87234844801,1902.75128735893,83
0.3425,4.62530065441178,0.0212990191836201,0.019873047785878,8012.81254609955,6819.08097175897,84
0.33,3.48475372749112,0.0662390846288781,0.0599317237197714,1960.46476758148,1759.14705223884,85
0.467,8.66792065179291,0.0135067808386392,0.0110002847486551,23583.0936928263,22765.9598790407,86
0.3155,2.28596465918382,0.0201760248039279,0.0139652883410473,4062.57373922079,4509.81955817728,87
0.3905,5.81910838718931,0.0274398527242046,0.0128439125987099,7749.02854361592,13179.8735539223,88
0.384,4.56414559743211,0.0678820470765447,0.0587479719739776,2517.44534569718,2395.31516745684,89
0.342,5.08545238652932,0.0532212731797337,0.0455949660078891,3615.43449701097,3437.01910960613,90
0.3435,3.29083888968468,0.0121128581308616,0.00723592684881135,9481.63236889972,11682.8122110791,91
0.168,2.93169896814189,0.0261498543974405,0.01944638558678,3829.59917028637,3957.07626898895,92
0.324,4.95099771830675,0.0089079688766231,0.00769285324511858,18515.5271918376,16727.6077362944,93
0.4375,4.91363488429249,0.00876621668150882,0.0051154202791457,19691.7592906735,24888.9288986751,94
0.395,4.4515908800815,0.0510072452976139,0.0342371629129972,3101.81340558612,3949.46696258732,95
0.157,1.47247582376123,0.0220127137980601,0.0172816161015225,2255.00389273645,2206.42699448068,96
0.2755,1.72039940663798,0.0276813433069719,0.0216943059950116,2230.13105862035,2238.55863790798,97
0.4555,11.1353558017815,0.0703008682376779,0.0548095890271144,5794.76791632223,6272.75063693237,98
0.2915,4.92239399664775,0.0266746831333239,0.0112050868557493,6539.11249340731,11895.4265705412,99
0.14,2.56030783546859,0.143757952594009,0.12850894743493,642.460685001338,591.630072641696,100
0.373,5.6806339536234,0.03017515187368,0.0269943341251782,7061.02713580989,6340.09698397499,101
0.308,4.26016623287927,0.123344794175573,0.0862011371967586,1006.04344966238,1490.41495478657,102
0.405,3.08027200095021,0.0179272620204219,0.00806962845717261,6204.71505885593,10244.1466187444,103
0.35,3.73255261114188,0.0660203180967649,0.0538923922599032,2053.9361373884,2086.12115830105,104
0.4325,4.65032725044688,0.0146695063542382,0.0130363016569163,11547.9620887991,10299.6648339551,105
0.363,4.73950984367551,0.0183727116230132,0.0144557771377057,9351.45064390672,9376.40036897634,106
0.3925,6.80961066298557,0.0361258995228803,0.0329490143186977,7129.90223238808,6271.33450907971,107
0.24,2.98418917231401,0.0456819098909098,0.0337794604932509,2324.15059356701,2499.4863017859,108
0.2295,4.66123731786227,0.0793030306677279,0.0626160024533028,2036.30185267428,2190.69017618133,109
0.3135,4.53611041066537,0.0139737360446352,0.0113524004328302,11604.652863194,11244.0645771451,110
0.1605,3.44008264498355,0.0312131322095093,0.0256578408928886,3914.69717269835,3779.02927723275,111
0.225,4.82664154107521,0.0745260076217513,0.0518482235518534,2211.0274287904,2713.64879545096,112
0.299,4.1835789443655,0.0568696143555868,0.0436647251541222,2623.94263536192,2895.49656688996,113
0.3255,5.88218394506572,0.0509500328761763,0.0476252044784331,4336.44204836168,3760.47880207769,114
0.25,4.45231107864491,0.0685536775952315,0.0571291418354415,2308.55894764551,2276.74865627266,115
0.365,4.57312056592931,0.0101015676149591,0.00773832450835052,15623.8647485946,15612.4260942519,116
0.279,5.33875935125693,0.0381334638710909,0.0341322946152089,5182.43356308921,4647.72131225695,117
0.459,5.64551003243468,0.0129588092982957,0.00660689849706556,15838.6336351429,23147.252759512,118
0.297,3.80326502640375,0.0341728572953516,0.0325618886205438,4138.72973545449,3467.38181167506,119
0.455,4.81250663358128,0.0153783892254645,0.0137364843551544,11459.1151777178,10169.326120253,120
0.3835,3.75613545379513,0.0155797029620805,0.0115748299902974,8633.99731556067,9091.01269039089,121
0.4535,9.05031396190007,0.0153821097564002,0.0112347055532942,21751.0336750786,23304.4817231396,122
0.1975,3.33301889107043,0.0360664346690939,0.0215122343843775,3276.76269694366,4369.06474366389,123
0.3935,5.51549911783374,0.016123989260234,0.0133511728610196,12537.8907136788,11984.8600412345,124
0.36,2.9636567448154,0.00902881971128697,0.0078015316938398,10957.118007089,9923.59311996052,125
0.195,4.15225607004713,0.0408981073960224,0.0357433670898254,3683.05259333925,3373.56017644105,126
0.3505,5.015380686494,0.0319304101040683,0.0298170406706794,5875.56305256075,5051.59094223003,127
0.2085,2.24217464635435,0.0663773677623805,0.0621705967212101,1217.146695561,1043.03769484553,128
0.128,2.41566174313493,0.134548858379571,0.104655896042081,611.994759691264,673.071495229153,129
0.4555,8.3299658647204,0.0862056774024446,0.0736579477827095,3577.25133732911,3495.64536326392,130
0.355,4.93547929974321,0.0390075950887294,0.0341166844085696,4723.51418166644,4366.57476495518,131
0.178,3.94649470816932,0.0725495742684463,0.0600962402491634,1945.55421246045,1942.80550473584,132
0.2355,3.64838728089123,0.102718833421852,0.0843442079735895,1195.11899378507,1250.5151857396,133
0.3475,4.267046059396,0.0290856392024324,0.0264893125503115,5418.26243802322,4712.39145878575,134
0.147,3.07774446984277,0.151660713321537,0.122546244950845,671.414520044548,734.843731320543,135
0.4535,4.69038365760513,0.0152412081773621,0.00642202726047011,11083.178352321,19527.2904185554,136
0.2325,4.64083514252711,0.101194098682961,0.0907834498253739,1625.42789020085,1495.94972421109,137
0.4,2.75714072640657,0.0113247751660592,0.00743281299171137,8518.60239792897,9834.21040540875,138
0.3155,2.60492169530365,0.00832280323173602,0.00679392711463499,10258.8626352711,9646.10558138787,139
0.243,3.96118951151412,0.0338520295353153,0.0304029976935152,4292.60662747923,3821.53998424095,140
0.3915,3.06827559476198,0.00754152108512465,0.00679579805389935,13321.2688792773,11623.2553709395,141
0.221,2.34451820950727,0.0697413738801366,0.0543276652348902,1193.7070527676,1245.48938352432,142
0.4765,8.52625209013564,0.0304467892188543,0.0142452229470595,10416.6486220418,17778.1112603031,143
0.231,3.54826514904788,0.0665346638723261,0.0585361621000741,1924.73986488544,1772.34339544588,144
0.485,11.3466604049774,0.0557648952185752,0.046759843181609,7695.48615960585,7459.6665588149,145
0.32,3.38720598141161,0.100550822373342,0.0710753108569669,1090.67208369733,1447.47597894032,146
0.401,5.50003738127415,0.0534810028386628,0.0418165613887611,3761.03207590447,4039.22507909665,147
0.3845,5.3690661382935,0.0346139019392946,0.0278466899655899,5797.8766735749,5805.06124331408,148
0.4075,7.29804583893762,0.045344000677495,0.0398217579562996,6133.93244459335,5614.15408716645,149
0.437,6.42798110501808,0.00997029620536908,0.00838820380758292,22974.9211889175,21426.876772675,150
0.449,9.1363664307331,0.0507882076886774,0.0435792654457289,6819.55993328797,6445.56986047823,151
0.458,9.12982406609784,0.0284931903898427,0.0251157765470119,12121.1673744808,10936.0157695871,152
0.4235,4.31100662359506,0.0157983202572732,0.0144371567736634,9987.04284588263,8682.76126449024,153
0.2275,5.32883018036299,0.0522603715334516,0.0364115096910631,3664.70819482298,4265.47121945353,154
0.215,4.13777375080265,0.0747449627927564,0.0637354876452984,1976.15996793565,1926.10172131714,155
0.413,5.24479870103696,0.0445548537960295,0.0400670245340878,4434.91408654589,3985.52745582737,156
0.4405,6.44339732046831,0.0454422466092058,0.0442725812544126,5420.77938645657,4452.40112338439,157
0.4,4.47068684783301,0.0169204338239799,0.0137290921262861,9649.9909347155,9422.35374232576,158
0.3755,6.07111048894577,0.0481691565788734,0.0365424664975292,4662.66233672704,4996.5196880419,159
0.3085,4.65802683452312,0.0264115117030234,0.0245555438100309,6536.8066809023,5591.68872318489,160
0.382,2.9499936229752,0.0110943543027325,0.00920217314101722,9184.92858798859,8620.83385469009,161
0.1835,4.24041333917151,0.0335842686964884,0.030102132112261,4556.23072416239,4032.94681880367,162
0.389,4.1582843391497,0.010307525931038,0.00912068299665712,14079.7097770359,12570.2116613321,163
0.2825,2.38282384002177,0.0185156127179049,0.0088065147872784,4505.21453328244,6940.23486117424,164
0.272,5.61968333123373,0.0630398255908306,0.0561559178771565,3295.08565866852,3000.65742650639,165
0.406,4.62223796703911,0.0458719278269287,0.0381132511486413,3807.89343236419,3718.64494243897,166
0.321,2.00901707280615,0.0443415456803351,0.0374413247375281,1640.73255458215,1546.25698019658,167
0.34,3.26966842442188,0.0207725208678917,0.00845893452196395,5688.98796138558,10257.3083285708,168
0.4575,8.69073390126833,0.0526658488112215,0.0421910364750501,6298.42137864672,6355.49260853227,169
0.404,5.49875194797873,0.0643087242322562,0.042876959777755,3077.37460384708,4014.01667935937,170
0.305,3.97371647413785,0.0736536514962601,0.0586712854182218,1912.94583336887,2026.72740503081,171
0.337,6.15023827462293,0.0240163813171557,0.0205054907268394,9529.11688242129,8927.83913578363,172
0.2315,4.01795171729988,0.0548807401601481,0.0516032717571571,2663.28175023729,2290.96657650606,173
0.4555,7.02557455488304,0.0146159482865369,0.0100472017993961,17613.2340614791,19883.6693733978,174
0.3375,3.87255036114688,0.00998947895207746,0.00787212598802729,13186.0266299916,12865.9342245878,175
0.3725,2.72071148946733,0.00794736103377373,0.0053244279832942,11381.8212656689,12662.8721228664,176
0.4545,7.98518140881931,0.0270464533121594,0.0246735144100746,11178.0059121175,9755.71324967447,177
0.316,4.28832702008548,0.012433134931214,0.0103319161276854,11921.4513934848,11188.8662201105,178
0.3735,3.25755304335378,0.0103852155802278,0.00853270794826784,10726.7743983881,10169.3909930837,179
0.3165,3.42676550302024,0.0837042877122096,0.0739274987989305,1494.07992150506,1391.6206645586,180
0.4425,8.31625210178889,0.0479463598558649,0.0200827453023824,6115.28365344666,12312.9882850889,181
0.3035,4.21202449700562,0.0356131513973073,0.0329791775865391,4388.47412834973,3800.01852256002,182
0.4585,5.70471144111769,0.0185032879279449,0.0125322473300433,11491.152710076,13302.0288215324,183
0.454,10.2658837832146,0.0418527853440303,0.0332000252393447,9358.733724676,9503.74434773145,184
0.1785,3.28484987074488,0.0595296627533334,0.0556506634364205,1995.91197819093,1690.26598288519,185
0.286,2.85570973054629,0.108373785668473,0.0954405051333737,958.366882908288,892.042287567108,186
0.2915,1.92747568278885,0.023850721533371,0.0149538171416595,2900.87553816679,3563.83067702507,187
0.4145,6.74941135029563,0.0174741896204806,0.0149388643133052,14219.6950980773,13136.5815009187,188
0.3275,6.44721638135605,0.0378083386331093,0.0351696754096374,6437.75676751201,5553.02183434108,189
0.2695,4.55252523956848,0.0159355378238113,0.0133879837790646,9998.88262208112,9294.91499467063,190
0.3085,3.09600738846745,0.0100923936480745,0.00684178327069106,10231.2131927124,11276.9650446652,191
0.307,3.02886354002446,0.0883658833905927,0.0739216811698627,1246.34293858267,1222.49895670541,192
0.4405,5.25434497721085,0.00986505370585665,0.00724203729562206,18883.4931297812,19716.2444903511,193
0.3895,5.25178511585035,0.0522794998028357,0.0474588607454266,3779.11086191134,3395.27983484204,194
0.3405,5.68067498411179,0.0455790572604994,0.0419245006444655,4667.45566590713,4089.6975147307,195
0.277,1.68678473688253,0.00922922509500831,0.00456831159912115,5838.61768688061,7920.67881576168,196
0.4225,5.1315322806267,0.0122111393294271,0.00978424405859316,15226.0085540793,14856.4725266194,197
0.4165,5.19611737061894,0.0338103347746442,0.0301624588882561,5787.42202728209,5239.40493054021,198
0.4135,4.81624144466599,0.00891663691756432,0.00581335886095896,18739.677502052,21498.0122248677,199
0.4435,5.96364100592766,0.0321982901101849,0.0260131895107032,6993.74648593027,6931.49103117766,200
0.3995,3.9408818007301,0.0149406924588193,0.00891786124877829,9502.35141973626,12187.3840675059,201
0.36,3.83515751149102,0.0135679857243253,0.00916278530202793,9999.45389039639,11222.3713431039,202
0.4005,4.95773792980873,0.0636674552945247,0.0622606145618634,2935.38368963019,2412.24960469245,203
0.149,3.95616116469415,0.031991744942269,0.0268616536694963,4404.35688065401,4169.51224872845,204
0.2955,1.88036893289216,0.0101322703857177,0.00729233301712602,6005.59042701047,6249.53581306274,205
0.306,3.47897117789753,0.0569483997359056,0.0511109720398283,2237.03361273029,2022.01414603585,206
0.3655,5.35796371329155,0.0239183006240723,0.0202845893413081,8369.94593641995,7849.63504131577,207
0.4675,8.96166171302789,0.115821369867245,0.0655594309986853,2088.04614488893,4260.63127834005,208
0.2735,4.20446839345012,0.0378865654336536,0.0326983779048619,4092.93996915094,3856.50972324531,209
0.296,3.96928416056043,0.0373129782789629,0.0352578857252342,3905.51648374224,3313.12507951083,210
0.366,4.52413545878772,0.0588933665439418,0.0446184127094332,2839.1094855277,3128.86664613769,211
0.2075,4.5518504217175,0.0814713482240124,0.0656170555831176,2091.97042281941,2170.33366634324,212
0.376,5.0034924116737,0.00755347914694294,0.0066078262770328,21970.8128759842,19569.7364869545,213
0.476,8.41147531997323,0.0209333742215728,0.0116187818657117,15004.8234528724,21158.1752965317,214
0.3625,4.09169376076627,0.0386929995858327,0.033922250343604,3944.25924242464,3605.09458887866,215
0.421,6.07561428688603,0.0597078321585198,0.0435277686349572,3633.34373280502,4315.726119493,216
0.4215,9.18689575358432,0.0306261868990097,0.0276723523956737,11420.7995361831,10047.8521083667,217
0.4065,4.31165280745547,0.0180854536560296,0.0135031636947837,8776.00024381667,9224.37155941704,218
0.4,3.41471804208654,0.0158800489909909,0.00571395443625842,7578.38515630224,14906.9828021384,219
0.419,4.6197790431548,0.0124435723045488,0.0112392661335784,13374.5515405804,11721.05001926,220
0.31,6.60286183760214,0.0352042108495033,0.03373457113904,7022.35739560233,5852.69901829095,221
0.2975,3.92679863529546,0.0975541173199796,0.0813829887601706,1453.36230446747,1479.43824813867,222
0.279,5.13002299749558,0.0397436644512443,0.0307781063325757,4712.46469381159,4899.69839352818,223
0.427,8.22085783792724,0.0319556960018314,0.0285248691173692,9780.38218757825,8720.15260407013,224
0.209,4.40493323138126,0.0776757615874822,0.0677532814111447,2093.40057693264,1937.98830137015,225
0.3115,3.96050112881681,0.084898260421241,0.0757721858684325,1700.06153215961,1566.42160637234,226
0.197,3.31355949579731,0.0924094824400263,0.0765048442193421,1257.04640409657,1262.66256447501,227
0.365,3.09808802061566,0.0477751333554253,0.0405092586629596,2412.219482534,2270.8408069616,228
0.1865,2.54959917316716,0.037471670981894,0.0308244367503272,2533.05368744794,2467.15512774133,229
0.315,2.70045042002074,0.0501216297017878,0.0435872164569804,1988.30872129711,1827.35705249874,230
0.4305,7.65473536701331,0.0263581549346577,0.0244088884454991,11026.117565318,9520.53655566276,231
0.203,3.6732393206221,0.0322350742266387,0.0276078446461107,4098.2503885777,3802.11195960197,232
0.4075,6.25860681800697,0.0440569733370335,0.0387785242014724,5323.04031038032,4897.70201547649,233
0.4525,3.92485446334711,0.00941258399978957,0.00775923366392924,14603.9303138506,13821.1386824335,234
0.4525,12.8227309720821,0.0821792922186464,0.0559027992315565,5635.01527145348,7033.1109035175,235
0.263,4.86759506128244,0.0198150694597942,0.0195934409802256,8745.06639732763,7059.36937792981,236
0.2575,3.15540712927453,0.0268609434761284,0.0209049365130783,4246.11073908214,4255.65669307993,237
0.43,5.50994330785085,0.0199198772922798,0.00814736741869079,10024.0211586305,18538.0518473146,238
0.2925,2.80929564478639,0.0638244543140768,0.0555524394942163,1632.72308517247,1516.99148728342,239
0.1455,2.56690325198604,0.136009573353838,0.123989747767412,654.484339305916,590.833265967096,240
0.456,7.63440303748065,0.0217114455251691,0.0191654598675873,13248.4040165054,11925.5003687036,241
0.297,5.45619622146963,0.0344671922331645,0.0333877781864527,5924.6101817574,4881.39118800954,242
0.4155,3.81641230066395,0.00795056716849336,0.00633121622037757,16229.2866384715,15682.2595093682,243
0.336,3.71792517964459,0.0256561210394006,0.0239471314469396,5383.3069650693,4599.48376900441,244
0.4245,6.33397888678837,0.0486236562744996,0.0400446633975763,4881.24393328662,4877.62766519512,245
0.295,3.94345097282464,0.0206778306090871,0.0191214186984495,6906.8240762384,5922.1559635901,246
0.3545,2.44905159931042,0.0098477338918335,0.0076696491307102,8414.22391182897,8339.44532677968,247
0.2635,4.52134498281454,0.0546852358347619,0.0502476287756408,3126.02528784719,2738.04332902886,248
0.3,3.41659646516938,0.139276984410989,0.101787208048067,773.822239450772,986.96733151494,249
0.4295,7.1186432910812,0.0744804549590305,0.0611782709212689,3485.09540703037,3606.26227865775,250
0.4395,5.94548717607407,0.0377790373560095,0.0295758972858015,5943.20842816001,6111.48587467194,251
0.2245,4.60354821945893,0.0258010741900744,0.0232138752525104,6479.56523762949,5697.02296610896,252
0.4615,9.83947717636516,0.0471430920966856,0.0382687235451347,7955.8523619092,7954.22547959988,253
0.444,5.83707868242072,0.106530579658376,0.0634952806315578,1838.76446861688,2777.42341461978,254
0.189,2.92860071006389,0.0740509606001639,0.0688676090081435,1424.61400857463,1238.41372033593,255
0.306,4.94351643829802,0.0294261701646785,0.027050646085651,6179.5640624161,5386.14285228374,256
0.4495,6.80795691400178,0.05414090818284,0.0463492343272302,4776.81902754061,4550.39393806774,257
0.1955,4.14377569213748,0.0451175493232675,0.0427014703619554,3363.6634844149,2837.1121337518,258
0.1715,2.53164914239321,0.0841850399417311,0.0765870781925396,1072.7068550877,953.93986251079,259
0.26,2.1620153080333,0.028001606663601,0.0253593576910843,2766.13844059225,2437.40303178878,260
0.3095,3.62763880581343,0.0117575175500389,0.00997686558291797,10457.7257299352,9611.66896801268,261
0.2185,1.79158612715189,0.0166489393241994,0.0141533939332189,3608.6009395714,3297.58823589341,262
0.34,5.26173974235713,0.0539863613220261,0.0333769136415263,3518.0036590697,4767.51581255604,263
0.424,3.22738547937987,0.0123962787466757,0.00792459171614422,9348.48456302423,11123.1011015306,264
0.415,3.498854500597,0.0100229627585089,0.00445369437792781,12073.843854078,19212.637816819,265
0.4025,6.11567710832863,0.0275831772595956,0.0160111496744402,8183.07947676581,11155.1815802535,266
0.423,3.50981585308784,0.0241886727758593,0.0104735275925456,5261.3862913843,9365.72707001992,267
0.266,4.7770227088883,0.0423813694824314,0.0395086929036739,4202.56339038891,3618.491171479,268
0.3,4.08492599823214,0.0645584141370572,0.0563637913106737,2307.87332985724,2183.38939724314,269
0.3115,4.65319531900935,0.0262788704356953,0.0222827305688677,6601.93835114281,6216.48030929561,270
0.349,5.14531300614269,0.012499863887494,0.00950078465995157,14514.9516760777,14772.7865864294,271
0.3195,3.92689264182778,0.0466133281945872,0.0297375274752037,3025.99907971778,3875.68340426905,272
0.2055,3.22916330775309,0.0599660971096572,0.0561187336185849,1955.6986081757,1688.68146042361,273
0.4635,13.7929351989104,0.0441888427554379,0.040891055173596,12027.3468337776,10379.4610439451,274
0.338,2.35471664794008,0.00802170916220393,0.00531630596358223,9497.33397651855,10358.3459687688,275
0.4445,4.50255437798825,0.0119059917637424,0.00845477556510633,13650.519269315,14824.5083722682,276
0.195,4.075195355186,0.0970464464527631,0.0802663460785661,1461.50393264696,1492.11082952507,277
0.2965,3.08965283030313,0.0311835826319343,0.0122232305515552,3514.25854384126,6966.85524274787,278
0.412,6.4654989088682,0.0486572315315454,0.0381090716367435,4996.69915636892,5224.09703422606,279
0.4395,10.5697315369141,0.0458304109230681,0.0400103708751372,8685.28798043205,7950.6908442189,280
0.401,2.88348306260092,0.0109658545200093,0.00723254255816271,9191.27215310719,10512.5015728392,281
0.322,3.79369623331241,0.0281439688799129,0.0264108364354991,4961.56244104548,4199.06559348919,282
0.43,6.08841191009592,0.0118002216539188,0.00940582428145244,18650.328866187,18308.8818939741,283
0.1775,3.56443916494791,0.0630804300692331,0.0435045184176629,2009.22346304405,2444.52914862473,284
0.3785,5.58683402391195,0.011062896531064,0.00846134141542695,17745.2872354575,18001.7525112716,285
0.409,3.39962562269065,0.058962891520632,0.0417015004929889,2127.87892116174,2458.96580682276,286
0.451,13.4800946284985,0.0508979638865826,0.0395336683297283,10093.5478205613,10564.1947036495,287
0.4595,7.28077245612197,0.0377919157381982,0.0091229137344371,6699.84819900422,22699.5218099946,288
0.178,3.74828184443194,0.0643690003111655,0.0567043399838242,2121.26432757159,1934.75381240354,289
0.4065,3.34225456714926,0.0105145313265939,0.00913645721808499,11252.7617848891,10123.8053777222,290
0.4675,9.63588259874185,0.0868762404249586,0.0406931815940552,3542.11202671858,7329.4509454125,291
0.395,4.88632348930476,0.0209967586749817,0.0189669627695934,8512.78566857252,7489.95738081367,292
0.1855,4.06604367578719,0.090562725826638,0.0816127114766894,1628.23823194351,1482.4367771153,293
0.4575,10.4940551209001,0.0222537199214965,0.0194629222352833,17840.2790874701,16235.8583637827,294
0.296,2.14858378573674,0.0189021992452447,0.0144301793128969,3995.45465646271,4100.00200719528,295
0.411,2.96208082247119,0.00586068600204471,0.00502943880912707,16257.2158170529,14688.0584512409,296
0.406,6.53354569362497,0.0646989089893006,0.0480871735875883,3729.02958752123,4204.01867570371,297
0.231,4.45525603323185,0.0375252848609244,0.0327454431366639,4350.10296760955,3967.03132439767,298
0.4515,6.70926177772593,0.0292595968431913,0.0271510913363927,8681.73907264774,7472.97760274674,299
0.3785,5.55548765220134,0.0327031161656631,0.0298303301082206,6452.10902063269,5650.6988337135,300
0.373,4.22176890578169,0.00920351409294397,0.00726191175814095,15664.3792618608,15297.1384775653,301
0.3745,2.40941620758846,0.0134054003547808,0.0116160168972736,6278.49825515389,5696.30143886077,302
0.321,2.0471960778704,0.0148623292277333,0.00708613518810131,4804.10247049752,7284.90388472338,303
0.209,3.58422818206982,0.0687759942793349,0.0611711598197882,1841.42955914093,1708.21447213464,304
0.447,4.84301537564918,0.0101247651726239,0.00725390222123451,16825.7419353315,18115.8105885853,305
0.4105,3.58131256904455,0.0067281638428685,0.0056235029547553,17414.0634481768,16103.8364756684,306
0.484,5.8852763677134,0.0112947762669968,0.0085943462693169,18803.4904106262,19223.1425188971,307
0.302,3.7067021046974,0.122395851713247,0.0986065432989501,1038.47927004842,1135.0236894258,308
0.432,6.58352997457821,0.0299168357964354,0.0279246641479941,8384.08812905265,7206.62373948717,309
0.2985,2.33670127437471,0.0325037731893511,0.0113777421453099,2497.35030566039,5434.26176358755,310
0.2865,3.26096785796284,0.102940848230331,0.0768702128531344,1060.01452168573,1260.76244137121,311
0.2715,4.36752102754259,0.070565820680779,0.0567655010459233,2215.96468297239,2314.48676860051,312
0.307,4.69634161817927,0.0224837889316525,0.0182592473879367,7637.15118639082,7418.45849211145,313
0.357,5.48749417805297,0.0565920244730613,0.0438859337514893,3547.25820047301,3807.01092231391,314
0.2665,2.28094497010456,0.0124020381074235,0.0102397863043081,6133.22911581075,5768.60574229219,315
0.454,11.3781586688631,0.0685939121006332,0.0507057684303943,6035.32585761055,7002.06095991168,316
0.367,4.71771286472969,0.0110213982763271,0.00959926895521988,15200.2170064531,13799.3858797284,317
0.19,3.79202137919604,0.0543937384672618,0.0430050244275559,2426.41173073646,2502.48451443183,318
0.442,4.05117400143707,0.0245828397182455,0.0179957829875454,6079.81703247975,6627.97037463821,319
0.215,4.03106702038143,0.0395808877991995,0.0331595314122829,3758.42712074091,3587.68595919848,320
0.342,2.24333246007447,0.0110799644057421,0.00858957219844269,6914.2270429309,6856.98116825506,321
0.452,5.52101509167901,0.0262223986892349,0.0216328905656015,7923.53842243843,7630.68743823778,322
0.43,7.95549224702214,0.079927626759523,0.050354433352778,3473.65535311761,4853.10650638938,323
0.3255,3.57656335581487,0.0386313149786379,0.0283342255647326,3347.27051512137,3685.33696517631,324
0.3725,2.65682885736077,0.0156345678372773,0.0128001244199694,6130.53501421324,5877.06577350741,325
0.391,4.15839330185542,0.0367446922089834,0.00845317417282666,3895.1207842773,13408.909066746,326
0.3785,3.86419119794905,0.0153153020579387,0.00753306524182244,9062.37139550898,13597.5977751483,327
0.1625,2.70933620066733,0.0989148896903566,0.0896580359349371,975.544699688086,881.600097176671,328
0.4435,3.55465234476508,0.0117499828830893,0.00942746272231447,10818.7908688103,10536.5276961538,329
0.246,4.21415997380076,0.0248458712967463,0.0224753372635655,6004.04086094709,5272.73342205001,330
0.1515,3.51937013705038,0.0751882170641716,0.0717243813959497,1668.84871984218,1412.01751861231,331
0.3395,3.09202828230975,0.0150595567010029,0.0139579332494414,7162.58116046322,6159.25947018057,332
0.424,6.16302758857832,0.075516115436431,0.0455367321661987,2730.81886773883,4188.80287859745,333
0.128,2.81204246326017,0.100676144781142,0.089294765306721,984.059293740826,905.172697104932,334
0.4665,5.26702333483579,0.00717673796972938,0.00595797747742016,25293.6405180739,23655.450438037,335
0.3995,5.43297743923538,0.0539601692689215,0.0350972679757958,3608.58273222206,4716.14970636399,336
0.307,5.60433187973953,0.0683428397357729,0.0624449042786769,3018.16703353817,2676.57001116176,337
0.342,4.82142668198543,0.00909151932549576,0.00783941801877826,18018.3840344904,16266.9168980548,338
0.2455,4.41101590030019,0.0503569654643801,0.0451684758820809,3258.68421643842,2916.19478397412,339
0.2845,3.58418444800875,0.033156405891318,0.0301631511818483,3973.58238898998,3479.60503974063,340
0.378,4.40397202048842,0.0912854805309141,0.0803495017413209,1743.26580315818,1655.48324983517,341
0.233,2.97530123911442,0.0920578137534726,0.0789078088780328,1176.58947276973,1128.67668088771,342
0.45,7.87428361951534,0.0374798984422049,0.034379662761786,7986.38255669708,6973.69302602958,343
0.222,3.588010635113,0.0756299546166067,0.0662936508078213,1718.43131239371,1608.08697869138,344
0.22,4.69888102086212,0.0333950873852555,0.0253456502081594,5059.51218324866,5309.37559757501,345
0.4275,6.30189260421479,0.0130042457635022,0.0112288839415445,17509.3090560628,15957.1655482408,346
0.2235,4.20094167586207,0.05448830463622,0.048889536939366,2798.08564308652,2535.55060062087,347
0.385,3.79754467367092,0.0675986720599583,0.0522065925330582,2057.22130344269,2217.05716495113,348
0.354,3.67096348729597,0.0351946694443704,0.0299300421560979,3908.75056549864,3675.87427156418,349
0.4415,5.02342016301248,0.0360922432461546,0.0314065890457985,5231.44710263357,4840.66061744283,350
0.404,3.73666834491848,0.027068285640401,0.00938690299807082,4970.53981964879,11104.6746814952,351
0.3515,4.05284708135009,0.0145690326874395,0.00853664878114266,9969.44343833792,12852.1449984086,352
0.333,4.83828931268311,0.0143026997855748,0.0130434011291048,11927.9064759707,10356.3245535188,353
0.252,4.39956354297817,0.0143285646938449,0.0135779295918229,10701.1335401618,8980.06988336158,354
0.186,2.30638586242155,0.0264467200490549,0.0218495064095167,3077.87265738489,2929.29088130413,355
0.457,7.10725482678366,0.015890941365784,0.0128293500016768,16531.6044755819,16124.722436657,356
0.305,3.98177330725183,0.0295801932214016,0.0261627926047764,4919.0852801166,4449.75691358719,357
0.2095,3.34502536827916,0.0867237464142073,0.0717907395447295,1429.67216095639,1441.59058181434,358
0.2725,4.32964976770057,0.030032991493084,0.0229579454333265,5283.72222311387,5511.39316058919,359
0.43,6.1145020730853,0.033351205965453,0.0294606090437391,6951.71517273544,6318.09318508401,360
0.289,4.62983988527953,0.0493794803620472,0.0385650541418074,3447.75876667836,3558.13150050678,361
0.1985,2.38161201105008,0.0720950377637524,0.0628854088958192,1166.57196392718,1098.1471879355,362
0.4025,4.59900248414918,0.0178628741588736,0.0169535241885763,9393.33768605869,7845.13565922889,363
0.4425,8.64848045384104,0.0543389913353312,0.0403556636284195,5925.77244008586,6622.15868506955,364
0.2795,3.28869685170746,0.0815876850246913,0.0595167572294999,1445.69945227909,1689.89572705574,365
0.28,4.41417161118964,0.0195325447855346,0.0175391873188032,8054.54553948241,7119.89859378169,366
0.3825,4.88666058723399,0.0637062618321737,0.0488130321561756,2739.26422674044,3051.44227202964,367
0.362,3.65423618278062,0.0674256044505885,0.0559794382622305,2012.20377111494,1986.38774067492,368
0.466,6.47910380717892,0.00854038677216311,0.00699537613344911,26790.9741166359,25442.8223951837,369
0.357,5.16256744667897,0.0274463525472434,0.0244580213575159,7049.2781896035,6293.81409226003,370
0.0785,2.23254319857924,0.0645804635314312,0.0570867440788713,1214.28718322035,1091.06796996375,371
0.2675,2.16495043428458,0.0125847580146369,0.0109211456183007,5713.27819603284,5143.68001490779,372
0.3535,5.01939425976939,0.0347289637762386,0.0240159001153382,5338.04064579927,6154.89867705059,373
0.3035,4.8749761216017,0.0414844084003352,0.0377849267909797,4359.62446481463,3811.13822390439,374
0.4065,4.3640753584418,0.0786614570801508,0.064974393864374,2035.73022385505,2058.55039716122,375
0.258,4.21665540163409,0.0394419410317672,0.0316313812316425,3965.85497474733,3991.218231592,376
0.308,4.22277266098021,0.0752238068197859,0.0638670959459089,2025.93815989984,2004.15066277096,377
0.2155,3.19883517183797,0.0584829995153325,0.0510310477425226,1967.16658039184,1827.32822786912,378
0.3355,5.2451372536556,0.102862811562736,0.0867974229816411,1806.46708612861,1840.80306792363,379
0.459,7.225500376523,0.0135937137356351,0.0083120412057565,19473.2317818766,24495.8611496862,380
0.272,3.35131960125954,0.0145293140822636,0.00961867372691471,7824.96644387464,8900.24627247625,381
0.4715,11.3680563735339,0.0149914154530524,0.00968398275061557,28222.7185741174,33934.5585292685,382
0.2265,3.18877595954572,0.0561843285904961,0.0504589954049909,2078.31165842453,1874.65384828753,383
0.4375,4.73303916207206,0.00934183772091592,0.00710246121171518,17709.1031478721,17976.5331207997,384
0.2775,3.41950355340758,0.0229013771530763,0.0102438361671445,5358.35549026809,8988.70529412142,385
0.4505,10.7017003105736,0.121495258605905,0.0691293867976053,2670.55665518541,4684.14315819072,386
0.459,8.17562585806951,0.0335120571608217,0.0277137995178,9269.74042269636,8973.07862691271,387
0.444,4.68830037050789,0.0184200309853667,0.00729637918036346,9208.90680105167,17340.1375505663,388
0.2525,2.08945903803578,0.0611379773196581,0.0494264399608184,1259.27071354612,1248.07479689864,389
0.2235,3.40652959969424,0.145185199748026,0.121052160178343,764.24319951896,820.237115085095,390
0.4105,5.52781312330691,0.0327879455989179,0.0257268569510939,6274.15372359387,6410.8986251582,391
0.148,2.21433579281754,0.10017641171288,0.0894377707142483,763.143147921582,692.836086645304,392
0.354,4.64184522241765,0.0295403425871597,0.0268122318727989,5773.94483957678,5068.23108591937,393
0.35,2.14393845551892,0.0307788731074109,0.00972325687095531,2478.49143169373,5878.72948755995,394
0.1945,3.15899177138751,0.102393977910136,0.0913086539134165,1082.15244178978,1014.1332800803,395
0.2385,3.07358597217279,0.0124706199600115,0.0108618788127978,8132.12692150728,7240.33531690141,396
0.451,9.10820557911394,0.0712991682153805,0.0490184570595044,4638.51252495459,5756.13487532217,397
0.4115,5.65405272677602,0.0211437881655814,0.0182396643192376,9909.10832540909,9120.13651991639,398
0.4275,7.2969734994956,0.0414057171115478,0.037405789438741,6748.36217854647,6018.44854946098,399
0.1575,3.96372898108081,0.0650624825554829,0.0601228881015377,2205.9105262186,1949.38503171955,400
0.3505,5.78463468594633,0.0144871461347148,0.0103335380692411,14308.94160394,15407.8729643681,401
0.405,3.44033013271734,0.00801103416879267,0.00703972211527059,14532.7200573236,12955.9871660546,402
0.4225,4.91847802163143,0.0328011911581738,0.0300744158230379,5643.39929715374,4930.91738902035,403
0.22,3.41505802425462,0.0342002586477824,0.0293614956501922,3609.64590848271,3361.8620223623,404
0.281,3.84137248351991,0.0112071001671643,0.00890960223321008,11490.4338450447,11054.6483797276,405
0.4585,9.15847635903481,0.0517639424330283,0.0436903236575434,6765.92250084014,6499.5248876181,406
0.312,3.07813282068558,0.0283831075683873,0.0220116375951926,3953.74104534905,4051.09906462213,407
0.1935,3.97593619244698,0.0882704923199191,0.0769664318737738,1615.88708302618,1523.18695329881,408
0.437,6.30292815242536,0.0103082975342013,0.00890488168033711,21623.8857655294,19644.6139416219,409
0.4445,8.24172113887422,0.0636485183805225,0.0386801141707203,4567.23360969073,6600.10708056674,410
0.3625,2.3987511299911,0.00811328368295345,0.00656603112138092,9686.46012753812,9172.36227160909,411
0.2985,3.61540243310898,0.0194238496695879,0.00979812049753845,6628.69894404503,9779.20820491722,412
0.469,9.23282933200121,0.0313467363756618,0.0298589711573516,11241.9771864549,9416.50363414156,413
0.4335,6.88714034683187,0.0274191302911484,0.0214891052907124,9387.17245284221,9518.88848825904,414
0.361,4.06332939972327,0.0193087760857882,0.0146026936114561,7604.67479160082,7904.06487181315,415
0.375,3.01875728550261,0.0363179374231902,0.0315089301051461,3077.51068217838,2835.1019017305,416
0.386,2.64577093764142,0.0113466903613066,0.00961899358646879,8096.89103610717,7447.17424985277,417
0.311,4.33058016489349,0.0252495344353453,0.0238987493484405,6256.56524776661,5278.34106246774,418
0.299,2.55624984477845,0.073463372153215,0.0680357255506787,1271.52695418849,1094.17106663591,419
0.221,1.93285361442782,0.0835609350794804,0.0720531957638277,843.823143294895,795.809216575314,420
0.3095,3.27276065629894,0.123428720280725,0.10273024376303,927.902478900113,958.618175908329,421
0.252,1.9837287971713,0.0828304922085144,0.0392020633952827,815.870537259653,1466.5895820543,422
0.3635,4.38352857697922,0.0524661347790866,0.0478849809457263,3093.76663815237,2745.53533023855,423
0.231,3.99249215120141,0.0594104562849361,0.0485690333658005,2489.68070447373,2519.41230820223,424
0.2075,4.1554568657073,0.0386726583004331,0.0319512988842903,3968.22264142448,3852.49106994535,425
0.4195,3.3871054569275,0.00880127798404446,0.00445971504745991,13200.4903251337,18501.0231508156,426
0.318,4.41821044975406,0.0234743978595231,0.0124002135966523,6713.29590686319,9790.40143574807,427
0.267,4.46024086762385,0.0323094093951464,0.0279867265867849,5108.08135833832,4729.08275145928,428
0.375,5.28034903369746,0.06424420306354,0.0384217619906308,2858.39606589052,4183.07388232927,429
0.418,4.98251622175848,0.0466627169481901,0.0385926174276978,3982.87496671612,3926.7307269829,430
0.4125,5.57415124850932,0.044038757497832,0.0232383572067086,4549.31127907641,7189.76241788409,431
0.311,3.33192491560776,0.0937295674457562,0.062534851162328,1171.55610971056,1587.60387793311,432
0.218,3.83852065696246,0.110310198004261,0.079632599095549,1128.32054298741,1417.91419738154,433
0.2685,5.04936704863689,0.0361067030296982,0.0342411447855735,5229.15423602087,4404.87335890013,434
0.3835,5.62238207485489,0.0348680816774212,0.0324280355000389,6074.3325870085,5237.15847617008,435
0.463,11.0454230400543,0.0379735398291137,0.0317855968251987,11186.9698260299,10786.1686559321,436
0.325,2.15660273981607,0.0245036364692186,0.0215397613614731,3160.42216497939,2856.49053298576,437
0.359,5.01874144197303,0.031475372762551,0.0221824885461346,5874.25165465562,6612.11560234383,438
0.483,12.3026654398296,0.0344596808746871,0.0291000650600159,13770.1709883124,13101.0490591081,439
0.377,3.72665477836833,0.0152412636417389,0.0127383192459365,8761.95248777032,8239.17756533827,440
0.381,5.04779455942866,0.0280406909170214,0.0246344211566136,6745.5243700497,6135.20199088357,441
0.3405,2.18513737877028,0.00752386843568791,0.00638682109180033,9335.28425650026,8508.98063922001,442
0.207,4.32378687578005,0.0602197256249214,0.048941535834068,2548.64363368546,2525.9481615237,443
0.24,2.47920386869276,0.0191505607070225,0.0151041570864975,4479.95726596863,4424.44936791346,444
0.4315,4.75857363358702,0.0099977151285377,0.00871480637051361,16619.7040317803,15040.8696834778,445
0.4245,4.60431210391524,0.00969449627685788,0.00868761715283406,16402.7840552035,14446.8234240418,446
0.4555,9.75452864580668,0.0115384847837757,0.00845548918151949,30938.3835813501,32740.8781026345,447
0.3925,4.54433822518626,0.028613539271724,0.0257490329887275,5953.18837283972,5272.45743985523,448
0.2285,2.18163001865872,0.034942357558197,0.0225032272422241,2227.98851279057,2714.21038020242,449
0.422,3.56285954306544,0.0124109595489384,0.0107208943467809,10176.1464861157,9322.30411325899,450
0.418,5.57989219129062,0.0163204122268221,0.0147919356638489,12507.0755842452,10941.1470299916,451
0.4485,7.26269104471706,0.0163490754221821,0.0142143874537677,16439.0305045356,14994.4990542436,452
0.4625,7.05167507523787,0.0504057188211997,0.0363677198314903,5215.46168876609,5840.16055816447,453
0.3905,5.42099614641455,0.0202507056065089,0.0194598784643731,9912.26676855025,8236.43700046791,454
0.422,3.64857517506499,0.0134710140282058,0.00957571624338124,9745.04633540964,10620.1784652337,455
0.415,8.70118654117969,0.0476758225211542,0.0365620762051248,6874.23243993552,7272.11878234111,456
0.2105,2.26979551963059,0.0160274385365543,0.0135518880289732,4766.68336370532,4363.9858447807,457
0.4545,5.89375664636062,0.0494272984740736,0.0396899254321691,4476.16524513533,4564.49835508698,458
0.464,7.70999748133911,0.0471948157553433,0.0428020450510708,6242.07578753253,5528.31278557974,459
0.4415,4.86102513708919,0.0176578302956073,0.00797995236959824,10048.442873864,16790.288729973,460
0.359,4.20947009114114,0.00909685676252841,0.00803495355248794,15589.8518412738,13862.7715350339,461
0.367,4.42184838536763,0.0504371183880163,0.0396846057854892,3259.20508833884,3376.4702357365,462
0.3275,4.69986205349868,0.0343959732601176,0.0312654227914302,5096.93716304475,4485.64215734387,463
0.3595,2.6247410481103,0.0143125225464134,0.0111872943591574,6479.74121672111,6455.80543029838,464
0.3495,5.17759492838553,0.0453878101082144,0.0373115256866306,4247.09006676116,4136.57974578549,465
0.4125,3.99056820934578,0.0172800507568222,0.00855766582884117,8437.19224810126,12827.2352997366,466
0.22,3.83867755113396,0.055996648333481,0.0512054964037477,2532.57072092188,2243.12817740957,467
0.4305,5.03745193008609,0.0123614262816943,0.00888888717463242,14692.023826623,15789.4439563945,468
0.466,6.29699654365262,0.0228486088175865,0.0189259394636182,10369.3445503213,9951.81767823161,469
0.4545,7.38729897305221,0.0551840822911315,0.0493170355087372,5102.69404394554,4610.40612407951,470
0.281,4.48119463928347,0.0260971476744838,0.0237751166116855,6245.6460777555,5453.08445177938,471
0.467,6.18452718610526,0.0209394473374686,0.00746495566309163,10815.0468066717,22933.3371850885,472
0.392,3.77544038832472,0.0446391161683237,0.0359694763795586,3136.31950920399,3114.64321290892,473
0.4795,10.5213615368884,0.0606234001012298,0.0429079271484985,6479.07468989084,7406.25618077049,474
0.3695,5.11038639667668,0.0170309009942982,0.0144697389612118,10952.063177055,10176.0037564875,475
0.44,8.9397842525481,0.0555399761472268,0.0267352566782549,5641.71338210636,10246.0167753774,476
0.2265,4.66189285125113,0.0711860249538424,0.0625453006709996,2362.96549509224,2198.09793093725,477
0.3115,3.5766111510187,0.0101690378309678,0.00918479269619958,11793.7209220893,10239.5262720731,478
0.286,4.64941742046879,0.0262579300858424,0.0242663731736333,6508.3113726883,5631.63430667596,479
0.1775,2.15749625132794,0.023996548761805,0.0205468218043968,3012.74698457858,2736.53501169683,480
0.3345,5.02994181067274,0.0402893621064877,0.0308050997554634,4611.85703997483,4903.54165226686,481
0.3725,5.09076223184925,0.0621436984706435,0.0412845937017534,2906.24778536966,3755.60416133571,482
0.453,5.29324420455818,0.01564979845683,0.0127441304164046,12450.7669794309,12056.006767116,483
0.445,6.04715569562594,0.0198773586661259,0.0170520172588297,11316.8655669577,10410.2589986004,484
0.4485,6.14379360066893,0.0129278338799152,0.0112344276476511,17413.0295461973,15779.0078956587,485
0.375,6.20664583551097,0.0233204387094912,0.0212293409333804,9868.19244841027,8643.14069279474,486
0.3385,5.32757117785577,0.0326853046636968,0.0289892720385892,6031.84229595741,5449.30844654392,487
0.4375,4.40135677875609,0.0293470898979546,0.0256355414035507,5639.57800563374,5153.46454541629,488
0.1855,1.95294052034444,0.0180668177056927,0.0152754701204081,3577.89072426938,3319.48113453649,489
0.452,8.20780015999872,0.0332868877627039,0.0299306575183202,9401.978959227,8384.93606176882,490
0.243,1.69406832743996,0.0224075345649652,0.0151032147157113,2660.99804783288,3059.01221206925,491
0.187,3.44983366635648,0.0744158528381673,0.0684164168448177,1663.48904815,1453.08918736449,492
0.445,6.01095211367448,0.00841080546905785,0.00623973182875909,25006.497664205,25808.6377630466,493
0.2885,4.69613947662739,0.0180312975808566,0.0167289716911049,9162.84030585621,7857.6842608611,494
0.1515,2.15899595365954,0.123937791637262,0.105994283744382,601.580392965856,584.900445557082,495
0.4635,5.31754435072932,0.0124947626149354,0.00772699819038082,15458.4339855219,18971.3496180565,496
0.401,2.90352599821629,0.0123460378686762,0.0114458356785645,8265.67475330018,7070.50281519138,497
0.347,4.54953686888844,0.0346549238939381,0.032084616113578,4882.03626770079,4248.98478890536,498
0.375,4.08162217833957,0.0365630660393496,0.0276285140724038,4148.81036842661,4417.25153738955,499
0.396,4.4280898912785,0.0129918455792262,0.00821911431975719,12309.22820493,14794.6757560664,500
0.446,5.12692504106072,0.0168728834869463,0.0145416195070077,11107.4789397,10234.5883668194,501
0.45,14.5531373635535,0.0368685272967803,0.0320967589390352,15149.1423805952,13959.7475616969,502
0.1715,2.71891397144815,0.108614329057476,0.0915231711995525,850.394259999679,849.057569221081,503
0.397,4.52198337031737,0.051509230288001,0.0290898855613581,3143.68705933484,4639.38288159341,504
0.33,4.2019156152303,0.0282069309567125,0.0223423733995313,5439.56379593687,5406.98342125007,505
0.1705,3.26144526379385,0.078749345517387,0.0678719363220755,1473.95737746529,1385.85918430236,506
0.4405,4.70873904768992,0.0277371290352382,0.0250672452739171,6378.08003567904,5641.49874241019,507
0.437,7.10495093262166,0.0331333773583806,0.00900779317629306,7612.8934203043,22257.5641155859,508
0.4465,4.92789551298854,0.00971300425723833,0.00552967607824762,17999.8277818705,23302.9883434664,509
0.124,2.72951954677781,0.132809804073179,0.109686206041476,688.792734747003,721.017905505461,510
0.223,2.35909524327445,0.0277386551329631,0.0221967169953214,3016.41197470963,2953.25652005901,511
0.262,3.2666159276505,0.114494061722181,0.0989249649377801,1001.45155519161,977.622633022158,512
0.286,5.05004311409716,0.0244519524601749,0.021824713600342,7507.3128868643,6659.43822504042,513
0.442,7.03426676970005,0.0108709241093243,0.00894378614323544,23157.4495761477,22038.178805321,514
0.4,3.16870217687786,0.0147195649335244,0.00971260556456687,7690.26012153073,8993.84467376162,515
0.2365,4.08020999332204,0.084390006962086,0.0651555655534799,1673.80445503039,1802.73582017823,516
0.1785,4.90862285710152,0.0332187620205034,0.0252920034528927,5284.57524341895,5469.10021233735,517
0.413,5.71523660832111,0.0664370762759779,0.0581201139369436,3225.48252400781,3032.32581936148,518
0.256,3.39652635624225,0.0582580896935177,0.0494725254044731,2102.88236072665,1995.36517696634,519
0.4305,4.65571062205052,0.0214702234417752,0.0188089554537488,8094.54444090444,7326.94428219229,520
0.4175,6.66547912503051,0.0216411836790644,0.0199848877943267,11463.2071836134,9860.02924474589,521
0.3905,3.81425965247491,0.00855289706597127,0.00555381394237786,15279.5793881521,17510.7790194089,522
0.4665,6.57799085597306,0.0100589791935428,0.00809134680352949,23395.3995159301,22663.9039620963,523
0.161,4.5823713131646,0.109009034149836,0.0786802351536263,1369.71456621095,1661.70229676407,524
0.4395,4.78809871420137,0.0512135973612768,0.0429768404214653,3485.57068655003,3346.6343292943,525
0.2635,3.71095926503119,0.0815048507138662,0.069053462559602,1675.72333848664,1628.44904428761,526
0.3475,3.81141550902937,0.0293708869968463,0.0243342838013551,4759.58653299675,4575.35335185305,527
0.322,2.70954107452733,0.0174945203916386,0.0138602734003036,5545.34027749251,5446.69919379602,528
0.476,12.9389367329662,0.108431010441331,0.0686812637941543,3692.19868859869,5839.36037249102,529
0.4095,3.18183221587243,0.0220402753414309,0.0123538380667373,5294.94114935028,7317.29068432333,530
0.1495,3.70793131992551,0.0816337104013898,0.0727463489732931,1648.97864816903,1494.14431158087,531
0.1365,3.03242544028672,0.071461610026609,0.0663604181475562,1576.4721559378,1355.76677573096,532
0.4235,4.04696259179573,0.0133755238750819,0.00551627435783678,10772.8368709973,18787.7207034684,533
0.454,10.7650100424988,0.03232968286852,0.0307593273834562,12688.5111454407,10607.7103111506,534
0.409,6.95161375486345,0.0137310984619555,0.00945419198125732,18318.2820589691,20519.8042542983,535
0.4535,10.760684698012,0.0389975941117423,0.030112165109745,10445.4515259787,10827.6784367414,536
0.359,4.55662774995484,0.0401332726383019,0.0378496627993445,4220.14115778002,3578.13582615955,537
0.401,4.73142528216511,0.0226021489003033,0.0207338699185413,7710.4955820878,6672.67253597823,538
0.43,3.75777512853399,0.010169187089311,0.00715958931414234,12960.7757883027,14065.9449706594,539
0.4415,4.56937376665807,0.0151270287207442,0.0130284398550944,11085.0072088859,10157.5349196669,540
0.2555,4.84688726377137,0.0461285605894103,0.0423771679323582,3854.48507541667,3357.95752560387,541
0.434,5.96046828211435,0.0270240274218585,0.0223588474919575,8266.41266722157,7989.35554922598,542
0.173,2.45721503808215,0.0249956232556597,0.0232911443274136,3419.89722468772,2892.22452249989,543
0.1705,3.51354305928811,0.063566254480975,0.0565426995395428,1997.01422560876,1830.7172500514,544
0.4685,6.80360005393513,0.0109185737856539,0.00916764308761416,22587.6799248059,21063.2542532374,545
0.449,9.87902318765135,0.0320257591111524,0.0109024123077436,11220.2419644491,26316.7326189648,546
0.297,4.36528418062519,0.0351007704939519,0.0325599850953972,4544.41800110094,3927.75936931662,547
0.367,5.63692934259616,0.0492519500597946,0.0324493236730967,4105.34164559221,5207.6193931526,548
0.404,4.77773282882336,0.0486004495624383,0.04178317978066,3708.71745332988,3475.65272288828,549
0.4295,5.73802643782233,0.0251227863116414,0.0224679011940051,8623.15727052874,7675.55893914565,550
0.187,4.68763680546369,0.0381583938722689,0.035196353976323,4388.78587345026,3788.68828267158,551
0.3555,4.62213996174154,0.0899689200308155,0.059588400082617,1643.81835360021,2364.33116980725,552
0.372,2.75762192548996,0.0125989177623015,0.0098310319884319,7588.31455692281,7583.23400527572,553
0.3275,2.09526918838105,0.0101227528666128,0.00867549323013775,6801.30807043612,6162.26180023915,554
0.45,7.88187432415641,0.0112452161211983,0.00901057866877529,25478.1314155449,24812.4555073107,555
0.411,2.82094475561602,0.0213091456511931,0.0177447137422433,4814.87354004015,4546.21457680067,556
0.2965,3.0130114130851,0.0913265915995514,0.0758565983067618,1180.50502641674,1205.01810936275,557
0.3695,6.07038182305598,0.0646447806981419,0.0348646861287645,3220.50284484903,5194.01268455224,558
0.2755,4.01211170763785,0.109364006993078,0.0734654968242345,1067.69336484186,1655.66543206604,559
0.271,4.85970679473728,0.0416156889759637,0.0370544526730006,4356.52980326346,3929.01106367472,560
0.442,7.44380954763611,0.0346822691264038,0.031586010036916,8189.15915862961,7209.12043878512,561
0.404,3.27931081320344,0.0119947369289016,0.00778097973211558,9812.3764586198,11471.8855265777,562
0.415,4.82840221892685,0.047111916619349,0.0366307958394472,3841.17642224507,3984.07054652733,563
0.182,1.69360940617473,0.0266177769084091,0.0224571995073993,2150.20636170944,1996.0749163984,564
0.433,5.20830972488209,0.0169615228800156,0.0116471425866189,11288.00955466,12837.1430546488,565
0.441,5.86876956409436,0.0407870031235661,0.0315709978976433,5414.82387045776,5618.90039591369,566
0.2005,1.64174216509122,0.0170530774224229,0.0120341621785914,3222.40452222611,3462.1983858451,567
0.3845,4.29818456259313,0.0174591514434292,0.0147473848826238,8946.95209855216,8361.26167322487,568
0.4375,4.67859683872722,0.0109580507632397,0.00849744057599371,15313.0790280252,15299.5387027059,569
0.292,2.95242431183939,0.0312317116310271,0.0295773600646448,3497.56613304438,2933.9009090844,570
0.4215,4.25149573019075,0.00995485882109914,0.00794838467782679,14908.2614315413,14496.3811633942,571
0.454,9.82648215409802,0.0309261523379696,0.0287753830413219,12076.7673676945,10335.858121311,572
0.355,3.7784610134906,0.0112893904692826,0.00952455918532563,11754.1857949874,10935.6954003412,573
0.426,7.88477423558624,0.112074598160839,0.0671106304668416,1906.54379341018,3662.42577662131,574
0.208,3.41430654127984,0.0672874892015496,0.0604081867902924,1841.79252166907,1693.26297395942,575
0.3025,5.64855557529056,0.0484395316998098,0.0447879055728497,4364.91465545029,3820.7720901713,576
0.4615,5.0676738651365,0.00786268535898202,0.00674900783060497,22376.7399474401,20389.3199457438,577
0.341,3.1550623799414,0.0187507388025515,0.00912909694504668,6008.97970574992,9349.67951803849,578
0.44,5.02574040408543,0.0287379196404078,0.0257057927371757,6573.21798164106,5859.50923390402,579
0.29,4.31113577873992,0.0667486014286347,0.0549684062406602,2289.95572926833,2350.03722028979,580
0.19,3.11203241642795,0.0542745921796852,0.050395738411928,2022.58329321605,1744.72023811758,581
0.355,4.76070601592471,0.0163434428695413,0.0152766037851514,10565.6145125732,8966.92224988858,582
0.1485,4.77473318845864,0.0446011109934822,0.0403647777905293,3742.9004361985,3299.63146709564,583
0.2095,3.39339754226147,0.0364523888578573,0.0350188298731501,3469.19910624434,2881.84375735047,584
0.3655,4.55179680208404,0.0430628684910229,0.0263234362305963,3838.41523544178,5102.84067823777,585
0.4695,5.96497734204127,0.0144078346281868,0.00746952413805342,15077.9174817045,22045.320886091,586
0.4545,6.98382556292101,0.101097197089439,0.0665732362725906,2131.58845374007,3270.80174150936,587
0.312,4.98727460522386,0.0579575157476732,0.0354831525235014,3027.757485546,4201.22788205495,588
0.4555,12.0110041154791,0.062119269879789,0.044350263426049,7149.91044412178,8379.12045115767,589
0.335,3.40972137565478,0.059579722905077,0.0538613673975301,2134.35870948945,1911.70329163194,590
0.463,9.24852536611496,0.0568260312606911,0.0537731300467807,6246.05805712947,5304.1409426051,591
0.398,6.04407313557047,0.00982000092918779,0.00750716729635175,21489.9701255264,21554.3047971886,592
0.15,2.63501153348964,0.129642448799225,0.105668380290336,705.976580662279,722.505959085836,593
0.4705,6.36203295135226,0.0349659365922117,0.0138229388920586,6614.92381837005,13562.3014984641,594
0.3045,4.17804587168493,0.0109585882849705,0.00989182482663013,13161.5867383904,11506.7162659643,595
0.1925,4.46469962518876,0.0932671499792469,0.0730232039666311,1683.1200958316,1827.58332558023,596
0.383,7.1539396514908,0.0304480522949508,0.0292608613364651,8862.23656338893,7372.89588921507,597
0.2205,2.94402873838675,0.12575024644776,0.0979983022978811,731.952160785319,882.86550514719,598
0.258,4.46988387821439,0.0944006734439598,0.0845559263219857,1670.14365699867,1578.3816468011,599
0.427,3.88009528806102,0.0350917907968532,0.0282800257436784,4150.19473537584,4097.7260378779,600
0.3205,4.30922906614182,0.0925179125650348,0.0571814846408117,1454.49366562556,2290.9431300055,601
0.427,5.86353025725283,0.0226906730385604,0.0208058808958653,9644.7555335169,8344.67252208473,602
0.165,3.70149132596312,0.121967811012677,0.0876968616244419,935.778955895289,1230.86028125575,603
0.141,3.43459380199883,0.0626171482091004,0.0580396698905841,1944.48382857889,1699.0349625172,604
0.404,3.64439394014891,0.0138176906581328,0.00998779620835368,9578.05357989154,10258.1289800957,605
0.35,2.43452162349691,0.041349277161246,0.0287649802468738,2148.63850359849,2470.67587106298,606
0.2125,3.66670547575556,0.0329080864556473,0.0260175913914547,4072.93853648236,4027.78275698694,607
0.471,7.2569669634674,0.0114771630211935,0.00782143166004202,22947.0255776032,25914.4939184707,608
0.382,2.82435866817401,0.00720344474634028,0.00456875572549469,12784.9226164395,14592.3746338884,609
0.353,6.12914996166212,0.0250782641886406,0.0229707299952131,9015.55012901444,7867.28922546875,610
0.172,3.42125339559564,0.0586853103956385,0.0560999406214515,2125.2691185321,1776.62980266507,611
0.399,3.07628435181318,0.0255742222159306,0.0127882649680378,4400.68331171293,6828.57872128248,612
0.3605,2.56064806978547,0.0200015702655066,0.00783640569553237,4571.08059171022,8530.57503355705,613
0.325,4.44649460461278,0.0810988223444298,0.0695759367861933,2002.92378726426,1938.11705805683,614
0.2445,2.62403781765374,0.0155443047897745,0.0136743134602699,5829.44631020423,5213.78441635071,615
0.2755,2.27509852286375,0.0458423690004285,0.0389006827912399,1795.16455315176,1693.16822495708,616
0.2895,4.12888064622788,0.0684642389556404,0.0499864475320897,2055.32179914166,2464.34371901258,617
0.247,4.13136710243263,0.042797094760805,0.0343539019356109,3512.98045524859,3495.36078480887,618
0.333,3.9082665538043,0.115878994263072,0.0728332267515068,945.695036127644,1623.11792763695,619
0.301,5.6300208879252,0.0810923808857812,0.0668484859442994,2463.65849550181,2541.90230027813,620
0.3425,4.91575632097552,0.0220781486343644,0.0206628351824297,8119.83125073174,6916.56248576163,621
0.351,6.32681273961864,0.0722572084390609,0.0554027418350188,3169.41876337376,3448.03797893533,622
0.459,6.85142022743424,0.0238598303957577,0.0094139686309667,10569.6338396542,20702.1338718421,623
0.33,5.55857626514459,0.0257570853122307,0.0243820678804675,7911.43687438886,6639.96890747419,624
0.2035,2.37862362190305,0.0750147192335042,0.0642858920140769,1140.39455539208,1081.17109142887,625
0.471,5.69521810077939,0.0142863676861294,0.00972292003961872,14589.2870575989,16647.9242567261,626
0.201,2.72445554940145,0.0663406824856268,0.0624382175250906,1479.44883537975,1275.74561564276,627
0.246,4.91360089188845,0.0531980725602368,0.0487791742326951,3378.72614414403,2980.32087239944,628
0.2045,4.39898035197106,0.0640734545495005,0.0462176888092051,2467.21984442974,2864.26080120576,629
0.462,7.70145720184091,0.0237381052705524,0.0207262731378688,12257.3847762207,11154.864146145,630
0.432,3.91278024779105,0.0092865470339294,0.00802935791753107,14752.0826230646,13374.2703339145,631
0.302,3.18463466383813,0.0302024948106669,0.0279156780146742,3850.02703915406,3319.8210143919,632
0.451,4.68186200951556,0.0111997385452108,0.00640039566163498,14897.9738634659,19622.8044749011,633
0.287,3.40637577090392,0.091895263347628,0.0726112200710399,1314.83833173729,1426.02388409112,634
0.416,3.4432094786546,0.0231330142012786,0.0129505156944718,5525.95816179565,7634.05101670413,635
0.2695,3.17276668682317,0.107918869287328,0.0814848753939631,965.018987207002,1156.82021319684,636
0.3665,2.61454690338184,0.00836480778017927,0.00546767980516972,10378.9670144174,11698.5332443079,637
0.1765,3.08766817765215,0.0629271893015041,0.0462425321902194,1775.33110167323,1988.24704977124,638
0.3995,3.89625188560339,0.0122624970267002,0.0106464199637066,11348.977959166,10303.8745702808,639
0.2505,3.07134957279929,0.0791976553257442,0.072421651497241,1407.00010387428,1254.01682082637,640
0.4105,6.48611020898923,0.0838423499487636,0.0663088358499261,2833.45589540903,2987.09927195348,641
0.396,2.89817745561965,0.020691036523052,0.0186250574483377,5103.00527264856,4520.58808594542,642
0.4365,5.07579753567898,0.00804153891422179,0.00676395239178776,21786.6816789347,20153.3085218209,643
0.455,8.99572185626468,0.0460912378201968,0.0394324603995324,7439.01647867758,7020.27469144404,644
0.447,9.55482862937569,0.0320546737234492,0.0298234014586862,11389.3940802169,9795.97090363246,645
0.401,4.98821697630832,0.0591826035799165,0.0507390256827306,3170.91945145344,3005.423383421,646
0.426,9.2800049406267,0.0403391847957003,0.0314850506179699,8700.18610599953,9044.23085462617,647
0.322,3.07656911082914,0.0857762025163732,0.0745308430703576,1293.95404011174,1232.13017469182,648
0.2665,4.52577166863748,0.0270881849677107,0.0239726908933934,6182.15844055125,5612.55408953587,649
0.401,3.22646525874749,0.00872076315718854,0.00725176823637685,12518.0167052513,11712.1051069666,650
0.4545,8.593173498946,0.0509725095713646,0.041059843603114,6354.55511462561,6450.27704529863,651
0.193,4.64606822639233,0.0314813939685084,0.0298983618635669,5301.72358244249,4457.82283260669,652
0.3185,3.92806565277981,0.0276528471972057,0.0242556548522462,5181.87329684407,4689.93776204068,653
0.373,4.32345286097678,0.00975136193051497,0.00682865299165368,15499.5328152682,16772.4899202908,654
0.4425,6.92326036448908,0.0296347629035193,0.0281626792132989,8900.39913424835,7503.76833648979,655
0.4605,9.09847050788056,0.0277259575020159,0.0129086559518884,12179.9360890805,20762.8921047123,656
0.326,4.09155871362246,0.0762925047453013,0.06115741424026,1902.93545067483,2005.19677355254,657
0.333,5.68351134343285,0.0379075150787782,0.0292744158481609,5542.75160645916,5777.65084080197,658
0.4515,7.84563105561374,0.0694987800857919,0.0474144149967797,3793.95571044853,5134.37177128864,659
0.172,2.15573004199012,0.0773321855657488,0.0665298408494154,1027.5035151671,961.393963617196,660
0.1595,3.47001318350895,0.096041258704057,0.0834294946449426,1247.04800770226,1195.13735199963,661
0.411,3.63925887911255,0.0103169461447771,0.00737728568816012,12317.0125451305,13122.4020251093,662
0.36,3.37454430359766,0.0953315257911839,0.0728892934676739,1213.74304884873,1402.67860853566,663
0.2985,4.33981782834288,0.0633859728105622,0.052987358407699,2472.49254263334,2444.3727212966,664
0.2805,2.28865392286818,0.0228954931592673,0.0216729738723699,3620.83024853877,3041.77114236663,665
0.448,6.0286612232861,0.0424151036192603,0.0357942895856205,5356.57038309289,5062.39278885357,666
0.345,4.39062655104017,0.01405735363647,0.0132818982063514,11272.4500297004,9465.67114132667,667
0.4755,13.0469736252435,0.0306297788472737,0.0266129038303188,16195.0549138261,14819.2433241353,668
0.466,11.7620880563965,0.0421205415168162,0.0362706975558686,10656.1678116132,10011.2603833754,669
0.4825,11.0098824085005,0.0545628028785923,0.0365875576594999,7471.30113031996,9259.62756664069,670
0.3125,4.59287309376188,0.0182434067815857,0.0140777698006894,9066.32548451925,9185.41592435312,671
0.4635,9.56216864409289,0.0427504673371052,0.0290423918573776,8420.02877143852,9994.48043770243,672
0.344,5.24707030253167,0.100014807172134,0.0687555125396127,1714.16135867408,2319.99145812774,673
0.4415,6.75303415763156,0.00951965260686442,0.00806138347127713,25369.1291596283,23469.529930455,674
0.4255,5.78726081902418,0.0563995653863656,0.0425409328147851,3806.69403406926,4134.24018154041,675
0.4105,4.60422111118576,0.00917026253081625,0.00765045888335676,17507.2844813877,16345.268065649,676
0.39,3.45719501084563,0.0106634679209172,0.00756257636280071,11308.8357613605,12167.4982871938,677
0.322,5.6969898974056,0.0278205522860955,0.0265897670784558,7666.07249639704,6385.73442813212,678
0.3265,4.96476028964872,0.0236116303998378,0.0201970831508101,7895.6780075305,7317.41058637127,679
0.333,4.08502537137327,0.034538002340997,0.0331672007203928,4382.15944351178,3648.25728023123,680
0.4325,3.81999473535174,0.0158573101873077,0.0142183537523391,8849.13920383119,7831.64775703753,681
0.2775,3.56530922097709,0.0265188947264501,0.0249519442187773,4782.8072815736,4043.05306503755,682
0.2065,3.99019072242977,0.0637290021471466,0.0487252061427493,2208.04907100029,2411.13765506375,683
0.291,4.84725547400591,0.0789215367223769,0.0656617675825229,2220.6173864923,2244.35611182573,684
0.19,3.67563633582775,0.0479502805160517,0.0454763013271743,2743.23350216106,2319.74184346731,685
0.4465,3.64071211055166,0.0121336519109632,0.00474132529772068,10692.9712323439,19300.288801413,686
0.36,4.21944805378528,0.021544629130856,0.00705092922327769,6886.16756054651,15359.10567593,687
0.442,7.31256975676145,0.0304653835414564,0.028338489142021,9142.59999846307,7865.07724749798,688
0.46,5.91181536294961,0.0168332385182776,0.00901742316729925,12941.5071296737,18608.3659363558,689
0.4565,11.4306229924315,0.051332654756469,0.0462839642913402,8506.95753967137,7592.87149119093,690
0.197,3.11222697317412,0.0641687585570814,0.0532599685117957,1730.05412176993,1675.9420129471,691
0.447,6.99484487562592,0.0786208493512763,0.0661937685829431,3301.81379022049,3224.03473086779,692
0.319,4.51198931036309,0.0300716622662411,0.0259067998186737,5545.92455460196,5175.65484262049,693
0.334,3.57391848573196,0.0117887389718264,0.0091021439954483,10466.7245397744,10443.7886885889,694
0.4385,4.51699828568426,0.0139900820457179,0.00843876651619033,11777.6327821598,14866.5035597857,695
0.4575,8.87189126318673,0.0355306672030408,0.0229474554812107,9413.75322199474,11745.6832647001,696
0.1215,2.24030533270224,0.119290596275729,0.0934341242881491,673.419213824205,702.742334779825,697
0.287,3.27633569893704,0.0476996149732145,0.0446714741691762,2546.91501194072,2179.36309367828,698
0.2495,3.68755796387518,0.0433217348748694,0.0217999574795277,2980.20964435415,4958.51221005545,699
0.263,5.34920354202136,0.0303011318560916,0.0231042991967196,6444.79990735446,6715.2707198127,700
0.4245,4.18576297191033,0.0193060965515786,0.00783221322305045,7886.45101831709,14514.6486330935,701
0.4515,8.01992868069306,0.117155923897413,0.0735161264573345,1948.83409186662,3396.10825753117,702
0.4005,3.22104834522266,0.0221152309395382,0.0122575303891354,5273.29281777518,7329.91574651023,703
0.4465,6.82568736913283,0.0384386074938141,0.0258615964473472,6628.04861632146,7957.1572985736,704
0.4135,5.88813531665885,0.00865753436753378,0.00671831172710481,23767.5125173834,23547.6126179416,705
0.3025,3.65209281944971,0.0281412479244747,0.026732494375392,4733.17126513909,3980.07342528776,706
0.288,3.72071943836888,0.0487561483750895,0.0443004715199774,2831.31689274078,2516.6152636759,707
0.217,3.3653809083957,0.122478654202731,0.106339259296097,953.437640548617,941.60960859152,708
0.296,3.7397429150594,0.0334976604094861,0.0313218488624818,4123.63038842942,3503.50492365934,709
0.349,4.53938584399162,0.0705653847258823,0.0473153103708496,2204.90408635837,2894.41534368235,710
0.303,4.54756944015392,0.0306962162537506,0.0292095623646977,5445.51576564941,4561.01256450322,711
0.385,5.9152455578115,0.113346857317526,0.0659832642235875,1319.54611364873,2757.05542963807,712
0.3595,4.60450182913914,0.0135060762797578,0.0118521661608143,12182.7890230036,10913.4642949655,713
0.2935,3.46767384503664,0.019893001253212,0.0159194500032472,6171.90410491261,6048.4660211156,714
0.445,4.69192585526112,0.0232236877072624,0.0206288673270746,7522.48062221208,6719.40896238125,715
0.1345,3.58883785408075,0.0468611745805145,0.0454186275036261,2765.4151186925,2271.30219890192,716
0.4705,9.22870795426123,0.0178028887146849,0.00967045977420668,19336.0290118047,27465.6370737828,717
0.2975,2.74864858906374,0.0233002451796438,0.0140291076395353,4247.6020458999,5402.89386604922,718
0.4505,10.2748302515635,0.0394482011113288,0.0381775538580041,9977.55040568703,8257.34960277839,719
0.4405,10.4386372718921,0.0275902168357824,0.00970994226387613,13896.0309347645,30843.5950368531,720
0.3375,3.39317952006043,0.0171485371413142,0.0135209412832632,7082.46749502689,7069.56253332603,721
0.2535,4.34820683087804,0.0333831318148574,0.0291677617028057,4804.12358054679,4385.06150379287,722
0.409,5.22932657204436,0.0338078357305021,0.0298221191488202,5838.20293216049,5271.36831111006,723
0.4575,9.47215106264759,0.0604454057665961,0.0444227626994097,5873.09760568017,6612.25599772785,724
0.332,5.19374393972209,0.00884683227064361,0.00787260245974137,19771.6583003606,17399.9427071208,725
0.1605,2.68164149397103,0.132916592839799,0.110772588972481,669.077842294265,685.289193657299,726
0.43,5.762072418193,0.0333364649695133,0.0294779494265898,6515.90280835421,5904.23200815448,727
0.3805,3.75778857010929,0.0147860160340417,0.00886555922430938,9034.69176516654,11464.5960031882,728
0.19,2.85823682996295,0.0440051065947616,0.0320556971576741,2350.16474377869,2586.8164717075,729
0.3115,5.21087254225886,0.00923533952148127,0.0081582201706755,18745.4531701912,16580.5718650064,730
0.207,2.95331295316308,0.0370582806815134,0.0333516121189307,2852.72371730502,2523.25307999829,731
0.3875,5.34490083934863,0.00917391615335825,0.00694123080982299,20308.3039277077,20601.6361545356,732
0.3865,2.98910234089595,0.00569870145680486,0.00430838286797194,16399.3060425302,16241.6647149991,733
0.3745,2.7616326615289,0.0190288341482055,0.0152516696030573,5190.21171013268,5088.8085883814,734
0.121,3.3742653715497,0.0608563928782111,0.0586625375780528,2037.30329098282,1688.03300156543,735
0.2445,1.99245013681528,0.0553350326066748,0.0507245499799513,1268.68890791584,1102.05172041413,736
0.353,6.216097974076,0.0425152833047293,0.0385459751131354,5457.58650860789,4840.81058332171,737
0.399,6.38606062164275,0.0305129102352513,0.011555679747168,7551.14217557519,15576.2642125161,738
0.3995,4.95653141966926,0.0356192623696649,0.0340320832336856,5230.94480689889,4399.5002822661,739
0.295,4.82474302243333,0.0241128468917059,0.0207573559831908,7300.34807591125,6757.26281173416,740
0.38,3.73641442477851,0.029602341604864,0.0130819461873096,4543.77813138879,8068.31799316899,741
0.3655,4.33784353547619,0.0700426492811432,0.0578531518705609,2265.8744875773,2305.34751516819,742
0.342,5.1174885073057,0.0247949559943898,0.0224987296514496,7646.48664018315,6703.94667597264,743
0.422,3.78456515250933,0.0160395651205175,0.013127050788129,8576.42929600873,8258.10157158937,744
0.4515,9.49239840710365,0.0179429491837793,0.0157837852840084,19851.6939409669,17863.1045766258,745
0.3485,4.46871512125015,0.0552936192298027,0.0498158071271085,3043.38824690507,2740.45649481954,746
0.2165,4.40097208942381,0.0776038235452891,0.0686994717232703,2045.83178696428,1876.34495038317,747
0.2615,4.209567070274,0.0299486014272887,0.0293628171464156,5212.51580796679,4240.69633810245,748
0.289,3.47474314441649,0.0336992383497162,0.0314390872347991,3807.52690698723,3276.72767144698,749
0.4745,5.68860097497397,0.0653520843679683,0.0478886145000179,3224.14756960114,3638.73232176483,750
0.3085,3.12147636953167,0.0325487252408687,0.0232053912169791,3475.36432195791,3858.03331951749,751
0.4515,8.72252279155532,0.0174770164142651,0.0137459767907911,18704.3515573971,18729.0853431345,752
0.266,2.70967220983655,0.0160152122652872,0.0122662438521392,5910.79723667914,5989.8987715673,753
0.441,4.2982283441561,0.0181379337327618,0.014216648619069,8680.43881371823,8765.43282209768,754
0.3135,4.790465746011,0.0225175650947898,0.0189623114508625,7850.98298208106,7407.90376314313,755
0.232,4.07404183346012,0.0580926648970276,0.0527094654679383,2532.35782291464,2239.51445813886,756
0.4415,9.6671779935791,0.0918855955066331,0.0619894541236315,3579.86266679447,4810.9848905737,757
0.395,3.7210506506093,0.00875325064489906,0.00651542004818505,14456.7532774513,14806.6525259231,758
0.3355,4.31045584643769,0.0245817259770618,0.0204079016323834,6503.4733176698,6219.76997571049,759
0.411,2.87872157229642,0.00634415792690542,0.00479195835889629,14895.2040065917,14905.5339214762,760
0.457,13.0122157783118,0.108368825991693,0.0559216848537631,3226.42954858395,7294.82760444647,761
0.4715,9.76721634754799,0.0552542676665926,0.0308981626423152,6398.38521820733,9582.17096915731,762
0.204,2.62891260663923,0.0622590541535768,0.0578374509919287,1551.43112889456,1342.5091246487,763
0.1525,2.74337889788913,0.145012124471557,0.133231005492974,655.982370732233,585.51036965533,764
0.4275,5.98156825408174,0.0502508624994242,0.0359742486179302,4356.07667896934,5113.95488495491,765
0.376,4.44866553049678,0.00922386695194282,0.00678581608025493,16740.0968701909,17346.4525260415,766
0.3765,2.89333750740646,0.0208418882554633,0.00837508435925991,4980.89383040082,9303.39950443348,767
0.307,4.59240220806969,0.0483354783537459,0.0431080346817441,3530.29405463957,3201.60229385925,768
0.2395,4.39017211115266,0.0547961890865111,0.0487315018763169,2948.79514880313,2669.00759582649,769
0.372,3.42693507461047,0.00791262327050197,0.00674788640417815,14314.6025884799,13019.59886053,770
0.424,6.03616981329542,0.00838349942997575,0.00548484288208655,25152.1074154836,28778.6494832339,771
0.362,2.46689104101092,0.0150983399788385,0.0106002362818802,5838.29182827895,6396.69774089927,772
0.1805,1.67583903547607,0.0225720626827218,0.0187772517434954,2506.51593825553,2339.26535950081,773
0.335,4.41540365907114,0.019697011399526,0.0192067879048152,8455.90247222584,6944.22059620088,774
0.1195,2.89517360346417,0.0977178685832259,0.0806311892404264,1028.46203130696,1030.75563689605,775
0.278,2.66444386691161,0.0237419511179621,0.02131271936428,4049.11777261917,3565.93023099189,776
0.392,2.85521718797485,0.0202818826031806,0.0162643581234975,5089.41829196555,5014.78476858386,777
0.4235,4.34977062035347,0.0113860151229299,0.00958272907946466,13642.4343307394,12654.5514559228,778
0.381,5.74484238363159,0.0389376743477773,0.0285401786036821,5497.67103675563,6065.61108419224,779
0.448,8.1130219231402,0.0633372930936169,0.0473334242217787,4627.88182213312,5292.61267720909,780
0.4195,3.53081154670273,0.0168251757523371,0.0128191372777592,7649.95871992009,7888.76473000684,781
0.442,4.65183779884367,0.0291974983567117,0.0131549733554076,5803.02241025941,10137.8915845902,782
0.275,1.87580923816613,0.0172281584694435,0.0155836013647114,3765.85832029753,3302.36320058789,783
0.3805,5.58489309296109,0.0716549454567839,0.0589397649494926,2871.27302793139,2906.15224853071,784
0.4155,4.81087306105175,0.0176748244910347,0.0100038833554112,9893.28008983814,13444.4503020185,785
0.451,6.05574822351663,0.0239369561355917,0.011845639605421,9405.06593794066,14834.1119405899,786
0.401,4.47987979978774,0.0123186242819511,0.00873501586484017,13015.1160590314,14131.2935601172,787
0.4255,3.77877447528405,0.0132994454938095,0.0107608401951664,10207.4842670899,9888.16423408063,788
0.323,2.56249034866794,0.044255024802767,0.0296183003390578,2093.31867786842,2501.64156394902,789
0.4435,7.25276437888497,0.026903541838315,0.0245443279325821,10219.094031852,8942.27445463871,790
0.324,5.303713480532,0.0663614087861594,0.058323768252762,2949.90725944561,2750.85770185858,791
0.472,8.72927965394545,0.0388895673506297,0.0368383190692643,8567.77195127086,7224.511720951,792
0.218,3.99153094492442,0.0258806579263708,0.0218641277083112,5601.00874070195,5301.28737981424,793
0.328,2.969283674696,0.0126647401699318,0.00899472728898458,8265.29944147105,8847.92144929717,794
0.402,4.92576059937322,0.0252045233329016,0.0209581777300701,7251.33557688037,6920.95790498994,795
0.399,3.99153661670868,0.0247985429467502,0.0170338830255953,5897.71815760285,6797.9026842118,796
0.289,5.77347377399907,0.0239059334478797,0.0233693927455635,8834.3106794881,7175.15791397412,797
0.3435,5.36883442593193,0.0253255412910236,0.0248886361824281,7995.38129015171,6503.15926196153,798
0.447,4.74777976244027,0.0113339987454029,0.009907756100913,15058.598629013,13622.0839016216,799
0.437,6.44233659935774,0.0474770257297487,0.035862553211987,4978.09167306578,5520.06366822279,800
0.354,3.53038660662508,0.073788967138183,0.0685299582262813,1763.02248812368,1528.7748579676,801
0.4225,4.40254505095783,0.011256315392306,0.00884240419616281,13933.1682620279,13751.0395362799,802
0.4455,6.40358838897471,0.0108023241216356,0.0083575498533334,21159.4681691891,21246.4977012778,803
0.437,5.21674083796401,0.0509418366612215,0.0410204568053884,3840.19847965183,3850.20923223378,804
0.194,2.31338892408509,0.0273571783591131,0.0238867726898853,2970.77714296178,2695.62864318249,805
0.275,4.12220781062486,0.0192854058684525,0.0172595700534249,7678.46638444878,6795.76048883717,806
0.179,5.24823987674982,0.0295413117598797,0.0262014459033493,6328.22951618194,5663.30972944928,807
0.1945,3.54714785681539,0.106508138468574,0.0978163489041869,1197.12620797507,1060.98067947076,808
0.46,12.6490345964875,0.0147454582577379,0.0111869866971984,32050.3861434937,33178.2344157736,809
0.241,4.60718148974197,0.0285294439213179,0.0226416309139165,5836.60864686011,5769.09502084047,810
0.419,7.08247851686141,0.0845630249902473,0.0450634567726658,2406.2852241185,4856.18702093734,811
0.332,3.24809807300028,0.00963321570771698,0.00864962417531779,11432.6661278202,10033.5722438836,812
0.363,4.19535747324378,0.0365911937609005,0.0318887095004236,4236.042812731,3936.96903713517,813
0.372,3.94732575801283,0.0284155846114419,0.0260898249398002,5148.86561490805,4490.33110743447,814
0.353,5.31359207715469,0.0391613328448088,0.0311140938959226,5006.34881289414,5118.0433103995,815
0.423,5.41222666651158,0.027371025373374,0.0234281706678645,7436.54693841924,6972.30781686708,816
0.427,3.22006024766124,0.023906318403911,0.00621924641684133,4839.6048627248,13579.2710537973,817
0.2875,3.98825675051475,0.100012061736198,0.0871833415623706,1423.50603404414,1358.53166779651,818
0.3505,4.13744341117936,0.0217289726766354,0.0166309934575403,6972.97685458219,7199.59655726428,819
0.3085,3.93664817260111,0.0268636742657541,0.0210679721945765,5322.56460029314,5377.69962371924,820
0.252,4.01710201631436,0.0462561316262146,0.0366159252086754,3201.80610295108,3282.06136065941,821
0.3265,2.9409449837346,0.0178733793178717,0.016204783345616,5894.31056976347,5133.1673991349,822
0.459,8.08265011721951,0.0533508316656651,0.0374219639108999,5461.27302522673,6658.23744527699,823
0.247,3.77020011100985,0.0393880193378672,0.0374290258979119,3504.82011972922,2943.10614338037,824
0.157,2.62346374987741,0.081034527406927,0.0594928422975468,1133.68869653101,1268.42858511964,825
0.151,2.79054121036349,0.0751921365839168,0.0666554141177661,1326.43155906236,1202.81165150288,826
0.2345,4.16742903867877,0.0597344229121123,0.05556561335953,2529.20912984272,2193.66151736023,827
0.189,2.26680705161971,0.0204351712950146,0.014508479374618,3800.12757705654,4076.81212818313,828
0.4385,5.35475115870013,0.0588922318076096,0.0468992520974483,3353.46717336958,3479.57436161976,829
0.437,6.77655920983757,0.121140306047366,0.0742582185743745,1482.62708473864,2841.16179993207,830
0.219,5.09816333169595,0.0542897372127094,0.0461329097886086,3427.20117320737,3237.43434875546,831
0.1865,2.51434810110636,0.0191137429844678,0.0147148754495743,4460.80660213046,4464.93746369797,832
0.4545,8.46779044567947,0.0158241905176028,0.00989081616298126,19741.9777545368,24477.4023897633,833
0.4555,5.74455425367585,0.0247170128446692,0.00849938852770185,8423.70939677684,18867.3124174427,834
0.1745,3.19679101050931,0.125705843033836,0.0970311545772794,817.914003523009,957.206571364261,835
0.397,5.93280918573041,0.0520303751889427,0.0466306974641486,4327.92868207828,3915.79744668395,836
0.461,9.98965525574569,0.111685271554582,0.0789145700605543,2790.26643587695,3957.47290668475,837
0.3305,5.36231380961401,0.0556442481517635,0.0355619653689185,3450.51918458814,4501.75429649067,838
0.4135,6.30662000578943,0.0440582962872938,0.039774316988754,5385.34095840224,4805.64023900446,839
0.4675,10.503809477897,0.10527883465619,0.0734729426222605,3323.02398702029,4449.24557603174,840
0.4455,7.80031915037882,0.0533309844365632,0.0438323447276588,5554.30252918825,5484.2129407808,841
0.4205,6.692669688585,0.0698548732148418,0.0553487829883229,3456.00771801275,3732.72622763353,842
0.335,6.01220626981924,0.0381166157036221,0.0353884932335401,5891.83496748469,5109.30378806635,843
0.3505,5.75864636285037,0.0409261396882135,0.0251326308868006,5189.4407697893,6824.97335224744,844
0.224,4.15714109690878,0.0413526099935221,0.038127207345926,3694.28800423471,3207.10802866738,845
0.4155,6.39145862156748,0.0119433238431992,0.010581031694708,19110.995593066,17044.7564670319,846
0.4235,6.92011207833654,0.0457540362394357,0.034390303015049,5546.42752717802,6170.34060694022,847
0.4035,6.24791783873693,0.0690117333137278,0.0428391599185407,3080.46337273794,4477.01101937238,848
0.3855,5.16244965189779,0.0707518565893227,0.0528477794974874,2520.94210506114,2981.89107046062,849
0.3325,5.35725340171944,0.0318521747372954,0.0299361178047006,6246.27355946432,5340.71520472362,850
0.326,5.45219922832288,0.071026526489446,0.065140654715409,2831.72259543435,2492.7899543379,851
0.346,2.14946046416912,0.0217000554400836,0.0195748293198917,3563.84617847452,3123.79541576059,852
0.2005,4.17916236408312,0.0317336549814636,0.0248298099361482,4726.68728904253,4780.28899235812,853
0.4435,9.77068010520453,0.0468386749056265,0.0265540133265524,7674.62506571336,11119.3001136842,854
0.24,2.82911508361706,0.0512273383497956,0.0487459772096002,2008.55223531434,1687.10705766802,855
0.3675,4.1310750773896,0.018440972164107,0.0150083544296632,8122.67837716154,7860.92830435912,856
0.392,4.84093533554018,0.0255043541401467,0.0182889108947684,7074.38858083274,7808.96878241413,857
0.4125,4.09257411123122,0.0229075699619206,0.0174934186565149,6661.74590666733,6899.66767796176,858
0.1845,4.58880391736131,0.0233249416804225,0.0219739019561185,6902.04798883644,5809.97147015841,859
0.406,4.71861735993029,0.0326793971493004,0.0252448364984846,5336.6087357901,5485.55517055816,860
0.2885,4.13503579795191,0.0841045782097921,0.0689451069650119,1714.09147435996,1816.2568911876,861
0.328,5.66142243929595,0.0407945047540481,0.0344485781766001,5138.9166871514,4903.33738778447,862
0.435,5.33529226135717,0.0527568523116477,0.0499902534524879,3828.0239797453,3240.36157377373,863
0.2475,2.65278114225981,0.00935376442164072,0.00795554872115521,8886.6318131287,8049.48623810949,864
0.2265,2.90177426013771,0.067691459785693,0.0415258352564369,1519.92672783622,2067.96394044885,865
0.389,6.44380462460145,0.0377918789402426,0.0251694508229245,6240.87985969486,7703.27131004146,866
0.4035,7.05633106929486,0.0368510892149312,0.0333244903826879,7238.25890138353,6416.69462503549,867
0.266,3.0672943087684,0.0146033458918822,0.0117421119996762,7217.36328978283,6937.86849118019,868
0.3995,6.02881138596051,0.0328992577807904,0.0256849215637188,6856.32210856907,7084.1214589335,869
0.3295,3.83411198246302,0.0165274692765946,0.0152948907748769,8268.37440347755,7103.28474092351,870
0.3015,4.80087591726674,0.0404992843593392,0.0386292908143807,4410.1887414187,3716.10246918717,871
0.3195,5.20403516709846,0.0111796844155093,0.00798492203152277,16098.2026519052,17164.2658778234,872
0.3905,5.85779449229187,0.0525244792070571,0.043273555972585,4122.2764716991,4166.98551755445,873
0.424,4.20527843462991,0.0132815835527049,0.00646455982491994,11325.1937046803,17295.5530416322,874
0.3185,4.44645481501099,0.114929656414372,0.0849885308295595,1165.22548155429,1571.37312086676,875
0.436,8.99639868635272,0.0712564008014092,0.040409735381968,4458.08056815436,6821.74817629213,876
0.3535,4.60150507076009,0.0547133603514109,0.0495956780105995,3141.08094782923,2806.42125275978,877
0.434,7.99688036263398,0.0347183430735678,0.0343386104866944,8851.60640209911,7151.01741928922,878
0.4425,7.42427426069792,0.0906217000638246,0.0561789531042344,2762.92265300908,4107.03903540798,879
0.273,3.29008772741027,0.0653457895361238,0.0572546481059312,1837.95612431444,1716.11854786153,880
0.202,3.07989449391095,0.0715040724664862,0.0646078883969422,1552.06856597118,1389.30192736145,881
0.3705,4.77887576858675,0.00998833566665416,0.00726586823542385,16335.6775317403,17122.559154736,882
0.384,5.68787188365229,0.0366923504654207,0.0333514869124656,5837.95800221217,5141.15818472314,883
0.3375,2.57298632740835,0.0593172771492041,0.0510614149786823,1595.1577971928,1490.14857068473,884
0.452,7.19334805129435,0.0555745979280933,0.0430017836128737,4727.64010740657,5145.98636019717,885
0.37,6.49001876670091,0.0465491658661514,0.0385761516525754,5177.90188319172,5071.64878675192,886
0.1405,3.14675314520248,0.0722419656723294,0.0693670538450131,1526.53984657001,1287.03233979303,887
0.4035,5.44864356623844,0.106528500721008,0.0676031260902283,1420.52023753532,2481.22387286019,888
0.2415,5.14454065026852,0.0500242462686779,0.0473902038407599,3753.99543017511,3183.81982674809,889
0.336,4.05515831161765,0.0222637614674751,0.0161471506691472,6543.99908545741,7114.89777638388,890
0.3845,4.83435706829516,0.0289235066875515,0.02551543525919,6179.02263872726,5600.28423362984,891
0.3865,5.2977634699602,0.104828701788701,0.0821631581899559,1696.35132041952,1984.49587596031,892
0.3745,3.47872181975596,0.0280367442434182,0.00729416712771278,4378.58071199185,12699.8318883785,893
0.359,4.313324442158,0.0160097395020833,0.0138142463102819,9565.0079310613,8758.07881423502,894
0.448,6.21708026980027,0.0118217745364274,0.00907604140016987,19118.2963306074,19413.1412947429,895
0.1345,2.21703807967828,0.0879903207462919,0.0823952288659357,906.799465773164,778.097254292178,896
0.2555,4.29995869249871,0.0341318378389271,0.0286221099553573,4743.41370636722,4495.26412827915,897
0.475,9.66407908798274,0.0171092141059145,0.0116522910165328,21236.7284076371,24394.9197289576,898
0.371,4.95327607400783,0.0154626984829368,0.00822132644520806,11518.648674826,16259.6568252137,899
0.3875,5.15630236340227,0.0269992242117518,0.0253926111154124,7111.89592933706,6040.13795632082,900
0.3575,5.73249576494977,0.0797643412647401,0.0711122405912611,2673.79997906038,2433.23650621503,901
0.411,3.32866286104446,0.0179529730921339,0.0111544100173066,6702.29653328843,8391.55565825254,902
0.206,2.44054209390855,0.132902027730921,0.0931623923875021,627.329599457782,765.233727513708,903
0.4585,6.1646898920302,0.0163665515891639,0.0146758477874659,13989.4535258052,12358.7520204662,904
0.3895,5.54825836773725,0.0313896655652415,0.029262806566784,6631.77606764416,5665.50807936874,905
0.4715,10.0130927280591,0.0583699714197819,0.0498577147318885,6504.99710522414,6119.70764975846,906
0.416,3.68091029957585,0.00845868172254589,0.00570436651695677,14933.1987494889,16558.5212468767,907
0.329,3.21855279774279,0.0124644234891176,0.0103762957511374,8922.39581303275,8375.86961534185,908
0.3455,5.93491111925753,0.0428737313953501,0.038496408644636,5229.4188199527,4659.47966879433,909
0.434,5.95935846908109,0.0095677052127853,0.0081235170617991,21907.4308365841,20119.6255951104,910
0.2675,4.17180974055272,0.0350206013699522,0.0260470630881435,4382.95026954821,4719.24233003929,911
0.329,4.78571663025987,0.0248516798171431,0.0230502715174902,7042.5609617571,6060.52943306287,912
0.1925,3.30100507656409,0.0291653904232195,0.0176502022070432,3994.05138640073,5121.44896653095,913
0.412,4.53106486487429,0.0101570171665602,0.00716426674621021,15735.0907060565,17100.1008458832,914
0.3095,5.82445983863614,0.042921685802439,0.0383609847119364,4987.46382351318,4428.79028113874,915
0.4305,4.29626467876662,0.0129691999570233,0.0110644132649126,12069.0020560587,11165.7396645847,916
0.4475,4.25402456201156,0.0144514543532565,0.0112741677651693,10738.7977352736,10784.8299807875,917
0.331,3.09429179337471,0.0559621097410194,0.0418530560577605,2022.39704950988,2209.00953116732,918
0.299,4.80364568345318,0.0305442677684187,0.0263875938618369,5918.3837122942,5492.43564472297,919
0.2975,3.75067738976918,0.0136255230064565,0.0122755822344238,9573.44058032268,8374.08521822216,920
0.322,3.69417783240822,0.00835414553093356,0.00635324292200446,14562.872451812,14509.1581446114,921
0.447,9.11875196196533,0.0501096405966739,0.0373205208342052,6754.97114348218,7549.20639028022,922
0.4405,7.95071903129462,0.0330630289798553,0.0306470078033908,9178.28103597464,7925.68582741027,923
0.4615,8.90437826062811,0.0115656132620352,0.00949710654909268,28031.3727507402,26853.2493354566,924
0.462,11.0771961893286,0.0204315352525602,0.011435937866788,20320.8425401343,28307.9915750405,925
0.2905,2.24250807944712,0.0459255132151686,0.0435494487359007,1786.31762111678,1511.1300005956,926
0.3515,3.68223052711919,0.0146319101816272,0.00701194128993753,8841.48568968365,13634.9678763471,927
0.2855,2.04275097022977,0.0177740058602054,0.0107596737581306,4002.39804718854,4983.95595663245,928
0.4265,4.9788501853163,0.0151077944534219,0.00833212183849021,11928.365018741,16512.2319126187,929
0.4415,6.95942587994175,0.010026456428673,0.00731966220430504,24770.1388514238,26205.7324776515,930
0.418,4.86361481647791,0.0219934900159688,0.0175468918935205,8201.13132202839,8163.43829003251,931
0.227,2.9432333199307,0.0661648952114459,0.0517847979163082,1574.20568652086,1660.25650164589,932
0.451,5.75762945973249,0.070233283194898,0.057519619511187,3057.14112272962,3093.37759530182,933
0.354,4.25547042867553,0.0283096785530723,0.0236372155844302,5525.58115647875,5284.10208227237,934
0.145,2.92402551496546,0.055940560935535,0.0470649813459051,1877.80196088532,1782.53505993493,935
0.432,3.73353364296719,0.0109861837641669,0.00884956112892306,12129.4251796426,11774.2542980786,936
0.3385,4.20750866545148,0.0431732565357591,0.0301395431142565,3485.54038910747,4134.59000351037,937
0.4415,7.56130659603623,0.0381769777335719,0.0302367188389134,7506.7892067532,7590.33907150323,938
0.439,3.70739804022321,0.0125074112205986,0.00790382983622513,10693.0073835339,12932.2311434832,939
0.4645,10.6375618565501,0.0440114951800435,0.0369159239160751,9236.4219744828,8909.30937739805,940
0.371,5.25007617639002,0.0713387364066833,0.0599685156364989,2735.96122442642,2669.25602666363,941
0.4605,10.813927456656,0.029699245532401,0.0260516312563684,13759.8249190482,12532.6816730591,942
0.402,5.76456534722629,0.0576030345737218,0.0427063729400035,3597.12406149896,4129.33096868736,943
0.414,2.89567211644618,0.020284057273213,0.0111069025296751,5211.80177041693,7287.92358368544,944
0.254,3.83604247859598,0.112549558962237,0.0924055665946397,1119.22007927704,1199.34464214934,945
0.333,5.49205795852126,0.036683313173797,0.0321511253850627,5579.00378591594,5108.78273046988,946
0.249,3.62839626481559,0.0578529697909587,0.0554267567748179,2299.79866564782,1928.26012749023,947
0.346,4.91046040268791,0.0350792232215181,0.0234773535750795,5146.119831101,6119.4422561264,948
0.402,7.2787077806056,0.042682205812573,0.040730508891599,6479.79516812705,5449.82568858293,949
0.361,5.23299892383901,0.013682834974417,0.00945234339799676,13660.1354119778,15272.163295107,950
0.417,5.91594326827784,0.0249072260343359,0.0186153216997367,8904.03342627891,9458.84557974314,951
0.3545,5.47049994740867,0.0133348630195627,0.0115460384114137,14828.7609354508,13409.6008027221,952
0.414,3.65805881187536,0.028123080793717,0.0204962846143596,4806.08237035121,5235.98118455329,953
0.46,6.33357606788096,0.0182545736733956,0.00883868838217361,12831.5149096068,20182.7589696389,954
0.363,4.36935920964588,0.0119836163058146,0.00823672326297107,12713.3535886733,14120.3607596446,955
0.423,5.85694954234202,0.0331420706207896,0.0264882535405926,6620.67010698507,6693.04964219613,956
0.4515,13.5979574632342,0.0411331769251863,0.0392086397366751,12633.0755924478,10557.8382796112,957
0.419,7.38735709563781,0.0237000532150179,0.0218518391871832,11602.8267323836,9973.41159613861,958
0.3555,4.00097243021758,0.0325457183668506,0.0235376979413167,4504.13146965147,4968.2794119416,959
0.2985,2.46352862862247,0.0769836442387159,0.0712064774087497,1197.58120829605,1041.16840430906,960
0.406,3.37348224618724,0.012229168506713,0.00728676188309378,9808.92354951671,12376.4311337985,961
0.307,3.59773661474605,0.127446806451724,0.0711477470283243,728.534902600891,1520.29397533661,962
0.216,2.28438820849966,0.0618698778944533,0.0533943320280167,1337.15706622248,1239.58963617416,963
0.2975,1.95767794580219,0.0391174429709271,0.0343996339401261,1811.19706547557,1632.17353304523,964
0.3645,4.22221744939369,0.0276753252276721,0.0242279318257053,5636.39732471712,5155.61738876428,965
0.2705,4.87606541075782,0.02570534710755,0.0227603730515045,6809.41727926646,6065.41043898669,966
0.2525,5.09384999188997,0.0238440053629903,0.0180787127231623,7725.71294965223,7946.39800341365,967
0.2235,1.77264779647076,0.0189639955345911,0.014926551442579,3154.71070443107,3107.19185973468,968
0.3075,5.17186017007893,0.0102984490067079,0.00901763821138467,16949.7957474588,15157.7774249763,969
0.4675,7.40116977213958,0.0358321279975702,0.0328781518387227,7856.67237124531,6870.72227656736,970
0.314,4.2358254046218,0.0583023747797497,0.050014452976635,2680.42893296447,2554.54392008015,971
0.132,2.45028796405082,0.104691001564938,0.0815897748388027,835.783417596294,894.531537513742,972
0.282,4.04045318926675,0.107980380298481,0.0930922766785638,1343.57964902818,1315.68570059945,973
0.4055,5.15941442105215,0.0128360161769288,0.00809180027061708,14391.6513780343,17345.9228958659,974
0.342,2.08102756317527,0.00635952947653486,0.00516568605716636,10145.2147870685,9483.84004319508,975
0.319,2.11670635409288,0.00783430948869934,0.00558259286862409,8574.84828937902,9019.21076503399,976
0.465,6.79637566522849,0.0392545242754868,0.0338011767586821,6585.2715299017,6171.13315748071,977
0.23,5.40697747902536,0.0335875448260021,0.0264833614280395,5893.52883397021,5960.26563895262,978
0.4015,5.33964349780944,0.037835621223114,0.0346943518144082,5317.01425515235,4644.87334139822,979
0.4485,6.33061471543918,0.0793896457409197,0.0565606750328773,2820.07730934859,3450.24579160435,980
0.295,3.87245129424961,0.0281045392866705,0.0246398099578111,5048.62334778209,4606.06532250134,981
0.413,4.01649295516976,0.0328086853148359,0.0268233071809541,4561.63126169339,4496.47420612447,982
0.4465,9.76556913271038,0.0720374532542977,0.0578159517840298,5005.19398449484,5242.22858227877,983
0.372,3.66566987333493,0.00943232681749247,0.00653342671941439,13276.5373389433,14486.9632144878,984
0.4375,5.44286255262227,0.0189665583742966,0.00999399072956283,10592.1748111724,15588.4754982954,985
0.171,2.66524462430624,0.104707096651832,0.0940473786964151,913.440717755203,829.276415649661,986
0.4625,11.5613401683306,0.0456294941657804,0.0278779554553946,9466.67253737444,12778.2285227357,987
0.284,1.71091156427589,0.0155578924149044,0.0124764914246005,3775.74843035751,3633.73346583252,988
0.472,5.97303634999221,0.0143398361656469,0.012459302505533,15402.5355354096,14044.1499229132,989
0.399,2.81155296235401,0.0177653407809047,0.0109785249777891,5782.20495284444,7212.42305956114,990
0.214,1.50129192521651,0.0277387261891259,0.0137146017323057,1887.79319944148,2781.16546923656,991
0.318,4.22065906801171,0.0272262388891702,0.0233961008509264,5751.49663366965,5333.74866369184,992
0.418,6.99518213539158,0.0296621208132328,0.0265648592380136,8912.21864445715,7976.17627883278,993
0.3115,2.44019719363596,0.0565247858511702,0.0268242565420365,1521.54444102673,2640.39558578024,994
0.3455,5.08804653982616,0.0399885888854349,0.0361852177076536,4797.17261947702,4255.50566167415,995
0.388,5.17105096161944,0.0185228638359241,0.0172789948800033,10337.4199924251,8824.4898043085,996
0.3765,3.63315667615653,0.0122747490309709,0.00803816985407195,10457.8005216579,12091.9617992323,997
0.4465,6.95092867087169,0.0204443906332867,0.00929284986064721,12550.951718987,21237.3100739635,998
0.166,2.60621575069996,0.10596301713637,0.0841112255101663,881.517179963969,932.148809840307,999
0.1565,2.7827762619647,0.0935046165029347,0.0811796355635344,1080.7619372111,1012.08176262093,1000
0.4315,6.96540536188668,0.0554098444724242,0.0508952985934241,4772.15589910407,4173.73497054047,1001
0.321,4.28909577891263,0.0608003633910065,0.0527572459717041,2612.01804114476,2466.33844845412,1002
0.2975,3.40710675190111,0.0299828302894211,0.0248701969453557,4095.7558038385,3949.79876052952,1003
0.418,3.6044919120795,0.0354924579902351,0.0314460274307028,3751.51554873011,3376.12870103787,1004
0.458,6.10284630968319,0.0092298446467437,0.0060946117902833,23433.4059501512,26807.9852347807,1005
0.342,4.55575010829147,0.0725769537590382,0.062584979774086,2297.59902985641,2190.56767139541,1006
0.219,3.06102735971847,0.138007702486531,0.115174314520762,706.987495496685,756.209926629189,1007
0.423,2.94973533180361,0.016070113814437,0.0105493909059869,6670.48176567591,7834.77658417116,1008
0.4585,6.09979997481534,0.0110876916536341,0.00878985965134904,19988.1353568995,19627.3094892869,1009
0.197,2.64078779829618,0.0905885634672416,0.0831110789093543,1062.03187935258,945.512726454669,1010
0.437,5.54073292678839,0.0595365245823597,0.0354567920755687,3358.84825163766,4772.27190238282,1011
0.4475,7.91576096003536,0.0275795271363294,0.0236218392787787,10863.8249290295,10090.8193434807,1012
0.3325,3.54599349655221,0.0658818226383454,0.0538128676327882,2017.21903520974,2021.27143957576,1013
0.4295,6.1760492130711,0.0325544190911617,0.02346400783205,7123.47281802378,8011.90685365298,1014
0.457,11.0644561256107,0.105682626551483,0.064888551001115,3094.05022984353,5316.60315312356,1015
0.4095,5.24978148524965,0.0366562240395011,0.032580015218491,5382.14354504631,4870.73887677342,1016
0.199,3.9094100490694,0.0251521453990613,0.0191556047551123,5416.65590690082,5567.45740073726,1017
0.2855,3.14804091562762,0.0355242583776355,0.0332562956305529,3234.26616197262,2767.1564588483,1018
0.413,3.42774714765164,0.0111600413473285,0.00805545455997589,10883.5732918272,11630.3836364808,1019
0.4205,4.61459062641204,0.0239186064764579,0.0225427676930704,7285.42217528698,6207.3312309568,1020
0.3085,2.30844022778193,0.0300214165057838,0.0103816057393609,2740.61049044326,5961.0834177678,1021
0.1745,2.95292550048226,0.0501284161896417,0.0468274170436564,2106.66276596424,1813.58054417397,1022
0.285,4.66264144417373,0.0150682416692433,0.0122759440101118,10879.0532198503,10372.633729431,1023
0.309,3.61750602382486,0.107118710688025,0.0865415799337635,1191.37247588926,1263.21215239877,1024
0.399,4.89328838724877,0.0234973410369008,0.0196567738366522,7747.73536940128,7337.1894918792,1025
0.278,4.05514000093416,0.0250115966576037,0.0235086520574755,5917.8564634816,5016.2815826983,1026
0.364,4.68325996413792,0.017842131288136,0.0154463064000215,9510.11938511359,8695.70879797057,1027
0.124,2.38805520370148,0.124332016658166,0.0962392377839982,656.949931510377,708.713127500771,1028
0.4815,6.36117012229385,0.0188210424405686,0.00956367674710465,12497.9856384076,19016.4961635617,1029
0.2735,3.27054900308339,0.0545206485397468,0.0402421957900085,2227.54343217841,2464.61253664652,1030
0.48,9.21933104053044,0.0283354418018112,0.0167910384358092,12260.8193981567,16348.1374197451,1031
0.4045,3.80083491220394,0.0157680572727659,0.0125155827998931,8764.45333665913,8625.27174928387,1032
0.4455,6.6740154045582,0.015818480578806,0.00656189274301013,15167.4046656927,27020.4568465362,1033
0.2625,4.32239109899587,0.0760018089919982,0.0642622403162804,2047.26265807817,1997.08983215809,1034
0.4745,9.56814565551122,0.0555475537933552,0.0471481644210301,6512.54713901128,6271.46642355798,1035
0.444,6.00789422108674,0.0220218115607231,0.0200458336790812,10199.1565844124,8926.61168568726,1036
0.308,6.35878634425782,0.0405839510299865,0.0315173907718493,5803.57608526536,6009.6622319944,1037
0.2785,5.47332096450658,0.0182532437591807,0.0143115056807181,10812.9063524152,10789.9896447881,1038
0.3055,4.00034604226245,0.0366538055475136,0.0307647002215947,4030.24982510444,3826.93565501923,1039
0.2865,3.36765674033299,0.054308115828962,0.0312566267590235,2185.82281149416,3221.82503814993,1040
0.428,6.78616246351414,0.0338399404225248,0.0303340089546872,7602.85222356415,6819.23415236198,1041
0.251,3.81843467043051,0.018474809657541,0.0135441497091204,7323.29712764602,7719.32801680541,1042
0.4705,7.12782931122236,0.0226934963717246,0.014579535913074,11703.4216170956,14430.5070113825,1043
0.304,4.26272127821597,0.012643691400845,0.0095326106866157,11784.1476888033,12120.8042819414,1044
0.271,1.9288946371159,0.0212067636908265,0.0165413135757809,3227.28521653382,3221.19669435173,1045
0.448,8.98961383874417,0.0424117683799954,0.0389488263922343,8053.81994132072,7000.54287539689,1046
0.164,3.21933172996009,0.0746783715969042,0.0619955833305569,1547.72925237815,1529.14758193892,1047
0.3355,4.2732122596153,0.010596818495479,0.00866022136250185,13947.8948443556,13289.1086074658,1048
0.2555,2.57128137027175,0.0392047296415663,0.0298127486314855,2402.56169944426,2528.65081627788,1049
0.3195,4.14553234222931,0.100766745234705,0.0652244161943092,1339.53372006755,1926.68791995684,1050
0.466,5.01696078063411,0.00784894321062694,0.00655872846578196,22299.7402274585,20766.7621582777,1051
0.447,9.81090022373407,0.0566216647097599,0.0489673074960005,6540.19847903862,6164.53461628073,1052
0.31,4.74658284025856,0.0994891772110632,0.0786041839684294,1605.89078428548,1814.42211578487,1053
0.305,4.53602559555432,0.0627603151529018,0.0387763006116794,2494.73394063428,3490.98337681235,1054
0.3525,4.50301202003637,0.0720837451945817,0.055430129928469,2248.35177418298,2488.82548587424,1055
0.463,7.05463912160947,0.0532657374959408,0.0451733590139612,4983.12759398152,4709.87650439967,1056
0.454,10.6601698261517,0.0502010777469695,0.0242885830221597,7669.01847578894,13351.0815063371,1057
0.3615,3.11382958952176,0.0343304371699429,0.0303425259630813,3318.39329725588,2971.01254005369,1058
0.463,10.3723730791608,0.0604246763900026,0.0382342425770494,6321.40133763303,8348.82922635716,1059
0.158,3.57936939161663,0.0647858734796737,0.0515958153116095,1869.45740374854,1865.86907983332,1060
0.241,4.84788764519423,0.0435400110396689,0.0403666242497478,4157.97249950887,3565.66140043515,1061
0.3785,4.76104666927191,0.0708941421162634,0.0527068661575124,2425.52134545834,2775.48307608209,1062
0.479,15.8754241986257,0.0811846885442968,0.0555254009225943,6953.15658245926,8956.40180349259,1063
0.2225,3.57576488064819,0.0601546355366871,0.0564328087302782,2156.81393426701,1842.20580716371,1064
0.421,5.17753519430633,0.00790221426126049,0.00658189146497735,22441.6957133207,20967.4900750875,1065
0.4435,8.11863945368284,0.0146011002498216,0.00995884903398953,20374.0547602618,23171.2268897313,1066
0.3835,4.57898866836621,0.0602135804414598,0.0506984688592794,2801.42087069329,2765.44771680143,1067
0.4645,12.9482641398771,0.0627959019959449,0.0455025706411267,7578.37858556359,8846.3022703222,1068
0.399,4.76886091929412,0.0146783578738798,0.0127828898326045,11786.4610944511,10689.4360763175,1069
0.45,5.54184677813559,0.0365007911480854,0.0211850349407585,5673.94035600154,7861.77857357351,1070
0.4235,4.84954742384342,0.0200028328080203,0.0137808041017836,8925.06096409652,10137.976785458,1071
0.4615,14.5335217507698,0.037703130273571,0.0309862762903091,14754.3667968718,14315.6213210284,1072
0.267,4.8511826686923,0.0777747783587587,0.0536132065087863,2197.13079759545,2734.69973367945,1073
0.407,3.47630814922106,0.0241333940140918,0.0106916220781635,5216.80828838166,9028.62337949626,1074
0.4015,3.93315107489393,0.0196743688737936,0.00931284260018614,7250.64617606098,11750.2785157856,1075
0.3365,2.18371075401601,0.0292856010762419,0.0190088203262464,2748.97409069676,3304.22416033832,1076
0.4145,6.30722613081478,0.0392612111413941,0.0351365550439165,6091.24237017599,5492.23078655622,1077
0.249,4.29843016515951,0.0400005206393774,0.0345774460437385,3926.96615151334,3665.86762056097,1078
0.4065,3.78424693378339,0.016876985965308,0.0152249360883702,8114.91904465649,7133.88879952052,1079
0.2515,4.03138783750343,0.0361368274089261,0.0315392837070716,4090.35113119953,3744.22046869475,1080
0.1815,3.88004566264752,0.0459427743152033,0.0348388056426853,3019.24979856977,3249.92744659594,1081
0.362,4.41979433089852,0.112505006997394,0.0897828461599858,1365.96299184228,1501.45822215462,1082
0.3265,4.42224371208229,0.0152592126424041,0.0129807571482734,10325.2334864374,9517.33405229376,1083
0.341,5.1583613576649,0.0494997711609439,0.038102570384586,3795.03775093582,4087.83093816892,1084
0.2035,2.38821110093519,0.0639575758096593,0.0586019822979239,1343.58289464008,1174.33106619748,1085
0.179,3.7242702990823,0.0459133523615182,0.0418723979158771,2990.50189872584,2625.42648588239,1086
0.225,1.62842111727654,0.0168373176361605,0.0140167074744596,3269.83596821221,3030.31765168098,1087
0.3325,3.68324144272918,0.0299975323899904,0.0250435360821562,4504.84277226776,4293.97749399486,1088
0.4555,9.47381287627482,0.0221146748747843,0.0120840520932602,16013.2091011754,22984.4199865453,1089
0.4465,5.93179507043245,0.0472418856497805,0.0426206289329088,4750.99340338415,4242.85245482211,1090
0.4575,7.29739420737802,0.0383662270752199,0.0127145308887652,6772.43394033757,16869.9007561228,1091
0.3675,2.37030148729677,0.0059381648404588,0.00435297739408276,12493.8601251841,12606.5211505675,1092
0.4085,5.91738328441613,0.0716086162197484,0.065804925525325,3090.99648328798,2728.94600753731,1093
0.3385,2.20920284255164,0.0184747883681096,0.00827894726662467,4277.8718290812,6994.21275183417,1094
0.3085,3.73270571809902,0.0107385098463001,0.00867846270954944,11774.5830012721,11256.7256959907,1095
0.417,5.69663956135191,0.0813555145298572,0.0582860668030717,2424.00391178145,3015.23714354734,1096
0.172,4.07166763715881,0.0298312892061615,0.0157938780117526,4707.83435495901,6908.16524056455,1097
0.338,2.29131172442949,0.0133635641460562,0.00987602374143311,5871.60996735904,6024.82082838526,1098
0.2665,5.37357739465744,0.0881747637176727,0.0794258891567252,2204.1400268845,2004.60267170078,1099
0.217,4.13002579974213,0.058073631094578,0.0530364056490778,2582.33553743642,2284.6372850466,1100
0.337,5.07940942165199,0.0478638609753941,0.0412149647040979,3928.6774228724,3728.5060858482,1101
0.3595,3.81700180762822,0.0400997023442332,0.0351286534561048,3505.66502926706,3230.28142253626,1102
0.2345,3.65654524689445,0.0629846380056921,0.0567731504525158,2186.89167837722,1968.64439600461,1103
0.376,2.63493325911713,0.00793990329151674,0.0066177361475542,11067.8652244396,10288.2685839409,1104
0.1665,3.21853733177917,0.0692750064183255,0.0521415689023615,1579.22059747608,1731.84652026709,1105
0.4325,5.10695227443782,0.0146792352660815,0.0115579601988862,12804.2548907206,12782.99173913,1106
0.41,4.57363316813819,0.0308067505193963,0.0271504912983348,5480.49606857375,5021.06574788929,1107
0.325,5.00496514592984,0.0245428977528766,0.0236009034073629,7647.20386568616,6336.9956252522,1108
0.4615,15.023519900689,0.0273102872932982,0.0186166837640863,20826.3299355441,24147.8506839908,1109
0.465,9.29420934976803,0.0497239661648272,0.0438068024910613,7112.81899210632,6532.21647730862,1110
0.469,8.98026672856014,0.0187507995820423,0.0156386073398125,17972.8037211165,17037.6036568289,1111
0.46,5.18432773064024,0.0158128728859911,0.0100893504389428,12046.5811930605,14543.0397693555,1112
0.252,5.32031139185587,0.0481942390092442,0.0463076376237278,4152.56112227347,3475.78143888161,1113
0.44,5.20476863724061,0.00940764990206662,0.00612464698400857,19335.410204776,22313.0663318198,1114
0.234,1.7471808792214,0.017365661450424,0.0133392399891127,3396.66018620547,3386.10115854055,1115
0.347,4.39740407345746,0.0268495381684463,0.0213515669303001,5986.74042151478,6044.22331649189,1116
0.413,4.05520992708068,0.0209505014018386,0.0183895318760077,7161.20807818109,6455.31887374203,1117
0.197,3.01276782554754,0.0470792093330627,0.0439781129173235,2345.67457067681,2002.83784373636,1118
0.219,5.77426184019997,0.0323152556923272,0.0294029901499407,6498.97058126366,5664.40446450339,1119
0.2725,1.91627121366185,0.028557470107235,0.0188135926085368,2364.91909332172,2786.65327184323,1120
0.295,2.93879347255972,0.0120547370526912,0.0104363688007111,8183.88513694423,7363.94426924552,1121
0.33,5.74652311158708,0.0245074422537948,0.0236352095552691,8596.70087976884,7109.31341534968,1122
0.244,3.76358051159897,0.0580998079840539,0.0462904043781139,2322.0722402773,2379.06392791016,1123
0.3515,2.70777207433643,0.00892537268945632,0.00485981399233971,10061.2430171835,13029.1947377969,1124
0.2815,4.01586344956258,0.0633427308428001,0.0530550999576932,2333.26395835717,2295.91478158291,1125
0.2575,3.15018356038436,0.0745386799564973,0.057176303325655,1525.90474561929,1645.16067410464,1126
0.2265,3.54464559354204,0.0712844355325878,0.062782212522031,1787.14047501319,1679.26374643602,1127
0.428,6.99204587078292,0.0328380106854332,0.0312811326224409,8109.64005201488,6837.16740715293,1128
0.3805,5.94570147345562,0.0940989560498415,0.0668377736749732,1889.87228355694,2743.00922917422,1129
0.1805,3.10030488269775,0.0376129892318377,0.0352135418000211,2989.96214494851,2561.35374397447,1130
0.1925,2.51521451693669,0.0913556212257674,0.0794404864140985,1000.27555709976,948.012570323049,1131
0.3805,4.86520573698727,0.0202008579842402,0.0194201819952102,8775.52168840022,7262.29568466784,1132
0.161,3.25936541277255,0.033859562097055,0.0265977964874029,3358.40390653778,3329.19454835905,1133
0.4265,4.30757140016195,0.018835636292455,0.0145748393382738,8451.1266903933,8592.82949692938,1134
0.205,3.1465901895345,0.10130708984328,0.0948033903721328,1137.68234607087,988.703382106429,1135
0.1305,2.55321274823009,0.129644652176746,0.12120217895444,684.739069455101,595.039355982216,1136
0.3885,6.52814868293863,0.0158566715247073,0.00986494502032474,15191.5038485274,18903.5759339016,1137
0.289,3.52793256584601,0.0308749158473454,0.0198516233344422,4194.95640421678,5123.96981234275,1138
0.3255,3.53860852974795,0.0135178355846415,0.011810410252132,9197.81078814025,8295.94628458299,1139
0.4205,5.35575136605828,0.0393296248930115,0.0358437618849267,5121.54400881929,4531.21281896944,1140
0.44,5.64234443873464,0.00949751993352849,0.00570666516895495,20978.6652550728,25971.4829649587,1141
0.29,3.2453600419888,0.0703678614242753,0.0462557129836934,1596.03157190185,2084.37950557695,1142
0.342,3.2021080771605,0.0124630018144635,0.00859408254330331,9025.9498232058,9874.63145258103,1143
0.256,3.03388420365492,0.110599367891724,0.0891270400726798,921.401121826587,1015.1676154253,1144
0.4555,4.69641748695834,0.026210181457898,0.00794806805689933,6435.79556384386,16359.4770530485,1145
0.41,4.18584614401775,0.0303327802769206,0.0161828673339005,5112.52362634767,7597.47425244161,1146
0.188,4.6492498283321,0.0313237343387544,0.026352667681536,5346.35600977949,5024.93903086505,1147
0.3745,2.56195932502987,0.00661268229831458,0.00524727144491503,12413.1933174705,11869.3236075871,1148
0.225,3.57736726337623,0.0206117982469139,0.0168001963541789,6151.47070832012,5911.7999976318,1149
0.47,12.0540097760746,0.0326977069226555,0.026233665923957,13944.417978042,13762.2100251079,1150
0.4085,3.41996839203921,0.0141930422824866,0.00935495414609498,8717.18399424979,10149.5586591797,1151
0.2955,5.24391245270738,0.024895648247742,0.0189947235636362,7620.9209057536,7912.28036383897,1152
0.1775,2.58946242962111,0.0638503014178763,0.0535643717393236,1469.18547180184,1413.81085550077,1153
0.362,5.58876169902191,0.0331470725042308,0.0267610106904272,6342.81713355261,6277.4379610176,1154
0.308,2.93227512024397,0.0315642793368294,0.0239723151729178,3464.22460398826,3651.05422750405,1155
0.485,13.8960125772216,0.0443617259444869,0.0221046920957229,11538.7195356571,19030.1485470365,1156
0.234,1.81036883212321,0.0200313919239245,0.0158032507662718,3138.81948497053,3086.94914364257,1157
0.182,5.21630911710967,0.0358357333511691,0.034186439962382,5249.55190435139,4371.4541906822,1158
0.402,4.37939170090399,0.040686384143787,0.0357411432795433,4047.39570373977,3720.06793048973,1159
0.403,4.53978720456822,0.0388606495521636,0.0326164573030238,4387.04016056941,4203.2930127089,1160
0.342,2.8411313817047,0.0498705112911602,0.0147587491823256,1946.7620346467,5479.38592153886,1161
0.435,6.03255927919658,0.0258220506411191,0.0252031927709415,8781.27746514114,7177.63261219439,1162
0.3065,3.98898924381546,0.0373670301448044,0.0356564803663631,3964.77937282495,3334.61849175866,1163
0.2005,2.11091478607881,0.0208695032036407,0.018967109623979,3450.50441083221,2990.92259178644,1164
0.432,4.02649166938879,0.127479158257576,0.0902892200395713,1059.98142079112,1361.03376064031,1165
0.178,4.73406656582531,0.0257490199196059,0.0236456936006568,6576.98882442254,5694.07510247854,1166
0.2285,4.7717913837846,0.0610702861221221,0.0535471225441186,2884.2825981806,2671.47983689963,1167
0.199,2.64312765261552,0.126139514523248,0.106476306692963,736.452244987805,728.076761523661,1168
0.274,3.06284911099084,0.0225773572344081,0.0160227332067874,4862.1992399367,5325.1656959033,1169
0.4625,6.9765503374267,0.0231660120326538,0.0211986672259847,11366.8738022955,9875.6094801382,1170
0.36,5.67877880577559,0.0416143797327112,0.0325959953674867,5066.48395286417,5294.32879930574,1171
0.4435,4.01263037869066,0.0114264094496687,0.0101727912039028,12596.1838946085,11166.1692682012,1172
0.1135,2.50528714725008,0.100148545522091,0.0966140148183066,871.74533927869,734.25685151936,1173
0.4575,8.36339836308814,0.0227088522971692,0.00839043303335068,13538.4848506871,28187.1591968769,1174
0.4325,4.2045061201381,0.0346912914035351,0.031004213302031,4535.44422387479,4068.44237700043,1175
0.2595,3.6183895210435,0.0646825075562186,0.0521387064666585,1932.82267281969,2031.02435322627,1176
0.1,2.4311855409377,0.0887857687386258,0.0853419155300542,992.860894455333,828.118604691382,1177
0.4285,7.85852558246588,0.0578396586069169,0.0455944405910788,4970.61838780177,5300.06315954712,1178
0.4105,2.9551432184339,0.00883890831893911,0.00619169880093339,11517.7515517051,12489.4275734445,1179
0.4,4.21470531380858,0.0247544156727876,0.0226017788521672,6303.67886533409,5478.70011454363,1180
0.452,4.82788884803022,0.0333400308748874,0.0092558890333797,5161.79032992629,14680.902662687,1181
0.1865,2.92281117730522,0.0309031610640935,0.0261051520370596,3373.13705038916,3173.00058931202,1182
0.3775,2.65239426564102,0.00761333101875277,0.00609533542825963,11392.5223508135,10914.8685519712,1183
0.2835,4.45808386920366,0.0287198000061074,0.0272644670260389,5630.68848432998,4710.21803880602,1184
0.318,1.86407226337418,0.0162969588112388,0.0113555339215089,3977.61479180246,4392.88010814941,1185
0.4365,5.3721063393487,0.0147660931243997,0.00899485861993835,13289.5888687408,16841.4511329381,1186
0.47,7.03128396451303,0.0133587066832005,0.00841920538354609,19313.2556749514,23569.3375023329,1187
0.204,4.95299061616631,0.0235708543982164,0.022391323788368,7596.74288112294,6376.16716120609,1188
0.4235,5.61046660244775,0.0103515044972475,0.00919882804373717,19140.2552406049,16962.1796977714,1189
0.2715,3.68271536322162,0.009566028744913,0.00783616189697643,12718.6110334378,11931.8416323531,1190
0.358,4.93920783275405,0.0420504217354445,0.0263457662691402,4301.59539906144,5618.65475171393,1191
0.3945,2.60094878021088,0.0219605370330057,0.011188427710169,4305.71183626389,6481.89180798947,1192
0.2755,3.94933984919518,0.0532876702610296,0.0493309996912707,2776.2271321213,2402.85651494425,1193
0.236,3.58404617998722,0.0239254103963584,0.0193458710726627,5254.50308946712,5138.63517859219,1194
0.218,2.94963629003013,0.0739841633769255,0.0680780455324913,1459.75769351064,1282.06057216732,1195
0.454,5.39321513241095,0.0142674637685072,0.00925266398602992,13943.8230206694,16562.9812816812,1196
0.2155,5.01748531818314,0.0300293309566628,0.0127565164661284,5758.95443335305,10345.1936974953,1197
0.216,4.2955881635876,0.0612935964512296,0.0472258362058559,2574.81304886137,2747.73735069987,1198
0.2225,4.00505211363839,0.0149092548789318,0.0112300192661749,9257.29452463553,9452.64728346591,1199
0.429,3.48923652916357,0.0128176600207215,0.01019600271716,9758.67259167241,9568.42379004484,1200
0.394,4.03215279739806,0.04461773112121,0.0368008258947097,3390.31271336287,3317.97055656687,1201
0.186,2.19766172627524,0.0929013861200016,0.0645498544795802,829.083404128561,983.882425464253,1202
0.3695,4.96402294952071,0.0342711277985702,0.0254160032718278,5338.71093260827,5774.53083830231,1203
0.4045,7.1028606676292,0.034545593771904,0.0262948044684207,7760.29828878643,8152.15130680889,1204
0.441,4.70432895786904,0.0229283165029928,0.0208215096438464,7705.66000184548,6767.39715491298,1205
0.375,5.2982609153264,0.0392955877381343,0.0353646217061331,5129.87112729726,4553.68232148404,1206
0.195,3.38418952546933,0.0433056173773256,0.030286116513195,2832.71744109363,3244.13158772593,1207
0.418,3.49542003206892,0.0122792733815417,0.0100757407789331,10229.3080871005,9764.70786933232,1208
0.2965,3.29694398906067,0.0314630540939487,0.029227226111508,3813.18220264543,3256.91571122275,1209
0.453,8.39572870846487,0.0382596043835582,0.0343576804350416,8340.63613152918,7472.37787887039,1210
0.4755,11.7238982474353,0.0354923244672984,0.0199274251315225,12323.409812813,17747.439079477,1211
0.155,2.73059829411052,0.134751782536283,0.127281781228599,738.611820632759,633.927032916619,1212
0.154,3.68920809976898,0.0886092515246031,0.0855290452407538,1365.95690748297,1142.78876042546,1213
0.466,10.1717407894907,0.0885457072273285,0.0671829257527056,4170.11476743174,4652.62358639159,1214
0.426,4.57571387252987,0.0111255019019742,0.00966526594043281,14541.5475701995,13213.3715564931,1215
0.1485,2.53326142577419,0.0588307240959954,0.0552978165254469,1577.96248245353,1348.62268951724,1216
0.43,6.83997584854701,0.032862639108398,0.0299566911859112,7882.70156745795,6871.90729252413,1217
0.3685,3.87491300361233,0.0108582573587668,0.00905234648361473,12516.5779831662,11712.9515527812,1218
0.2485,4.93427844581517,0.0348555673498898,0.0326134614708052,5164.83364800965,4403.91666340447,1219
0.42,5.01158588350917,0.0109687293252982,0.00885037215568017,16218.8801445604,15611.0722144036,1220
0.371,5.26634806413938,0.00983592405322873,0.0075212091083061,18601.3588127507,18715.5739780637,1221
0.255,3.76292333304804,0.105542981178214,0.0831118228687994,1214.91052341572,1348.38039547636,1222
0.362,4.75765739837261,0.0396452900120159,0.0343462131456988,4498.28305102629,4175.66562131232,1223
0.448,7.89543500719414,0.0351560000805775,0.0335009511450308,8637.22527761182,7241.57205622362,1224
0.441,7.95374890077756,0.0379585520845202,0.0324779416537456,7947.31533479423,7464.98607156769,1225
0.45,8.76666979066465,0.0685520627471761,0.0650813399690125,4856.36702266336,4126.7940926434,1226
0.422,6.54039069108207,0.020334357512423,0.0101597027383369,11851.6386026304,18341.5208936361,1227
0.3115,5.22526710412507,0.0465706963028448,0.0410857185320655,4128.64174279451,3775.57891388157,1228
0.2475,4.46867705702447,0.0417197221666651,0.024671787113506,3812.96507871486,5330.47554981433,1229
0.3585,2.21259462740102,0.0128825453985353,0.00925438257209522,5960.05342034953,6367.64357719909,1230
0.38,3.53583387233732,0.0142060537350926,0.0129828298601052,8895.45956334316,7707.69171748644,1231
0.164,3.66041519678066,0.0522468089688162,0.0443179887364292,2527.49076631248,2394.41974841033,1232
0.253,4.13622110623634,0.0795061934030291,0.0668034182085388,1846.5301994968,1866.71449637185,1233
0.367,4.46451423327336,0.0224092203783435,0.0155943028717668,7280.81350552249,8221.13365315925,1234
0.457,7.24716162583059,0.0205743265315798,0.017512716581745,13284.4169443541,12394.6482055286,1235
0.246,3.41909806869587,0.084509809593725,0.0682748966654145,1382.98439692405,1481.265254471,1236
0.2995,1.97779572164139,0.00895302773789818,0.00675079101799308,7052.25955963374,7038.00486656065,1237
0.4635,9.0206324661784,0.0144305672724251,0.00881026343016139,23141.8335772067,29145.0193342183,1238
0.43,3.61791702142543,0.022461671869006,0.0139005168222242,5971.92462207305,7544.21422584309,1239
0.383,3.16074672492741,0.00702076914775772,0.00633064998152691,14603.3015057261,12692.0565505106,1240
0.4545,7.76550159360006,0.0159084842302789,0.00820974875463124,18024.2641056271,26586.2005466899,1241
0.3015,4.03058197928789,0.0530954387127704,0.0453528636637881,2791.65879928963,2649.16470076597,1242
0.271,5.50630298574071,0.0667269069915363,0.0589349124281911,3052.98938332545,2818.37689417747,1243
0.422,5.64668569507491,0.018869158309618,0.0119452637149831,11008.6686111697,13539.3219870681,1244
0.2545,5.31306339718789,0.0270138421085125,0.0260087915337428,7213.51526778313,5943.55864199602,1245
0.303,1.89950115911855,0.00869516551272846,0.00681799820408366,6943.64276040533,6679.55320299787,1246
0.4275,6.62981021652968,0.0127531206186737,0.0106692328861885,18748.104684108,17524.7433005509,1247
0.279,4.08454030769763,0.0987653030003517,0.0845190163691712,1455.55147239659,1442.22700488852,1248
0.4325,7.86735017040766,0.0341983003835195,0.02511449484506,8689.67389795389,9465.45270528115,1249
0.442,5.47343982732366,0.0103190101459569,0.00902716118052953,18830.3981689937,16965.3596996852,1250
0.4195,3.20536916690098,0.0107897456310632,0.00871679782974886,10392.6495877285,10023.4345553162,1251
0.293,3.96252718542535,0.0573739082188596,0.0477337159781615,2495.07058362989,2478.15536768672,1252
0.449,11.6872163040547,0.0468963637135202,0.0365306482606679,9571.79292593366,9920.28640112156,1253
0.234,3.30451610377669,0.120059565803063,0.0932624310566688,942.915666747495,1035.53546829451,1254
0.261,3.22585677546236,0.0656142558592346,0.0540703052697977,1789.16920563416,1775.87277133618,1255
0.4275,3.07295087647591,0.00763302564775118,0.00596256930323962,13605.3953900844,13366.9600135389,1256
0.4535,8.06494518940892,0.0992400358411321,0.0739031272201538,2813.36865012797,3385.33192989583,1257
0.3295,3.86300823621432,0.0754123270536927,0.0577364361822572,1801.8835623942,2016.54165887821,1258
0.4635,6.16085227512985,0.0246894969768747,0.0077949417607384,9069.88522638946,21939.8877981924,1259
0.3525,4.87224828588604,0.0141218154343215,0.0113857726400926,12287.2544799721,11973.4702646092,1260
0.4285,7.14623312249586,0.0501935862239647,0.0466092875645803,5417.75236056405,4679.27938435779,1261
0.4155,5.69726879586805,0.0694062704910026,0.0607060443836247,3098.81969891406,2907.01409095482,1262
0.2615,3.93473220300193,0.0340664632171846,0.0318128588186435,4330.28408693697,3712.52907445683,1263
0.238,4.82684397746683,0.0353368540482267,0.0306054709240473,4975.22465895429,4566.35103652967,1264
0.209,4.39548513855677,0.0871009974485712,0.0779962908599585,1809.74189791304,1672.43515650278,1265
0.32,4.37615209025697,0.0103100236654765,0.00912893243071914,14350.6636684685,12693.4643223007,1266
0.452,4.73867044503685,0.0152278809367008,0.00943341640892505,11463.9323624355,14247.5133519216,1267
0.428,6.74204599246557,0.0305956500022679,0.0283911752486714,8334.95716119248,7174.40884109989,1268
0.388,3.34481667732154,0.0487250153267328,0.0365331608013893,2519.6511227256,2704.40031532463,1269
0.115,2.70101697004768,0.0901113519540196,0.0776494233635912,1137.20479871792,1074.21380903859,1270
0.238,3.30677397219703,0.0364439880577231,0.0326709873299164,3267.98432290871,2907.56043400195,1271
0.403,3.10168344229095,0.0638893253419543,0.0559323821713304,1790.3479156535,1664.09923753346,1272
0.434,8.47454859879804,0.0154332053990297,0.0102223890673828,20286.8043378805,23816.7221965564,1273
0.361,5.16482363243444,0.12057728973681,0.0631118876646649,1135.66183008014,2504.55890402116,1274
0.4155,4.16428400475646,0.0154330041166685,0.00964827081912059,9722.66094001389,11935.6726087165,1275
0.417,5.99633515112005,0.100097480848119,0.0605096782900688,1728.98854771138,3061.61777530146,1276
0.467,10.8751816288008,0.0763576987200361,0.0423070085758062,4904.23730249341,7942.88041155751,1277
0.2035,3.56150571799905,0.0363676132527172,0.032718279868914,3575.65055822063,3166.94580515492,1278
0.1565,2.86955284795434,0.147711061937114,0.132770685040357,674.00504011082,622.741501268977,1279
0.286,5.66425015479862,0.047727936278878,0.0457986261206924,4377.34106793701,3655.3833227189,1280
0.3595,4.9538805276015,0.0559800478579763,0.0329164707576856,3167.02740995693,4488.66805862914,1281
0.139,3.7196676722097,0.0297472375781316,0.0270966359288617,4248.98407913846,3678.89570760731,1282
0.2875,2.28005872255867,0.0392622868863485,0.0346719264778103,2103.09829941517,1899.94847519733,1283
0.198,3.938875638954,0.0379202776235419,0.0360841110518497,3738.77229690203,3138.52272682417,1284
0.4045,6.87822937650925,0.0335456455802678,0.0292564451145046,7744.20834981694,7097.28126686564,1285
0.446,5.33162525850181,0.00830673930673157,0.00703431345985667,22485.7470615567,20718.6198915652,1286
0.3925,3.63072103001875,0.0137696632615387,0.0104655570114727,9503.11320704413,9651.19123767532,1287
0.2585,3.47521097288061,0.039770549964238,0.0369451296145311,3161.38133023444,2684.31761706852,1288
0.333,3.33763655019139,0.015246782281983,0.010763123535683,7765.19152320532,8452.19175220051,1289
0.3105,2.79324400871187,0.0250115725327165,0.0162545934955742,4068.20551855376,4906.45250260369,1290
0.1355,2.74266747071408,0.105671667116187,0.0812943231341311,905.136067499916,999.851204874815,1291
0.233,4.23131446635456,0.0545411972902763,0.0491800437985006,2804.69419608017,2505.87415460265,1292
0.355,3.71719712802017,0.0105913315736085,0.00701075103190308,12054.1781812808,13690.4762712082,1293
0.175,3.97129616725163,0.0346560545593054,0.0319878986719107,4067.2728541483,3514.93832881728,1294
0.3415,4.47299362572696,0.037893105917172,0.0178394800397227,4191.3292765006,7219.62425968021,1295
0.388,6.98617504172777,0.0362208513735002,0.0321224006754224,7301.91078756665,6588.28227267562,1296
0.4525,6.95415866775677,0.0677870782124209,0.0474439997234841,3755.38653522649,4527.20404255782,1297
0.134,2.39701895626564,0.0744338696531195,0.0678198466892297,1204.78691417267,1070.51934826884,1298
0.432,7.5818364481121,0.028284201495431,0.0272419821261009,10186.8311780376,8456.13828300274,1299
0.3085,3.71756687183738,0.0164834647052473,0.0128993690150199,7960.62537532453,7872.22917364231,1300
0.382,4.37072741925962,0.0656477547427539,0.0613766250174571,2495.1531851004,2156.51787830998,1301
0.4055,6.87565948849321,0.0408407981735667,0.0326833560331898,6336.35340745235,6402.88459908815,1302
0.2545,1.79096631852074,0.0138925805357054,0.0120997980640241,4278.25919246753,3845.99657729606,1303
0.3605,3.93027632176944,0.0206669632317478,0.00858493545408718,6757.92911555916,12302.0495870526,1304
0.4225,3.62351393129842,0.0132709289206797,0.0119702926268869,9783.5812713157,8597.15328202484,1305
0.436,3.72299233311158,0.0135238222126269,0.00767389305347988,9919.2212120387,13202.3742538413,1306
0.264,3.76046105639705,0.0845588090086011,0.0772048733292041,1631.87224523998,1458.79445467411,1307
0.431,7.78393360221292,0.0348113483127004,0.028516729401707,8434.22507253919,8193.69293128528,1308
0.3575,3.63676741249821,0.0184067914893415,0.0134778028066151,7124.86421432247,7614.19569155696,1309
0.328,4.02351803422562,0.0895252258414054,0.0674076033385857,1491.12461315746,1806.1705378199,1310
0.3555,5.76997620676613,0.0493961763868909,0.035189990965847,4255.40480567427,4966.28247192791,1311
0.459,4.34748582154817,0.00706363627078115,0.00588325873166707,20985.966109181,19512.9293732511,1312
0.4445,5.87642367119461,0.010380205213498,0.00703122657145144,20344.9296250684,23045.9373468257,1313
0.361,5.42708477187515,0.0306044149744901,0.0299165212757761,6620.79355823236,5411.06657392206,1314
0.198,2.50791835464224,0.0531475987831015,0.0505329539680709,1717.71079084413,1436.54805523102,1315
0.3805,4.36911364351619,0.0120503060340512,0.0109920534540151,12789.5034358185,11088.9522724138,1316
0.2575,4.79956436263609,0.0456644962192422,0.0429803561029054,3909.88643268294,3353.24418295944,1317
0.407,6.14147266550723,0.0577509827196101,0.0491405810246466,3946.3222045129,3851.94007791051,1318
0.216,5.33704649380588,0.0273702128260341,0.0262025019813829,6902.57653463066,5751.07426009202,1319
0.214,1.53395864374891,0.0378163891533733,0.0148879289856906,1417.26416502206,2706.58330186285,1320
0.4055,2.97349567262716,0.0217783950947984,0.0134571716291345,4983.98699310277,6275.0497347497,1321
0.451,5.98648824904614,0.0104679834996658,0.00816931290079298,20536.2524531034,20464.8623397719,1322
0.4575,4.80899893545493,0.0155173626127657,0.00667940345942465,11324.7907602678,19328.4497840173,1323
0.314,4.46971422752109,0.0806175278463065,0.0656243932178451,1950.26657544225,2060.3801086111,1324
0.355,2.14280331399547,0.00402626636621884,0.00337557857598684,14908.5385043971,13327.1941646386,1325
0.177,3.23561678697248,0.101549356534331,0.0893309390502227,1076.18804336132,1026.10072924063,1326
0.32,5.85315972791652,0.0232922839561742,0.0200428602646772,9276.52078140154,8538.54990714022,1327
0.377,4.87383936793198,0.0209017127923174,0.0184739957667833,8592.7256706313,7774.63586307525,1328
0.403,6.926564889171,0.0413263886404171,0.0414213789070512,6394.03110017338,5109.07221343475,1329
0.4705,7.4304671883163,0.0172943704672371,0.0136279764437927,15942.7729170021,15967.0493908538,1330
0.1735,4.27378714857012,0.0652216866853302,0.0632996236834322,2434.28991947074,2002.84473285906,1331
0.424,5.71755940371242,0.0721773880892899,0.0391254140777548,2700.88222688924,4445.96682672218,1332
0.464,6.53776626885316,0.00871731355111853,0.00732161951147408,26573.8065728957,24807.2485912267,1333
0.4625,6.2409627159826,0.0669843445683163,0.056936034431151,3484.15366885595,3372.84266859104,1334
0.4175,7.88242313995725,0.0509551861557016,0.0440394337640551,5864.91547596903,5528.79744441545,1335
0.292,3.99562372365487,0.0511096979439433,0.043574152740586,2950.49686015368,2780.90185199709,1336
0.1995,4.04777955366829,0.0214370713051119,0.0196680550682659,6657.15217332664,5757.15442427758,1337
0.303,3.9635433695241,0.0131850386788397,0.00862232534784954,10599.8308206165,12237.0187245549,1338
0.2265,3.7015892031843,0.0462995904551475,0.0300038608076995,2824.40502375799,3525.30026051387,1339
0.4315,5.97342397479839,0.0251129272803627,0.0245173808858922,8968.1485952367,7353.27006259395,1340
0.37,2.34680498442138,0.0181035765718809,0.0100772576766704,4636.52987327945,6345.33856129745,1341
0.4425,3.76955560743808,0.0253321123457932,0.0215062245451741,5528.576503355,5188.71232235803,1342
0.4595,9.86449588275923,0.101082897203902,0.0594252179686005,3138.76736354534,5180.31721075455,1343
0.358,3.06533299393984,0.0216727337234607,0.0177316447684574,5148.86597253573,4953.01318657602,1344
0.2565,2.28695729157673,0.0874741128492489,0.0743113415548881,952.540120151885,915.829744099015,1345
0.2555,2.9919496344622,0.124805847762469,0.0829361881873123,732.61753271045,1063.14873831182,1346
0.4335,3.54826894478512,0.0171316919746211,0.00699198602144259,7549.37759489391,13668.6090914456,1347
0.273,3.79203100023595,0.0764247187199684,0.0628777043535862,1770.03954606914,1810.05249798186,1348
0.4225,3.42528287782693,0.00709759926538668,0.00575281670053542,16204.410456979,15389.5292642179,1349
0.1665,3.28695425937301,0.0761652597506527,0.0662750936457712,1556.36151604829,1450.50120668793,1350
0.439,5.90828794111658,0.0445089060784019,0.0419049631506591,5049.4586549473,4312.52526964212,1351
0.1755,2.44193766197452,0.123466593597001,0.105854971499958,700.162492305139,678.220280457339,1352
0.406,4.83149915702037,0.0126169265958053,0.00973545650417665,13734.3192318717,13764.7210455377,1353
0.4655,8.14248507429466,0.0281609337254171,0.0231835622756883,10934.2151346365,10543.4636728346,1354
0.4655,7.64937600361021,0.012267433398716,0.00854317246394806,22793.2812273623,25312.8962169626,1355
0.455,10.7873318181349,0.0882947675302589,0.062596665210374,4213.46847146385,5344.01981448047,1356
0.4415,7.77176338077075,0.023679726117508,0.0193669356843935,12311.2827451062,11882.7088119971,1357
0.2035,2.47217981896501,0.10446947067445,0.0791188699485658,823.336741916181,913.016697032121,1358
0.4585,9.97131467613708,0.0608990514956569,0.047297649694777,6142.89537480979,6421.8514207949,1359
0.438,6.62811297370492,0.0294112993983728,0.0244739287456966,8485.4341726494,8118.60615736541,1360
0.3275,4.67440409241935,0.0477422130720722,0.0407873146677577,3573.84391992464,3456.03569276303,1361
0.3015,3.70146954586066,0.0164468300175634,0.0144893103601205,7941.07700698986,7114.20507596098,1362
0.311,3.75731646493267,0.0285498051418716,0.0121858407682683,4643.54367748912,8451.41086190252,1363
0.3805,5.29855028298265,0.0266544001501832,0.0250619762254463,7405.44696758694,6311.22647770502,1364
0.445,7.93861053960343,0.0164699422485475,0.0143782168358814,17839.5392990387,16147.6457396161,1365
0.244,5.0078012887856,0.0241888042005599,0.014585574741792,7347.77079414399,9546.55507028095,1366
0.1845,3.09118212595929,0.0767998974427095,0.0691511223277136,1453.0406657193,1312.51222703826,1367
0.2115,4.30264476375312,0.020858761331577,0.0162071195888326,7154.44043920829,7115.99471614988,1368
0.45,11.0337786571721,0.0159130736452869,0.0115794467653195,25948.7629429506,27902.8371226305,1369
0.39,2.52058485016372,0.0275846839281948,0.011715489080702,3306.82193971647,6034.09912967061,1370
0.3965,3.23394548647802,0.0130828934833021,0.0121002950639094,8767.06613061555,7529.25810392216,1371
0.3985,3.87203128501427,0.0293777423414202,0.02581541260159,4913.8920762983,4472.37824772503,1372
0.2965,5.37213872233169,0.0373263270108281,0.0335972973325666,5471.62010407514,4873.15624557832,1373
0.4225,6.10174558518067,0.0126230698297157,0.00938000845410421,17654.3688881717,18421.4864894752,1374
0.3355,2.54287388855211,0.014079645148949,0.00795674674165028,6358.40939816765,8351.73133137076,1375
0.371,2.80578360879011,0.0106476906408639,0.0077833947244523,9099.49237356478,9439.72476676429,1376
0.301,2.37135021842072,0.0803936276396687,0.069849371901925,1070.03712108517,1004.37360347037,1377
0.1195,2.79154278711293,0.09161376369156,0.0605943532436668,1014.63747523048,1305.22140964673,1378
0.411,4.90765752292755,0.0728449115131235,0.0488574146508265,2361.42805428544,3081.48465354025,1379
0.482,10.8794774487255,0.0353229320567241,0.0316922853762244,11814.6050309218,10540.437166399,1380
0.3845,2.86088599369847,0.0142465634310102,0.0119935213777511,7098.93863902605,6615.11822471624,1381
0.435,7.58684412077342,0.0317833211031899,0.0299991580815384,9113.41950561865,7713.09378660528,1382
0.247,3.53598544133659,0.100970179098035,0.0900148603939536,1249.06920822844,1164.54498576336,1383
0.1475,3.47055087389619,0.0412897329820049,0.0398379877687455,2958.47341623838,2441.27359018462,1384
0.3845,4.99368563743924,0.0288071347283423,0.0257625516817729,6470.95607426395,5780.92314508333,1385
0.3385,4.01905761895078,0.022629551478669,0.0177412439219803,6524.1598915559,6610.32978739915,1386
0.254,2.84306383151215,0.088490138990574,0.073910465979799,1161.73408194396,1127.75944990353,1387
0.3435,3.77583988704655,0.0168753579269724,0.0117053060212927,7977.56687473823,8864.40142857143,1388
0.454,7.68069777464741,0.0142058476948842,0.0123871560361482,19805.876561747,17995.8501555101,1389
0.429,3.69665417305332,0.017369002866982,0.0148389288352877,7780.87192529831,7199.24851702786,1390
0.4435,6.79533481886101,0.0311334334696232,0.0246646906255316,8236.95886450979,8310.49046000407,1391
0.27,2.94091917768354,0.0155679657178218,0.0143418730248929,6624.5742122009,5678.27744943205,1392
0.4665,8.43050972914994,0.0758066460737678,0.0546539830495572,3918.36609292591,4805.05822068586,1393
0.4655,11.0159803086059,0.0318265191407471,0.0288669570047453,13101.354519721,11495.3987556332,1394
0.186,3.4365820851409,0.0812430327715539,0.068096730074795,1542.78246460224,1522.4747149723,1395
0.285,5.27019596800259,0.0323244175323237,0.0296106916992738,5956.7416077419,5183.04463304542,1396
0.306,6.58583511680006,0.0491481020499107,0.0459575458016179,5052.16431619833,4316.69662424321,1397
0.3845,5.20934738046771,0.077823514173058,0.0521034257540187,2310.93950655192,3067.56030199494,1398
0.231,4.86361912258326,0.0185236928232868,0.0100980132745662,9199.68997982384,12528.8670600457,1399
0.4395,4.43549224644972,0.0174337595900516,0.0118694416897538,9408.98540889331,10816.1874265321,1400
0.2505,3.78152060346226,0.0340361841299279,0.0314590077947655,4158.31330995748,3609.06896661618,1401
0.347,4.09973490243818,0.0493730353070273,0.0329519950173502,3026.34723827588,3695.95646702176,1402
0.4545,5.17012735205406,0.00863842035806768,0.00748141270211984,20770.7602848766,18811.138062669,1403
0.3505,5.2032982817843,0.0367214390084562,0.0348816924852517,5330.23251287546,4486.26315711708,1404
0.3075,3.12029592390737,0.0584707999531264,0.0431984222746341,1936.45787394167,2134.26674226446,1405
0.125,2.25856577260933,0.0336177614523515,0.0296377340137922,2304.98835444528,2059.83686798697,1406
0.3795,4.95758315932309,0.0220733402296965,0.0199038677622655,8328.13747857155,7349.62851176163,1407
0.376,2.45817261058899,0.0189250230858623,0.0167425344345528,4704.10116324581,4210.11016959492,1408
0.193,3.49959117258089,0.0961577023976092,0.0670334396437613,1213.38258542418,1523.29973001044,1409
0.417,3.63199245836359,0.0145916063733909,0.0106485965182421,9019.15549374175,9540.98679962758,1410
0.276,1.84572946385898,0.0142883302621971,0.00963532037306345,4416.89326378316,4926.51720471806,1411
0.434,3.94016224232822,0.00919966932929931,0.00765642732356508,15043.8401774649,14088.8097425106,1412
0.403,5.40178448679623,0.028426234085411,0.0276411158384023,7062.12496023281,5779.19356004243,1413
0.4475,4.41330547354647,0.0103212609008435,0.0076053676568554,15165.0640632664,15922.1644493183,1414
0.2695,4.46071213063297,0.0281040529464365,0.026493026196129,5964.7719339945,5040.75290720214,1415
0.1595,2.52783131806532,0.070734654880312,0.0621353481235015,1304.67886950028,1192.64904166393,1416
0.4415,5.69286669520788,0.025540229444363,0.0225387767865915,8307.74484734423,7503.05071818382,1417
0.223,3.68010801928323,0.0447131697546533,0.0409453109402141,2976.54848407008,2615.22231487279,1418
0.25,3.06602815078118,0.0453698567419842,0.0439769861466204,2483.71780082034,2047.19878713248,1419
0.457,6.39537628908747,0.0193282974194623,0.00813543125722133,12112.8489847438,21845.4688335277,1420
0.4255,6.31419604673606,0.0575838260341009,0.0336550165006586,3835.89888256434,5739.22720075865,1421
0.4615,6.887790615981,0.0100864331607065,0.0079243003038148,24536.943535356,24342.5079675178,1422
0.3635,5.61421183387521,0.0423222497614902,0.0367048456063603,4983.99450568087,4682.87497859381,1423
0.3685,4.22521555160631,0.0239291727245059,0.0217789724442284,6491.44924895124,5687.75635458152,1424
0.1665,4.02452628997531,0.0446164109439701,0.0406582767165146,3215.25534388875,2791.80906401512,1425
0.394,5.20481715824586,0.0353569691518511,0.0268048340616177,5517.79594270647,5878.74739268889,1426
0.1695,3.29146144124024,0.0418675358746837,0.0380210069047336,2804.3977199983,2460.22823516812,1427
0.3725,5.71283209394658,0.0444583968855512,0.039415078528083,4822.50320082821,4411.23933219477,1428
0.2255,4.12733539634441,0.0524641455493961,0.0493398416456424,2937.41258387076,2506.26244540532,1429
0.3665,4.09241862616229,0.0190162052715468,0.0178360857363509,7787.57507501474,6619.9012993635,1430
0.3815,6.38732727791754,0.0386690761127331,0.0282517098943886,6156.73917892237,6788.65862045293,1431
0.4135,4.20300891355761,0.0692906133849983,0.0623585939046287,2261.45467526105,2017.96287598697,1432
0.4685,10.807017477046,0.0334330781350171,0.0263823123759831,12236.2304663024,12422.8595510002,1433
0.1735,3.14178151496973,0.0760583384584729,0.0711242234339267,1476.21707127432,1278.29562107339,1434
0.3805,3.38828767310005,0.0100164568521984,0.00732006584974615,11517.5952853171,12038.8529695503,1435
0.4265,4.01972858274029,0.0135056898181831,0.00718405170797164,10713.0942790051,15037.0510310415,1436
0.454,7.07272945756864,0.074623188322051,0.0533481891244412,3364.41619853727,4116.76703726141,1437
0.334,5.70176707901409,0.0366455303061377,0.0334256308214355,5783.01142652241,5060.97751345609,1438
0.4475,6.2990218050897,0.07038155227106,0.0505965745847797,3182.24857471314,3852.62559677043,1439
0.4095,3.11385323663099,0.0139130702829941,0.0108389904972716,8053.89588458359,8061.51832788047,1440
0.429,5.33659307730683,0.0188498719420895,0.016865225732009,10441.6819486552,9276.14141054574,1441
0.244,2.51694569684744,0.0721701670935364,0.0622529474127676,1290.21287639103,1225.39288939316,1442
0.431,5.95296767890834,0.0213246973870427,0.0190990788125483,10499.1976623782,9356.09724013581,1443
0.436,6.15563095206258,0.0447696066257934,0.0326926229609215,5131.97407090181,5736.18711697026,1444
0.4525,11.3408985970918,0.0887432565469068,0.0548854753115942,4050.37498220601,6443.75577234985,1445
0.292,5.95768363670354,0.0261275846401678,0.0244999851559093,8406.82010605446,7125.67888164367,1446
0.3165,2.32357843372105,0.0195449485389617,0.0120497167142218,4198.51450475803,5242.26095451424,1447
0.2715,2.10128863683096,0.0834553236839499,0.0656228867362309,907.95981199889,934.920661878882,1448
0.4395,6.80595975602441,0.0352505818207336,0.0329785028983815,7259.44412362359,6227.11118252164,1449
0.4065,4.54057399656104,0.010480979951859,0.00822496268772562,15111.0398855531,14835.3682158165,1450
0.3925,2.81691606085137,0.017647268645415,0.0154697238727024,5805.42220970883,5211.44673583159,1451
0.464,6.31444804115271,0.0125150303456396,0.006938535612778,18384.5850764147,25022.6886988885,1452
0.4535,13.2270826091674,0.049945699072041,0.0323333858606138,9907.39809457791,12494.2490206938,1453
0.362,4.73186044502968,0.0548199593197155,0.0446106924406625,3174.15552625875,3184.89568488797,1454
0.367,2.55988200994,0.00661754061307133,0.00474882029408892,12458.2173477232,12866.5059542301,1455
0.3615,6.77145354882532,0.0496451018050315,0.048098027126104,5140.06436885305,4278.98184630148,1456
0.4645,7.04250062863108,0.016499036140273,0.00861086039054414,15716.3880714025,22982.5146026775,1457
0.1545,2.67132770332224,0.0764688041653021,0.071295264898566,1283.48306790256,1110.32420441515,1458
0.379,2.7352855471663,0.0206483002028993,0.00503695836555169,4684.8855789439,13155.1061904826,1459
0.4155,4.84952619835358,0.0308920764426098,0.0158346435236636,5693.83037764385,8908.57180443124,1460
0.302,3.65413929452726,0.0312702557715863,0.0290273621246612,4319.06407837276,3717.88250488295,1461
0.215,4.33641912279941,0.0236589536970077,0.0229339983665837,6886.32114102666,5686.24830414457,1462
0.2595,5.46564073290536,0.0207097802444627,0.0153804452500229,9344.7597778786,9683.25668904447,1463
0.4375,4.9621660287618,0.0167388823873191,0.00592716177228119,10809.0413174988,22233.6316419286,1464
0.395,5.7792202562754,0.0252326935648653,0.0218695161934039,8626.47127284515,7912.30986069394,1465
0.442,14.6377209392254,0.0548227259029387,0.0467401685144034,10238.7052984675,9626.16332327293,1466
0.3625,3.51603199571391,0.0364781086347883,0.0231547840173793,3529.39161625947,4453.18565884053,1467
0.4215,4.68589751429994,0.0380363929680893,0.0157310955820155,4390.38595385157,8792.76300798431,1468
0.3135,6.13444803395374,0.0445366847364852,0.0301297752129999,5078.34958263566,6121.07801452973,1469
0.1745,1.78050731883213,0.0621843537188303,0.0573932211372565,1042.28324931299,903.653734736842,1470
0.445,15.5274849486247,0.10279052695105,0.0584766214513217,4424.81190471829,8264.60355946092,1471
0.2245,4.42580477081319,0.0297919590273253,0.0244843128688921,5434.96596767094,5219.78464645594,1472
0.4435,5.40858948290961,0.0181516002257961,0.0141446574743867,11065.2073571479,11184.1797549552,1473
0.402,5.93453558880489,0.0694342636800482,0.0583680834645687,3178.32711022572,3119.59833307756,1474
0.422,4.87016852390714,0.00924671031791039,0.0066435125697503,18541.4867102044,19690.3858474779,1475
0.1415,2.96011702153978,0.0873829539702376,0.0821351667692947,1209.817398915,1038.06852625466,1476
0.332,4.70369691155875,0.073501439999375,0.0568523095943932,2249.46231491501,2494.02703601881,1477
0.468,16.2771745932521,0.0624266779050707,0.0405049038569758,9738.94207499796,12429.74384432,1478
0.4115,5.17663748259483,0.0141310845427142,0.00621735980993657,13199.4381410422,21902.9511055106,1479
0.397,3.50987188300848,0.00798853052324811,0.00641970504648193,14543.9671913446,13913.272553724,1480
0.463,8.97174385261795,0.0416705485481102,0.0262555333828313,8047.17038724573,10290.9857037141,1481
0.443,5.76350111801447,0.027398344332578,0.00899349725222566,7611.71853591689,18128.709190309,1482
0.212,4.14529030723301,0.0629377622199255,0.0590932770055682,2375.42988490856,2017.82393404356,1483
0.4375,4.28154083277956,0.0219013228165209,0.0124220557402115,7199.28373150913,9986.33173606075,1484
0.1725,3.74334576344024,0.0434434591488896,0.0408619632758517,3157.83519872279,2683.38866716403,1485
0.463,5.77170556356414,0.0115665518547815,0.00952184701166906,18038.2724300023,17224.8010105043,1486
0.2255,3.90234244141652,0.0218852991765982,0.0205616082543885,6238.87618300466,5287.68683077102,1487
0.407,3.95271592241921,0.0198627263697315,0.0173947052212207,7296.30925957384,6585.68953016007,1488
0.1825,2.56739307699585,0.124259738696124,0.0928516506714175,679.901370386354,800.0375010235,1489
0.2265,2.73001190613124,0.0966929273417916,0.0787819941269718,977.505914129187,1026.79294639144,1490
0.4625,7.86551882970622,0.0736680855709955,0.0531926098755053,3828.55227569065,4598.05769322434,1491
0.2675,3.61100748043319,0.0601452694502846,0.0539135484365795,2207.16117212709,1966.9715719416,1492
0.3485,4.01285959289547,0.0263855986424194,0.022780565359558,5605.75372086951,5163.38361992097,1493
0.395,5.61842008740299,0.0128378760865732,0.0089830186510582,15599.9374451086,17194.8674032581,1494
0.4205,6.05490019705658,0.0244997576355175,0.0161565531793088,9108.21747887278,10876.6599324816,1495
0.2855,4.89315965851,0.0340421178791675,0.0268287043091242,5308.28393565444,5401.93398585066,1496
0.4115,5.97759099739272,0.113923652327827,0.0619633172668828,1286.02142553204,2987.38387214868,1497
0.4295,4.30261995677059,0.0182158974194763,0.0103040995325732,8719.69042152511,11857.9217585761,1498
0.3945,3.81654498682476,0.0316762306445066,0.0280691781112025,4544.03342599711,4110.67061030642,1499
0.169,2.88800105692676,0.110806744446586,0.103292314373873,917.019001339602,797.064948146886,1500
0.417,4.258797216823,0.00905027007489785,0.00644103426381558,16146.4051642427,17219.5400296457,1501
0.2755,2.91155872944332,0.0152979970959455,0.00989691690014546,6533.18229322014,7670.90494644945,1502
0.457,5.1114153781643,0.0189452989551496,0.0168425867148179,10055.8027597982,8981.65232075863,1503
0.2565,2.54929516196183,0.111192700923784,0.0939533989185291,838.177627161176,814.204580484935,1504
0.098,2.4662528185515,0.0568426306654891,0.0524585943476336,1493.02323208758,1281.67060080808,1505
0.4665,7.78446965188748,0.0217907991541732,0.0208317014888971,13514.9260148477,11245.9466471499,1506
0.4505,9.46007113772433,0.0498037228300109,0.0370138996144226,7121.74605940236,7803.13250983318,1507
0.4465,7.49199022626901,0.0462010559484899,0.0309251605391762,6050.15604362352,7363.2140708054,1508
0.4455,11.2748295772697,0.0423695177627357,0.0367514032861688,10137.9604513871,9298.56579103169,1509
0.462,11.1595763908709,0.0761587378536728,0.0607753483758519,5427.09752648296,5641.17390677651,1510
0.3805,5.75449404751113,0.0504027218374805,0.0422109328783272,4271.05632727355,4145.56347605375,1511
0.391,4.00522997924153,0.0113033888195887,0.00896165438605342,12405.7600286382,12175.2892898016,1512
0.407,3.53521578090568,0.0124602326424674,0.00728709861272871,10117.1168925098,12848.5041931307,1513
0.354,5.32956039897205,0.0516209693999746,0.0347533503849239,3750.13189660806,4687.21085066893,1514
0.392,5.11044354432849,0.0266590548269072,0.0191506657364903,7082.90659069105,7830.54569125492,1515
0.2875,3.17345015266921,0.0224199220662533,0.0178587365246094,5013.35376448875,4938.79940151103,1516
0.317,2.88094256476383,0.0179515763908745,0.0119276116290324,5767.13583830479,6676.0754015962,1517
0.4075,7.73781335620206,0.0401152259102915,0.0396782910128952,7374.9481579407,5970.04724078729,1518
0.4375,4.50287104691844,0.0105533468966119,0.00830124587352532,15173.8442698595,15015.8840222743,1519
0.348,2.21218663723536,0.0135101476550465,0.00834844541562096,5689.77238020586,6929.37659444636,1520
0.281,4.48049041603748,0.0540345212832587,0.0508827752529466,3039.08691052471,2596.01801390835,1521
0.377,2.44366838323166,0.0132051534502678,0.00651250473952773,6556.2346249312,9599.86171878848,1522
0.3685,5.45482674910476,0.0342418727563023,0.0333071378593719,5920.71889007515,4848.50004410226,1523
0.2785,4.39909757588045,0.0556230594640946,0.0497682898266943,2968.91231380251,2683.03323738128,1524
0.2245,1.82264869196596,0.0272651981654582,0.0239023100512875,2415.44651099212,2169.27464686882,1525
0.456,6.96995890701163,0.0275578759741372,0.0249020967323816,9658.9380332598,8522.70550984107,1526
0.477,14.5562967516177,0.0767557466211042,0.0581679483189377,6868.92690554683,7803.65916740194,1527
0.4415,11.8044474757391,0.0629917977076336,0.0393439019512663,6758.37561029236,9325.73629322438,1528
0.2455,4.0520318594965,0.0416444939026873,0.0388732129023373,3493.72783531973,3012.29554164134,1529
0.379,2.53465827877775,0.00839368581936671,0.00647220257764946,10012.5406623088,9829.10701337993,1530
0.392,5.63308266141832,0.0577260888560498,0.0529809682327837,3654.76758643646,3225.5361780726,1531
0.45,5.35176117187828,0.00987319066767788,0.00795086313924432,19391.1664621873,18756.0157108864,1532
0.3415,4.41412215139575,0.0475136512230681,0.0422336340133751,3440.09623598934,3127.18284987782,1533
0.2505,3.32794811148163,0.0944621624532836,0.065020245492997,1162.86908424245,1516.37125349967,1534
0.461,8.46424055986919,0.0136547869044754,0.00873517482769132,22731.9065300896,27370.238672344,1535
0.366,4.63295770528063,0.0136006862819819,0.0115787975010225,12073.6771654476,11097.8244253213,1536
0.317,3.15469008460046,0.0126580313098968,0.0110310550149182,8734.47763766777,7844.66686661926,1537
0.4665,12.5127271421469,0.0400844684735138,0.0363682004103933,12042.073862273,10632.4270696008,1538
0.2065,3.14097191378432,0.112034036092725,0.093094312371366,992.1834013903,1011.7540579548,1539
0.2105,4.88197160423178,0.0202916510143976,0.0171902915042084,8434.55195017032,7828.28472393237,1540
0.2645,4.51006873499611,0.026787227794785,0.0253077071615583,6149.95249082434,5182.87892320497,1541
0.464,6.44443728297049,0.0237119818006079,0.0168042828513834,10188.6754500962,11386.6504204277,1542
0.389,4.94067213265532,0.0300013031995756,0.0228969429877769,6093.54411777935,6396.44572572157,1543
0.386,5.27603562028761,0.0191970338547903,0.0180586523202427,10077.2045728365,8507.61234799034,1544
0.413,7.23546062256944,0.0105101605904566,0.00704810886108385,24465.4092412855,27693.6782824977,1545
0.47,8.76753855071035,0.0476087989662642,0.0146087571004633,6367.3344075979,17849.7693574197,1546
0.275,4.2281666316215,0.0202049862312346,0.0149334402401208,7500.50135111187,7983.41794913964,1547
0.2035,2.95857861963083,0.0261280326850421,0.0226347794520457,4082.80417080182,3706.13959079132,1548
0.2925,5.32048795072199,0.0408048165806446,0.037916230635152,4866.68422333919,4195.09819391326,1549
0.21,4.35383009637502,0.0853301820534465,0.0757035302033645,1807.40325227588,1686.58960925678,1550
0.214,3.02414015311137,0.0324435898512671,0.0295986748995429,3349.16401928058,2934.85935613929,1551
0.277,3.83205503343542,0.0229215720039422,0.0164823990156816,6047.81433808999,6561.0373554916,1552
0.428,3.08851320656368,0.0094331269228126,0.00774987020300306,11379.033844909,10779.188654341,1553
0.4315,9.00203819640746,0.044548140569491,0.042186998774017,7757.52463677221,6569.12947792947,1554
0.4175,3.87193516399151,0.00610005933192449,0.0051635237540688,20384.8109636449,18568.5534941519,1555
0.422,3.18261317693266,0.0178983351593858,0.016675755763835,6507.89736492147,5544.07435201755,1556
0.3035,3.8126882544874,0.0628742821423324,0.0514162122643141,2215.77218645604,2224.59128519452,1557
0.3425,5.49149724247659,0.0357834502662658,0.0217113718001581,5667.70030037597,7494.87411308737,1558
0.434,4.15339172346574,0.0068796106096084,0.00578482936612718,20119.0603124765,18565.0967370141,1559
0.4205,4.88338193726231,0.0189624520874983,0.017135657990954,9486.20149822126,8345.38428339326,1560
0.4125,4.17265533718305,0.0290949385107755,0.0157712942209288,5235.72071415573,7658.47763690516,1561
0.322,4.36695791943517,0.095178004795243,0.0690970320495511,1492.54069228171,1902.39392677366,1562
0.3475,2.54162958198519,0.007937937859038,0.00721173609455809,10458.7977116519,9033.46810757937,1563
0.2235,2.50241060816999,0.0223600931119955,0.0181056826173374,3965.85973034653,3850.31312390607,1564
0.4175,5.07159431384819,0.0153220125774571,0.0127474423229269,12145.1462628506,11492.6846795088,1565
0.465,4.94935554099621,0.0273759838249436,0.00770398625708827,6528.59722776979,17887.0751064974,1566
0.223,3.98943656725037,0.0593255922668295,0.0520154846141962,2428.66457160432,2265.86684780289,1567
0.4035,5.30757509467211,0.0282556982103522,0.0262978829752325,7119.17308217636,6126.57121701029,1568
0.3505,3.85322218281204,0.0289785288383048,0.0273328569671097,4904.59670206925,4161.81312428283,1569
0.1975,2.48938999798131,0.114408411657092,0.107016220512429,774.81429756917,670.253178286945,1570
0.469,12.553262045179,0.11979620518743,0.0607807355604949,3097.87619769991,6369.21823949384,1571
0.416,3.51491477378052,0.0181586383655345,0.0151585634905161,7004.29722410291,6644.73928697285,1572
0.2015,3.80544474700946,0.114121016893864,0.0865664723371167,1089.36115938496,1291.63804335334,1573
0.2145,2.84404310700822,0.0913270497921785,0.0849682492167576,1118.89508213333,970.733323740874,1574
0.456,6.3443433978911,0.0105779004135951,0.00808804302758835,21594.2688028459,21961.1058820547,1575
0.274,2.95686866185454,0.0173812182294249,0.0153404534524659,5964.50216205074,5319.67685410287,1576
0.1715,2.6372478302096,0.135382234463678,0.111959983084398,646.144549055515,681.291227577722,1577
0.425,5.07725170627125,0.00929465487180888,0.00806298017590244,19257.7708913187,17385.2872704609,1578
0.329,2.43280354932235,0.0286789182641364,0.0227516952222664,3075.02073309653,3073.13926647462,1579
0.4645,6.07101873782722,0.0287186789043077,0.0259155694580792,7969.57397631265,7065.4510328609,1580
0.2875,4.2388886899537,0.0358843679695503,0.0334761946207651,4319.30428520994,3740.08484898619,1581
0.152,3.88928411013368,0.0395141077126915,0.0304785864170537,3503.31192702182,3584.33822551072,1582
0.4335,4.14336031976581,0.0139366745135258,0.0123889326460071,10781.96,9582.98355625263,1583
0.3935,3.78849868686626,0.0269942898125014,0.014346178838354,5166.99082016983,7658.84392977273,1584
0.3025,1.91082099647116,0.0100683243025149,0.00824922625073359,6311.932163691,5919.58047129761,1585
0.1315,3.9354286950871,0.0350990497718272,0.0262875638463079,3851.23934176381,4015.49605892487,1586
0.2235,1.82897461722488,0.0383361418897968,0.0340337925869056,1715.12547937282,1526.80254033014,1587
0.406,6.81115004050977,0.0232007825935584,0.0213986411363783,11039.0823049406,9504.87372926175,1588
0.466,8.22592361768869,0.102794909259363,0.0570604675053626,2440.00294691562,4494.90850124113,1589
0.395,5.66035945670118,0.0536371079389729,0.0438360595039192,3925.00750293092,3961.21803083745,1590
0.4415,6.50741702281003,0.0225815366913381,0.0208048047893731,10837.9271894463,9352.22948259945,1591
0.415,4.75444871975763,0.0335997374331812,0.0292696640168398,5323.28010858441,4887.02667980341,1592
0.48,13.2943633221978,0.0322985538317847,0.0304587638802301,15819.710104875,13343.7528815748,1593
0.3505,5.94148592797754,0.064290084196494,0.048736824891711,3336.36097067488,3696.70172834023,1594
0.2855,3.85484387864194,0.0176696800878917,0.00839708362356034,7592.20099915056,11748.2608577447,1595
0.4385,4.27075867643692,0.0108873379471943,0.00572067703389323,13804.9381829511,19420.5380474779,1596
0.356,4.43568058375546,0.0409712749975505,0.0354664850414352,4050.87122094994,3773.58492434899,1597
0.231,3.29258706623916,0.0397901224218171,0.0312350956398223,2995.44091311437,3018.96847127021,1598
0.381,4.84009723901928,0.0123972172675499,0.0104960732705862,13983.5052672647,12873.9171820687,1599
0.4615,12.1922607853864,0.0844451917194793,0.0421565369341652,4801.35475535073,8980.29750724074,1600
0.3025,2.80232094399517,0.120974135207933,0.112485635736859,845.77022851761,746.440385691822,1601
0.442,7.62305528686949,0.107770802731149,0.0741961465060785,2305.91973873146,3190.71489331758,1602
0.458,12.6008899584283,0.0608193303671677,0.0381654164649232,7499.71498904937,10214.7773479867,1603
0.3215,4.39266632267167,0.029020136592676,0.0213749382035109,5474.34533963914,5947.0970049706,1604
0.376,6.55614129817844,0.02770260031045,0.0260880999924717,8980.79530369689,7630.55510184094,1605
0.3095,3.98322153586049,0.025782944592224,0.0226924053367761,5682.68220172596,5143.55052118786,1606
0.458,6.19300051877576,0.0311600413491317,0.0129188585330762,7263.09018429521,14016.1177990838,1607
0.2155,2.64044910934846,0.124867924925297,0.116207026372838,762.576557580203,667.358030753383,1608
0.462,6.73685980217989,0.0230064542140498,0.0202717469795784,11033.6561439297,9998.1539231184,1609
0.2595,3.75822059644997,0.0661473150701384,0.0422362222584654,1974.10101774863,2629.09002060586,1610
0.454,13.2459403295924,0.13160065638559,0.063384887520066,2739.93256631655,6444.51378671472,1611
0.339,7.89811866294113,0.0377020350185698,0.0336486102416393,7883.01282321197,7035.39179395588,1612
0.17,3.32776324834452,0.0394736970031129,0.0367842588503397,3016.44537369082,2578.77129693779,1613
0.276,3.9239864746858,0.0201727400627946,0.0150484878094849,6932.14168381212,7198.5883340696,1614
0.2245,3.19384245157335,0.0642278670662824,0.0572307664066042,1773.0297907515,1614.78477137533,1615
0.4165,6.88954709481467,0.051177505592689,0.036018291723663,4925.60690322042,5889.99871123875,1616
0.4365,6.62834408602639,0.0153845284952144,0.0130720598900831,15888.0788352798,14756.0193017236,1617
0.276,4.30828712605927,0.0172344204439537,0.0134984720605125,8858.84267685945,8857.20242831323,1618
0.33,3.2884278828221,0.0160061632853116,0.0125985221484705,7311.5476361241,7197.13309802961,1619
0.456,6.20137601479303,0.0316687766170592,0.0152157652212536,7185.22028674938,12068.2120509072,1620
0.2185,1.81477100582892,0.015173083087511,0.00970784451527498,4000.39617744308,4648.51462476338,1621
0.4275,7.43674020051317,0.0216383890951612,0.0180478009234858,12808.1720525715,12134.6694908497,1622
0.2725,4.22450604975282,0.0973312833938565,0.0776565368534673,1477.51849887262,1622.28337954795,1623
0.269,2.29181355427503,0.0209824914928874,0.0154248418767505,3808.08643744589,4004.26699002357,1624
0.25,2.24567019288251,0.0759534912660593,0.070212709457688,1077.18170202045,948.45785837662,1625
0.301,3.66697179676617,0.0154315428088476,0.00862127083814543,8403.04588958482,11122.7536269658,1626
0.2335,4.6632588865611,0.104070624844106,0.0913858703718223,1599.71926408177,1530.24125954112,1627
0.458,5.52832733899715,0.0141653824632695,0.00689765074703161,14199.6567938009,21807.069382902,1628
0.1525,2.52077919226117,0.0640110112512778,0.0550163684203761,1402.91206938087,1315.587522002,1629
0.402,2.75089675489282,0.0313285469310564,0.0166282508929462,3234.40216549837,4757.16075435086,1630
0.374,4.49894119724116,0.0353021996274241,0.0185543910876092,4613.51282051282,7171.59409081222,1631
0.433,6.02200601108931,0.0324023807754108,0.0170126241665475,6796.07777026526,10427.5737752639,1632
0.4305,4.98418281923116,0.0276648917225805,0.0237584638162133,6764.02848909497,6296.51614084291,1633
0.368,5.86588056462765,0.0349417270316083,0.0336160037702189,6230.49080082365,5164.94795645764,1634
0.4505,5.79558971436435,0.0718869253816879,0.0528223607395892,2938.55161344569,3381.36901973392,1635
0.4515,8.79239428211683,0.0331634121941363,0.0262447304920747,10096.2277574256,10249.3318005197,1636
0.3075,5.31059418888098,0.0392075526919937,0.0350399702199007,4999.43645348469,4516.35807068807,1637
0.35,3.8737929087024,0.0319109940273648,0.0267745060552805,4478.59502417814,4259.19535076375,1638
0.4745,14.4550946335486,0.068346834015397,0.0507312626895687,7882.6203520618,8835.06347949223,1639
0.438,5.71853844180534,0.0179528440303576,0.015558510957538,11818.1479257162,10833.2233416911,1640
0.333,2.33416592662998,0.0101658779008612,0.00938676185861086,7570.22660253092,6451.59918919147,1641
0.16,3.03857419628236,0.082622988254212,0.0706387806351224,1334.79288636897,1275.68375239822,1642
0.277,4.87420766123585,0.0352673470298469,0.0327985836101892,5151.47020642467,4415.1219018831,1643
0.397,5.40398005847642,0.0274945260159607,0.0229053084336497,7309.63016402911,6996.29734214565,1644
0.1785,4.80942800186441,0.0241832895955734,0.0228933314237056,6974.43787202597,5886.77667198305,1645
0.351,3.92455480322636,0.0197979968838522,0.0183627015780646,7148.58981863801,6136.70260552367,1646
0.4325,4.60716843398014,0.0125252030139898,0.00986923140321727,13307.4606295995,13209.4488066349,1647
0.2995,3.22813180122486,0.0578207335554073,0.0506659096878518,2070.59210786951,1906.77276575785,1648
0.453,7.72173787332299,0.0721783353476095,0.0518475981986641,3715.44903169081,4627.84827558227,1649
0.468,5.70381320560063,0.0815966862568678,0.0693617684277813,2613.1892524132,2528.66712065466,1650
0.2845,5.75266700592319,0.0287170742721379,0.0280796985793009,7339.25257823869,5971.61648221924,1651
0.431,5.48887975321725,0.0232855386431313,0.0201696596433773,8918.1358430116,8191.53560928905,1652
0.3555,5.50935938233768,0.0346540813373524,0.019128367550407,5761.29163837618,8488.62397212114,1653
0.404,4.14096883964347,0.0569349500311624,0.0498011409173352,2726.40311195522,2539.32266472691,1654
0.162,3.50261338007388,0.028827088231413,0.0254689257076173,4157.68927293245,3704.40188520269,1655
0.339,5.98739834078118,0.0490072916356533,0.0386043620746169,4549.47121341448,4699.32262437141,1656
0.3105,2.32636016764,0.0473699219370398,0.0399705150161815,1816.0734997366,1713.68883971253,1657
0.2145,4.10515354078865,0.0370901336659985,0.0341019987722332,3970.35755218814,3463.55489709065,1658
0.4355,3.37734464159808,0.0103833075892805,0.00678843448916342,11439.3329538504,13352.6292704936,1659
0.475,5.048639296631,0.0106387007396904,0.00925150249576019,17058.7732714481,15424.676603448,1660
0.317,2.98302206798302,0.0236581571717879,0.0120704487433582,4561.21825891094,6813.29683841149,1661
0.461,9.79752785271821,0.0531847734161373,0.0335234093266907,6825.23445805594,8865.00337773316,1662
0.106,2.18241528372902,0.112669156782777,0.0813099379928912,679.842394900544,786.453354767219,1663
0.211,1.47520282624265,0.0125645749317349,0.0109813938034325,3808.05196850394,3393.62381977523,1664
0.297,5.84986014267142,0.0557460550325817,0.0483724036210846,3903.53936573295,3624.54906821404,1665
0.2495,3.31414066400906,0.0160322639286342,0.0122204252468554,7166.31196234772,7259.9646127185,1666
0.247,3.64345036145221,0.0552744964549542,0.0412728400464426,2388.74405299303,2597.72396275174,1667
0.1915,3.12170003420385,0.0714576521922639,0.0664071041455516,1602.43251969077,1400.39030473269,1668
0.325,2.17942741088316,0.00568677561090116,0.00455572024054817,11634.5923469291,10946.1012535352,1669
0.1825,4.48333823790942,0.0541730609125879,0.0489544374103434,3062.48697528807,2733.30742197776,1670
0.459,8.2198054372169,0.0269587542892322,0.0225178803034679,11540.5579837947,11006.6526354104,1671
0.3555,3.83236493135031,0.0223422152308308,0.0116936501517668,6193.519817462,9046.5127577993,1672
0.247,2.4860908241997,0.0313358350195524,0.0270308800384513,2870.8282335329,2619.73818026164,1673
0.452,8.19232345317249,0.0204304382388682,0.00938853947502346,14773.7708998675,24851.7068721204,1674
0.366,3.65666308769736,0.0137234457613892,0.012207083221609,9430.96754638159,8387.21481800783,1675
0.4415,9.48890248849937,0.0392679968461402,0.0127246730794329,8586.05367714582,21847.0902849911,1676
0.3425,2.32724158353718,0.00862144469279076,0.00718683263539465,8875.89313235404,8212.84055243016,1677
0.4525,5.87037466626658,0.0120712530974624,0.0100366073581881,17703.0270857594,16784.744428118,1678
0.263,1.71271302271251,0.0173846698589109,0.00711020676486245,3396.29240411816,5846.10141027628,1679
0.3975,4.79998731198298,0.10210868116183,0.0733492647517427,1636.02339407768,1986.69095503055,1680
0.3735,2.50915971666056,0.0155675192043517,0.00795374745559986,5737.15401398199,8263.91096446328,1681
0.4095,6.43954240718514,0.0246799402564813,0.0229788116069041,9885.02922487427,8482.89407802338,1682
0.4535,4.89809580504016,0.0113272467722586,0.00719115362402323,15613.4899721507,18635.0240514531,1683
0.363,3.60620577770816,0.0267030430499347,0.0232669393579101,4951.48767737793,4530.25131541661,1684
0.413,3.73235181810152,0.0109061361522293,0.00668242395822443,12098.2685504817,14731.6818596316,1685
0.3885,3.6022574405736,0.051371143838333,0.040124836131321,2588.9902008127,2677.21886928024,1686
0.4695,12.8715383045331,0.0812927783225217,0.0617205378858204,5760.78935181896,6434.35280438257,1687
0.383,5.59290699419653,0.0544241515945803,0.0420688785281453,3739.69801142695,4065.53011104793,1688
0.2565,3.09949975272297,0.0134418104237761,0.0114434183659786,7871.11973194756,7203.41505529156,1689
0.4555,8.31323690651416,0.0125745467894303,0.00958577492372429,24083.7675891043,24627.0357039897,1690
0.3485,4.38490998262289,0.00710209176091473,0.00620572823044145,20018.4122771306,17872.2832068586,1691
0.404,5.23972049154925,0.0838442982245573,0.0501586851628929,2006.92156727014,3198.9142692465,1692
0.207,1.99803488395168,0.0576014464845975,0.0477665523557067,1257.74728009397,1216.28362478789,1693
0.344,3.05914654757126,0.0267307060571992,0.0235549189822805,4213.03212550314,3824.70825438168,1694
0.4185,6.77676895146593,0.0447289591407649,0.0427163210832227,5738.73063750272,4788.22042543509,1695
0.2695,3.54759654234,0.0245491291055314,0.022940649840895,5203.6545197661,4411.87051980038,1696
0.4185,3.53327651944075,0.0233232453724333,0.00807711979874862,5500.3680001723,11818.5851969377,1697
0.1965,1.9317522819231,0.0208707673404213,0.0155960011143513,3119.98457346417,3199.34926634823,1698
0.4245,4.03011930473204,0.0103282388505049,0.00882178529455008,13575.598123534,12503.5705683777,1699
0.289,2.50069399638504,0.0670099648454014,0.0466961278733963,1352.05430351869,1590.53819175908,1700
0.4565,5.63008847996451,0.051094313588468,0.0438544909231571,4128.05113251983,3930.76257274798,1701
0.2875,5.55931011685865,0.0353689121755063,0.0289955892746291,5805.86805796982,5683.9158364926,1702
0.248,4.68660702157714,0.0393081080126595,0.0323245308320149,4330.13468082021,4207.95753442473,1703
0.2655,3.0936776674986,0.0574756010773753,0.0519524236992965,1959.87051093012,1733.58461557183,1704
0.3505,4.2403960028444,0.0449680703454641,0.0415774976253286,3502.03069663413,3056.67886921087,1705
0.298,4.88687531088706,0.104558368225393,0.0862157846527368,1613.73551753645,1715.32274181612,1706
0.395,4.6734513982932,0.0209312903449083,0.0183057892288129,8278.7365101682,7529.2852271943,1707
0.314,4.35925539433527,0.0269438012606592,0.024020970991147,5882.61262019656,5273.95668261101,1708
0.317,2.89298021843318,0.0479497038301261,0.0444208425854769,2260.30501049199,1951.52842387942,1709
0.359,3.45126583068497,0.0225118386200081,0.017433331536625,5667.83554546652,5772.67504164493,1710
0.2805,4.49170444181872,0.0161269911731405,0.0139608886486997,9794.91534747586,8900.65693159647,1711
0.2745,3.92964124831654,0.0721577711921341,0.0525397007830884,1950.69998068654,2214.9755186864,1712
0.2365,3.61128827566617,0.087684165567996,0.0716079858304477,1440.47755847489,1490.15967572985,1713
0.281,4.30568281285487,0.0623935875615553,0.0518118588834836,2485.3521233926,2464.81004048502,1714
0.233,3.08598804034371,0.0962519616196702,0.0880869927697679,1165.47592480366,1033.77463531726,1715
0.404,5.85906640460368,0.0513241613494029,0.0378726546035787,4224.09713620507,4628.9559355172,1716
0.207,3.36883234807558,0.0525903560596256,0.0391538594182797,2331.43444779798,2502.81116904613,1717
0.398,5.10944078310115,0.0269846060720659,0.024403246843502,7075.56261532541,6288.94613247872,1718
0.4345,5.28400463619343,0.0249289814337975,0.0231908062037033,7927.24244638472,6794.56552914401,1719
0.4325,4.16398310297857,0.0138335268288625,0.01168815828526,10961.0576445895,10281.0025770513,1720
0.369,5.09954456142631,0.0172870731690407,0.015497582251071,10850.8390655986,9585.15004891036,1721
0.449,6.7653419979621,0.0124508496727487,0.00683946628162114,19707.8947165888,27109.2119455729,1722
0.4405,6.49786819742912,0.0185834450649306,0.0133798009810028,13014.7579524388,14211.4967872256,1723
0.258,4.98636425745929,0.0119534535551934,0.00964256744279826,14122.1344877409,13585.8181464684,1724
0.3355,5.71647235122406,0.0221980030072377,0.016828056865274,9321.76444736857,9624.05074337794,1725
0.331,4.56310725089511,0.0577748867648955,0.0467085749398909,2869.3296976168,2908.618268661,1726
0.455,7.48925433696753,0.00877517420624146,0.00721012671668477,30275.6036323825,28677.2224731515,1727
0.1725,3.14345888029476,0.0577133862620955,0.0547777559474838,1930.69109988165,1624.19899851378,1728
0.189,2.74438881298324,0.101014967184134,0.0697960775000234,918.427305056538,1167.27020052165,1729
0.2965,3.75109801930946,0.100225781214482,0.0752301588127419,1244.22538668768,1507.38096282175,1730
0.4245,6.26624020378465,0.0127065799422755,0.0107828774345379,17819.6460988592,16451.7851772981,1731
0.241,3.3157056424501,0.0706328648393996,0.0636641003418421,1650.58799887278,1504.82441633938,1732
0.463,6.21080775297584,0.103869560194441,0.0744400198621519,2050.19721213392,2580.67487015078,1733
0.4155,3.94992195924151,0.0156620570977248,0.00866481639728751,9122.31435394077,12526.2191564224,1734
0.264,3.44425003567421,0.03497139342686,0.031907349850634,3708.7808694889,3271.45980320712,1735
0.2795,3.70822323071455,0.0573942402274394,0.0436592893069521,2320.99319866812,2534.72181894385,1736
0.4675,7.85497079597884,0.010326310914613,0.00783451900432201,27522.1027536512,28153.4473949222,1737
0.3975,4.53628403843039,0.0114454423859201,0.00614171669430911,14054.3525993492,19040.2978958683,1738
0.438,9.97828207189201,0.0183134631395239,0.0114144899248808,20296.507677406,25333.050447328,1739
0.3695,3.4709259424365,0.0153974599740819,0.0125327298681695,8106.98461102832,7797.45129129987,1740
0.453,4.41112466965665,0.00982264004105349,0.00717924969526335,15945.5380383598,16781.5514084366,1741
0.3705,5.33095078041246,0.0188328112398194,0.018763740296495,10339.2555791322,8297.75144003216,1742
0.337,3.79446660635347,0.0160459930409979,0.0104407558911957,8487.9491430888,9957.62694364908,1743
0.276,1.85259795818649,0.0264904302945857,0.0209129659313845,2519.01403748131,2513.14393996488,1744
0.334,4.23391470050141,0.0212367591772447,0.0176008884919988,7261.69477586932,6869.29855338147,1745
0.195,1.55955381340091,0.0131529608524552,0.0101761792511323,3796.22685886726,3760.80795837404,1746
0.408,4.82975257914736,0.0304147697595651,0.0271146389278535,6020.77488125264,5407.57284960345,1747
0.1565,3.27801528031279,0.045543796019419,0.0446195804854099,2601.38360169851,2123.49676582278,1748
0.381,4.94245327756278,0.0592482597175376,0.0324676836396213,2923.21878859634,4561.39070223675,1749
0.4435,8.35629772159584,0.0462685061856525,0.0418519772470315,6895.90627706682,6143.40477243326,1750
0.4455,4.76844345617303,0.0205792043027439,0.0187264651999864,8581.04504951504,7508.99157032104,1751
0.4365,7.1996574180549,0.0135035857930416,0.00857169521290135,19426.7517957896,23459.1875658267,1752
0.295,5.50339161981145,0.0271141137526371,0.0241363354303311,7460.20053733587,6640.83743252021,1753
0.165,2.69639469341569,0.068341466659669,0.0615641655968306,1420.84975816875,1278.13187708156,1754
0.265,4.49745370232587,0.0330326339984497,0.0212303294562057,4977.12290237354,6177.04867085215,1755
0.3895,3.02116573924967,0.0105202606286107,0.00731159981182823,10022.5495142732,10941.6170752823,1756
0.42,5.40458920147275,0.0151626323908289,0.0102515782169657,12952.52881593,14845.048189807,1757
0.44,6.04720052651963,0.0153627267738023,0.0138358558454839,14451.9995353249,12712.9523773237,1758
0.4305,4.27391925871702,0.0116624377340981,0.00893854756020487,13058.1164377163,13221.335096671,1759
0.4535,6.78377014705808,0.0348231920994678,0.0244414675382609,7315.07666768237,8362.42247767798,1760
0.3155,3.7122575419203,0.0721889526934088,0.0640467678743982,1863.86018606065,1725.82326417192,1761
0.48,6.38296353159042,0.0226091716166073,0.00769486029524208,10287.7749874847,23099.602665011,1762
0.2115,2.24329382308818,0.0912770337130816,0.0828531253735878,904.827821739343,808.011762906264,1763
0.147,5.0720686531753,0.0349365846926539,0.033431249751955,5117.38139937065,4265.33518031445,1764
0.4195,4.18766870832976,0.0104816779622244,0.00907876653582087,14082.5936568997,12788.5607480526,1765
0.2845,4.98514025429184,0.0221409460120713,0.0197768498651351,8285.33661032053,7354.39427909844,1766
0.3585,3.94434098145503,0.0652524642515648,0.0513189721295877,2195.45691190748,2337.62087654166,1767
0.2145,3.7786023344727,0.0925391029146083,0.0778550636562679,1417.33527006691,1447.05511228892,1768
0.4445,6.51640742686482,0.0351011528238848,0.0315846525978817,7049.89631451349,6255.4238937085,1769
0.205,3.12452986086816,0.0595697869886579,0.0525162205309997,1872.47840728816,1718.76686490623,1770
0.2275,3.35831881025384,0.0996901314945673,0.082755793598644,1153.56877611882,1182.50514443513,1771
0.457,9.20047458320143,0.0299391162456287,0.0290120853926915,11817.700920031,9736.78941789138,1772
0.1675,3.78591565356645,0.0620952457711176,0.0598941744782697,2171.07689979516,1816.66122579818,1773
0.3845,2.76665085240303,0.00785632935269851,0.0058926067365001,11744.5666215687,11957.0363880107,1774
0.367,2.48993384957244,0.0100389070414854,0.00607710743751391,8401.65120009872,10200.4401927241,1775
0.189,2.36470318008692,0.0856349999864961,0.0775823095863196,1009.6673265958,905.370700465783,1776
0.218,4.58075340016221,0.0413016738899392,0.0380397134630121,4058.58078615687,3505.81490772675,1777
0.371,4.92257093025041,0.0245413678942514,0.0151521967919586,7391.53288172621,9500.06282948722,1778
0.4285,5.69614931152315,0.0380161317603678,0.0290743863151199,5621.08351696585,5909.08139132814,1779
0.458,6.35067826938661,0.0108612427424961,0.00918099166190995,21007.965316024,19549.8787611894,1780
0.3545,4.17052286370258,0.0492170821114222,0.0441984431915919,3196.32936962459,2877.93248282567,1781
0.3985,3.08480745008124,0.00931025298778685,0.00537846701754086,11309.6029988862,14104.6099538913,1782
0.206,2.56865748006719,0.0543924018808446,0.0479840445064241,1742.94874656845,1588.42381530984,1783
0.45,7.18566438473046,0.0165502122363083,0.0145836301903226,16118.7554230493,14462.4957366587,1784
0.3505,2.31677052977782,0.00778396039592994,0.0067088024044709,9897.40392432719,8950.02991676635,1785
0.403,4.34023445634534,0.00824348390338867,0.00528887257516997,18106.742472735,20912.3266712571,1786
0.424,5.83839713185111,0.0135613106752104,0.0115489675278236,15681.1042647282,14561.8509522553,1787
0.316,5.19167514274396,0.0401102831366968,0.0328376304049711,4824.4799775575,4752.92012017903,1788
0.38,3.08267085813729,0.0218312736281717,0.0154977512247239,5148.54729775635,5703.4371115518,1789
0.37,3.16115537066972,0.0170687073859163,0.0131884049575021,6692.41476485127,6816.12670019541,1790
0.442,7.73766921797094,0.0258711035849676,0.0246404600830606,11371.5638454787,9523.60127093252,1791
0.4025,3.68538570912098,0.0188111373180218,0.0133553121627965,7240.80417692214,7987.840790214,1792
0.399,4.83876365678482,0.0359080701810673,0.0335795430275449,5040.63920514866,4309.74491612434,1793
0.434,7.3024177393664,0.0524531933276754,0.0487128162472136,5304.94556105041,4605.39917805393,1794
0.28,3.47253772983025,0.0289557432583954,0.0176729063207784,4289.2355559446,5559.60635149005,1795
0.381,4.43253248011239,0.0117626198641475,0.00950549459905879,13354.3626363435,12822.3186414025,1796
0.392,4.09483526070663,0.0071643481827213,0.00586451266575512,18602.3864206925,17539.1277620956,1797
0.329,5.52192019903783,0.0293185816305277,0.0208517201366709,6920.88673264675,7746.26957853556,1798
0.3475,4.42723348569179,0.00968164983196418,0.0083792147798347,15643.4431804366,14134.9160239542,1799
0.4535,10.4341878363808,0.0423384410424472,0.0278141592591206,9254.70948140635,11396.3083343288,1800
0.3905,4.41963467776299,0.0291278069134188,0.0275704672470756,5671.58357715561,4783.2940568788,1801
0.3895,5.81560034724633,0.0927667228379467,0.0666438528830948,2132.46706633546,2696.99230918851,1802
0.3955,5.1805011746851,0.0346843569239729,0.0334824052844486,5609.0689425174,4640.36690563307,1803
0.39,5.34498995577031,0.0257481442755417,0.0231266965160924,7851.6715021182,6978.59221071439,1804
0.253,2.78788689544042,0.0533864511216153,0.0454619604250422,1894.31492688852,1785.57959818096,1805
0.317,2.40708490744982,0.0131036829266166,0.00655336410064278,6359.1359396578,9076.26832990005,1806
0.4595,10.0478332111969,0.0240788351794237,0.0219974607998999,15759.3017806625,13695.0491300842,1807
0.4285,4.17332497711996,0.0157697255367812,0.00595053440068118,9585.43417245183,18461.2331176446,1808
0.4685,6.79375625347537,0.036808425607692,0.0150977645642017,6694.72412940264,13305.0747539597,1809
0.3585,4.91394472773102,0.016013513635927,0.0118249679007112,11124.7242324948,11775.9144890638,1810
0.2345,3.36885949025678,0.093857832216644,0.0618756759909418,1155.0460604365,1584.80834528838,1811
0.3995,4.50325964735492,0.0101730356984948,0.00874245300625891,15532.3338424619,14197.7277561245,1812
0.3255,4.27050900043789,0.0146077321117851,0.0136245722216417,10197.962379018,8695.01147678746,1813
0.458,8.99149557962086,0.0164688010880696,0.0140219298363341,20345.3117906706,18824.7345301707,1814
0.4335,3.62251363126078,0.0115641468243007,0.00923470089648934,11037.982764867,10782.4176848491,1815
0.329,3.39191328181906,0.0654051130410665,0.0589350280760695,1934.70098334873,1749.56526526946,1816
0.2595,4.60913982807366,0.0407532937465357,0.039464096328141,4148.77732909427,3442.41773231487,1817
0.192,2.33949882804276,0.0383628881556903,0.0318008404185563,2173.19858460605,2090.7175984795,1818
0.2725,5.79732854601278,0.0275515557091332,0.0241558884311254,8013.65732503557,7320.25993367838,1819
0.1875,3.83342212299937,0.0799372105804725,0.0746444046067525,1700.64763855263,1472.7828955344,1820
0.198,3.62274316283617,0.0495551046638718,0.042891084341199,2630.43275536516,2465.62041839015,1821
0.242,3.03885540245225,0.126334994938276,0.0995232504470984,781.146856103901,906.036462644304,1822
0.303,1.96113835660875,0.0273566522077404,0.0208875437210933,2590.9663352954,2664.14426559143,1823
0.4355,9.42342121069811,0.0471226017722616,0.0370021487128495,7579.93976245028,7810.93844830242,1824
0.4445,8.10448268269093,0.0167807101391477,0.0126973029832903,18003.6136456512,18656.0339240049,1825
0.342,3.96346384629096,0.00820472141658801,0.00655521295402242,16141.2084327064,15552.7536835943,1826
0.45,4.50863392667855,0.0252833554436344,0.00867818514963544,6478.0490633495,14585.3193531193,1827
0.236,4.26667788845573,0.046346096628082,0.0437239685445866,3399.89337556095,2889.59614830958,1828
0.2385,4.39662662541189,0.0452905508849364,0.0409445266147793,3530.83096756671,3133.81109252404,1829
0.441,5.72786204292374,0.0174323976585733,0.0161870490093821,12115.1427424417,10395.3919426378,1830
0.1875,4.33460090781092,0.066564816626414,0.0637040834805131,2370.0213176384,2001.37618844418,1831
0.3065,2.28935107293551,0.0163146390041532,0.0141691842344093,4882.68761831986,4439.67015607387,1832
0.3825,4.59108610492528,0.0274402330607236,0.019138449570739,6178.53399823533,6991.29566287213,1833
0.4205,6.72825040106791,0.010045587964611,0.00757320145788857,23710.3692315161,24302.2119202243,1834
0.408,6.0530765546522,0.0933829317122284,0.0526004592056305,1797.55321704542,3524.23896205189,1835
0.3895,5.76299415163843,0.0581735993928321,0.0538741476115886,3775.67435727674,3294.18041696464,1836
0.309,2.25196340064055,0.0361743676241205,0.0218303493895716,2286.6178385641,3028.97876738068,1837
0.421,5.20979512017302,0.0906364680542377,0.0659404149932709,2040.63782509929,2415.87385867042,1838
0.2545,3.48661555306066,0.113101394730166,0.0853953435032464,1028.03153507441,1213.61204163665,1839
0.2765,1.87608751588596,0.0100216465379622,0.00853615764833148,5934.98942072308,5380.78806005521,1840
0.439,8.68861694287749,0.0569246370358462,0.0472798784095461,5745.86650568246,5696.71664684704,1841
0.435,7.56423143439941,0.0363551020997655,0.0318945978621208,7920.93130547336,7205.97361531658,1842
0.3265,5.19340796196354,0.0255618953491811,0.0216731410462301,7497.52018295108,6998.36919526549,1843
0.4335,5.1483732901757,0.0252336042969301,0.0212383902108299,7618.98688357385,7215.22163725523,1844
0.2685,3.59299435906669,0.018384671337902,0.0105507371174736,6900.02082877543,8942.54241832235,1845
0.3645,4.86336443130196,0.0167836740515176,0.00812180026154005,10429.0466575303,16071.2435756541,1846
0.385,3.70755947076135,0.0104758712361949,0.00719293382892353,12451.8839179775,13746.6685381202,1847
0.3725,5.48057167079066,0.0565578571430915,0.0476864210555607,3634.41932084354,3540.53110436792,1848
0.466,9.58072163210212,0.024858681348704,0.0231435108907027,14685.7717933359,12566.3659239551,1849
0.2685,3.25448129901233,0.0134139384943232,0.00799819412648798,8167.78152369061,10082.2628300327,1850
0.383,4.86859799419035,0.0567101693716404,0.0514448047546317,3209.02682918303,2850.34371084933,1851
0.3775,5.39637297317619,0.0509336411809111,0.0423944965248602,3941.54384073748,3870.74334795901,1852
0.3805,4.52732119882527,0.0437427880917389,0.0233229622455986,3697.59121582981,5729.55732582654,1853
0.4425,8.90162041123325,0.0831407609766388,0.0338867934535962,3187.28539977646,8140.84256404395,1854
0.243,4.69002227542466,0.0262164024481908,0.0238142152103534,6614.82093399274,5802.85101665786,1855
0.3805,5.16038995054127,0.0318277286140755,0.0282984550983697,6041.61173287396,5417.99014693066,1856
0.223,4.03919079436327,0.0427381945662234,0.0368137643470533,3376.96900499722,3147.25285395818,1857
0.4015,3.5636436213826,0.0213341153984503,0.0105644181147894,6114.98410686592,9465.73324146891,1858
0.372,3.63292361061529,0.0131429073239787,0.00953456527942268,9806.83235872909,10380.4374898489,1859
0.3535,4.60816563776777,0.0105549756824764,0.00931863256172053,14963.5638079326,13306.6669299626,1860
0.357,3.82540285251787,0.0183971415848114,0.0110082045587232,7478.9887039165,9571.17717025103,1861
0.3325,6.5146359761392,0.0603201583919157,0.0488163952615676,3974.90423204134,4030.18042054841,1862
0.457,6.98482252025123,0.0121871946083932,0.00959072966566246,20674.4918511318,20549.2189084668,1863
0.2255,4.23738880169631,0.0342994104642329,0.0329496729256211,4409.26052196961,3650.72866390385,1864
0.467,5.68018329747744,0.00987537167220624,0.00777636912120618,20612.4395550011,20306.0424142447,1865
0.4645,11.4218981549868,0.0236381617903612,0.0120602798606113,18012.5460538178,27716.0949422162,1866
0.152,2.64262363644445,0.0896600016535064,0.0829202888235489,1104.24229419389,964.844708023805,1867
0.2225,4.77750131064552,0.0513033854719426,0.0472058340081426,3468.09815477192,3033.16976766177,1868
0.4375,3.32570072626553,0.0188455988168285,0.0151032024244307,6512.69178153911,6402.16690801524,1869
0.258,1.68557905544627,0.0115335118307763,0.00961840693089927,4736.71177884615,4376.67205560337,1870
0.3695,5.83180983733609,0.036553875850259,0.0299459790831573,6057.26976297131,5949.01078055137,1871
0.292,1.87153318494108,0.0262277279295011,0.0205800714838353,2543.2310751716,2550.43525566004,1872
0.3265,4.0926771576531,0.0402727443817268,0.0369125203793232,3786.00323869498,3309.30393302625,1873
0.445,6.54479350225908,0.0175761201538757,0.0133810172433828,13823.0519674746,14252.89154627,1874
0.449,6.41568754895501,0.010872365424979,0.00649972129268858,21193.9675671663,26741.6355123806,1875
0.301,3.61671303826852,0.01260269814589,0.0104777093926365,9867.55702746616,9259.83331566598,1876
0.3185,4.54059366661823,0.0218354253838515,0.00897514786012159,7433.91217042631,13486.1581776339,1877
0.4045,3.16087570354599,0.0063808619661908,0.00572630978664639,16286.7315453609,14178.5764695873,1878
0.462,9.27963507223975,0.0366881731341984,0.0198234041553528,9299.98615173509,13944.0968095939,1879
0.4565,6.49636674122943,0.0465004361718881,0.0425529085444504,5330.71363312392,4687.24570030281,1880
0.4195,4.94379353018469,0.0145159293469928,0.0116150682776298,12475.9369166529,12210.2418855854,1881
0.3915,5.47951559981641,0.118036934168718,0.0808085203508889,1443.09318902418,2083.55239664897,1882
0.197,3.17895112746811,0.115662200446846,0.0926903698744191,933.117224023731,1010.06122233463,1883
0.415,3.49753921805134,0.0170217989368842,0.00895843820289846,7430.38298728024,10687.3117585925,1884
0.2285,5.32813648178078,0.044445782535353,0.0339602485758826,4417.27843582731,4665.88404469907,1885
0.4035,4.01269732891766,0.0524652863933959,0.047385557923536,2883.82927656592,2571.21970155376,1886
0.455,5.99909288316169,0.0302371897914655,0.0260880823302144,7473.33957532475,6901.28090515978,1887
0.464,9.95164962941436,0.0553995651453882,0.041164472283171,6766.11117977895,7423.61481835156,1888
0.415,3.8019734675727,0.0120710791739915,0.00597882816682569,11208.8034937829,16424.9396139801,1889
0.44,5.28237811479426,0.0236646608311242,0.0178734742522955,8350.68837900014,8741.63249617335,1890
0.459,9.99639627997338,0.0481276255276761,0.0382333460281591,7812.49717370763,8090.41054590272,1891
0.453,6.03427942428072,0.0281796165643969,0.0223287484049014,8108.73840598438,8140.71943560739,1892
0.2535,2.63422990795529,0.0147881540686038,0.00971207398566231,5999.54036241374,6856.32397978626,1893
0.3795,5.06648151119138,0.0340879240929366,0.026165943453362,5581.14201582395,5872.79324785446,1894
0.457,16.032062546779,0.0599062337614228,0.0415004662644219,10037.6822564904,11908.312907225,1895
0.3755,2.71498763137978,0.013945763754443,0.0111933076611539,6927.68714839953,6718.15865970887,1896
0.394,6.59492428085221,0.0334907977452377,0.027934242494811,7438.45381274137,7200.07408013587,1897
0.3105,2.69846850217564,0.121787806045542,0.0951457771419169,772.271021572163,840.582155722192,1898
0.468,8.9415210384216,0.0152591832641209,0.0113619145251299,21831.5748336702,23001.0831516162,1899
0.429,8.76583081587988,0.0327453198880626,0.0309333657771078,10221.1931396029,8670.37740156519,1900
0.2355,4.01390252471356,0.0520326897860177,0.0331997230319653,2695.87715061853,3406.55095921662,1901
0.2525,1.74865037121083,0.0109316965369706,0.0096849523031711,5040.39898168116,4445.88906218068,1902
0.354,5.09059006484015,0.0638410071254601,0.0557115104575126,2951.70437423833,2798.78992134212,1903
0.2695,4.25418758526736,0.0679778139506503,0.0569826982032223,2183.86386827689,2233.28015456704,1904
0.4175,5.65612020202524,0.0330362622246535,0.0285443640620102,6456.8333288361,6001.03815414777,1905
0.3925,5.41328984273437,0.0476516385303631,0.0362175789392631,4199.59522580439,4559.00645464397,1906
0.308,6.1642720291495,0.0399947268160964,0.0356114992618765,5731.7259948849,5198.48911270802,1907
0.4275,4.65056848742465,0.0151095425729375,0.0093688156486581,11142.9835089045,13796.4568563396,1908
0.236,3.61803422439212,0.042411924708746,0.0361977449873843,3149.52475847629,2944.08505960861,1909
0.203,2.27385018126445,0.0347740157232905,0.0252852469285928,2315.0501734803,2491.68080361186,1910
0.2095,1.85205453915888,0.0551406380497114,0.047148494054078,1230.0163091943,1149.66590603634,1911
0.3815,2.82625009977267,0.0173860517150457,0.0141193231499187,5854.25628211186,5656.73574460346,1912
0.1505,4.04425752951577,0.0362278311789656,0.0340900773476293,3866.87687045514,3249.5746539746,1913
0.44,7.2397151382006,0.0190254032881406,0.0182659799449488,14143.5204575345,11712.2479138554,1914
0.181,2.61864483768922,0.0949865014368418,0.0834025688854255,982.767614970061,907.202627919694,1915
0.377,3.3283342411595,0.00794463985534474,0.00644307756896284,13914.3271039122,13234.3585929221,1916
0.406,6.41744277846087,0.0269507687596728,0.0254402076256956,8934.53703743461,7568.77918304749,1917
0.448,4.74833042974987,0.00862047237847422,0.00614686023744417,19367.2777475652,20678.4340005032,1918
0.446,6.16710610843517,0.0197180088691312,0.0151573382673108,11661.7636822609,12021.3058989074,1919
0.299,2.10156804669006,0.0184500805610417,0.0107282988962072,3921.76929448155,5088.04647682761,1920
0.2465,5.00796079735835,0.0910397625840892,0.062412873677433,1841.24136356424,2368.57542067766,1921
0.403,3.55696203970943,0.0191250624086069,0.0107254386879055,6776.07364845489,9295.49226722205,1922
0.425,5.2424058169141,0.0323521293497613,0.0202566066713061,6001.16324769555,7710.3856359485,1923
0.4045,4.18244416518096,0.0343999695321561,0.026262257657889,4511.46905397387,4687.44185081042,1924
0.3245,3.67010559927679,0.0494944545191213,0.0458421953138481,2862.6827407514,2480.7704614797,1925
0.271,5.95157334907422,0.0337812896942018,0.031960988937159,6502.20937816866,5471.19129465541,1926
0.4205,5.07582206852884,0.0396977929535648,0.0215825309741469,4666.96001342281,7012.30762851624,1927
0.4655,7.17590134368181,0.0219900551798235,0.0129149462387233,12231.9165276964,16293.0013511214,1928
0.4305,8.99024981227143,0.0540933646526308,0.0475858834346268,6377.23505011693,5837.07650829116,1929
0.3985,4.0611846161011,0.0136500101353621,0.006832354109983,10460.1387956299,15408.3707986013,1930
0.3755,3.26589841442598,0.0202229851909513,0.0184359679876967,5841.13677396575,5086.64798004519,1931
0.451,4.48750519599329,0.0095754899229588,0.00746799628926252,16552.3288569353,16417.344591863,1932
0.455,7.55671309622107,0.0121042549257514,0.00922677400572549,22715.8392823669,23244.7382756489,1933
0.4845,10.0150524788589,0.0146749220335671,0.011665950530509,25446.479336977,25226.1138122759,1934
0.314,4.40211677367919,0.0508410665228329,0.0305294305678732,3068.61847982878,4315.8375057062,1935
0.2265,4.07119926812866,0.075724050465052,0.0639390549708515,1970.99878308925,1912.84246681174,1936
0.178,2.6671263767443,0.108135492342808,0.0910089710601118,883.063510494797,876.349510336631,1937
0.3765,2.74697216748234,0.00866120494473394,0.00586454512449723,10679.6286095114,11787.4535834877,1938
0.413,5.89261192015168,0.0472361111724672,0.0432522081528828,4719.98138681137,4149.01677294556,1939
0.4045,6.09529141918614,0.0188523433245101,0.0174686518901713,11977.2588217924,10290.7452309718,1940
0.349,2.24671098642259,0.00798015100388143,0.00463057835562318,9296.96297708033,11443.1444693569,1941
0.227,3.5472995408707,0.052933235529328,0.0503115977583675,2429.70324725366,2055.91734547124,1942
0.3295,2.56135725566344,0.0512397475062953,0.0231622181518747,1743.81046812717,3181.7444175573,1943
0.427,3.09704442892375,0.0169420180781607,0.0152156912413527,6635.63436568124,5856.8064043976,1944
0.2715,3.8133421858131,0.0389325749291177,0.034084882769008,3540.67588066312,3243.82315034632,1945
0.392,3.71336791655173,0.027070121775132,0.0142060765550556,5011.31378629225,7498.44954624843,1946
0.339,4.22851019969664,0.0179047845505083,0.0168802775016895,8503.25755250765,7142.96877726505,1947
0.4255,3.82030270983818,0.0219733745547978,0.0161576372544849,6444.78764958736,6902.86555062327,1948
0.243,2.81639834152418,0.035379849071929,0.0311168246390475,2931.2804391924,2644.87253198294,1949
0.2425,3.51975292560853,0.0618984412474429,0.0572926385892523,2040.76292434816,1800.83538674012,1950
0.394,5.86492481971693,0.0561963041562484,0.0441779822540161,3830.70949009681,4061.5106658805,1951
0.4365,4.00599881166646,0.0120982989994416,0.00998095127869864,11910.0787886861,11281.1318672825,1952
0.435,6.64679881036775,0.0299413998989379,0.0125025923143403,8106.10156437672,15445.0312889512,1953
0.2725,2.91353588195215,0.113826542605484,0.0989589153028879,911.444077300491,873.204060764676,1954
0.4185,6.11728885711216,0.025430075538703,0.0150262865777489,8945.44958371096,11953.5409391511,1955
0.185,2.65209437951286,0.104240944179496,0.093604413290331,923.880873920703,844.295296577949,1956
0.4795,14.3518097476395,0.0384543839049599,0.0350000195855108,14291.4417294924,12503.9428271069,1957
0.325,2.29130113044882,0.0148871574604892,0.0125718870671959,5264.70063086224,4886.45980050321,1958
0.446,7.88470402602401,0.0187277912215098,0.0092740767872657,15590.025125888,24171.8469747535,1959
0.248,3.18696127529885,0.0197657733303511,0.017954547841456,5670.69636994105,4935.39509093054,1960
0.3275,5.98225906551491,0.0701969675941627,0.0551095959625478,3067.83846933799,3261.95493454933,1961
0.272,4.5541074107095,0.0165749921501329,0.015500031902856,9741.49949179298,8205.39669852535,1962
0.28,4.44919828874282,0.0161220736269911,0.00885601568936605,9624.90517354013,13022.8767885217,1963
0.2965,3.87180058029712,0.0102005175030556,0.00739837048917247,12769.5262961413,13269.9298822151,1964
0.3545,3.78096614287569,0.0476841093638961,0.0420159673387555,2958.53635455015,2679.81408983672,1965
0.4515,14.5758636741094,0.0803261360849767,0.0502190935929858,6234.73469706027,9016.42381866866,1966
0.3685,2.51176441755129,0.0198851600361947,0.013270982630193,4522.84941168206,5254.26533295417,1967
0.394,4.2124780426449,0.0654515788109896,0.0480360927190142,2351.9336253299,2704.89741184717,1968
0.2835,2.18125784280655,0.0680346869777873,0.0565827859742643,1151.52706772427,1109.27191492406,1969
0.434,4.26494918754794,0.0197730662748785,0.00991036304091421,7901.07014610129,12105.3299384883,1970
0.4625,14.973156011077,0.0363408904019294,0.03220593493197,15851.538373571,14259.252185486,1971
0.34,4.18377859786793,0.0264020798873662,0.0244179006359735,5802.79832104315,5024.53065450164,1972
0.3665,4.36128746436358,0.0526705901152536,0.0418738020596582,3065.89009947727,3172.00479646658,1973
0.464,9.23084014903889,0.112935019766745,0.078361144998004,2808.43493524723,3598.91755807135,1974
0.1935,1.92907511969885,0.036351783439948,0.0310095074683862,1923.95818077551,1774.23248290909,1975
0.4055,5.6178525042421,0.00866085658635864,0.00681951799982232,22544.5292519604,22002.5161187008,1976
0.3245,3.36585618561862,0.0124508423320995,0.00972127377249686,9472.55611061513,9408.59431267914,1977
0.467,9.08418149670672,0.0661389794967957,0.0356829580838377,4863.54927362586,7750.34670954593,1978
0.257,1.76002785252955,0.011975092888931,0.00993616067641341,4815.50124044995,4458.74379015427,1979
0.4335,7.53817722462529,0.0700225247811545,0.0494976565639912,3907.73898958042,4680.46634310385,1980
0.125,2.6818414349962,0.0370411000432165,0.0344844616184972,2503.6608702294,2144.65821581904,1981
0.473,8.48343955882665,0.0177571381818419,0.0106253173847524,17821.3191589894,23159.8790867419,1982
0.296,4.38507089623682,0.0538720579614428,0.0438698991923214,2914.22658368117,2952.9697871606,1983
0.4395,6.24379010644522,0.080669058691616,0.0509606811203916,2675.28039206101,3774.19497940383,1984
0.311,4.64083104551355,0.0124744721387181,0.0106273591929625,13031.4100687121,11980.0954114559,1985
0.476,8.74288954044641,0.0188952160474302,0.0140352760978061,17334.7507902814,18438.6180878794,1986
0.4665,9.17651584675499,0.0285990450222258,0.0251106891483424,12110.7427598545,10918.6143459033,1987
0.1915,3.9254128845107,0.0429003201399725,0.0382861321726611,3216.36526482481,2860.82549465071,1988
0.295,1.71210767104176,0.0147056272924914,0.0135548942673647,4031.73989393733,3456.93301653431,1989
0.4575,15.520416052005,0.0496475289122957,0.0378215909678964,11883.1302410272,12580.6224140345,1990
0.356,2.26057014887693,0.0162967369429723,0.013924630376661,4923.06771403571,4545.27655467148,1991
0.2515,3.66771527977601,0.0834607165694462,0.0633003642912775,1524.48137611273,1736.73434502952,1992
0.3805,2.9031846793641,0.0148342692551232,0.0110920162773431,7012.08472962681,7305.80918546136,1993
0.2635,3.20854416781837,0.0598952349715706,0.0418249034276902,1904.59393913377,2268.22705987973,1994
0.173,4.35887925633002,0.0667548783009441,0.0572070350945659,2310.24468511195,2190.33928025968,1995
0.3615,4.4561284295553,0.0205643913908385,0.0178471042598275,7966.77570842346,7278.6632174758,1996
0.3165,1.92314872485369,0.0081145494374957,0.00637427988377174,7549.1958559018,7318.07273383419,1997
0.4025,4.26915260591239,0.0122195089451842,0.00935157376669547,12468.9530944457,12618.2350400977,1998
0.245,3.78975562624283,0.0274963364501141,0.0238920968404885,5026.34446974699,4596.01387812185,1999
0.383,2.94539382358669,0.0146888642377732,0.0130239471058364,7162.05660144672,6376.60419142996,2000
0.182,4.39208332052155,0.0547126165500393,0.0468636241204045,3007.20728725051,2831.12177515766,2001
0.4265,6.01645918032793,0.0102526902934725,0.00846264723104116,20730.5199568501,19653.5959081041,2002
0.338,4.43936649411288,0.0128415422734219,0.0115953627948089,12412.729018061,10847.9697892882,2003
0.328,2.37462819407172,0.014174809680183,0.010294734778601,5852.34516212891,6178.1168076239,2004
0.4105,5.78974728213766,0.0143471108370618,0.00944364670357322,14632.0819079442,17089.6708085576,2005
0.2985,5.02311514839131,0.0378398816890994,0.0298284139782009,4885.45910643893,4988.89036247715,2006
0.382,3.77300030921297,0.0259238192031087,0.0113566460658715,5323.28565839596,9324.01179655596,2007
0.148,1.88787288557018,0.0359600165960865,0.0304185062436953,1839.97209839061,1712.56831124276,2008
0.1195,3.56640588231031,0.113793594506375,0.0780888319391181,1034.91726982582,1320.7805405219,2009
0.4285,5.96578338372054,0.0481839704386647,0.031498072357072,4535.89660075181,5792.79722243836,2010
0.2905,5.16984940836474,0.0337035681689486,0.0263068710929196,5713.1443123672,5813.30010149625,2011
0.4395,7.11465699251346,0.0203635608666372,0.0190058717901324,13125.9754558002,11205.5009137031,2012
0.3605,4.78705733145191,0.0115872654352834,0.0090777571583157,14590.1409031876,14387.9506906167,2013
0.459,10.0151068356934,0.0855175868384186,0.0514784284269249,3806.87142526243,6051.64912523552,2014
0.2255,3.27429636575133,0.0432629748044796,0.0404402482298439,2816.9773580743,2424.26912071898,2015
0.1665,3.05820668111315,0.109944551859761,0.0974719629916986,991.294171305733,928.605577228798,2016
0.334,4.63289189835767,0.0341190777616365,0.0198330788797436,4935.74374440242,6877.2989808556,2017
0.4195,6.63554479645232,0.0689017260476524,0.0475271115893055,3383.51969125207,4268.3126043712,2018
0.371,6.2684865200037,0.0529284788207988,0.0487735288929093,4466.69696245098,3924.31904189785,2019
0.1925,3.93058921503132,0.0438677885676251,0.0394766714913199,3298.5520939148,2942.28917657563,2020
0.2715,3.35283351858932,0.0474032325741283,0.0436339864876791,2603.22051197363,2263.60483240054,2021
0.442,12.4447041648072,0.0310806811271108,0.0248936351384737,15183.4989868614,15085.8400973852,2022
0.3765,4.92422849700377,0.0563800041437569,0.0497047523564653,3276.04679138314,3007.76137089133,2023
0.3975,6.54387046576452,0.0142129102945321,0.0134090602315033,16701.3517795583,14063.5125920694,2024
0.1895,4.10031789678751,0.0368299572853297,0.0334105720350721,4019.15309141295,3517.89877757084,2025
0.358,5.07529964138379,0.0228439559251515,0.0207322711318859,8126.71437393845,7151.61261202994,2026
0.331,2.03148043919879,0.00510832748762065,0.00435210804773016,11650.7409674799,10446.0997476214,2027
0.3875,4.03834497532164,0.0149050098451603,0.00808950056834856,9723.39034685028,13472.3420912868,2028
0.397,3.03700336892433,0.0210436785423365,0.0152512032961615,5282.6413424951,5742.74814896607,2029
0.383,6.45583447977386,0.0171562122157843,0.0147244843220542,13770.3085174533,12718.4133581471,2030
0.476,9.81729396576179,0.0245321025560863,0.0185566622591398,15141.4634529067,15842.7297230734,2031
0.3785,2.64752675585351,0.00970087869095018,0.00830969729719578,9325.51330375642,8520.27656370821,2032
0.391,4.83309358907054,0.0108083601895853,0.00761236152482586,15614.5982743485,16913.1494673057,2033
0.4485,7.75003366738176,0.0102945684131809,0.00817094344600686,27004.605915075,26416.3756447291,2034
0.3705,5.10110679467807,0.0432247956234714,0.0384835338919814,4368.11102079963,4015.44440209462,2035
0.4465,8.50892643197073,0.0295984548475232,0.0286601775282792,10992.3694831669,9062.15834852349,2036
0.226,4.10625705816736,0.03209609359831,0.0309991874447887,4555.18761112645,3759.16851158636,2037
0.3895,2.88339535966407,0.00796690193460783,0.00676359927437708,12035.7162139266,11012.5540168922,2038
0.337,3.63343514850006,0.0161595198607052,0.0149311250644361,7945.68439484041,6846.50611012529,2039
0.352,5.00944256225198,0.0241772127329405,0.02214451093274,7680.33276051901,6670.46890428577,2040
0.4505,5.17734346728368,0.0300802808404139,0.0160231849794659,6376.50000330445,9566.52097808169,2041
0.229,3.99402565007849,0.0342444829412594,0.0323653904840572,4282.97273194114,3607.54918012005,2042
0.3455,5.31672370500884,0.0336949505550978,0.0311648891892322,6008.89007634804,5223.40868460942,2043
0.289,2.05815396116556,0.0170401523706164,0.013250754793644,4182.72344645049,4188.04816634581,2044
0.1975,4.40135125087461,0.034161562828723,0.0307382046268581,4641.65490126197,4113.06916659521,2045
0.1825,2.83450079020014,0.0532677419821551,0.0478469891758605,1927.41998264928,1714.13130486149,2046
0.254,3.07577849233237,0.0338528412134778,0.0297985025009297,3305.93410705273,2990.7456944567,2047
0.38,3.70739767907135,0.0893233678553221,0.0663295802327129,1482.73603643225,1715.06318837251,2048
0.471,11.9764494395525,0.0769357829218996,0.0365169628873922,5316.88782659721,10052.3144035662,2049
0.44,7.96611364958005,0.105618713659973,0.0512614951174119,2103.95136342221,4820.56947237503,2050
0.4445,5.41430885613612,0.0261076724031616,0.0108748651510108,7568.8423029793,14201.209465516,2051
0.4695,11.3393052757115,0.0431722885401796,0.0422845884212984,10087.8342920637,8237.57800544241,2052
0.234,2.26478324448898,0.043183914487556,0.0391189874410806,1910.65180557047,1684.38999719286,2053
0.28,1.88626446911944,0.0120045625322173,0.010059254746556,5190.69683436669,4787.51342155009,2054
0.335,5.2751925596619,0.0352365972371642,0.0320038709510167,5610.48876496303,4953.02443916465,2055
0.359,4.70957036621447,0.0306800148968458,0.0283827153068257,5751.74190820105,4987.6225085237,2056
0.4235,6.65543524762003,0.038566619984928,0.0353847147711926,6557.53953090083,5728.95176911648,2057
0.2915,4.93366764641195,0.0362290096624808,0.023831034184955,4940.09524790577,6090.66771308402,2058
0.3825,3.60914298425442,0.0184148400860795,0.0070667105203212,7031.15868452162,13509.7356640065,2059
0.172,3.6512404535872,0.0251014477020798,0.0224250574786605,5144.18971899494,4538.83395486339,2060
0.161,3.04051646227511,0.0460946484652922,0.0268033134870583,2378.78467150229,3299.94054457337,2061
0.427,3.97976848106896,0.0155707303371787,0.0141098241193645,9343.99903100939,8166.37856667051,2062
0.342,4.17440327955304,0.0273735087488295,0.0249016532505852,5621.44387559261,4963.05852713717,2063
0.1905,3.87250751174425,0.0601712849536432,0.0566444068718397,2364.90532638306,2023.5568416119,2064
0.4645,4.63788876338334,0.0123480330219942,0.0102867630187375,13648.0986246987,12842.9609805125,2065
0.3475,4.8958807347579,0.0510790076628299,0.0399895131272359,3543.95197479226,3693.67891305492,2066
0.3505,3.83267529514634,0.0432126268773085,0.0396064146165784,3302.10584437306,2918.23730978238,2067
0.454,15.2138726931963,0.0693609422164154,0.0341144317462157,7740.41128013497,13727.1823987352,2068
0.399,4.36578721223599,0.0124116928611416,0.0107226026431154,12550.9057047978,11399.4915392317,2069
0.3595,4.83914398061159,0.016479152458988,0.0114811753812065,10455.1865360906,11640.5676085069,2070
0.2845,2.92827324557845,0.107196198204432,0.0831362933344313,882.071464437038,1045.67595066682,2071
0.288,4.10825903327379,0.0192506976194344,0.0172034063368015,7798.8815245089,6918.38601333782,2072
0.4495,8.08199723111552,0.10233092538239,0.0594560865398199,2605.87250846513,4164.84522304511,2073
0.33,2.56900944959119,0.0244063435457694,0.0150247611064211,3842.4841881897,4822.64357074812,2074
0.2385,2.88581259743285,0.0484103697095858,0.0424001944928336,2184.68999480638,1988.89830092721,2075
0.1935,2.50776453747242,0.0900119895226633,0.059382148100311,973.910381991452,1222.34053640747,2076
0.2415,3.94464528205807,0.1315002433999,0.121526220311052,1070.43838508535,960.362502127877,2077
0.451,7.42509769224441,0.0133805612972485,0.00701033122257692,20151.0593194112,28892.1289358082,2078
0.155,3.07679248693832,0.0415568518253901,0.0314567096809446,2647.60483261673,2777.82513722415,2079
0.4465,12.6717744935954,0.0602127015776985,0.0341093604185303,7213.50796299529,11519.1910348148,2080
0.4235,5.4796315930505,0.0624483029486785,0.0443188209320796,3194.55594695064,3803.01501771871,2081
0.438,7.52697346398653,0.0413429791498763,0.0400660866199434,6881.39141678034,5664.80412724317,2082
0.142,1.55711639644493,0.0518218653408331,0.0382031900506016,1054.97759121731,1136.84221089075,2083
0.4325,5.9866176228921,0.0215121045415498,0.0184364736047496,10407.4986406812,9618.36939392653,2084
0.41,6.70553756482749,0.0555938925144444,0.0366142993434411,4202.57916394413,5626.13976501265,2085
0.3875,4.01889015848888,0.04074522836208,0.0307804369933247,3585.26852516557,3899.11901708775,2086
0.2895,3.59508830699688,0.018274305149423,0.0135465430009644,6951.33726311975,7275.19726057127,2087
0.1145,3.10696185528436,0.0988480165938652,0.0946282435331241,1088.85436859024,917.228028585369,2088
0.455,5.57356087334783,0.015232672521181,0.00886785405472703,13311.3268162153,17475.788629536,2089
0.462,7.60079785182294,0.109239966195047,0.0555522807279546,2032.84740790416,4255.75921808163,2090
0.4635,6.19166918512038,0.0136062864982278,0.00655884078045004,16567.5722225909,25645.4883218866,2091
0.4565,6.82637206877743,0.0144158622621983,0.0111921264271176,17493.0612006066,17654.974104484,2092
0.407,4.87078520753077,0.0112990300861972,0.00566110488776664,15250.0733557206,22186.6271304977,2093
0.4455,4.05878349465339,0.0153593749202499,0.012268718447749,9673.02109314804,9492.06484684948,2094
0.343,3.95007654289921,0.0977723729225237,0.0656087903248707,1226.26850120882,1838.09674463845,2095
0.284,4.32742788864311,0.0462366762450905,0.0397752196663312,3439.88080348185,3259.55652395707,2096
0.459,5.32793026971939,0.0175744093535672,0.0146480913057281,11247.5443107708,10694.6915543761,2097
0.286,3.48425450104042,0.0363375397581099,0.0319213539889101,3517.33750640424,3210.90515074849,2098
0.4365,6.13708991632483,0.017953530109079,0.0125748147463991,12634.3167858434,14147.7367039072,2099
0.4515,7.97420698173816,0.0161724281630369,0.00855740210897814,18203.6332327556,26340.4938492851,2100
0.3635,4.27975554386486,0.0164021044145384,0.015169776270356,9535.37540209605,8199.32828008528,2101
0.195,3.09318185854272,0.110525271896019,0.0948455796461225,978.396519067593,963.097574376316,2102
0.1495,3.93638793329011,0.0446221526970036,0.0423361293843538,3158.13671448014,2663.4834784466,2103
0.458,7.50237925863663,0.0649862904777935,0.048902869640114,4229.59852649003,4758.64748778213,2104
0.3875,4.18915616569051,0.0145609022055362,0.00888029725346945,10370.1565777682,12945.466987687,2105
0.423,6.01294091602921,0.0130554238939625,0.01017383135835,16694.8151693652,16750.1762456777,2106
0.4545,12.3514342028411,0.0712320248291808,0.0438430295473831,6201.43601992778,8646.54324351818,2107
0.46,8.48350693101988,0.0195062638291146,0.00862978757347628,16132.2563308595,28008.6589885191,2108
0.4595,8.18620385207888,0.0174354728248533,0.0101770153478491,17422.0401070849,23119.591514836,2109
0.433,5.18238355658673,0.0111627763769206,0.00714524990822164,16612.3463331307,19691.4897714561,2110
0.262,2.06145443199348,0.0192845924280507,0.0143006114233879,3727.12953434917,3871.91440078068,2111
0.337,4.58981272497236,0.0139553742292524,0.0114828237721296,11733.4070496486,11207.9945046475,2112
0.2285,4.59224905012954,0.0610386826967151,0.0509264778996306,2706.25714435439,2646.54169103902,2113
0.383,2.76522262751226,0.00957844251067386,0.00522227372729949,9804.38205823437,12916.787220856,2114
0.2345,3.64148826664376,0.109162227461611,0.0915624050829067,1116.95735574159,1170.05783824809,2115
0.365,6.50427739443466,0.0328318271759927,0.0311128696575852,7542.42240200731,6353.81682026335,2116
0.385,4.98271296152972,0.0310110869520723,0.0279219806369327,6038.42618959762,5362.63681827753,2117
0.254,3.01406826768759,0.0712903767762922,0.0646675882105509,1535.84300211369,1367.8176550862,2118
0.3865,4.60764030813657,0.0231420076082,0.0207558196612168,7408.36185040463,6583.92881548145,2119
0.4245,3.39135065479092,0.0163334934716166,0.00753644982280742,7514.05729076832,12179.6433353388,2120
0.318,2.07032418058036,0.0277588082803477,0.02377320406282,2714.50154265546,2497.20453171891,2121
0.42,3.64603744484849,0.0114707989549884,0.00998144644578058,11261.8409164471,10182.4946612223,2122
0.4605,11.8095947949031,0.0293704150790009,0.0245365175541061,15384.8813440378,14691.4342153227,2123
0.2865,4.59866502572739,0.0336168720859096,0.0285348583768813,5090.43375531616,4810.84488943827,2124
0.448,4.39439636529855,0.0113698037441721,0.0100828418589601,13886.2185340195,12378.3087413938,2125
0.3305,3.14966128443028,0.0100797886692652,0.0088897398004795,10740.0188011,9560.43871321764,2126
0.4605,5.24707879990885,0.00758530600706549,0.00547217546144623,23991.914414139,25308.7295768257,2127
0.218,3.22055658240447,0.0708164167997778,0.0560361383427003,1587.18495452078,1669.86488852812,2128
0.2765,3.40507173804677,0.0224788194627503,0.0202253439111042,5391.84828760021,4748.49409714414,2129
0.1965,3.43176868628739,0.101124234196059,0.0906340484928859,1224.5013603605,1128.1369921745,2130
0.368,5.1293309547838,0.0924554887492207,0.0665504686220844,1801.24087508971,2344.10924957317,2131
0.3915,2.93626927729464,0.0891430344971575,0.0756906479489591,1217.36065722121,1163.66757515224,2132
0.2255,2.57291327631986,0.0579729267671409,0.0541230172275632,1607.544271851,1390.21479517645,2133
0.459,5.00938910835294,0.0151065730725475,0.00761094697800691,12142.4307679464,18239.7260929736,2134
0.3935,3.42242627932781,0.00596199974581072,0.00508777039975631,18169.2480768092,16427.6164192718,2135
0.325,4.74801019671899,0.0199513860458508,0.00882913021904852,8423.26051546094,14387.7014425129,2136
0.4445,4.1306370685898,0.0129308401950017,0.0110678223141101,11529.6372822972,10616.7842987717,2137
0.2435,2.12810852653718,0.0246488866269471,0.021121704340137,3033.94521800482,2764.5640439005,2138
0.4315,6.28853361188317,0.0480330636565062,0.0375367070705121,4934.14148402791,5164.36788071151,2139
0.28,4.295696571866,0.0393045187773514,0.0233191868191484,3918.04289235954,5419.59789549917,2140
0.2965,5.02730685656795,0.0646251380371068,0.0589009501682916,2908.43487912456,2603.37317323042,2141
0.3715,3.06861577315243,0.0139250871328701,0.00773876868530403,7771.9501942385,10439.1317975024,2142
0.1415,3.80752822965443,0.164429498780283,0.146062107782034,772.185503284195,755.410129650571,2143
0.4005,6.08482363519544,0.0397272614496153,0.0353366813346239,5769.92126312748,5238.68971003292,2144
0.3645,5.19694587534401,0.0300023419264185,0.0282146663031263,6514.02088946011,5540.37507375024,2145
0.426,5.45810765631213,0.0272782808463037,0.0247798368558436,7592.51199083216,6658.15795339781,2146
0.222,4.88459683696464,0.0283365450597066,0.0272883140195331,6378.43451925075,5273.46424159674,2147
0.384,5.22110515111118,0.0129695849448867,0.0118682530695171,14419.5641892003,12499.9662119515,2148
0.3765,5.87212660163598,0.0393845208487028,0.0372186114783521,5606.39122199569,4755.51134207879,2149
0.415,4.42699275416831,0.0621360489939989,0.0519236696406276,2658.78686326344,2596.82303687213,2150
0.3145,3.0370221523993,0.0111021952465402,0.00907736733232343,9419.0044459549,8911.23284816408,2151
0.2265,4.27587610869395,0.0415138131516463,0.0389653976785733,3714.45624501826,3169.73146232851,2152
0.382,4.91354891762902,0.0135941745794487,0.0121197988213354,12857.2543728153,11359.9181272343,2153
0.297,2.00402077259336,0.0286983092692428,0.0194306183444514,2503.03449446751,2902.40625815,2154
0.4505,3.89004929498271,0.0224039075186589,0.0198497821357161,6467.92162045351,5812.93884230608,2155
0.3575,2.63680665706931,0.0203928498706936,0.01659408022999,4751.95414845628,4611.62196214922,2156
0.439,4.04543383142149,0.017260963844363,0.00870385892293322,8563.66184602297,12858.8993913104,2157
0.3365,5.26323543242878,0.0104498160102363,0.00934875884104129,17678.7462467387,15530.0336189204,2158
0.331,4.81040586482929,0.0669429292854263,0.0507812037053714,2574.66817839768,2886.1692918883,2159
0.3245,5.47744465696543,0.0244423603372842,0.0237898551919558,8120.91269460126,6651.50300532378,2160
0.458,4.78166661784861,0.0137615830322068,0.00570175231279091,12551.8844014219,22165.1939827207,2161
0.3675,4.5833731787492,0.0818772849739818,0.0593167059204392,1883.77122753627,2341.8812181476,2162
0.4325,7.91606392286474,0.0683484839975741,0.0504772807438504,4255.2112973224,4872.42720006556,2163
0.466,10.4494509705826,0.0330745443734814,0.0220516310018769,11848.417801029,14350.257706379,2164
0.4555,9.34627395881699,0.0327215951035198,0.0309933833734627,10866.9676958025,9128.05243942173,2165
0.305,3.12486140410657,0.0265566866488909,0.023005896666835,4340.65621643129,3975.18452771,2166
0.1925,4.40710385113147,0.0690350821991751,0.0650722878587845,2325.49178598282,1984.37801557947,2167
0.321,5.87101695979131,0.0466948718984217,0.0446611009235992,4760.45547085242,3994.38821749854,2168
0.3755,4.51251116509836,0.0549453807643189,0.046611471107155,3096.62423069269,2959.04793940549,2169
0.2655,4.89348880263948,0.0242343317868828,0.0201757425218453,7209.42184734783,6885.33120941195,2170
0.448,7.64317944467297,0.0765053478330898,0.0543799045087474,3463.27954007388,4387.3451076982,2171
0.342,4.38080069236204,0.0476254781024618,0.0409427424038386,3401.39868332274,3213.05116294179,2172
0.308,3.79155119687586,0.0633679505601494,0.0587488232777272,2213.22942872455,1921.43708544564,2173
0.292,5.20098957117127,0.0381867821249661,0.0360386064792729,5108.8027405208,4327.33964611045,2174
0.4095,4.20009518629725,0.0116876966987353,0.00731997061172526,12819.9891833249,15519.6544448595,2175
0.292,2.9426539873514,0.0161233214019383,0.0131350703993758,6444.28395158141,6126.13448752934,2176
0.381,2.81561950730278,0.0103860974556152,0.00813278640798642,9404.83941451983,9280.11683843982,2177
0.436,3.67228616450357,0.0151191157829393,0.00848611975615651,8862.039506919,11985.1460639536,2178
0.4095,4.71767594055658,0.0305313805153121,0.0146176835052262,5620.19118510289,9402.06727611965,2179
0.3745,4.59991213593301,0.0130270527287332,0.00966484467305021,12610.5083512958,13091.5501010016,2180
0.238,3.12930248046319,0.052758446485128,0.0437762325063688,2164.51959878077,2092.50116576326,2181
0.175,2.1437941589731,0.10486789716569,0.0895057212512745,726.038828384698,701.500561835977,2182
0.223,3.17061338305766,0.0253411829085096,0.022153351722331,4489.42730662271,4040.27312355122,2183
0.3305,2.86725535670982,0.0626737817905406,0.0458439856835554,1657.67049766627,1834.32773571489,2184
0.419,6.2859911221117,0.0293210669966211,0.0273608866177018,8099.14308248552,6964.13494188745,2185
0.2585,5.30244487146593,0.0498087803878242,0.0446856659456763,3915.74762341585,3505.65845121732,2186
0.371,2.86541877345919,0.079985291299929,0.064927528341869,1320.34671292041,1350.77751214381,2187
0.4085,3.15027809103975,0.00988300201486678,0.007271469494291,10995.6161976845,11467.0375938218,2188
0.17,2.84035952980163,0.0808412633427427,0.0758115873042545,1262.60914844825,1086.96316260965,2189
0.2855,4.44583063963957,0.0160323133515015,0.0108298035618202,9780.64699784433,11131.9599563225,2190
0.4255,4.88741248778152,0.0175930566000997,0.00724022732748554,10042.2506988888,18147.216722769,2191
0.3365,2.00780363987328,0.00916078535597733,0.00745242408042148,7264.79395440282,6882.67596104002,2192
0.3605,4.64200743581892,0.0109994803261798,0.0099615915794399,14887.5146038402,13023.824037137,2193
0.2535,5.35686339468134,0.0383066868281712,0.0366717569474133,5127.84148413545,4257.86454899055,2194
0.277,5.21418147680721,0.045505007125506,0.0423690484765798,4274.77276330392,3686.81271284941,2195
0.3175,5.31812263717157,0.0488098345884449,0.03643626045462,3982.13984553672,4370.55177915343,2196
0.3025,6.47687608885245,0.0481578514972654,0.0420101309758195,5114.2194515022,4716.78289657701,2197
0.449,8.28354391558791,0.073541202013391,0.0552869890662767,4101.23111744896,4656.97423802071,2198
0.3005,5.15035329700376,0.0310500891521818,0.0284378772584507,6139.24549299664,5382.32685542846,2199
0.0965,2.29510170327712,0.0939797756567529,0.0817833795566443,829.60023501557,762.832295618797,2200
0.3835,5.72440463739743,0.0819369944983895,0.0615060702628328,2491.70634919392,2795.14253767788,2201
0.205,4.0127023213154,0.0368577918969163,0.0347741275109558,3903.02902491797,3308.61976913351,2202
0.458,12.1064207238877,0.0990028064931124,0.0744663601028678,4320.93880968092,5064.6404100115,2203
0.4255,4.92908015051543,0.0101519254280526,0.00890803538705656,17294.3184558836,15511.251893584,2204
0.4255,4.47692953633375,0.0109818741189132,0.0098980792911997,14633.5919395466,12806.7050442739,2205
0.222,2.694208057779,0.0354269852385672,0.0205214423512892,2629.87559757294,3533.79019887382,2206
0.3365,2.73673287675485,0.0865308025324853,0.0796123260685703,1156.2880109832,1005.74551179988,2207
0.461,10.8084712462765,0.0406515264992555,0.0355169354933352,10141.2323393665,9241.15668065435,2208
0.442,9.28366943694589,0.0216112668650902,0.0141674129561401,16102.4482772445,19342.825464361,2209
0.358,4.08129360442758,0.0385881156977791,0.0352325902424261,3950.85525818816,3468.44354627152,2210
0.4305,3.42728998691571,0.039894553871136,0.0356962445535586,3198.06085285778,2850.86752858825,2211
0.2665,3.38050572648417,0.120766968334906,0.0878421785883197,925.708651249788,1144.20434063048,2212
0.4405,9.6174969755062,0.0352515873363232,0.0325512862679887,10361.129795792,8960.90792280097,2213
0.174,2.77521670175911,0.0906989006531875,0.0795038538539471,1056.67048541756,1001.50715787698,2214
0.241,3.07357975708387,0.112995058184777,0.0951447243024792,975.05598601238,988.222752531551,2215
0.2245,3.61572937882355,0.0781173847991854,0.0719976842282721,1697.4252425224,1489.78835671311,2216
0.4275,5.62087674323447,0.110735255353537,0.0674988753322411,1352.18559311703,2608.56453274139,2217
0.3215,2.87362373478272,0.0275178115174273,0.0147128448021514,3719.08501566188,5360.1158208581,2218
0.111,2.5298720935814,0.0793856568958422,0.0696114685790004,1081.26550312304,1003.51872805462,2219
0.272,4.42980400109538,0.102703686274122,0.0763024442331849,1457.18852724,1751.52326866759,2220
0.44,9.07014450686566,0.054739972718056,0.0438208399685923,6171.11611410487,6414.02376622076,2221
0.3625,3.90264682377566,0.0234444973983543,0.00986358592858784,6002.93142083927,10804.1500431889,2222
0.392,4.94914499086384,0.0287649350180402,0.0254318161291931,6371.7025539481,5801.51580716436,2223
0.229,3.50399583515786,0.0211897085985942,0.0185796559270964,5858.52652901249,5263.92172938243,2224
0.407,4.85755568337324,0.0122376920439221,0.00695031724968218,14261.5818283564,18798.5104445868,2225
0.42,6.61976119345404,0.0327187595464874,0.0215493596765391,7535.23132890363,9122.90786676502,2226
0.3485,2.83828273065379,0.0185584821209873,0.0146902142870235,5552.16799881846,5506.82427376656,2227
0.4225,4.06870641100207,0.0134231943923754,0.00931256435462927,10831.8684554388,12050.4455147227,2228
0.47,7.2074904231621,0.0608391055541583,0.053863905479558,4458.61867659052,4098.79092966787,2229
0.1565,2.53373938118318,0.0247657504511128,0.0167070265681871,3487.10646746197,3933.08171586933,2230
0.319,4.34372318817754,0.0300113558539763,0.023124256287119,5277.13465933951,5422.89030876183,2231
0.459,6.96949911045892,0.0121943050994495,0.00950038199178872,20788.4798399176,20899.9797245118,2232
0.454,9.46367045184358,0.0379725983942307,0.0302017659342265,9467.05982762214,9669.95969442047,2233
0.453,6.50004168440847,0.0403644626159587,0.0370870089030859,6169.17017174634,5386.37116059591,2234
0.356,4.77580009272565,0.0645673309502386,0.0575182501658529,2776.88635301868,2547.37150045406,2235
0.4475,3.65020322774321,0.013255329129893,0.00783141874752415,9951.09644876751,12741.1020849546,2236
0.463,5.56316600690935,0.0323674859318322,0.0241799784585101,6425.46817800635,6892.30214436723,2237
0.4385,4.53744198134363,0.020085233060812,0.0158198158476892,8405.22435072097,8488.51560135968,2238
0.328,4.49028271428164,0.0250251557175546,0.0224934311121613,6615.7479665862,5893.00813245659,2239
0.4395,6.0929284613942,0.0137407004561819,0.0116818195827317,16047.7416220748,14858.3446925528,2240
0.3395,7.42178042199071,0.0372340288538686,0.0355569770190309,7532.89921877295,6307.81534654434,2241
0.2345,3.0223210151637,0.0313590189588204,0.0296500257849892,3490.25383487636,2951.04971547127,2242
0.394,5.22017939689591,0.102229536200071,0.0658717610112058,1644.48534859815,2435.44166852648,2243
0.462,10.9761866518736,0.0650859967524057,0.0481483774914623,6170.83985425214,7094.48017487696,2244
0.301,5.02435393198928,0.0993621706776046,0.0885598316477389,1781.26960358839,1701.12690691659,2245
0.189,2.85955755571778,0.14602881794675,0.13106871477165,689.105603883949,643.212485438844,2246
0.283,5.14026327886334,0.0451315971780908,0.0392845245865459,4224.38751963127,3938.05391997352,2247
0.132,2.80151342288899,0.0873900598684949,0.0619135867256061,1124.82346211575,1320.84501027442,2248
0.4525,4.39523263765683,0.010601518727123,0.00844363420689088,14775.1667724029,14443.2660255887,2249
0.316,2.35237760214695,0.0117389684439569,0.00754446257179915,6833.66126643505,7932.02550150428,2250
0.316,3.37263161856202,0.0220595470452963,0.0129071675428891,5483.89180706401,7227.96217464383,2251
0.3965,5.76421024562828,0.0533176333926146,0.0505518859615034,4114.97457909847,3503.47108528343,2252
0.3895,4.44821009404248,0.0182726077493678,0.0125548922084158,8836.29206491089,9994.86094667428,2253
0.404,2.94050039438704,0.00707779347394279,0.00494202622075279,13743.6874812102,14764.0822261455,2254
0.317,4.15757750395097,0.0171138237806715,0.015111323369584,8673.48696854632,7766.33498805689,2255
0.2275,3.22836622150287,0.126868175313382,0.0867149239035908,746.687069481952,1119.5600500952,2256
0.4575,6.9608626955552,0.017902010029326,0.0131621779178019,14505.6874639474,15505.7628678857,2257
0.287,2.43622070339289,0.0126421777247063,0.00929916293726221,6514.24886789967,6737.02635913407,2258
0.419,6.02053375306673,0.0953512087401945,0.0641031952314081,1995.82749147683,2898.65808754929,2259
0.3695,3.08237329699577,0.0179178878637013,0.00650708954818248,6147.9607147161,12106.1746428154,2260
0.3165,4.72057439744026,0.0573825712734555,0.0500685053322659,3069.54923254122,2896.56074618115,2261
0.3365,4.1922923681027,0.0352334745601868,0.0274252611015962,4384.4020726258,4502.60453105318,2262
0.4205,5.96518265233637,0.0641899570045089,0.0402487951256432,3312.16547700976,4558.54113830057,2263
0.451,7.02653341716605,0.0419875296805523,0.0370312941870314,6319.43990289879,5815.81787683708,2264
0.404,4.97618314387353,0.0351865299005999,0.0274986751540764,5271.6830920014,5396.64959347639,2265
0.1925,2.8858765073546,0.0876715827269978,0.0819224518255059,1203.8102283202,1052.51663773263,2266
0.419,5.30737902006391,0.0182687732134585,0.0162781978572889,10779.4784310242,9563.07935348488,2267
0.2455,3.87302630887907,0.111054225271717,0.0829432294205095,1175.28310520016,1408.96058589866,2268
0.412,6.48172407199604,0.0451341087759115,0.0447101044611909,5431.86699752962,4384.51741803926,2269
0.3585,3.40897478405413,0.0453891444891241,0.0285841847876822,2733.45372979994,3493.24854607277,2270
0.4185,6.73054661189105,0.0860859647213496,0.0506722085559781,2624.40267852913,4087.59803122675,2271
0.235,3.53910448944102,0.11542341320292,0.0799487218977901,952.284105189068,1314.32379381073,2272
0.4465,8.12139088682379,0.0520538399299113,0.039165706711015,5784.58306051783,6416.08609685115,2273
0.433,8.19895302769858,0.0205438389175548,0.0172106740847774,15006.5517312221,14200.3778396563,2274
0.2235,3.11823098627814,0.0579527625596731,0.0426634361811064,1960.1341157421,2196.99616644697,2275
0.34,3.7020800186249,0.0274361413969962,0.0235634323349401,4983.11985588411,4646.97760611623,2276
0.4345,5.07526435657148,0.0122164289338512,0.00828153215382732,14817.9379578224,16829.1176464016,2277
0.417,3.79592062476304,0.0323359904396722,0.0185018174243806,4313.54490648324,5952.20031451697,2278
0.4695,7.42426506225108,0.0432910570649902,0.037831795430269,6539.79291246836,6022.29900966101,2279
0.149,1.94789836117587,0.0211688957793058,0.0177536250184677,3071.2010310101,2848.1446260525,2280
0.359,4.32260874187093,0.027700312844816,0.0220772800432189,5772.2865007534,5770.54738986842,2281
0.449,5.72749572536436,0.00857501511930608,0.00735835294183398,23277.4316406266,21217.1895988855,2282
0.3075,3.30157463788505,0.0198264752946286,0.00717594331593383,5898.8546030658,11517.2032371358,2283
0.4455,6.93916943944329,0.0140470558426129,0.0120966598545075,18275.284548405,16802.9818595328,2284
0.43,5.83627628062409,0.0120732894081865,0.00870476317456206,17532.7038163981,18765.1649433368,2285
0.416,5.16179668701971,0.0261153489860558,0.0231024330177113,7372.03013861915,6647.06339396805,2286
0.3715,3.08704730187584,0.0124817190661803,0.010329146101999,8691.05083354271,8193.21725248856,2287
0.468,6.88435876248599,0.00981540600373527,0.00827008419330936,24992.6028166852,23281.4125986488,2288
0.439,5.16772930924069,0.0232617656921327,0.0189014249971354,8279.82139525782,8148.32446828199,2289
0.441,8.00130326600002,0.0487824135701765,0.0296406147015347,6072.16906266797,8219.96153804439,2290
0.1835,3.47160470917715,0.0564805828841908,0.0506145517445838,2191.3828662785,1981.07296912217,2291
0.4155,3.0391948472177,0.0188799754941218,0.0132073396124936,5873.73525579247,6555.93841868393,2292
0.4605,5.95316606578984,0.015924976804086,0.00913756388084414,13742.1257441506,18355.3932473486,2293
0.448,6.01432706719957,0.0147799065731425,0.00702673284101751,14941.3129913796,23466.6316670221,2294
0.4015,5.20341953892962,0.0525906494030222,0.0303638001303239,3553.33097302456,5136.73718959894,2295
0.457,11.9404181159048,0.0180169233096578,0.00944819965477523,24665.173896783,36430.9797589157,2296
0.2545,3.77701751775274,0.0462554227499243,0.0418223064635482,2933.8235831785,2626.48234614342,2297
0.224,5.12871714610554,0.0406824380442834,0.0256485733311669,4510.75501838706,5776.12406471208,2298
0.4425,5.35175516897617,0.0206267781426329,0.0172195833940282,9644.15688457611,9136.77181229266,2299
0.301,4.55755448070882,0.0386615833708602,0.0367315535345855,4379.04980976994,3667.41038357394,2300
0.4485,6.32048032735377,0.0322571693748566,0.0226322406538818,7307.45431748345,8344.76647818124,2301
0.346,4.31702824610838,0.0262942068468021,0.0241964520537562,6045.13430436161,5243.42121505829,2302
0.3865,6.92314325070598,0.0179056554272428,0.0141177248763519,14143.0094015201,14077.0251204477,2303
0.466,12.2397324612489,0.0535813243962987,0.0413442665480073,8600.27047131886,9204.98742713593,2304
0.441,4.09052571692971,0.0197012140470006,0.017640838567322,7675.40004804714,6812.82059076132,2305
0.463,6.81339938546179,0.0614700311314389,0.0538863516986454,4191.77322251748,3873.42001315037,2306
0.4045,4.05548645501016,0.00799708755888873,0.00509606759185323,16902.2454773632,19468.8831380175,2307
0.457,5.6056185484276,0.0271644565650862,0.0073515525249216,7420.91458780128,20891.1547891723,2308
0.4665,11.5660043303828,0.0389698287082801,0.0267018725786025,11250.596628218,13147.2336310277,2309
0.372,6.0644193125077,0.0374556963399616,0.0286466618367244,6041.18753892157,6344.62349171747,2310
0.4555,6.78787851576589,0.0134064551755319,0.0110234506997378,18662.7263187438,17824.5776945973,2311
0.4475,5.89637883733848,0.0573189615493506,0.0490399464313131,3865.92893103018,3688.67495997813,2312
0.349,4.67549388515754,0.0216657274802899,0.0193218941818332,7825.00985440682,6979.02875812201,2313
0.419,5.44261065006174,0.0455813500680937,0.0281567458025394,4366.96667686345,5772.28791773976,2314
0.4555,8.27856829447125,0.016920234249978,0.0123501209306643,18179.507729427,19534.2568646936,2315
0.4545,7.50308198716384,0.0331800756600669,0.0303160259255483,8531.67379308219,7443.78628524294,2316
0.4025,4.8846188996734,0.0171603489982336,0.0122037902128227,10319.8404619675,11324.7268452708,2317
0.2505,4.62030777021231,0.0227564711233985,0.0214342154301037,7309.55098871355,6173.94268185373,2318
0.451,9.56935977302459,0.107172931401655,0.0582828268313596,2225.83143707341,5132.40826302015,2319
0.2155,3.3892260468043,0.030568401562383,0.0283156511541455,3893.96785623304,3325.83160735641,2320
0.17,2.06547733854862,0.132058222995516,0.118567974959546,572.02965282581,522.842426929744,2321
0.2645,4.57110705886172,0.0463483705872071,0.0391221316292605,3628.66690191861,3469.50558410917,2322
0.4605,15.1228474508651,0.0686973950332219,0.0476907885572684,8105.39730551815,9832.56617844328,2323
0.2165,2.84136809804891,0.101422570676074,0.0825855414504509,977.991119115402,1019.70183096673,2324
0.4535,4.87508675343279,0.0200365360638031,0.0141246108257525,9010.69330653481,10056.6538228719,2325
0.1885,3.17559774414121,0.0863564157407778,0.0774278834364543,1301.12142320507,1186.69811738043,2326
0.2725,4.50336293151327,0.113182543487198,0.0910834955791679,1338.21102179824,1487.70882493822,2327
0.256,4.24085608809746,0.0106219714162004,0.00857180388442005,13212.870951047,12508.1258308642,2328
0.435,4.21006693748973,0.0304057961463852,0.0172191464208281,5099.56620212908,7146.45668848991,2329
0.418,3.60948964732156,0.0103498280976901,0.00844804140232718,12206.4671467675,11644.1349717515,2330
0.3705,2.53331316066279,0.0120228641317442,0.00475011026773599,7279.41457308426,12669.6509024631,2331
0.232,3.95520358548729,0.0191938590216954,0.0174220957224464,7266.72723001052,6343.59801580846,2332
0.2825,5.10922142303842,0.0448816436783461,0.0418838173591183,4175.56409863666,3606.65784074405,2333
0.455,6.46272908484141,0.0987124068954728,0.0831274239149118,2415.38602627251,2406.94932504239,2334
0.4475,8.09191416268977,0.0648759807031446,0.0380985917648038,4422.39416323125,6543.50853140775,2335
0.236,3.67839895841167,0.0685557659551395,0.0507545899797454,1897.43967281444,2131.50887352108,2336
0.4085,3.57021934876947,0.0302531576299277,0.00944935053662957,4247.96598194426,10357.8445603758,2337
0.4575,4.62745626276335,0.0090051635609232,0.00660466423798025,18177.8368622485,19012.911532797,2338
0.2175,2.94578499967237,0.0718216784439453,0.0652447610962131,1492.94766014276,1332.29498982435,2339
0.224,3.00052421029646,0.0287300085328122,0.0274349063013248,3821.3979356,3200.78479515318,2340
0.374,3.16192034073833,0.03172037467254,0.01442053206653,3641.98566908643,6228.60209655755,2341
0.4215,3.11675011067045,0.0056530799806107,0.0047131188939036,17643.2729854018,16246.0484370562,2342
0.379,5.78652552053626,0.0382970657245848,0.0321589070914157,5688.32891696338,5472.45081484779,2343
0.444,8.27893241331966,0.0691632112807296,0.0571487443598585,4438.14490228749,4487.69849847943,2344
0.4625,10.6216890755866,0.0408404210950146,0.0338200370657956,9920.04060084095,9666.51814776109,2345
0.2275,2.45925817146467,0.074770358282415,0.0455881063077395,1123.92174633781,1558.02233278831,2346
0.45,4.51972817756276,0.0129159127742071,0.00809046856563181,12678.8912985742,15475.0144413916,2347
0.3085,4.28649030403258,0.0531315832040505,0.0460299790940179,2958.677796875,2805.62459329893,2348
0.441,8.85581860433734,0.0117930207904771,0.00984466857469582,27190.5666531649,25526.7966019113,2349
0.4355,4.63232153192652,0.0199672781514399,0.011973841454192,8570.85547401478,11135.3983538006,2350
0.3185,5.24633887107767,0.0575011865083736,0.0555059676289136,3407.04925831329,2832.12097063159,2351
0.2665,3.23554197391859,0.0902779188769709,0.0724617620275139,1252.86505197732,1341.58514034812,2352
0.463,9.9048457253853,0.0916821850942221,0.0387941005387059,2773.27323446527,7948.22429471343,2353
0.425,6.44236253380834,0.0304108737132799,0.0269178524727824,8030.19743291989,7266.30565987321,2354
0.383,4.60259420102856,0.0921559434349878,0.0688901888165288,1700.41238268027,2043.28206173298,2355
0.2505,3.79919887899897,0.0735114767929062,0.0608261001593759,1826.77437545523,1858.64602213808,2356
0.4425,4.46737430860082,0.0125549245542631,0.00897563872245333,12966.1917505734,14043.1242010583,2357
0.396,2.81105139005968,0.0123160029078108,0.0101254165806555,8053.4834635788,7688.53612964828,2358
0.3855,2.55906888474673,0.0266185684895632,0.0170904863410739,3529.54355045758,4332.04738135769,2359
0.455,10.1450400223595,0.0712430636948322,0.0513039084789465,5123.38313504883,6135.88585404691,2360
0.428,5.01933491856419,0.0174324993702203,0.0164471758776899,10648.3896864006,8985.7330677382,2361
0.4075,7.04735168799299,0.0318229692099589,0.0313934020072121,8441.68523383605,6820.99050302992,2362
0.427,5.84011845671984,0.0263283790957762,0.020224279948586,8274.70394591823,8550.93018551931,2363
0.3205,3.56483827150214,0.0135067037854856,0.0113286647411264,9123.66166669918,8486.53249560549,2364
0.4205,5.39181151146859,0.0536796717136935,0.0488277214969992,3788.40094368078,3357.37199860015,2365
0.1775,4.39189213184955,0.0498657834814381,0.0467128933749172,3112.0955841616,2640.0773005148,2366
0.431,5.50744453271716,0.0376989332168302,0.0334796906356194,5544.47942406579,4997.85109575122,2367
0.1255,2.71587613658408,0.1307616134104,0.115326719264411,723.264746069427,683.328765060397,2368
0.412,3.47784844143944,0.0213148611768042,0.0171138008547021,5982.29845098302,5889.80486361877,2369
0.439,4.50627630059793,0.0139058807762163,0.0123719658675979,11780.0397812971,10481.8538926865,2370
0.2325,3.79690098202303,0.0443366402079603,0.0407902695573849,3203.64165526504,2796.21580096911,2371
0.4395,6.44895287453203,0.0588266322314129,0.0483526480318866,4095.91605278107,4074.20650956898,2372
0.4555,4.7227703719132,0.0104623065102432,0.00608742022341818,16042.5223960531,20599.1058489319,2373
0.3135,2.76852554950155,0.0152453883866334,0.00878524136818197,6455.05212423614,8307.35396444112,2374
0.4605,8.52611355438776,0.0165105017525514,0.0083581264692914,19157.0169212211,28883.1666633871,2375
0.428,6.05629524262681,0.0430986682204925,0.0312030753978557,5227.13235651152,5830.29255325098,2376
0.414,3.99609672273924,0.0167470140607038,0.0088268601107432,8760.16390529284,12639.403841085,2377
0.3735,4.63106300460214,0.0200670266001401,0.0169867073090565,8372.99432105429,7870.42469240283,2378
0.4345,6.74595207039028,0.0297072767168049,0.0234143662321154,8534.4980942814,8616.31833797106,2379
0.3575,4.0685184318831,0.018186490310496,0.0167009446660126,8050.62536544681,6971.84028098813,2380
0.1665,3.3332163420135,0.0300049914670617,0.0260233441732908,3873.00536805563,3509.89541178409,2381
0.3805,3.61484735175395,0.0133199154989023,0.0123406946155181,9652.01756864099,8244.3019709419,2382
0.4405,7.35873395570628,0.0303417568538375,0.0280722286730852,9063.86348915846,7795.18748229514,2383
0.4465,6.117652811982,0.0193598288411354,0.0167624128863651,11764.0535200676,10767.3312578956,2384
0.4365,4.70125241256435,0.0238627319808162,0.0140270445218447,7238.230870523,9708.96660741553,2385
0.3205,3.33199224592317,0.0673104517424,0.0584419807248923,1826.44922159154,1713.59779279458,2386
0.3735,4.44950356783214,0.0187410224298635,0.0159297118057764,8760.30548771923,8147.64326652114,2387
0.3515,3.71928874590941,0.0406246870423035,0.0328004794123697,3432.76645240282,3402.17998450295,2388
0.4665,8.66736864302738,0.029050015357935,0.0273652282186674,11342.8495839223,9611.68555166546,2389
0.4575,4.65229339071714,0.00850179628313052,0.00645212527887727,19128.0712089881,19392.5054237099,2390
0.3935,5.09121855847575,0.0357848374341795,0.030548173492044,5344.04332673934,5066.97358099636,2391
0.32,2.33961115012912,0.0401035872747542,0.0283929387651359,2097.64850913283,2352.96595262839,2392
0.1395,3.10544729830402,0.0887344898159925,0.0842416714039948,1264.4012073569,1073.96978624288,2393
0.4535,5.013237188213,0.0182295564684465,0.0098034024495186,10144.4136073523,14537.2654400496,2394
0.45,6.07527095520406,0.0544141487330195,0.0474111415917048,4208.84422042928,3930.09089394046,2395
0.4455,4.85356090466523,0.0207954651415111,0.0118681230758935,8592.91535122664,11786.0013208926,2396
0.4085,5.19959004901503,0.0157152547308383,0.00781176808463677,11984.5419793471,18022.8733888817,2397
0.433,5.96974873063788,0.0114060096704017,0.00687047687563737,18756.4775441805,23367.5032408388,2398
0.3845,2.90943228582897,0.0167284544902351,0.0119160567081142,6285.84386047057,6846.10371191136,2399
0.391,3.30643631234248,0.0779517446479267,0.0681492747066377,1567.55507686682,1449.44593169404,2400
0.306,4.37855920642642,0.0489648939368646,0.0456124888840335,3302.34854260923,2856.27259103699,2401
0.4355,4.63648712739371,0.00987175990462066,0.00861323839293764,16655.5233503524,14968.0615430121,2402
0.4155,3.66612903798623,0.0194480140572382,0.014190599568398,6901.51882014408,7432.03609175595,2403
0.3395,4.96422477756893,0.0283369575418118,0.0269633993197234,6427.38688741392,5402.98002758979,2404
0.311,5.90030416332595,0.0328374061945966,0.028570532694573,6692.45997937076,6183.58241316098,2405
0.4505,7.96376231561476,0.067637833792956,0.0415613921850183,4255.94696203427,5888.68773518325,2406
0.1585,1.46403294836195,0.0171665768617414,0.0147603790030109,2711.05087928702,2436.61498789129,2407
0.4305,3.31305341115976,0.012834499426217,0.0103823056852926,9222.80182393572,8928.3810663712,2408
0.432,6.22188659097579,0.0343490046907928,0.0328376927891796,6848.84812926992,5735.27255740971,2409
0.4515,5.75084968962699,0.0183437924748442,0.00843294663776407,11479.3165428231,19073.0219801793,2410
0.36,6.17931622727627,0.100041601835375,0.0694712071982604,1961.12775019291,2711.9396336504,2411
0.4335,4.51048894911855,0.0147970769494711,0.0121882511616919,11010.016711095,10471.9963077205,2412
0.331,4.27301161568076,0.0364172021609143,0.0274281622181044,4382.38375368522,4694.44295261309,2413
0.387,5.59046098174473,0.0370769823662792,0.0219123414746113,5515.37131788119,7504.38929475091,2414
0.444,7.58276013018664,0.0312629348642495,0.0284428881939768,9206.60005566264,8112.34790949306,2415
0.153,2.26238872043729,0.100910543157643,0.0929274361229771,790.455056692748,699.859558886006,2416
0.3415,4.29633062952961,0.0231926126937654,0.0183529422321033,6859.78893102594,6870.72642507633,2417
0.2445,4.93238307167712,0.0309522823953863,0.0300149045693948,5819.1881178013,4804.0788623815,2418
0.329,2.29813920468241,0.0197393305700041,0.0130022605044299,4142.45690375875,4850.33890807963,2419
0.3825,6.61741720771096,0.0526650553706435,0.0476685072505281,4777.78041319084,4321.17968797541,2420
0.346,6.5357446234515,0.0248242730824883,0.0244364796178727,9866.4669931756,8002.49634557413,2421
0.184,3.45519474965238,0.0616596842800325,0.0420199860911959,1943.71845231473,2354.96162771047,2422
0.3025,4.70138003252209,0.0620061637261249,0.0614520659936684,2816.19067817128,2266.44474828724,2423
0.406,4.74155756429986,0.0261547628161384,0.0244923393668544,6733.41780838143,5714.07915603042,2424
0.451,4.03893523341958,0.0195599786948693,0.00674223255409148,7518.44332548002,16206.8806458774,2425
0.4715,12.1197525473135,0.0347990242127324,0.028993425775704,13339.4282463448,12776.5879068647,2426
0.1445,2.23856782303639,0.137615773592199,0.121125466091261,587.565461222954,553.885916331331,2427
0.4425,5.14542165428453,0.0327673123388919,0.0282464622740853,5998.8548724355,5591.15672900906,2428
0.351,4.56657034976155,0.0385349135001504,0.0256929032846538,4321.32949984722,5280.67057617388,2429
0.4565,5.66939512811595,0.0137621339200043,0.0105133059509627,15214.6493408202,15565.1212462611,2430
0.3695,4.99612201051835,0.0338058515646618,0.0295713838607656,5509.68036892107,5045.28282574659,2431
0.4355,5.33059239232294,0.00738061901675887,0.00618426429744654,24778.647212559,22964.2861442946,2432
0.2065,4.24291023046766,0.0511661150051654,0.0477931692508014,2994.81006249442,2587.39034904671,2433
0.2335,4.26786221940835,0.0362068947545865,0.0305418087253352,4296.63351885113,4059.66128698286,2434
0.43,3.98748960130607,0.00948104982360982,0.00614681456509767,14557.0769912803,16864.2993640224,2435
0.122,1.83770095333502,0.0492038630858905,0.0431556025570127,1307.28902235156,1177.11089108911,2436
0.197,3.05600635576817,0.0368002410240681,0.0304262039069407,3041.77598337835,2967.89487189971,2437
0.379,3.74890353085796,0.0153352491585805,0.00735921069230623,8752.03871463255,13401.1123419688,2438
0.323,5.57691099660256,0.0720391209634521,0.0545526996698197,2754.16158821809,3115.4259724196,2439
0.14,4.34020978541315,0.0205551160278417,0.0179104295208412,6923.8533085469,6226.91485385945,2440
0.2235,4.03709563492015,0.0336379574416733,0.0325459899134249,4333.10161638512,3569.5135078833,2441
0.3965,4.85454157062303,0.0337729378519054,0.0282180540216516,5371.36304523947,5166.21785414149,2442
0.392,3.534408974753,0.013016040683444,0.00874256804225923,9714.3663799783,11003.532937637,2443
0.167,3.56109398017106,0.0429624402638769,0.040008873899578,2923.9528214099,2526.45995526532,2444
0.104,2.31992214864342,0.095267811310625,0.0850005226224412,888.746701925552,817.563257084433,2445
0.302,4.98091622691929,0.0207049658247881,0.0189451422615302,8766.02688553664,7618.16229110375,2446
0.35,3.05917175478578,0.0242765535697666,0.0119335243425268,4630.74894211047,7196.51534066474,2447
0.234,5.51226939138445,0.0264259933831739,0.0247666024243491,7448.85212396753,6349.74281793607,2448
0.296,3.78827378400729,0.0474874807873409,0.0399837761849268,2894.93437005113,2797.96284257786,2449
0.43,6.2231209886703,0.026283843858379,0.0209675491903819,8923.52302134045,8870.98310742621,2450
0.2225,4.4163193818528,0.0433428461524059,0.0242338675027212,3562.51614191166,5219.37771618142,2451
0.24,2.90945588822203,0.0694401115326345,0.0590242631706489,1521.87903622708,1477.45341515821,2452
0.472,6.80820987004328,0.0168269270500688,0.0108615997885851,15054.9183169843,18210.6372713645,2453
0.441,6.63098033095748,0.0215379444757297,0.014429363209733,11421.8768879964,13452.5884967285,2454
0.397,7.42784286332612,0.0415430925831905,0.039420784143075,6764.4234578898,5719.87381104245,2455
0.262,3.6128983037839,0.11125539130488,0.0840288317599817,1081.79888403343,1284.00676286402,2456
0.2335,4.63948738843351,0.0323369530711884,0.0308235065933068,5192.63030515402,4369.05321691553,2457
0.4695,6.08836987272719,0.0103092268593873,0.00695244516038112,21220.7128948245,24018.2493069483,2458
0.446,5.81657743080737,0.0500887126892068,0.0428857956058771,4389.33189279801,4111.49359972704,2459
0.4535,5.95973964773305,0.013659557196089,0.00700574476005308,15863.6115082607,23300.4111674775,2460
0.4625,7.27090385076704,0.0150841209373335,0.00995035011865576,17883.4350533469,21036.9207859939,2461
0.4585,5.68620057720465,0.0119908730098788,0.00894456034583371,17122.3144868575,17843.7191407445,2462
0.423,4.46757899386836,0.0695226398761534,0.0621572081588433,2424.5211049247,2210.99457655022,2463
0.384,4.20816889466132,0.0122396050445455,0.0109300543985977,12125.573813306,10686.108707411,2464
0.303,3.81753127650509,0.0588478696289719,0.0397454693901478,2357.84924819964,2905.00023455061,2465
0.4585,9.65184789789947,0.0405827402246673,0.0170571362010393,8566.24891921332,16877.7372992133,2466
0.4055,6.96397736474712,0.046279512184662,0.0307947520246699,5503.49015953244,6903.80578717982,2467
0.431,3.82250775859542,0.0153238430159738,0.0127503635850825,9106.53743968893,8619.74921290046,2468
0.169,2.53793472501825,0.0255938337000999,0.0237775232285854,3363.85055216325,2885.53431395544,2469
0.4155,5.31209763384965,0.0155344459661564,0.0137658984202498,12410.975746953,11093.0504192868,2470
0.425,4.15654950716038,0.00977255886892794,0.00713656654809099,14811.169143051,15516.8360103196,2471
0.4555,9.5449345893912,0.0457656592249448,0.0396439098833893,7949.02206644408,7356.99512300345,2472
0.4005,3.19207026496544,0.00884423915541168,0.00746681348681422,12339.4278059173,11392.8332141942,2473
0.3915,3.53020031566981,0.022105447323029,0.0193884821960748,5902.64450420648,5341.74644214064,2474
0.4395,4.9793097129619,0.0117214562437477,0.00927664803537798,15126.3831952393,14868.374951349,2475
0.3925,3.71636769529692,0.00849357205240111,0.00709348174552219,14833.7193375482,13826.2946987414,2476
0.4115,3.39900608467305,0.0210534887851045,0.00693417773621995,5773.00510253561,12767.3888375008,2477
0.277,4.29465924731093,0.0180163479526606,0.0163376746420513,8593.87493914358,7528.34850546619,2478
0.4055,4.60757579796218,0.0167925062766571,0.00805223966354583,9854.36743681812,15532.5840240276,2479
0.425,4.80227727368126,0.0250781075161577,0.0230989926682129,7165.2980271027,6212.80441803665,2480
0.3855,4.14179649262311,0.0107331164732984,0.00732867926055498,13501.553599529,14992.4250653201,2481
0.2885,3.60272746211542,0.0427811962912342,0.0409815456328302,3084.1904821396,2581.02568786964,2482
0.36,2.98027571206219,0.022089078458074,0.0199717462833813,4911.35945405488,4334.88374538616,2483
0.163,3.35140612704621,0.0678658419724963,0.0629679593757397,1808.28589474634,1554.1244790837,2484
0.2095,2.95306371749514,0.049579658855955,0.0404331144911529,2154.83920645294,2155.9551802786,2485
0.22,3.42961402906168,0.0869841044897331,0.0787882864404346,1435.74955893525,1298.00215705057,2486
0.3105,5.95595382532394,0.0247005906148388,0.0235092111034813,8834.12184832455,7395.76135148571,2487
0.389,4.11116744934452,0.0198497067538928,0.0181937798233852,7573.00231264209,6578.77787547811,2488
0.412,5.86799452676113,0.0155132836056526,0.0142093627657652,13841.8825385746,11978.8491232313,2489
0.3615,5.18310952521892,0.0737383315335201,0.0480568007242313,2476.66166571654,3285.19952997005,2490
0.23,3.7584315802574,0.0837538112269889,0.0659692872359495,1518.78730634229,1668.9631274903,2491
0.4775,8.38203684559615,0.0549717899913552,0.0415012694196046,5660.88289011077,6256.94456612662,2492
0.148,3.31764470189679,0.0798534862413831,0.0524254108376032,1453.22493329794,1874.7114986903,2493
0.4,4.35205866163916,0.0244102466750088,0.0166968040190878,6591.5335837357,7576.10777993947,2494
0.4225,7.19383860911544,0.0326825729070088,0.0273803586400108,8339.5609713789,7909.40047554121,2495
0.428,3.89754018139942,0.0154635549036001,0.00675942301060539,9000.29012198806,15211.6145678901,2496
0.327,5.46719339461016,0.0246421984354673,0.0237902067168729,8086.72479518673,6662.8701905519,2497
0.447,5.71413597237614,0.0120415342376299,0.0102575526794401,17243.9683897783,15957.6894736276,2498
0.4605,9.4546291334335,0.0293208562249148,0.0284227763146016,12427.0254085797,10248.9999751557,2499
0.442,4.97834960868848,0.0171447701412128,0.0109824029785614,10690.5989283932,13003.1572372914,2500
0.36,5.20716582798387,0.0256127092902106,0.020920954955978,7490.29628213337,7276.69719337899,2501
0.2865,4.68585385056311,0.0472052294702333,0.0430329820014734,3670.56800209305,3238.56434363078,2502
0.172,3.3791868716717,0.0676714222064728,0.0633162965136833,1805.50501358387,1537.35431975949,2503
0.2895,3.86901007524353,0.0812841497801984,0.0646720519233121,1684.93846586263,1812.19594840653,2504
0.264,3.82131360242301,0.0311569993525444,0.0296937005794957,4506.43268808999,3772.91573654455,2505
0.428,4.82155236852901,0.0195454567507291,0.00684312924817969,8930.61958598272,18891.8115587424,2506
0.382,6.20527906019739,0.0575697686841429,0.0438704210761269,3915.23909288193,4301.25253363154,2507
0.2805,4.79496729146841,0.0235442241452129,0.0140196605386862,7250.3603925163,9371.31879275228,2508
0.463,5.08034423910562,0.0188108971326684,0.00682816440233132,9859.54242743722,20339.5722882417,2509
0.3635,5.41309028154484,0.0240165685769495,0.0218954178391046,8340.42824235425,7316.79111038082,2510
0.438,7.11443204402333,0.036953332119179,0.0338424887270575,7329.19946728001,6417.96042762968,2511
0.3905,2.95438730095397,0.0337857063914793,0.0237766443182182,3228.53798453152,3636.41099111048,2512
0.3825,3.63436585788784,0.0098448234482378,0.00852809799536331,12663.018282279,11463.3559134273,2513
0.433,4.70853196176193,0.0089171944040032,0.00628695284191672,18266.7473314039,19748.4896634507,2514
0.3945,5.39056176253321,0.0338524638055301,0.0289751006119814,5977.65396776093,5581.56961714455,2515
0.372,4.68983509304971,0.0118477944894678,0.00809140030981849,13869.554159312,15483.7349379367,2516
0.4395,5.18600506881772,0.110190720243839,0.0654924587537061,1334.70868659737,2451.4866704461,2517
0.444,5.9820011492323,0.0397533233374874,0.0337436293534423,5685.40337846547,5411.03841596821,2518
0.329,5.48392054008606,0.0345790280671107,0.0314576389527145,5867.06771919606,5135.69723598672,2519
0.3555,3.4443370166304,0.0453903749507569,0.034511157217449,2799.36442815279,2966.57559780329,2520
0.272,1.74296633338962,0.0225042540603253,0.0185419587908552,2707.15852983116,2574.49349941407,2521
0.2355,3.07327079543632,0.05201783840999,0.0446868570360334,2116.31281163353,1978.08412659688,2522
0.2805,5.04889804195014,0.035012573193327,0.0328618169305183,5277.97100042287,4475.28579240487,2523
0.277,2.06531181313371,0.0154684689240425,0.00863519501288517,4652.53586961668,6189.14091038904,2524
0.3635,4.90460951064138,0.0125427965602456,0.009368496433519,13773.0354734477,14261.3639583389,2525
0.3845,4.1942399839254,0.0146849855236772,0.012795603013621,10253.5001526897,9285.00670124509,2526
0.249,3.59372535999682,0.102114747750898,0.074354142591993,1200.05864878993,1440.71768232295,2527
0.2605,4.3787652077303,0.0324326149485303,0.0310157319193172,4944.37705470903,4121.6268796184,2528
0.358,3.4921040293167,0.0282618008932858,0.021170322918663,4530.18798047406,4778.91499463425,2529
0.4485,5.8003533196045,0.0292545327829556,0.0269054025159014,7552.00110434334,6569.24364106777,2530
0.222,2.85858263234605,0.114104907071287,0.088021924615266,861.009118101167,939.596805744402,2531
0.4785,6.7617645798755,0.01247293324677,0.00980105476650882,19928.1796492997,19883.7875531819,2532
0.3555,2.9621939450056,0.0111968092883282,0.00892371648099752,9199.10954273847,8904.98644903659,2533
0.4275,4.71112299353684,0.0332089864461244,0.0236480662912407,5330.79356445309,5965.66728285483,2534
0.2425,2.85854523737628,0.0382474074210291,0.0354924555386036,2710.62207681639,2328.76371574154,2535
0.3115,3.90306866624464,0.0318608976590295,0.02957808043308,4583.91114088161,3981.36798908393,2536
0.3885,4.8691445843858,0.0209390795895107,0.013784240447982,8413.71569359548,10029.7982922522,2537
0.408,3.62998471392727,0.00952584507316361,0.00865846712566278,13064.5900698897,11319.2235394074,2538
0.2145,3.1839556170797,0.0829732496969668,0.0739442205567547,1381.32902120574,1265.24704097262,2539
0.4105,5.37241671709918,0.0279281976747925,0.0241305405770905,7241.00338320083,6694.20511196588,2540
0.4115,4.98380461151839,0.011399458063917,0.00604789125746539,15439.4859140629,21483.961317869,2541
0.252,4.60374381705553,0.0349444002363281,0.0321340058897389,4879.59594205833,4247.97166630289,2542
0.444,6.38789002349713,0.014760791880424,0.00651457216064616,15577.7739457656,26080.3797963001,2543
0.224,4.39854912072193,0.0439722921053621,0.0389043126404571,3622.17847937011,3292.60308741783,2544
0.4245,6.34077218194666,0.0134681885261769,0.0119811988837921,17106.0850408949,15234.4209956857,2545
0.424,3.38128264372399,0.00820935975117881,0.0049371254344994,14215.8202395033,17291.2791467993,2546
0.437,4.75098320552678,0.0127921646402609,0.0105413723163688,13405.5232059878,12770.5797162646,2547
0.2665,4.56247095864883,0.104881137236439,0.0805571980670048,1470.71402463368,1693.63051043804,2548
0.3655,6.11001194066848,0.0485889768173909,0.0450409538998309,4747.58697691496,4112.19011051966,2549
0.468,11.8505945980614,0.0535572750641951,0.0424615643840421,8363.57200409533,8615.6298578828,2550
0.372,2.42915699314918,0.0208853743835711,0.0167477448812983,4193.04350469748,4134.51455540573,2551
0.1785,3.59061636939626,0.0630771158064229,0.0454126369263959,1968.84809329647,2260.64352061032,2552
0.239,3.07550399305045,0.0828832300306926,0.0787931919293113,1382.95105898273,1175.29252643718,2553
0.4135,4.3706623113178,0.0561752005393863,0.0522406296406664,2922.36722587871,2534.68614608974,2554
0.2835,3.75776182865988,0.0266973030524409,0.0252829620559012,5168.19887838711,4357.06534571714,2555
0.4685,9.33389942022781,0.0811634791215929,0.0626418523249766,4256.70499351225,4564.07954452836,2556
0.401,5.01693459700468,0.103331052544261,0.0795411539466207,1691.73602373215,1925.44514961493,2557
0.346,5.07270292937823,0.114768120081706,0.0969945018184315,1550.33429435026,1597.54211871648,2558
0.328,4.79472694843215,0.0259720384914559,0.024471716330556,6762.98847872256,5729.6268647073,2559
0.4605,10.9215029545691,0.0498705602292495,0.0469089729519883,8386.09270203177,7134.93962472377,2560
0.1475,3.24593666782167,0.0706209630237447,0.0635264444052631,1711.79531400263,1534.35991416458,2561
0.1525,2.62974222585665,0.102663707138296,0.0810687167505669,899.986341417651,954.690792277592,2562
0.1365,2.60670897644402,0.0677699568420553,0.0624105527881837,1422.75177613627,1239.5792054251,2563
0.4585,13.8828185187933,0.0511801261240239,0.0460233828816084,10432.7593996838,9310.21372456705,2564
0.3295,2.90544046286062,0.0215128073714089,0.00960557876928041,4793.92646493016,8102.87332087771,2565
0.1345,3.33988459259806,0.0757659513537363,0.0708765152744511,1580.86451262991,1362.80091805967,2566
0.3215,3.11363621234941,0.0641431019936496,0.0475087573488625,1764.69699009527,1944.05869224649,2567
0.4225,6.06026330327657,0.0354577567982923,0.0333020077761739,6508.28454506127,5546.41667673994,2568
0.255,5.07064501765252,0.0486824668256666,0.0429526537768758,3859.91093145693,3552.47540563241,2569
0.251,3.95202535876845,0.013806565848737,0.0106303762993962,9581.43958450242,9554.91655060979,2570
0.3265,4.95818220033327,0.0371071806766218,0.0324102443068175,4954.47634461982,4550.64608413362,2571
0.3345,3.76731970869683,0.0545981611402526,0.047891774168192,2553.2059300698,2368.27662189998,2572
0.3275,6.65695577638178,0.0553499871545631,0.0432734336342471,4446.7898001152,4665.40953708351,2573
0.44,5.82102735368765,0.117041399503441,0.0662442788431501,1285.6490402272,2737.48283748236,2574
0.3245,4.60815385706194,0.0319666270954649,0.0307976104380366,5305.14346378414,4378.81840897791,2575
0.311,4.96145371420851,0.0153976521132744,0.0143473787946684,11327.4160920188,9639.3228866947,2576
0.332,4.66979017758499,0.0275932527979549,0.0263756239943868,6238.22549191746,5193.41193627702,2577
0.398,3.82844556226688,0.0152385269817413,0.0110460975335285,9070.27212853027,9681.7961967831,2578
0.2195,3.19347240802657,0.040984355562742,0.039699048040936,2848.12755855092,2361.23421430327,2579
0.341,3.76462458398501,0.102527637285101,0.0762762600086318,1237.52182307823,1505.15719595668,2580
0.4315,7.43979575775747,0.0246633151964522,0.0233706805361141,11482.0858865947,9655.76395415047,2581
0.4125,4.91750517683146,0.110144774785347,0.0760699834498601,1407.67565749195,1997.93245641066,2582
0.473,6.82604070683308,0.0132370078978496,0.00824809708262377,18936.399655393,23237.2787786064,2583
0.2975,4.72531100379055,0.0430474251051569,0.0401728678819807,4073.59039122735,3496.10343248965,2584
0.4255,4.36104556558462,0.0254879638816525,0.00864176311447185,6156.31128550531,13942.4306030129,2585
0.3635,5.62817502810129,0.0488076997162166,0.0421811626317693,4317.57527147769,4065.2979426615,2586
0.388,4.76776351542064,0.0322436684408219,0.0289165711964757,5454.78515168862,4880.08649294788,2587
0.3985,6.49231566169659,0.0302206107065702,0.0294665508318451,8109.53434570205,6659.94892125172,2588
0.458,9.12016281974141,0.0675237448724888,0.0446454892571094,4714.52353910507,6347.77589944415,2589
0.4615,4.79519865989848,0.0236606650909793,0.0171145155884389,7574.55661381182,8337.62674520315,2590
0.414,4.11687090133369,0.0113012025475057,0.00950910056938783,12845.0031172287,11928.3907468939,2591
0.333,5.95781198647874,0.0816091123686383,0.0629851441418884,2535.31729090027,2863.51097361766,2592
0.263,2.44312170575857,0.0495614658247874,0.0461619647649224,1807.12363597328,1557.79167512838,2593
0.416,7.85010256707657,0.0392231168910003,0.0366408456159898,7655.29411743899,6584.31617629307,2594
0.3645,2.43640416623453,0.0184953301101037,0.0144148712188444,4738.53641095688,4742.74107976935,2595
0.11,2.55059836178592,0.136560196785953,0.13098618696882,667.540738581469,567.298763092578,2596
0.4545,5.27654641540245,0.0322137676701743,0.0274110569099058,6235.13471580585,5867.55641464737,2597
0.434,5.74913815116728,0.00852894313113645,0.00707204862420218,23594.8681836503,22126.0780899089,2598
0.335,3.8999541028563,0.0197783691894755,0.0184665541745843,7221.40966409251,6156.37779831017,2599
0.354,5.54586495613288,0.0637987645391353,0.0578055568118877,3241.66999166758,2890.29316967708,2600
0.472,8.9833575394837,0.0697169819344941,0.047175071590801,4524.86752629256,5936.73616933203,2601
0.228,3.20052308951956,0.0377785690454399,0.0342041607246429,3076.13119135428,2701.80485101884,2602
0.163,3.06731830661038,0.112751308009013,0.103417616305001,946.966693911249,844.755507337615,2603
0.435,4.84865331378779,0.00869244551300346,0.00620544139246842,19489.616244469,20773.9843629784,2604
0.438,4.56462329379149,0.00912747820380879,0.00671655784041793,17570.8566019974,18292.0846197744,2605
0.222,3.97316701209746,0.0355630032170075,0.0258482763547316,4091.0156680677,4512.02470618443,2606
0.271,3.52701041921301,0.0523824705110109,0.0438208229493407,2473.05842649765,2377.40946119911,2607
0.1965,3.01020352076403,0.0577708219300432,0.0491329910508226,1907.03040908118,1804.97113463711,2608
0.2915,3.99139725642115,0.0265108008882144,0.0227100064736617,5573.23955229696,5167.51174411004,2609
0.4625,15.0832975578393,0.031436738493028,0.022591199652549,18273.0812239301,20202.4194328717,2610
0.3925,6.20708321923339,0.0129477190444873,0.0091571457202097,17104.2595627524,18621.6289129538,2611
0.3845,2.69426670175129,0.0136049902484592,0.0122821908753446,6907.74094805485,6045.15488640345,2612
0.2445,3.97991739369527,0.0530042514032666,0.047119055605367,2686.01725339645,2485.44513325576,2613
0.446,7.90256257201052,0.0349301831451591,0.0324913480559651,8606.39133903198,7389.54985635555,2614
0.4515,6.34007659991227,0.0334873951950512,0.0234112729199906,7077.78582727014,8134.01837312648,2615
0.4005,6.05370249362352,0.0641558625830236,0.0478762943773168,3430.35172567162,3852.72515761979,2616
0.246,1.63094050404668,0.00890466586637825,0.00552219679106445,5635.03248148487,6466.31838233026,2617
0.2325,1.64005276822612,0.0151258281833149,0.00520909474874369,3636.25814663193,6748.43941825805,2618
0.3825,4.2767994566665,0.0113403111699298,0.00978757627240541,13231.458512209,12059.5654184826,2619
0.436,4.19923386367419,0.00862082776807239,0.00755238525958039,16861.5561464798,15056.5795508579,2620
0.452,9.61997610238682,0.05019657680702,0.0439454327451032,7313.2799678469,6767.98888670238,2621
0.31,4.67233011105021,0.0557367041611476,0.0458400871704223,3053.23595790539,3054.71987205473,2622
0.383,7.04509776635386,0.0626960708449316,0.0404770022035653,4056.08351062779,5320.27051591589,2623
0.2325,1.72579886174072,0.0166817818843458,0.0099931036479183,3491.41376239018,4256.87333912671,2624
0.301,4.18527712827463,0.0311135316883855,0.0299294935414997,5001.79264498107,4145.00354467091,2625
0.4315,8.14903645067552,0.0239522133622432,0.0204261026864746,12809.0783719389,11879.870123721,2626
0.428,4.81466521766633,0.00783964755302113,0.00602453507374818,21168.0365836198,21129.983059978,2627
0.3075,4.53711149194093,0.0520843553576164,0.0432729770271126,3179.9334049831,3072.60945595019,2628
0.4005,3.644141265961,0.0145384090192817,0.0125915859496249,9123.55556074979,8276.06718376234,2629
0.454,6.39994617395465,0.0188636267968842,0.0064682015670824,12379.2964226279,26786.3223348904,2630
0.429,5.49405578272186,0.0202533682064667,0.0185831880507683,10085.3294116929,8754.85651875606,2631
0.4075,5.18727374292613,0.0555585574872919,0.0328132713628692,3354.90725286051,4709.86529829559,2632
0.268,3.8585779052171,0.0504120248294363,0.0392501318188295,2803.56362862817,2892.13456279271,2633
0.465,5.82357537564089,0.0182633862969034,0.0128364407078915,11817.9700363249,13187.5281576541,2634
0.466,15.0513267283253,0.0398903460214984,0.0352394489546534,14468.6180607406,13092.9190220597,2635
0.185,3.77810416714582,0.0775464806234677,0.0724128136020287,1772.8043661223,1533.1748783336,2636
0.447,7.64005597366523,0.120269208010552,0.0643600713163951,1535.72429641078,3691.15965913459,2637
0.2005,4.79198083776689,0.0193659129148528,0.018518243809598,8588.2088835479,7154.17192944561,2638
0.142,2.14242915817789,0.0954140765157567,0.0913111511291366,793.222141221896,670.737767328299,2639
0.354,6.17700728759246,0.0610010748721472,0.0424034341123027,3581.86214329398,4429.25531305019,2640
0.3205,5.21188278352965,0.0199461470519788,0.016514669704371,9535.34617906699,9094.66832086357,2641
0.394,6.13538233603475,0.0299521283548992,0.0250189058728164,7703.6834782768,7348.99705555334,2642
0.4425,6.61273544946136,0.0241648025131869,0.00906471834470374,10002.8804751303,20597.4564260628,2643
0.3465,4.17988689496356,0.0110669827906651,0.00958460412191448,12860.8549809163,11686.0805417995,2644
0.3175,4.66868553583649,0.01388608367836,0.0118429560409331,11816.6779653159,10841.0128508413,2645
0.224,3.00461893686931,0.0522581178354968,0.0469961920790132,2181.22180303237,1950.32616478493,2646
0.4635,9.90337744948476,0.0484442371704775,0.044006632451317,7859.68233051706,6949.69085456752,2647
0.3605,4.9221440396716,0.015259599616431,0.0114665291744015,11629.648451266,12077.0389011501,2648
0.4045,5.43277085172462,0.0338204813029014,0.0277035318883481,6036.40377650466,5856.09824937784,2649
0.295,3.98884952549407,0.0174867111486451,0.0136849665417006,8046.79062308964,7982.32008588114,2650
0.3735,6.89685926820844,0.0381001927936235,0.0338260146300871,6848.46817362937,6212.0953902411,2651
0.334,5.6189060564294,0.0597866535051288,0.0525277569170029,3515.32861363547,3264.39698935009,2652
0.2605,3.82461982667556,0.0695889254687304,0.0500071160389702,1924.99654774966,2260.57722051673,2653
0.391,5.8096240382572,0.0516054867216421,0.0445513236746792,4230.28717895534,3937.19358413285,2654
0.1755,3.30142835512069,0.0823813644723853,0.077149561806704,1480.38141848801,1273.70787151295,2655
0.311,5.87268037786646,0.0627780624300896,0.0541209797317962,3462.35219149733,3261.73576015416,2656
0.4375,5.7040077933836,0.0105278752744818,0.00786093156383092,19423.6399930718,20106.2419879374,2657
0.1115,2.47856540552961,0.0612092288551043,0.0581926419673566,1445.97211697166,1221.59031363316,2658
0.4485,6.11266426861948,0.00920234339229348,0.00772009510778415,23494.7293024283,21904.2832827163,2659
0.432,4.12768007542288,0.0103722267181048,0.00761797836697819,14041.6509260812,14706.1448675286,2660
0.3615,2.58296564996425,0.0233394354458347,0.0153004962420513,4035.33320976,4784.25673530632,2661
0.3025,4.34400538162128,0.0231776010417361,0.0220042489520664,6784.60991773715,5696.80037607303,2662
0.46,5.32224309031212,0.0152689594915202,0.0125510526148494,12823.7854962853,12312.5097285765,2663
0.18,2.0647081022627,0.0325138109402104,0.0165139924643716,2215.11112598553,3328.00988047545,2664
0.2595,3.58451636661608,0.0561449868322491,0.0527828838352063,2288.3673675045,1973.99306983168,2665
0.3295,2.39089020820952,0.0144987530518116,0.0098879377485435,5747.20927370201,6408.31169079189,2666
0.4395,6.21232344225999,0.0294783710046657,0.0250627314255393,7926.37655058501,7462.11597309336,2667
0.3375,4.14877221554945,0.0510002252540435,0.0470820599721719,3076.11045526151,2692.47948234585,2668
0.405,5.9905939101655,0.0191093704225354,0.0167552596793714,11707.2335565555,10587.771785022,2669
0.4625,9.84629990349692,0.0354572524680574,0.0240726130786911,10424.5175685522,12344.160701813,2670
0.361,2.49860657580304,0.0102872669714724,0.00958686621113222,8247.69417614136,6999.06775636833,2671
0.3635,2.85370072592695,0.00804099687445009,0.00648507616494043,11701.9813265118,11143.7585693158,2672
0.149,2.54022680268094,0.0373873425146271,0.0348456168127432,2420.79280142394,2047.47396019131,2673
0.436,3.91267468727374,0.0103363583547277,0.00837759209177004,13351.6016020244,12895.8545333166,2674
0.418,6.6107573390774,0.0583947852497191,0.0486740140369424,4221.44976894672,4166.22813374875,2675
0.1685,3.07293391002235,0.0458195668736844,0.0429032774416406,2508.32585992121,2136.13486530656,2676
0.2245,5.53287620726561,0.0250056357076562,0.0226829143664366,7952.35198138435,6936.62765029094,2677
0.4315,3.91704342136694,0.0145073134228842,0.0113553132164146,9804.1271284574,9790.3027918696,2678
0.157,3.81920917800285,0.0727297135093966,0.0628126831143194,1880.00967506733,1768.05188967223,2679
0.4455,3.59601348577628,0.00809290252196407,0.00701969000231205,15401.3623349717,13870.4382717277,2680
0.434,3.82821608789007,0.0112124792458535,0.00553103247224106,12030.1166466778,17755.8592164431,2681
0.4495,6.50523622855897,0.077549453945374,0.0427389534545475,2789.20152525764,4711.145078188,2682
0.3815,4.41327147765854,0.0163260641646877,0.00931609701574824,9722.83201701951,12937.6765807528,2683
0.434,4.04303446206572,0.011836043525295,0.00846490605404833,12228.4990259487,13166.0235094969,2684
0.445,5.02455223967419,0.0424040686729666,0.0371196265305714,4460.42896360234,4087.81880442612,2685
0.4515,9.95439692506166,0.0565054680800198,0.0435149337574282,6689.15338032567,7094.96912803076,2686
0.352,3.09161965456002,0.0186816299268475,0.0162267089512798,5930.3204623807,5413.05506199557,2687
0.3975,5.52699163843862,0.02407384622796,0.0213568800376865,8551.5206912373,7687.85286376634,2688
0.49,13.8324278914469,0.0999462151581963,0.0702760239542658,4596.9783079066,6146.42844496931,2689
0.3135,6.75982245593678,0.0456647849374683,0.0411201224470115,5514.12553693224,4942.45534238408,2690
0.4725,10.8026169875856,0.0487442948919756,0.0477551918976186,8525.89046387071,6940.66346457105,2691
0.3115,2.84858075687857,0.0169796076361375,0.0143109107472213,5943.29141041608,5529.07792257831,2692
0.142,2.29631585444283,0.0399478704269842,0.0367777689969491,2024.22324843593,1747.66590394454,2693
0.301,2.76994375854922,0.0995786740433807,0.0707985997038423,974.604408552548,1152.61286058388,2694
0.409,7.31956397296577,0.0941685393094453,0.0497580437714804,2106.1838286979,4555.7431605094,2695
0.259,2.21233032271715,0.0281160186209985,0.0216191654422512,2806.76895370267,2882.34120745287,2696
0.303,3.8912802545873,0.02700120171628,0.0234686657806424,5270.75408794245,4829.66455219551,2697
0.322,2.6934004272602,0.0395536526439349,0.034170106335782,2506.33036633165,2299.70656041187,2698
0.424,4.42854917166359,0.00598818301256388,0.00441918489324921,24360.5932802497,24717.0324847461,2699
0.322,3.81738066857049,0.0128858588775833,0.008737821398762,10398.9723193366,11644.1000044559,2700
0.256,2.21966626750488,0.0251362993776611,0.0167156290093555,3152.71094262636,3651.86069560406,2701
0.285,4.72702705572288,0.0300748482722433,0.0283294216936199,5685.08790635631,4810.0121901666,2702
0.141,3.65013883588415,0.0914084436319859,0.0816536900978728,1412.51740122691,1299.76200967265,2703
0.3755,4.82759924656684,0.0170479801579422,0.0121799852811549,10301.8359092833,11181.3821891865,2704
0.4365,3.91873712533914,0.012475726781454,0.00754302957031476,11248.3901358164,14121.322437203,2705
0.42,8.66147202609074,0.0404726638958481,0.0279359010087147,8074.39053386236,9496.31992420439,2706
0.4595,5.50240599433028,0.0124851715981525,0.0090931446251114,16050.27699086,17086.8836751969,2707
0.3485,3.78948827209828,0.0482018822052668,0.0409065501795842,2934.79790666992,2794.27829968422,2708
0.0945,2.35556064592003,0.0853974972622462,0.0726393208180003,979.052368335749,940.104792100662,2709
0.163,2.86892688397103,0.0904014906276723,0.0826602422082012,1128.6934777232,988.190838636812,2710
0.3495,5.52816573592292,0.0546684982764489,0.0444044416456228,3799.09643375349,3803.07974330875,2711
0.198,4.53407057969063,0.102848483249785,0.0872193551280829,1528.98111704404,1524.37359479644,2712
0.4245,6.89187007023894,0.0435066712252798,0.0411065973627877,6044.58615099924,5141.17952069525,2713
0.2425,4.84792857930386,0.0436006829004608,0.0388321006565845,4172.42817122945,3754.49464108475,2714
0.418,4.53373416242999,0.00867583558720304,0.00736145365046299,18064.4854880666,16597.4706736174,2715
0.0975,2.35388079220322,0.0671904933486239,0.0546548020998312,1269.79571906182,1255.40567548555,2716
0.1555,2.24385139891881,0.106582272987478,0.0887861172536505,745.899346370359,743.408118262006,2717
0.2355,3.23882065967033,0.0843371126694731,0.07456304851786,1395.05118524183,1299.27648400493,2718
0.421,6.65394295644339,0.0321430165399122,0.0282753069435077,7840.17570653944,7149.23230887568,2719
0.4465,6.74543951199556,0.0482925034694501,0.0424970384990709,5309.41879603085,4889.52814971054,2720
0.411,5.28931944847451,0.0688652390189671,0.0467532067718222,2651.61477028481,3472.61811052258,2721
0.4325,5.7479853317915,0.0747607866789644,0.0623300171813815,2880.51025433034,2853.21115393164,2722
0.329,6.20105131362092,0.023903209933483,0.0216045698418709,9661.03543438785,8482.22119573509,2723
0.1805,2.86247674428655,0.104291847099472,0.0923111833717815,983.161493436156,928.277004309984,2724
0.4415,6.25213228452559,0.0394780539268731,0.0257167918017151,5900.80790114983,7346.69045977228,2725
0.423,5.29389334722561,0.0130406589785071,0.0117259698784514,14570.6157025621,12817.1482158443,2726
0.3655,4.10581092417941,0.0447769016270044,0.0409252663987113,3443.8006984188,3026.74111285105,2727
0.1615,3.21406903088056,0.033895026626568,0.0269882293438994,3361.00126216607,3293.60235217519,2728
0.4695,7.01489365505151,0.00929517251686751,0.00702311858107061,26756.3153704743,27408.8758673863,2729
0.4705,14.2643621771923,0.0997130347108722,0.0533077759319236,4746.13809023728,8262.73700466483,2730
0.2845,2.90650919407127,0.0370471420511933,0.0340223297892071,2861.04339322095,2490.72832863098,2731
0.45,6.03898930870217,0.0343787602341156,0.0302322782418347,6577.91009508114,5954.21733310907,2732
0.3645,6.31527486158433,0.0346897935639035,0.0296202813512179,6855.6783792692,6382.92370868403,2733
0.463,7.69126201430987,0.02154554823096,0.0106838501483439,13275.4144960548,20809.8205987745,2734
0.426,3.63659189918924,0.00926044575472246,0.00763103286005917,13761.7814488355,13008.4615823172,2735
0.424,7.26831335015381,0.0363278855667244,0.0265431631776084,7497.6145551662,8249.10124805672,2736
0.176,4.93400199714556,0.0890955159357848,0.0740815096231782,1967.6730355866,1947.94620003781,2737
0.35,3.4341120532358,0.0115512691817817,0.00725259890778457,10328.2220711859,12343.9907720645,2738
0.211,3.46828951026436,0.0588998361546736,0.0514273623587959,2081.47881827708,1909.58325260816,2739
0.436,8.74246945623736,0.0365346873149384,0.0317508401502303,9075.79208333203,8444.6135102135,2740
0.4395,9.27261841641944,0.0214348073120428,0.0133769759323304,16118.4921403675,20291.6465217037,2741
0.3925,3.71570104848545,0.0144550701716385,0.0116630452647848,9290.04351315161,9004.24715521979,2742
0.434,6.56482368886121,0.0607358860069823,0.0449375148094531,4007.93579147194,4487.0917543991,2743
0.267,4.39420043950317,0.0158280936193362,0.0147027656677075,9661.34398895912,8244.70046395375,2744
0.434,5.21886740908658,0.0972211455126719,0.0640389922240018,1701.0955904236,2524.00676098238,2745
0.391,4.92224945035165,0.0545017006377424,0.0454451037252304,3339.56122540785,3299.26048875475,2746
0.447,6.96802846148806,0.0198425220547121,0.0185029867256541,13200.2129765976,11270.9778463655,2747
0.231,3.56843542917953,0.107845223794261,0.0885984612822223,1096.76498389544,1179.89813636842,2748
0.1885,3.02875629192826,0.0950757508416592,0.0880434258564916,1110.5086523445,972.049956382187,2749
0.4455,7.37223035683811,0.0164321844831207,0.0114568551323746,16719.8839212772,18724.0668738225,2750
0.438,3.62039381011245,0.0102297792919309,0.0087046534739858,12326.1308296486,11330.4441251363,2751
0.2615,3.68602598344439,0.0605525062833537,0.0555827230030106,2265.56269976624,2002.52549151019,2752
0.179,4.20393774200996,0.0499622264512785,0.0446149911518223,3029.92511880325,2720.8010635166,2753
0.4,4.73819435197859,0.0259628589510815,0.0180055659842318,6708.83914404006,7697.55453423234,2754
0.272,4.31722818596555,0.0305908285583002,0.0290993286119472,5169.58866721026,4356.14425425272,2755
0.1895,3.66911021659713,0.0444139433345529,0.0419306489722417,3026.98358166818,2589.78967421245,2756
0.395,4.54445754723722,0.0750457338729046,0.0611524734247841,2178.7645893007,2260.6210615443,2757
0.401,6.80671172321725,0.0189414100053695,0.0135148973840933,13253.4622672315,14511.6766261303,2758
0.2915,2.61559912468316,0.0339878108513879,0.0283944832736208,2817.20056248287,2674.11018767435,2759
0.443,8.53046990685937,0.0419327307010805,0.0315252400530387,7671.33181597584,8325.00777505869,2760
0.232,3.83312136790609,0.0750795663873085,0.0672730276725994,1862.5475084149,1693.42561826242,2761
0.468,6.44571702879522,0.00996926259736564,0.00826957497228556,23270.7608450313,21937.236811776,2762
0.297,3.54770337248359,0.0293562795957243,0.0267476134878469,4450.96531321235,3908.43877013017,2763
0.109,2.64770880921587,0.0291490962263857,0.027081731922305,3042.33956331191,2592.9569530325,2764
0.4605,11.3526985879949,0.0310871529340314,0.0136267801016693,13495.4490610567,24639.3798701918,2765
0.3815,3.36194676521051,0.0547413404676462,0.0504431310022125,2303.20631150567,2010.63712265287,2766
0.378,2.8698007828724,0.00700112263828359,0.00560962877034419,13384.3952648469,12736.2222024629,2767
0.335,6.65570970860998,0.0614157362743044,0.051581540674421,3991.34066032984,3915.3911261154,2768
0.308,3.14134838699123,0.0268103679925055,0.0244409093289422,4312.61764876956,3780.07340859209,2769
0.4015,6.44063734256275,0.0256291132260521,0.0239616722294306,9430.68561472308,8043.73497471515,2770
0.1835,2.42477305424951,0.119998153357635,0.106694501401528,708.099928670489,661.622450312859,2771
0.299,5.19759486528297,0.0282813030299343,0.0249903470449211,6702.38548169406,6011.51573407797,2772
0.27,2.55913321342632,0.0428651310209123,0.0396508525110418,2192.47479096318,1889.2235156284,2773
0.364,4.22218930027624,0.031174586674182,0.0201289236525471,4916.75495644741,6090.65582923992,2774
0.364,5.4320343546128,0.034899560479646,0.024719884239134,5787.00428577978,6602.72377831312,2775
0.374,3.88296918108702,0.0184857066137381,0.00927449947366847,7627.53497781606,11537.7135022157,2776
0.287,4.65027671719556,0.0301322521351911,0.0270368880039864,5585.32291345377,5002.73263770137,2777
0.45,10.4143067696699,0.0797579282099127,0.0509508410375975,4576.89413615481,6390.03023536523,2778
0.316,4.08605154695481,0.0254820164127653,0.0200600763961978,5858.85071977162,5889.76403592401,2779
0.433,4.59908494855019,0.0129720347675649,0.0105788408881645,12849.1063360758,12404.6079748952,2780
0.412,4.59736876625028,0.107376546421004,0.0667621344578731,1321.31586473725,2120.7553103545,2781
0.451,11.1628833727017,0.0710170391935995,0.0593122615462917,5947.22123623585,5831.55931006701,2782
0.381,2.6168578899645,0.0123437242220825,0.00854770071270677,7422.69400025399,8208.61894006498,2783
0.2195,4.38541014713465,0.0147626064132241,0.0131223910146213,9987.12562480153,8812.41284731321,2784
0.4075,3.91318070185101,0.00669200068430675,0.00546946791441912,19349.7755168179,18170.2250346877,2785
0.2805,2.46639108294067,0.0206120106680633,0.0183138668831858,4256.9556992066,3782.56416662218,2786
0.2255,3.14411497339113,0.0595192732302377,0.056442291564829,1905.43610810653,1622.59332964541,2787
0.3845,4.88875970743721,0.0348381487315558,0.0286373888774076,5204.69764925272,5079.02627601714,2788
0.2825,3.45573288866656,0.0125375782406873,0.00989549282482988,9478.46206960081,9285.79602629925,2789
0.19,4.05601630928584,0.135332003442146,0.106953195271281,982.67768898069,1113.14710284526,2790
0.415,4.57083755070137,0.00831824394263204,0.00642281355062519,18873.7657841793,18809.0891316301,2791
0.409,3.18041968863662,0.00676212292258286,0.00572561211123528,15518.0972809412,14204.5843933333,2792
0.3495,5.16902408514131,0.0629694349701516,0.0448595016562723,2955.96744345526,3511.98261952938,2793
0.3825,3.03172425089741,0.0117113296219738,0.00804288727669625,9101.63395015498,10048.5768226809,2794
0.308,4.43537022038851,0.02853445266992,0.0232158209282331,5764.99136505454,5642.54269823153,2795
0.29,4.16278607434354,0.0501441438354419,0.0305081168916447,2920.45876857519,3978.78575450246,2796
0.3025,4.83935162711687,0.0445370476567408,0.0410634451966815,4061.14869768923,3528.77857291297,2797
0.4215,4.77443296638531,0.0236346942007318,0.00953480348469805,7345.4083264128,14022.4495168808,2798
0.3235,3.1907079791342,0.0170549673897491,0.00984203896882719,6671.21251560671,8705.89271589505,2799
0.3755,2.99642638285537,0.0199630489650447,0.0180343076399533,5497.83359889061,4818.87072069902,2800
0.3515,6.83595402543914,0.0446593869443296,0.0362972279432131,5843.33903223535,5765.56627560142,2801
0.4685,5.98413464666579,0.0191195945138171,0.0107790844716933,11638.1135597774,15908.8648864969,2802
0.4525,6.50605532250941,0.0436916847724566,0.0315822156153474,5573.55870778189,6202.00466609377,2803
0.435,5.69542489354512,0.0634566261560394,0.0526914340739685,3364.59003118503,3328.22906885343,2804
0.235,1.80896031784344,0.0594407040424438,0.0539454014838488,1106.10577115638,979.043102111693,2805
0.4005,4.0819427973475,0.0110377281330925,0.00805112912082147,13037.9511177305,13779.5788330827,2806
0.2355,4.63926517559504,0.0580016282219951,0.0511778557416554,3006.44433132464,2754.22736399425,2807
0.258,3.1511960334412,0.0523164026984377,0.045579883698997,2191.46604788422,2032.23806924321,2808
0.1835,5.14701217718682,0.0537520559733415,0.0487605692073149,3590.85103489663,3198.07424402176,2809
0.459,9.78478033512381,0.0363043872216423,0.026522610689761,10180.9167378908,11174.3314152538,2810
0.4475,10.1967932409196,0.0533021957607002,0.0454930556461446,7292.45108549766,6942.77007230192,2811
0.44,5.39461455539192,0.00821064520312607,0.00591547773833494,22854.1345319665,24097.1442887604,2812
0.311,6.04990764042896,0.0245635147443921,0.0203393241733037,9201.86423250881,8788.85433009015,2813
0.292,3.23291077384471,0.0634781391357533,0.0493289087518268,1851.85178637016,1978.6017148181,2814
0.3435,4.40762731489029,0.0195941177384476,0.0164292561101361,8351.11535193778,7858.6926891137,2815
0.263,4.02233436355402,0.0376299525328818,0.0353394226992972,3946.23380670907,3364.94273687496,2816
0.338,4.70907382206502,0.051582877343295,0.0451369115241875,3426.69123746442,3182.79337400761,2817
0.449,8.4089777167435,0.0266633769982875,0.0263986729802547,11859.4871037167,9541.69519792463,2818
0.263,4.0432481633185,0.0120837072316392,0.00947232176759058,11397.7837826241,11139.2564435379,2819
0.4285,4.78588147114219,0.0247053852162177,0.0211261112427096,7192.5839345453,6706.38834023018,2820
0.313,5.69385190244139,0.0453182894972406,0.0402981102878216,4726.06752583164,4295.93548704859,2821
0.45,9.04414198667774,0.0465604025957457,0.0431321746067687,7413.89574727133,6433.77384964438,2822
0.356,3.53262257300549,0.0139210758999284,0.00720003505721291,8872.67363279233,12709.8955829144,2823
0.231,3.71703927715945,0.0609878813200344,0.0433720585267548,2173.1672317048,2526.10551369302,2824
0.229,3.19607748405213,0.0197204846085014,0.0120678004747404,5671.05657532136,7009.21153065368,2825
0.4095,6.31639397451973,0.0422019281887923,0.0361316701208009,5662.21119956603,5350.04551276651,2826
0.411,3.4385514081535,0.0118938087103758,0.0107758357696554,10133.1582166798,8811.41645781251,2827
0.351,6.31556076175776,0.0426570884787341,0.0375227301824778,5572.28721131211,5080.48231188187,2828
0.3885,4.58640555764365,0.0282578725448,0.0261550363910741,6122.88802150016,5285.81775723961,2829
0.25,3.88306579042344,0.0258012117837753,0.0178424676820217,5416.99598664548,6136.78646372118,2830
0.4225,5.04454152387922,0.0200131067938125,0.0185821430304824,9366.29203375284,8007.88785714639,2831
0.399,6.15709681663647,0.0547608675920771,0.0452959320245177,4183.42181722221,4161.32608484286,2832
0.295,4.34714513868625,0.0389542724966071,0.0324958111775919,4069.17146863205,3927.1200515766,2833
0.2695,5.70174737021261,0.0441079053419317,0.0413281422321324,4802.43753286068,4114.64441839481,2834
0.4345,14.6626034224101,0.0488798691623499,0.0417837769761418,11425.1819354003,10774.1703633885,2835
0.304,5.25243901542807,0.0447139462601208,0.0429142564256226,4387.78738437025,3640.66113660626,2836
0.36,2.9058205739773,0.00699756047871116,0.00594192706467762,13293.3643228578,12114.1209761341,2837
0.164,2.96728118283672,0.0670246554185538,0.0611046225135634,1618.92320798658,1420.06279452566,2838
0.312,5.37125589592229,0.0264776257428972,0.0234625111468666,7422.28725919988,6673.13688434376,2839
0.4395,5.30909484066168,0.0128933658486872,0.00719896816244704,14790.4498647584,19907.2576290148,2840
0.3605,5.26354844105732,0.0591139689117133,0.0420754884685784,3132.55578594185,3800.50540940588,2841
0.3255,4.69184173970055,0.102186443090858,0.071802475958181,1440.97719081699,1965.65860008498,2842
0.206,3.6586588497222,0.0216187561938693,0.0200140632778461,6001.89690650383,5124.53678110709,2843
0.465,9.60867555995317,0.0615440675390267,0.0468967984289619,5844.55798500838,6296.5000550775,2844
0.379,4.47483356168516,0.0145722730817121,0.00956292173527934,11049.5357326696,12863.35957579,2845
0.4205,3.75251301101673,0.00752144523884032,0.00644887616312777,16820.7710880785,15345.9601256891,2846
0.221,3.47028784270802,0.0326185270631927,0.0313121825983344,3849.71080847672,3203.31951373149,2847
0.4105,5.0018504110119,0.0311791472885835,0.0236629494719185,5973.36404350231,6275.92196922704,2848
0.381,4.59670900142412,0.021829055515403,0.0183289856963477,7679.47422336546,7282.18696017657,2849
0.2955,2.05237937645813,0.0188907891421464,0.0168080957114876,3818.04794630367,3386.85712304404,2850
0.4575,8.57185188468513,0.0138529674896074,0.00910275303086311,22801.2666049156,26816.5113584181,2851
0.347,2.41896950972471,0.0169696579700961,0.00860982398406107,5023.11265440244,7447.40301007069,2852
0.167,2.25215558400731,0.0828714041399722,0.0665867575637437,952.104398090637,972.147697337314,2853
0.4305,7.59110358815029,0.0187559257965621,0.00974415991519747,14901.9402708455,21970.012363106,2854
0.443,7.81617451544785,0.0814661223630338,0.0456542576112818,3253.64606104757,5278.75841243086,2855
0.2255,2.81397615608001,0.0210940167611794,0.0193038490578316,4643.09208739662,4010.92299737754,2856
0.166,4.05587559899583,0.0398939670684479,0.0365274557058696,3593.99465679115,3127.46558244983,2857
0.465,14.3213982978496,0.0610708966018094,0.0457548424108238,8757.02266421382,9748.00203512505,2858
0.4545,6.03477697647343,0.0171512115393542,0.00566931567833921,12848.8300738375,28250.3535348984,2859
0.414,5.98328409433541,0.0268271912440541,0.0253026563249025,8334.8070671451,7060.42800944273,2860
0.2375,2.85866026945737,0.0543852413521262,0.0323741969730949,1865.66946834193,2568.97604075172,2861
0.3015,2.09024473091615,0.00545154517742037,0.00472967333637476,10986.3530405027,9734.45038863659,2862
0.354,3.79461686635249,0.0091019308626287,0.00770843632345063,14033.7640697816,12928.995433938,2863
0.436,4.81548647293609,0.0135463641852993,0.00880881369398676,12856.8155696865,15185.0757403082,2864
0.3805,4.04306822886141,0.0147391460538474,0.0067845435102271,9752.22020489043,15660.6682296645,2865
0.34,5.45514273365056,0.0598433015158001,0.0532858002974858,3426.48067377961,3101.27782834469,2866
0.268,4.60318987103237,0.0247764889234124,0.0208858188799859,6717.26453878562,6359.22310335316,2867
0.2085,3.84306185724638,0.0555630856106512,0.0528480453503572,2577.61777731913,2184.05110801974,2868
0.1765,3.10008834631343,0.104258460739987,0.0920759290343803,1022.23237971811,944.152842170262,2869
0.367,3.75010563789114,0.00871261497654777,0.00603299111896987,14665.5970908025,15874.4288501519,2870
0.37,4.73124393869313,0.018537342661411,0.0158847682525118,9274.4785158162,8561.23308376394,2871
0.4185,5.59104321538279,0.0991485479660306,0.05079582427891,1487.64872711659,3396.00313155323,2872
0.1485,2.62294302871009,0.113257256251316,0.100548405660186,819.173583940836,761.795588658872,2873
0.3275,3.89779625278675,0.0246655960680059,0.0165250444651456,5795.37684341005,6844.15090302758,2874
0.4335,6.79994013644493,0.0896931690537875,0.0602232771941442,2471.57504241524,3506.09376330241,2875
0.455,11.019616896881,0.0516950908210732,0.0491558001312279,8134.45578219688,6827.32424151225,2876
0.426,5.50867290728089,0.106078995713429,0.0785142091249844,1816.12796086211,2138.19782831449,2877
0.4145,3.22162494558772,0.0235436472080815,0.00794195878044462,4935.19037574774,10962.5391113484,2878
0.262,3.69564643471387,0.148156530491104,0.120847804940007,788.483523048804,913.466127210192,2879
0.129,2.73473882411243,0.0940324554165853,0.0873295794876452,1023.06243496781,890.676541188704,2880
0.3705,2.51026466334053,0.00988815761690234,0.0091248542297112,8732.20233203513,7446.80544677289,2881
0.438,7.72350290856257,0.0468873498999308,0.0393036136144995,6247.77035038772,5975.68337250104,2882
0.247,3.98069172141918,0.0254416259604658,0.0197656292742642,5614.97312492768,5701.37562588403,2883
0.422,3.09604031873343,0.0105238645811813,0.00624661705735657,10264.3788677636,12905.4584458446,2884
0.192,5.33309814692641,0.0284255004277956,0.0236666543960579,6831.6315036511,6526.44826272515,2885
0.2665,2.82117303876884,0.0148571213420357,0.0131762406205128,6500.16892297874,5763.48546724576,2886
0.3565,6.33537302496871,0.0396400406206062,0.0374505096283533,6008.56388563125,5110.17771829225,2887
0.304,4.14176522605306,0.0494075610948022,0.0418955685957648,3074.14109567313,2976.46908917307,2888
0.271,2.20724260584203,0.0322819344315728,0.0285911132391456,2434.27266093851,2172.93214221802,2889
0.25,5.33310993434683,0.0435354271882011,0.0411604987537579,4491.93930832625,3796.88256236609,2890
0.2515,4.72085927849113,0.0216421201222099,0.0202429010794752,7839.47036175189,6671.01467827274,2891
0.457,6.62263451643455,0.0663259694909963,0.0530216924048379,3750.11688720522,3828.93950494631,2892
0.2795,4.17899853288817,0.046003587081909,0.0406066939721361,3297.00885279232,3010.55552983545,2893
0.293,3.95782685077148,0.0924532601220983,0.0849741893280139,1561.33913814835,1393.92456311334,2894
0.4025,6.54735552168411,0.0335174034476111,0.0213371106828908,7287.15138793134,9213.92026185317,2895
0.3415,3.41306037165977,0.0246421233691328,0.0211885383145041,5094.30287045881,4665.29375402588,2896
0.23,3.89032816576842,0.0339026436165016,0.0313976450612198,4193.02531790774,3613.22297469017,2897
0.356,4.83366015104973,0.0985019874715462,0.0735740053805578,1658.68841126572,2016.75506875466,2898
0.424,6.44423096133093,0.0188181168829169,0.0170313766843477,12641.6235821852,11071.7367554872,2899
0.209,2.22395109138651,0.0957413100615428,0.0867817714042439,829.324567160131,744.777502643791,2900
0.377,2.89251307387017,0.0167218615957964,0.0136234256262681,6129.4815870049,5899.87737222745,2901
0.407,4.81727771461696,0.0977430714608214,0.0730804052102821,1739.79027096866,2003.72468232052,2902
0.3575,4.84075779948347,0.0347867095503229,0.0333600514436546,5194.03538059663,4334.11567505511,2903
0.4435,5.82412442929093,0.0101755367775154,0.00673443390622996,20342.5365226451,23277.9659482591,2904
0.3725,5.44799606214623,0.0250919517698985,0.0226081808912362,8100.22146087687,7173.38735492656,2905
0.17,3.27473828310621,0.0469589521023136,0.0428248427623711,2461.5848028113,2165.91367082204,2906
0.406,6.95496889840937,0.0420483860703675,0.0351756220776288,6198.79476428239,6060.25089413493,2907
0.3545,5.00953669847833,0.0196612570771581,0.0183830011546911,9473.2339362945,8047.79903701384,2908
0.2895,3.35460040128952,0.0115410232130661,0.0100653694826248,9783.89870777168,8772.31400506028,2909
0.4305,7.3826029637818,0.0620842520447062,0.0426091265875832,4190.35910986285,5329.77285819074,2910
0.385,3.50630218354924,0.0151131277968889,0.00914047093047692,8377.17673552148,10517.5590963376,2911
0.3695,2.87975509575291,0.0222452359341215,0.0157266892831568,4717.15066919349,5226.24848646131,2912
0.463,8.20250073420799,0.01223474726412,0.00889562612056941,24518.2320779719,26190.2710573977,2913
0.383,4.50532589615893,0.00965624236963905,0.00813619417313692,16144.8248017043,14943.2204698086,2914
0.294,4.478692013665,0.0438318049861944,0.0372927780131122,3703.84857006492,3518.71156175168,2915
0.462,6.5619696247074,0.0127081053511081,0.00802489086618102,18581.3142056462,22665.333887295,2916
0.2295,3.60257408087746,0.0301043887750265,0.0272710188297368,4322.53788615381,3791.24523363335,2917
0.2415,3.60254193294184,0.0421701331069186,0.0404936068936911,3157.13138945194,2621.11649217049,2918
0.31,3.60795238791243,0.0442796714314137,0.0345701540127133,2973.27630528862,3102.02655720057,2919
0.4245,4.50948186693977,0.0170181228615905,0.0155840682314531,9755.11647419558,8481.98555844916,2920
0.3825,4.55381572029772,0.0156099221965684,0.01197439723423,10545.6793874865,10788.4232596113,2921
0.4575,6.99495003766365,0.0155362228104707,0.013660270321126,16575.4302814627,14952.4166956977,2922
0.4315,5.24010587012524,0.0281216279807296,0.0224692378813536,7037.40724988512,7028.69009896023,2923
0.214,3.85603343674769,0.0607159427091108,0.0562809071706442,2370.72555433074,2053.64062733631,2924
0.4025,4.34397028884841,0.0190992444766934,0.013686616827954,8299.54159725883,9095.09777895239,2925
0.386,2.85027068906471,0.0202227007408398,0.0184003791789058,5090.0470041246,4443.05556180798,2926
0.397,3.34469618595251,0.00581335488233635,0.00506046832202396,18052.1321568933,16058.9990733666,2927
0.194,4.56284357325023,0.081638658474857,0.0708323829730394,2001.60025445742,1882.71827419612,2928
0.4515,5.3092426270511,0.00967714404596827,0.00800277082975463,19406.9841772651,18328.6915751143,2929
0.399,2.95707308246296,0.0238020733500295,0.00773173505275151,4457.10368964489,10125.2458421394,2930
0.37,3.23670302977825,0.0161165632580083,0.0133956246099057,7269.57530915898,6855.37513571928,2931
0.355,4.36958417708607,0.0177534042237653,0.0146993054084307,8910.40538656149,8463.77579521537,2932
0.207,4.1877368284709,0.0785964256019129,0.0515037775209519,1813.94224320522,2320.50667360869,2933
0.342,5.32163194561734,0.0431457385522525,0.0334217917424938,4563.55748582157,4758.98558944738,2934
0.241,4.39662754847739,0.045698859359206,0.0393783685553829,3479.97751009097,3247.31431382418,2935
0.457,6.21027503399546,0.0113227390496832,0.00914679699338536,19974.6251339636,19287.4845814415,2936
0.4335,6.50708155618441,0.0116560497941016,0.0089778863022942,19913.8305452968,20069.2316344488,2937
0.452,7.74544438730961,0.0965792801188876,0.0567558449353235,2267.99913151924,4244.85693405926,2938
0.229,3.92994675573125,0.0675347701677207,0.0623113175619044,2158.10662566929,1887.49997478371,2939
0.352,5.06441435242993,0.0900026732633677,0.0699360038252839,1923.22320591996,2219.66554401503,2940
0.344,3.47004946795333,0.0127580100893918,0.0102284662858366,9539.24226265908,9193.93713763233,2941
0.3375,3.90555177435157,0.0301608190059082,0.0265723923957896,4788.33041280431,4324.129514787,2942
0.4125,6.03955500985579,0.0419977894245972,0.0270242752035305,5308.95658344913,6747.79697393816,2943
0.387,4.56028394272655,0.0216697273462533,0.0200990850566682,7780.57840327762,6680.40989309711,2944
0.4655,7.6072399063554,0.0134614294307851,0.00805653762731819,20816.6099518578,26507.9555703025,2945
0.256,2.49106092608344,0.0210674026337938,0.0157955876994446,4181.07321464936,4324.97367753792,2946
0.415,4.12547827313502,0.0105249928621957,0.00581249314450832,13855.8026829381,18407.8944733072,2947
0.426,7.5826529460324,0.0395214957207935,0.0303108540898524,7247.97514094617,7642.10014411206,2948
0.425,5.62538353048937,0.0252509560766965,0.0236767120567997,8331.07772111969,7086.32650952021,2949
0.393,3.77757889238421,0.0798678964343348,0.0629361363166161,1696.07509374494,1830.56145463168,2950
0.4225,3.45895464931892,0.0393059539838123,0.0341943723050741,3288.90939099074,3012.48011292348,2951
0.4555,6.55005392236892,0.00958497292130884,0.00749406383594136,24419.1283153651,24236.7820206195,2952
0.253,4.29619778804844,0.014795806192505,0.0134379515282281,10036.177191252,8713.26131958347,2953
0.2345,4.32969605376322,0.0172508531914838,0.0153531295119085,8635.79955936831,7638.39704061931,2954
0.189,5.41788086827883,0.0307805143596642,0.0231028047997099,6192.64478587756,6536.75094949123,2955
0.2925,4.87723262459245,0.0223253795854145,0.0212642094430166,8028.84963187724,6754.71226649432,2956
0.4435,5.22070669000997,0.0364607939670995,0.0323053179804472,5410.80013580203,4916.98389296771,2957
0.237,4.51168901535464,0.0322113437409227,0.0189271962511786,4962.04825823344,6638.29343405135,2958
0.414,3.09708820338796,0.0059755046518866,0.00462064075476685,16876.777281975,16545.2951095104,2959
0.431,3.55249205862763,0.0122577822056281,0.00955507470959037,10398.1283924216,10403.1064219764,2960
0.387,4.52559228316524,0.0780472365508941,0.0511119006653752,1878.19112031598,2737.85756123545,2961
0.251,4.62831943341318,0.0256008956845336,0.0249699591872951,6622.86954003339,5413.83900302938,2962
0.39,4.65788097227418,0.0110321418406089,0.00972344503390028,14821.3350245644,13244.5564594271,2963
0.2255,3.82026885215613,0.0677338716067335,0.0637731142878969,2053.83174847102,1772.98314475024,2964
0.3195,3.48372161445053,0.0387530150110901,0.0341738754688201,3345.26265565833,3041.04257844845,2965
0.159,2.61642568821719,0.0910986002513376,0.067118865437405,988.977951789703,1115.81743315368,2966
0.394,3.65128147550227,0.0303532214751548,0.0131073251811178,4377.24039700617,7912.10315429427,2967
0.4305,5.34223701197915,0.0649295505792646,0.0423214632970727,3023.38600654621,3852.99129034518,2968
0.423,6.26274906167002,0.100667526879086,0.0791043611824075,2204.77411620355,2424.40978987993,2969
0.1725,2.66040255925213,0.0859563786825422,0.064602411359232,1111.12707795813,1225.01144020756,2970
0.334,5.11492872792453,0.0471961193770426,0.0347863884437242,3902.84079296327,4410.16785022668,2971
0.434,5.63309669418366,0.00805899205134641,0.00664688381145626,24175.791670363,22743.2825319637,2972
0.3635,6.24040947944542,0.0408767350262433,0.0221459683293257,5518.91825431976,8384.43761906106,2973
0.3975,3.57698164892546,0.0443263830918771,0.0161306148243671,2788.82988214614,6370.9153696195,2974
0.281,4.93215933497798,0.0251923514825543,0.022591567135991,7140.87296114622,6319.25654617316,2975
0.304,4.73710217436611,0.0310049363292266,0.0242396879713961,5657.90234988634,5812.52853302954,2976
0.1525,3.61116399219663,0.119713451529668,0.109573977786231,1025.63011312877,924.673363469264,2977
0.4555,5.74179503502855,0.0186911167181156,0.0162761904757142,11466.6747539026,10430.9729690978,2978
0.2295,4.8095930732647,0.0413101265831104,0.0348468893114486,4116.31507362828,3954.8896850795,2979
0.416,4.44785376288079,0.0117408446068658,0.00801114243427814,13522.379538319,15120.201889498,2980
0.384,2.75658716922731,0.00881775960821538,0.00539197958963241,10501.4278409442,12597.495922171,2981
0.408,5.22282215735641,0.0183318747103134,0.00756127816350283,10279.4783438038,18558.3753799156,2982
0.4655,11.6890548811674,0.0495310583173936,0.0180992010518254,8307.37252511362,19330.5184015649,2983
0.43,6.47735467812131,0.0348267971725093,0.0186527875772482,6877.90548900623,10387.3852888981,2984
0.41,4.85814480206677,0.0439346504951227,0.0279772541485823,4054.98791583746,5172.18381798042,2985
0.418,4.85796951695807,0.0427474810651142,0.0287863491398466,4204.69820345536,5009.69725148991,2986
0.431,6.4733078021428,0.0396710624944336,0.0332206906626061,6141.28353749671,5844.85417411508,2987
0.275,4.61381259853103,0.0416781940622006,0.0382346637493008,4011.99817500011,3521.83384780964,2988
0.1405,2.36960224514107,0.0518877942712103,0.0457042149742595,1623.22703838075,1472.90899175848,2989
0.4675,9.19332583936838,0.152099022362846,0.0978157617428506,1557.13442801934,2922.27728808671,2990
0.196,2.16085868843509,0.0330993809234947,0.0304935416855353,2362.15485840538,2031.88764333497,2991
0.374,4.85564709802383,0.0371401962262067,0.0337783957633693,4889.83704683252,4296.20266781365,2992
0.4485,3.62490753623022,0.0106941734926836,0.00917957761837942,12018.0868807417,11065.0052830633,2993
0.3445,3.81018927441942,0.0545275334525981,0.0389022576268571,2542.5406842094,2962.04541263619,2994
0.3645,6.14123095281179,0.036642925272687,0.0321961274875947,6256.6570499571,5707.83679225765,2995
0.424,3.63194317447795,0.0105106276255052,0.00802831163862956,12048.9791128912,12186.4940636043,2996
0.2035,5.35593495731303,0.0426316612243,0.025393112566911,4436.1084668117,5964.60747765454,2997
0.3285,5.38397121170284,0.0229962937447812,0.0220991615857546,8561.01092871358,7118.15272208065,2998
0.3135,3.8692435035639,0.0611061957217961,0.0464452369260569,2311.04449963984,2499.47589922874,2999
0.4415,5.20151850535344,0.0431086272828969,0.0347746569209396,4492.41199861973,4584.72205025249,3000
0.3035,4.82452919831794,0.0488646092935002,0.0378103575314169,3598.75633893805,3824.92855536606,3001
0.352,6.04541837404212,0.0341421084699737,0.0297158026202223,6596.71743220684,6074.35646356778,3002
0.38,4.39061429932396,0.0652895811575123,0.0581129394092276,2507.03648166206,2302.60639553696,3003
0.3935,5.91212829738705,0.0365094621024042,0.0350586196352762,6222.64330971765,5212.44681328385,3004
0.323,2.0579651543752,0.0347186158196698,0.0209642818692498,2163.5423446362,2801.06175285811,3005
0.4105,4.37671891541912,0.00767495849758504,0.00656465567374733,19201.8307962656,17526.2514200998,3006
0.367,4.8054249010717,0.0332991149795132,0.0318067184272322,5421.53351433184,4529.6647972276,3007
0.3725,5.75114763171801,0.0231138810288692,0.0204350365699182,9272.9499195162,8344.95023047264,3008
0.4405,5.05750870112316,0.00811923019040256,0.00528676454779553,21652.2145274137,24799.5340977927,3009
0.396,5.52716369640583,0.0310516021722474,0.017145676554103,6544.58028186051,9484.15582346975,3010
0.303,5.39149850728597,0.0829031737985519,0.0612940235900387,2259.722344453,2643.29123516153,3011
0.2735,2.9074311775369,0.0202905322721784,0.014355297996251,5088.00583562358,5542.56740132119,3012
0.419,5.30226104027738,0.0599708697447797,0.0429550794291784,3151.20493835239,3786.96790527747,3013
0.428,4.04950389247153,0.00719349148211562,0.00507469440257727,18966.7773444928,20122.1242159067,3014
0.4785,10.9538361685058,0.0526120566755651,0.0335087129671049,7749.34743553532,10042.4353179094,3015
0.3245,4.20207517853022,0.0252164512802657,0.0231936483405208,6129.91710217733,5295.6026992431,3016
0.3875,3.76220392830833,0.0127993771046209,0.0102530684349136,10425.5999685405,10116.8048367355,3017
0.3455,2.35249784480784,0.0231635151207889,0.0109263743644202,3647.9949984211,5847.28507597959,3018
0.404,5.15965750644634,0.0758579178311347,0.0620016103161525,2472.25220804949,2541.86337727731,3019
0.3435,2.01664280058197,0.0107735226426666,0.00715404077091338,6377.4134600295,7185.73904055387,3020
0.3625,4.90491581250259,0.0201012260584897,0.0186923289702021,8980.15775695015,7673.53593344269,3021
0.402,3.91152524359598,0.094818296898533,0.0713653323421906,1461.85015329942,1675.22286965467,3022
0.329,3.48267792411009,0.00992641076745155,0.00833753137490428,11875.1566097529,10956.8327850456,3023
0.4135,3.69485001147514,0.0260347758758799,0.0214255062427138,5272.32741757135,5097.46997032521,3024
0.3485,5.06127173173813,0.0267213840938938,0.021626177957931,6996.18676978147,6888.64984108616,3025
0.3005,4.53469633483057,0.014592038514279,0.0111485036504303,10889.5060267939,11033.61126629,3026
0.409,3.64572071100826,0.0159653511242888,0.0118708550568991,8331.66255708691,8742.53962929646,3027
0.26,1.76903841603438,0.0156350935453954,0.00844127150759948,3844.0591679248,5167.23571325794,3028
0.367,7.71539721855067,0.0310199210625116,0.0305958249481369,9421.52352560626,7645.80666156581,3029
0.209,2.34154051646936,0.0396531879900213,0.0377714135947517,2136.15995284839,1787.52045408498,3030
0.303,4.03167662915604,0.0304695656837368,0.0282836303469791,5038.79740580335,4332.24562148843,3031
0.4465,9.25323897419615,0.0242406871335226,0.0172560099175319,14342.3620790175,16005.3861870168,3032
0.2855,4.70158022926692,0.0185076474131245,0.0155195242771195,9175.17435960928,8649.67381663349,3033
0.2405,3.268664160172,0.0209961638734922,0.0180025464284058,5457.61590904412,4996.7409187677,3034
0.4485,9.72830915552489,0.0859844544625872,0.0690613912896049,4143.59307485926,4299.18683353422,3035
0.2375,5.74265349236636,0.0328612573894424,0.0309740629153172,6459.08282825968,5485.68629200018,3036
0.4195,5.24597771809179,0.0371879763671263,0.0335053130435427,5330.04576521588,4752.98557662635,3037
0.4165,5.00428415523486,0.00673997167135666,0.00581903212978147,24870.8341102855,22473.4397067649,3038
0.155,2.72932980708345,0.103277083771631,0.0927240403494035,941.331241607686,855.318089920419,3039
0.3235,4.78867516582052,0.0232957544922926,0.0174285233102131,7471.23273369641,7912.52602421228,3040
0.258,5.08471298644439,0.03503790211815,0.0284159750681265,5328.59483728775,5270.18484669758,3041
0.4245,4.47400611953424,0.0119039317946507,0.00845787850792893,13496.6526212478,14598.858493354,3042
0.4325,4.57142039743427,0.0260924425411221,0.0199074010361519,6562.65911937701,6839.57210500091,3043
0.436,4.32588168931353,0.0266579642404784,0.0126829855107411,5974.83011189717,9814.34385466511,3044
0.2905,4.64198153424101,0.0370055499223788,0.0258023401878266,4545.26793671194,5259.75720868471,3045
0.2535,3.25203394793408,0.0278800246945803,0.0252316106477479,4250.56752166259,3750.0626724557,3046
0.4345,10.6233335557176,0.0731164535445115,0.0412371242044027,4956.50283135286,8021.48413267162,3047
0.4315,4.29581661061984,0.0338635159459224,0.0297566287117585,4743.71878365792,4307.87372592156,3048
0.2385,3.72685104114377,0.0183073357079841,0.00989189159771126,7023.83998334347,9564.07114969243,3049
0.338,2.73724156788697,0.105234372484177,0.098100525568222,959.583653734983,827.244837204846,3050
0.3915,2.89231242976304,0.0181769211742091,0.0150517910697947,5753.03407549172,5460.8944021162,3051
0.124,2.19775637492524,0.118795751711183,0.0986994947835268,666.904065812218,664.916067692844,3052
0.4255,6.05945186920876,0.0116025273860676,0.00813105415958703,18637.3771479548,20470.9814190898,3053
0.419,3.06427640772073,0.00666890735888709,0.0058753615078827,15076.5291549377,13370.7337047127,3054
0.439,8.97100145682765,0.043309313461432,0.0355685871575355,7883.46061693433,7792.70759234864,3055
0.228,3.07615697507089,0.0653121217116363,0.0610573372386755,1754.83294737675,1511.30232627613,3056
0.447,10.9277594702486,0.0312435637980942,0.0288551116403159,13215.4101375576,11384.8493028498,3057
0.402,6.29351496984316,0.0247134589942076,0.0195077405506384,9553.6085346412,9572.93672753398,3058
0.249,1.69984471320321,0.0200465145014002,0.0181258839223424,2952.24037061378,2576.90777275466,3059
0.3375,3.67705657662806,0.0568785883586606,0.044905838884619,2356.63105440732,2456.09422556512,3060
0.4585,12.2148875427261,0.0215506430809692,0.0123278221952501,21329.3402149264,29243.7312978021,3061
0.454,11.5333739682329,0.0556162176732035,0.0359105395600184,7669.48594687682,9967.25128718223,3062
0.43,6.09924968835604,0.0173493694844697,0.0112337287262452,12960.208602906,15587.1516964236,3063
0.277,3.77081204525443,0.0297534712177207,0.0223426219694426,4572.26732170971,4784.37185178881,3064
0.406,3.77746511443736,0.00965856294987773,0.00745428836528431,13412.5128141968,13423.597426293,3065
0.1865,2.92832565480801,0.0323844776360923,0.0287454707072621,3164.15116628685,2828.9166054163,3066
0.345,5.93297510990516,0.020640665287382,0.0183359832071399,10500.9575361278,9405.31602465189,3067
0.2915,4.49126087957089,0.026095146418041,0.0244155532048143,6254.15055894949,5310.9231728523,3068
0.4585,7.82433460337683,0.08874018311439,0.0402576491582724,2338.42549191812,6037.50962355709,3069
0.4615,10.5389966128846,0.103396030439856,0.057382996539355,2895.92293404077,5732.43411601384,3070
0.323,3.85314023044109,0.0866785193727407,0.0572189358048886,1513.74385590455,1984.22859801162,3071
0.378,3.05959013603449,0.0233782433435492,0.0216175192262771,4809.81176724337,4129.12179448239,3072
0.4585,8.08869853827093,0.026811108081559,0.0110582542627224,11172.5564838212,21204.7427018956,3073
0.186,5.01684800492251,0.0342879504401087,0.0324182930193265,5258.7272515164,4425.32479542124,3074
0.4085,3.96569148120293,0.0291031649175959,0.0274157289524034,5084.72698892201,4321.38343549604,3075
0.4075,4.57531873849259,0.0623166992812625,0.0510472543562263,2721.64208684961,2745.2531635567,3076
0.3665,7.50984522513374,0.0291005192617986,0.0270761828272127,9670.60224467741,8252.07291630242,3077
0.3915,5.48138201554868,0.0642461715259327,0.0415458041462413,2933.5238783785,4039.86518869236,3078
0.3805,4.22356075268897,0.0282714652060836,0.0152685217591383,5458.12397592763,7902.35302165708,3079
0.377,4.00200895518598,0.00798329343348635,0.00657318030757004,16874.961096843,15831.2783759273,3080
0.2,5.07144967490625,0.0236782835589437,0.0192276050725039,7586.52371930593,7332.11790268257,3081
0.2375,3.48895925485162,0.0189660333982498,0.0175318782581174,6614.51083986059,5701.17031012495,3082
0.4645,4.50455493056252,0.0116211774872214,0.00816630297172362,14055.4742280783,15388.2601314633,3083
0.365,4.80774876316774,0.0149985049149991,0.00904774359083759,11592.959788374,14624.5185803843,3084
0.46,6.54602577306678,0.0105521317202418,0.00711308777454012,22244.5410157448,25328.617062846,3085
0.435,3.81734003674383,0.0140313813757118,0.0108536555716134,9875.64151305702,9971.8726588241,3086
0.41,3.33508666392004,0.0147357890685012,0.00988590396826442,8164.54006554437,9388.89506303628,3087
0.3285,4.49936041027651,0.0174414811142341,0.0101501683135199,9252.0036941862,12136.9953567648,3088
0.376,5.55545972119692,0.0492903420753912,0.0329962555786974,4100.62929959169,5097.22033528241,3089
0.2265,3.61690517295085,0.0580737234572536,0.0540382040034165,2273.27387819147,1957.54472487108,3090
0.3705,3.75933105932848,0.0308223418675546,0.0278354028361342,4536.72655902257,4006.4205250096,3091
0.407,3.14273061958107,0.040082773530962,0.0108837446724609,2739.25580968658,8115.12909753136,3092
0.4585,10.2000679309548,0.0343481297188621,0.00820972051577872,10504.1852678714,35057.5988308929,3093
0.4715,11.0332624504695,0.0366631240463272,0.0343249666500349,11455.8593010286,9756.4172252135,3094
0.1675,4.38881461023652,0.0638783470317277,0.0615798983013411,2451.63643872757,2027.2411503462,3095
0.1635,1.46229929340213,0.0435559336582895,0.0402426329544695,1180.75492564282,1018.17085338071,3096
0.219,3.4674933132456,0.0978186075712595,0.0892953512391277,1273.86487661959,1148.63986107461,3097
0.2795,4.04037191596155,0.0489890721014757,0.0442512583028444,3017.01687460051,2703.45525327357,3098
0.4415,3.68744027142106,0.0221277972663235,0.0155794242316239,6135.38033596454,6874.73232939322,3099
0.308,1.96241984665465,0.0359589929095591,0.0111792900554659,1951.45594423285,4660.17776371347,3100
0.2875,3.22563028982155,0.0183745080798569,0.0121279954901711,6233.16523770877,7248.99852621567,3101
0.359,4.24110374331002,0.0280253484988703,0.0176773265151875,5483.23263769395,6925.55960104317,3102
0.448,6.74299053119359,0.0118591410421599,0.0104506219227025,20725.9073108132,18568.3882673316,3103
0.456,12.0881177085367,0.0455549271846298,0.038579190953417,10139.2479249259,9685.96244127678,3104
0.4595,12.3011093368889,0.0244066654334173,0.022884183111741,19044.7965153505,16153.254242311,3105
0.4415,8.75145240327231,0.0579779586911934,0.0380916646500906,5541.59677340848,6912.06042030802,3106
0.437,5.24886229290618,0.0777065007484371,0.065291989828673,2493.63774893802,2446.81552039706,3107
0.46,9.04152036490315,0.0586396279124948,0.0371059860971161,5649.0588696181,7492.75852363705,3108
0.4695,6.93310415094721,0.031061910175586,0.0297398775455397,8499.19556075419,7088.88928705853,3109
0.466,12.8228543454778,0.0525638750963874,0.04253736243575,9280.55188054195,9196.98657369217,3110
0.312,3.27183206316097,0.0303767569886594,0.0276345504890809,3970.64317894484,3490.48413754445,3111
0.4295,7.06707501318585,0.0433793153424888,0.0364970316730263,6130.74151477933,5943.76966601322,3112
0.437,3.51678621446733,0.00740228839253293,0.00503458084352278,16251.4318695125,17826.0621285273,3113
0.4085,5.45743056641666,0.0230011201358106,0.0160639624951804,8806.90124587642,9957.91549599645,3114
0.461,5.85163955162165,0.017177362937454,0.0100111581335344,12592.5942400726,16733.3038352168,3115
0.4205,4.14504639743596,0.0106165750812473,0.00645347786524594,13763.6423014475,16900.0433340663,3116
0.412,5.56621006162068,0.0525638718652047,0.0375383030811567,3936.37026400334,4543.59274009964,3117
0.4565,9.94283017299574,0.0634975779002496,0.0437886462246746,5720.5488167756,7048.17346467017,3118
0.2665,5.09696710223405,0.0270631367636862,0.0262019485642722,6864.48039327189,5679.23284611818,3119
0.389,5.55780740795131,0.0377148638495012,0.0339165273132171,5567.82493560018,4992.70597454702,3120
0.3605,5.08968347312729,0.0635520162436852,0.0510620460057304,2927.88387889407,3042.45876587103,3121
0.4625,7.31396826496467,0.0485264531091195,0.0402635623379728,5696.33906001061,5552.1506272912,3122
0.185,2.68600275487165,0.0929661360191068,0.0773570654510932,1030.36203339678,1031.27129219899,3123
0.214,3.33765074767953,0.0784229436561216,0.0644606396953688,1457.78225061327,1531.05785511907,3124
0.407,3.73829987138046,0.00810416208807483,0.00655194081462146,15705.6919564193,14924.2595685456,3125
0.274,3.83333295035841,0.0154288589140653,0.01268281181467,8595.20899895902,8149.96909164193,3126
0.2805,4.48019942402427,0.0629460292550533,0.0548034154481305,2581.40001057921,2450.91468323487,3127
0.3055,3.43577914236416,0.0233256308874952,0.0197056554237364,5380.85136312695,5059.59317195749,3128
0.2355,4.24706269982052,0.0245141113020157,0.0228935878811433,6090.83082125424,5186.40960456074,3129
0.4565,8.86129456795764,0.0188099614477016,0.0110051967086196,17657.4703996445,23402.5204745836,3130
0.396,2.77466970879722,0.0141359437612839,0.00897018727199297,6972.50869754118,8354.36623445502,3131
0.397,3.51106532440706,0.0188811568730299,0.013854612692172,6787.54449821317,7279.87501699124,3132
0.217,4.15197538140941,0.0199685824310473,0.0183419200047903,7204.95870860285,6239.8198335535,3133
0.2635,4.53483589126758,0.020065035879743,0.0113348702404424,8010.41558700302,10716.5789291713,3134
0.206,1.83228075169615,0.0228704555676363,0.0190659701102115,2803.91654394306,2634.79404740277,3135
0.3475,5.10563733173924,0.0145631164862194,0.0133431187025019,12522.7935879635,10841.0979354365,3136
0.381,2.88372418666595,0.0120279786139904,0.0105505239848114,8485.82878386148,7615.08522429726,3137
0.4355,3.6410044180256,0.0121891266869636,0.0106111169216941,10704.9558868177,9656.42739724313,3138
0.4215,4.77639156682051,0.0315416784238806,0.0245560495038224,5665.45060021403,5777.24093027155,3139
0.364,4.38005736004551,0.0530465347499959,0.0395568999918316,3033.74989281334,3337.28937581122,3140
0.303,4.22766880322137,0.0489463113217862,0.04572558538609,3201.23898444174,2754.09877499484,3141
0.4055,6.38096040183175,0.0498890017386453,0.0261514430163714,4567.08437281278,7435.30861870917,3142
0.207,3.7102923614097,0.0501894446188319,0.0468896372469316,2729.56715001586,2337.38048134033,3143
0.2415,4.90815511367967,0.0219807747512644,0.020717975945101,8089.78717478577,6854.34245342116,3144
0.3685,4.76599171120625,0.0880671302148969,0.0771473631110129,1995.43654217366,1873.85555724005,3145
0.454,4.62018986662177,0.0498067441999388,0.0236774338663664,3315.15052672817,5830.70675964372,3146
0.4625,4.79260022380244,0.00860917661061629,0.00703331690648334,19662.0923369326,18759.1624451405,3147
0.4515,6.16320235420783,0.0503488787920894,0.0368381778005693,4552.77761786458,5080.61964358601,3148
0.3915,3.2122595137811,0.0234795051283029,0.0175721887488832,5028.04042308469,5301.05809549027,3149
0.4645,9.4723200465166,0.076142790255697,0.0414986084087215,4188.48052339814,7088.35748401081,3150
0.3925,5.00565508452513,0.0281943187845268,0.0266808438332172,6617.30930829823,5589.20441194978,3151
0.346,3.89593055770194,0.0532000453119939,0.0337230978646048,2630.85610337889,3416.62364482334,3152
0.28,5.76923059874286,0.0429128633225991,0.042169516044165,4877.43829239688,3962.92065635173,3153
0.29,3.03839373628848,0.0224850513820969,0.0210555760400555,4848.18931057256,4103.7506323457,3154
0.4,3.99894932710453,0.0322524755902484,0.0271976855108588,4640.67226727422,4406.91303120901,3155
0.3735,3.81038470774334,0.00993349016109812,0.00758808262167812,13215.151148847,13345.8872175971,3156
0.46,5.53699467335895,0.0142639189740153,0.00984470586993284,14141.6209767333,15934.033426775,3157
0.44,9.66242335491766,0.050986749001265,0.0482868600367814,7196.51110703213,6066.53053116933,3158
0.4185,5.68951490571507,0.019530188098717,0.0071502715281444,10492.3824587095,21534.5004906401,3159
0.4475,5.16033001386189,0.0102016780807545,0.00796882333127611,17992.1529933749,17878.5107027657,3160
0.2925,2.87198892258542,0.0122781601567984,0.0106843393168243,8008.70087770175,7230.51730670077,3161
0.394,3.67394154536177,0.0277344978978601,0.01625369562769,4881.82610050034,6570.54822266438,3162
0.344,3.73376228005655,0.010389017396423,0.00698663688425546,12328.7803144409,13735.7352105279,3163
0.318,4.86074295267682,0.0488322790299411,0.0434555595090996,3674.59255923573,3374.97240568567,3164
0.195,3.55230286072437,0.0592254281661659,0.054311729525337,2169.22174263466,1899.40461550358,3165
0.2065,3.09814295473266,0.0180685127385443,0.0132273902471858,5926.34415712054,6216.14046662905,3166
0.3575,3.86029661525745,0.0309931351764227,0.0164439736011858,4514.0475735154,6748.20907710362,3167
0.4615,5.79092662090933,0.0179318809833465,0.0119277959513247,11872.1838932468,13915.1023267042,3168
0.171,1.85817465146029,0.026585651663561,0.0232428705017662,2458.05168911575,2218.557718922,3169
0.453,11.1123694476669,0.0383287443840813,0.00985189610910643,10222.2915507558,32528.9587408948,3170
0.4135,3.4669396054626,0.00678358411566178,0.00472308131560789,16922.2274400074,18027.3114820232,3171
0.3945,3.27408000375522,0.0101828161701825,0.0074988018979453,11197.8756133013,11670.7858293969,3172
0.2175,2.0398464782453,0.0338571215905096,0.0255574641443847,2139.34797549679,2237.89557949953,3173
0.4185,3.19859244641628,0.0153416118147853,0.0115842664966663,7547.51764464723,7809.479781394,3174
0.4025,5.37417986136762,0.0155890224400996,0.0119618352341882,12666.1318730062,12923.0397651848,3175
0.4005,4.49218830336994,0.00987464586496996,0.00620925141218943,15756.2157701047,18782.711061047,3176
0.2215,3.48108058167113,0.0274733698865966,0.0258316540584459,4617.84463965601,3898.3052133262,3177
0.469,8.51154068330892,0.0232297475854588,0.012780021120448,13660.7667771136,19608.5455608774,3178
0.398,2.88986328604348,0.00901515186186556,0.00614574679583594,10916.7009576925,12079.9384250868,3179
0.3845,5.62244479030422,0.0227786625325305,0.0218809070315349,9130.0035850513,7559.98914944385,3180
0.4715,9.25291484133695,0.03824530765787,0.0299075111739859,9237.24596697516,9513.53907264038,3181
0.413,3.45464316395993,0.0176271233072156,0.0147429014855748,7179.42853151176,6810.57232623063,3182
0.443,10.7460260665938,0.128957764350761,0.0808723608199607,2356.71256862784,4115.02177811866,3183
0.293,3.04313434476959,0.0926062780828692,0.0733838241308613,1180.5340628313,1244.87780441914,3184
0.354,4.49926482490727,0.0556646630010815,0.0416812920637325,2960.28017010784,3251.20358694604,3185
0.2,3.11734591881102,0.0470874104591831,0.0440850379893451,2440.14108769887,2093.99368940823,3186
0.4445,8.0130800098101,0.0551322942925046,0.027912806568197,5178.10338736341,8710.09558708256,3187
0.4275,6.94568787476161,0.0595931833674114,0.0398159764100425,4242.07496940269,5359.01902763797,3188
0.459,7.02873239312385,0.03829923058401,0.0365147489742359,7000.93092907869,5873.74516875029,3189
0.0915,2.58480030298414,0.05071532857177,0.0479495497707448,1767.20337087366,1488.08329745904,3190
0.388,2.78365305627938,0.00888272585194273,0.00775576309678333,10690.1424750509,9598.28105387835,3191
0.302,3.83480289361089,0.107730432183742,0.0706653465494746,1116.44299170777,1633.50354026295,3192
0.2905,6.53740543877109,0.0524781208140608,0.0433863727984198,4707.57837000181,4591.48415742455,3193
0.4355,5.0367703254497,0.0104618029105503,0.00796298969914329,17020.6028290319,17314.6031650701,3194
0.438,10.7898398908365,0.0470478677213722,0.0409496440970677,8745.85310767303,8120.04227888087,3195
0.345,4.97879415661113,0.0338969088217167,0.0264977355768417,5417.58626751413,5506.62244185002,3196
0.238,5.74993026390404,0.0279409864399315,0.0256326380127428,7393.01403253815,6413.24038743539,3197
0.3955,2.72752415498865,0.00722623167227777,0.00515365051171094,12412.0419316814,13001.2184103881,3198
0.434,4.5370876984282,0.023405071261915,0.00865080310130151,7095.44692854532,14618.0656688659,3199
0.386,3.8363942392677,0.0450489104856314,0.0425225579288745,3180.333369415,2702.31602470054,3200
0.2245,3.54406565237248,0.109451039644768,0.0888112245444739,1089.71846962964,1180.16377347235,3201
0.3975,3.60257701056231,0.0116568442863763,0.0101295284495724,10853.9409508579,9861.07655972752,3202
0.415,3.88062014003381,0.0154980710064199,0.00636154116022845,8913.16344758814,15765.5849389878,3203
0.439,10.4518579322393,0.0331725140434143,0.0284257684258035,11901.1916587211,11016.4032243704,3204
0.4555,7.73277818691472,0.0140389336704007,0.00888720904738235,20221.2631439726,24736.8505309201,3205
0.146,3.63706042058834,0.0531744083486482,0.0442887218881499,2430.37553312937,2319.67699409528,3206
0.278,3.66183446762163,0.100490741093054,0.0878321056365431,1306.91245851966,1266.20654219677,3207
0.206,2.20034154246808,0.0989784576445159,0.0901398506926318,812.998322926716,718.781533101302,3208
0.443,5.79261882928188,0.0110737955617114,0.0093128179629201,18700.3439239376,17413.9581208424,3209
0.3785,4.15313942099902,0.0247815496822988,0.020349887642625,6239.8850143871,6012.74343601943,3210
0.183,1.48728718766934,0.0230395363263658,0.0204757218723084,2203.8682536118,1959.843171195,3211
0.3645,2.44419709344479,0.00956792943159179,0.00866617692393763,8524.13589438172,7426.51793820767,3212
0.4355,5.92027540395345,0.0556289766373335,0.0446199825662627,3987.50934148376,4020.13278821678,3213
0.1795,2.72772533195874,0.0405308660476817,0.0356607445652472,2429.60568420585,2185.16024184649,3214
0.2455,4.31775394898391,0.0326815191004566,0.0281268490272817,4825.05059744231,4451.06127345847,3215
0.376,5.51376830455643,0.0349864871773234,0.0308605045073701,5872.92336429006,5356.44269335288,3216
0.3525,4.61497758261996,0.0942828786599255,0.0646802608216516,1527.65045925647,2191.79797606982,3217
0.18,3.98796214586224,0.0361672957139421,0.0287179279574321,3982.06916516728,3985.08299146862,3218
0.277,4.43098611855804,0.0545189926800268,0.0468444185952379,2965.20471196476,2805.60842287537,3219
0.4125,2.99871473973336,0.013160699161222,0.0105571669555327,8182.11578175837,8028.19066157043,3220
0.113,3.29036669875788,0.0420429655018669,0.0381308045665873,2738.93561688587,2398.78104307541,3221
0.3125,2.1452524833683,0.032361573947832,0.0192451849095965,2383.80909832859,3155.36710066206,3222
0.3475,5.74778279752177,0.108339987783289,0.0910593018973391,1862.70196271066,1927.00819626636,3223
0.4645,8.70415598607925,0.0412841041823517,0.0363934841208087,8069.18579134435,7353.90463988552,3224
0.3895,2.79336434546627,0.00781732024668513,0.0062494104138249,11859.9627575875,11390.0649050499,3225
0.186,2.03278924805718,0.0144798328263868,0.0125110014273317,4539.9769553616,4071.54381917623,3226
0.4205,3.99098310738749,0.0434879654189542,0.0130352466046454,3204.51474159783,8762.80949547673,3227
0.4,3.13925288143159,0.0163352886362126,0.0127084565667687,6955.69846236539,6990.15934559398,3228
0.4,4.67020483586426,0.0616923079298467,0.0404351303481375,2716.70484728115,3530.49602300939,3229
0.2965,5.28762595224738,0.0555824287293505,0.0481481611362816,3535.6533915948,3299.14625316169,3230
0.392,3.48965802941417,0.00727351584925568,0.00590488493168143,15730.6672303774,14917.2738960809,3231
0.364,3.66908362464857,0.0741229973544428,0.0653195274777844,1825.57241514969,1690.30872008045,3232
0.4715,6.95007536735412,0.0133230730975343,0.0070797868208938,19008.1208014415,27071.0089518105,3233
0.4385,6.1142137616327,0.0503437635061525,0.0457532139133524,4615.99242660968,4098.75715090829,3234
0.2985,4.69655415030806,0.0359983241181027,0.0311880918099453,4814.71580733484,4456.26800601834,3235
0.453,12.1740606164939,0.0483469659766909,0.0310270802714498,9446.97535346948,11975.4958603782,3236
0.4035,4.03146296303153,0.0750929856704718,0.0354029130649614,1809.64412564776,3402.08483803322,3237
0.3355,6.85109611437189,0.0457176376357151,0.0419534755712484,5606.55398141899,4922.99890825715,3238
0.426,5.30726078137886,0.00960130188332303,0.006146057175934,19494.2277758478,22907.2600162368,3239
0.264,4.34950894320609,0.0394312504490366,0.0349541071828072,4087.33972493817,3730.37484350239,3240
0.4275,4.2695553563379,0.0105684487079388,0.00857377916395365,14198.6688008337,13604.3643704428,3241
0.2065,2.67230058914819,0.0722981718215281,0.0660236745370818,1345.88653603319,1185.93451155699,3242
0.296,4.23553375774102,0.0118903373229344,0.00760760899252659,12203.3230857721,14187.9732940466,3243
0.359,3.53617818696586,0.0278703531157671,0.0267659820432279,4697.51443213365,3914.66298490496,3244
0.1935,3.62873517035245,0.103361832034953,0.0968430564527589,1266.69503077393,1092.12821118998,3245
0.2175,4.92412635169435,0.0150102635001023,0.0124296432837488,11371.0302316667,10674.6715204752,3246
0.302,4.28425087949395,0.0784833725953487,0.0668206980456387,2026.99725821658,1953.90843568841,3247
0.44,6.06598208852398,0.0354362043907726,0.0193715777587811,6238.4195635345,9263.35809449633,3248
0.3595,4.94139004155071,0.0238354893550274,0.0192067636054953,7718.26096655225,7594.03945357383,3249
0.3995,7.40674266391715,0.0488389504696477,0.0455354624193948,5778.42870125018,5013.26503751966,3250
0.443,8.12446698278327,0.0473812331409317,0.0381440585732471,6519.7608983837,6558.931083275,3251
0.391,4.9879354263435,0.0251473111834014,0.01579866778729,7367.14298555278,9317.40583395595,3252
0.3805,6.4055567824499,0.039544924186811,0.0360616410359503,6085.27665326694,5364.03283479647,3253
0.418,5.43362612485383,0.0552206297842536,0.0409023014117843,3563.1183461568,4085.32689127936,3254
0.202,3.98426461367317,0.0578230619080677,0.0528680982739337,2526.003611051,2242.34783215807,3255
0.404,6.3102888986126,0.0876421917337416,0.0520889020868988,2318.66047558867,3707.96918771663,3256
0.4425,6.68163042729716,0.0120957820976052,0.00787722964344114,19970.7811916426,23563.456786596,3257
0.455,8.88639075571144,0.0380894967053934,0.0372529190129993,8931.16527686783,7291.64138612994,3258
0.3405,4.10183649305871,0.00860076123220149,0.0058147837971447,16004.8310750635,17556.9589826029,3259
0.413,4.41364924404391,0.00979791488772033,0.00827088709368795,15827.8757062427,14651.1598453849,3260
0.2665,4.83507842342078,0.0397892542920897,0.0287413461719317,4372.32785242104,4873.38189345571,3261
0.3325,4.29887022040734,0.0118493186032628,0.00826154242705211,12674.5760372164,13900.9861713365,3262
0.4175,6.65543011356978,0.0268761867330486,0.0248650138362853,9355.82536947527,8066.18749184233,3263
0.2115,2.87816064466162,0.099702459423055,0.0754093770541199,1006.88036533817,1126.38303068502,3264
0.444,5.66347000682877,0.0230025114699544,0.0210455628837414,9234.47848537375,8077.83207551476,3265
0.3705,6.13347891377121,0.0259368659602835,0.0237259712186356,8811.59452519571,7661.53295652851,3266
0.154,2.08561047272211,0.0256505823352412,0.0237164931588633,2687.52741381958,2314.03888383669,3267
0.3525,5.40494915766825,0.0352250462077909,0.0318339352417608,5717.42848512779,5105.69954818738,3268
0.3925,4.28987609752846,0.010770529594544,0.00822658358130887,13985.5818581828,14131.5330502212,3269
0.4275,5.63428939836025,0.0109530142816627,0.0097881259227288,18301.1827227663,16206.1650840966,3270
0.4105,4.43094677262925,0.0263219131574942,0.0239935346933183,6312.30664181569,5540.19431480914,3271
0.3455,4.12082743364105,0.106068309248232,0.0809046249675737,1327.88434754363,1547.05253493084,3272
0.4455,8.2933556721544,0.0573444797263914,0.0358040424576102,5245.5588552268,7092.31308646869,3273
0.427,7.44418622827034,0.0707659017949496,0.0530549894420659,3814.03640914509,4342.48799997626,3274
0.2945,3.20937230140139,0.0117898904412515,0.00987164682999945,9158.17100275549,8464.47786145887,3275
0.2675,2.46605970279854,0.0641860112327497,0.0597334927955498,1403.58094403122,1202.35638851668,3276
0.234,1.97903297412095,0.0308235867294204,0.0264181112164582,2287.22581399491,2114.68688311717,3277
0.4065,4.46348118969251,0.0379216609151053,0.01177722849375,4125.04087702713,10800.7650856522,3278
0.435,6.45212450123331,0.0305765933072623,0.0256237825243712,8032.85386309438,7643.45998975965,3279
0.193,5.26620411771941,0.0667610084799609,0.0584336105282048,2594.6591454494,2377.00232258054,3280
0.176,3.57285606041992,0.0725225544551169,0.0683859533655743,1777.57262562607,1525.16915124273,3281
0.298,5.05829487571155,0.0256700330323734,0.0203065420916334,7472.73811830714,7509.41545690316,3282
0.3335,4.07452175788894,0.00765401634010171,0.00625521601236457,17251.4247374326,16143.115786809,3283
0.327,4.16004945263052,0.0253282278425953,0.0188629074423318,6070.24256065295,6439.2244063921,3284
0.4325,6.39540033134966,0.0202036933257049,0.0168633850542855,11802.3926100763,11152.9052814492,3285
0.405,3.15759391034876,0.00867100307100764,0.0073185349564531,12426.7479639957,11447.3908758825,3286
0.3015,5.11375277387673,0.0469335986213401,0.0409827263246522,4030.23441162111,3735.42584976885,3287
0.324,2.09944837203497,0.00687647009762035,0.00536866065285081,9469.99378053058,9258.14283721518,3288
0.4395,3.78062492582787,0.00799401809103377,0.00495291946616625,16330.855036855,19436.8953757225,3289
0.256,1.80259564629634,0.015102025494267,0.0125627451671167,4011.64667385485,3767.00805772087,3290
0.4545,6.93146913247162,0.0594011657867957,0.0412527507243465,4189.21989742606,5136.84246128375,3291
0.334,3.23983705480925,0.0322259665233502,0.0253653357418639,3659.00773859822,3711.75694379032,3292
0.4715,5.49951419455062,0.0140529483952822,0.0100265188839242,14271.5660703821,15569.1973047464,3293
0.344,3.94927376880795,0.0175313637283227,0.0154453002166576,8246.37689582354,7434.51552508962,3294
0.4175,5.13458923234401,0.0838013002866129,0.057516972003553,2076.00553798726,2754.41916745678,3295
0.4375,5.92475618997564,0.030971564588527,0.0265008736785513,7197.89270602994,6779.85549014888,3296
0.3965,3.78296827199341,0.0994894203573868,0.0811906406129521,1385.70293288507,1409.45300238707,3297
0.2915,4.8219119732943,0.0583171175942136,0.0528436062515293,3120.91314804723,2807.20110162898,3298
0.243,1.7135826171558,0.0256334738035385,0.0196721100858001,2354.21779514178,2426.94767379822,3299
0.1955,2.87595156220911,0.0363551475760249,0.0281011239487841,2797.3639487157,2827.00115512252,3300
0.383,4.37468163140244,0.0611560873884594,0.0416810238633902,2606.36288143456,3194.51492961451,3301
0.3605,2.93893332124339,0.0354574260373616,0.0281644362019279,3053.71846143586,3071.90777920167,3302
0.371,3.67795671563089,0.0120560575387446,0.00795941779025683,10802.115497803,12425.4044545013,3303
0.393,4.71299546453993,0.0276820841699769,0.0246280759629309,6340.5537757709,5710.03138208845,3304
0.2825,4.17943184236193,0.0104570479485428,0.00883049663464413,13547.7146948881,12431.4871381247,3305
0.466,4.30700782783441,0.00979311482356112,0.00763959631600373,15605.591413334,15488.5337496013,3306
0.263,2.45579616365476,0.0237904562315125,0.0129815143428449,3647.38686640383,5083.14723803076,3307
0.338,3.59715738474437,0.0400673123598261,0.0299982563781269,3270.49139749963,3528.82704243861,3308
0.4295,6.21303751511608,0.0385474872197488,0.0332409986157126,6132.67693377458,5723.96700465954,3309
0.3575,5.01757831925555,0.0636657233652541,0.0460634694153983,2883.10446472078,3332.93609623961,3310
0.3455,4.89669547133761,0.0364765623442516,0.0287345108657754,4908.02034161466,4961.98722978669,3311
0.449,13.0986128073467,0.0880935576219631,0.0669108033817976,5269.15713614005,6012.56441966256,3312
0.334,4.4255427435671,0.0229198333661819,0.0206363427144529,7042.75371491093,6232.84681091756,3313
0.4495,14.8931992023109,0.145566742014355,0.068968998894343,2031.70660458348,6734.82029447532,3314
0.3595,2.78295639434619,0.117184315230072,0.105110975416626,869.563345396341,797.14715330243,3315
0.417,5.76187670937718,0.0786570245702642,0.0405216877631486,2367.41184366473,4343.61738930505,3316
0.416,2.83093720374882,0.0193966325040988,0.0127580543183469,5355.26694188755,6373.95207424622,3317
0.31,4.45212561713568,0.0509950714852596,0.0421942447075206,3232.85576907976,3164.15578450074,3318
0.455,8.10281399987967,0.0325413152579718,0.0170510038048232,9230.34755603356,14102.2808597164,3319
0.4435,9.02347789710424,0.0360230289198022,0.032211213738191,9545.49598359777,8545.67909262928,3320
0.2465,1.73961397450768,0.0216634682505956,0.0196225218055088,2790.63054247096,2443.5629846022,3321
0.4325,7.24571179519666,0.0314477125782062,0.0274260252747244,8737.80879456395,8045.35974297219,3322
0.432,4.25933103279417,0.0100138983722338,0.00665216360103134,14894.8035155941,17033.5630962555,3323
0.408,5.35438938803844,0.0552735864710649,0.0437990120361456,3598.4110944019,3741.4798176803,3324
0.381,4.75654248721428,0.00843335197395606,0.0067393552761757,19303.9854423829,18641.214811907,3325
0.444,8.2218920864812,0.0220518617903031,0.0185289179156538,13999.3081223576,13218.4412030622,3326
0.4015,6.79835772144076,0.0672998098926767,0.056088471552103,3713.47744231114,3748.1794557497,3327
0.273,4.50054853229388,0.0555387992242423,0.0448083209888494,2899.41630283357,2976.93559552668,3328
0.214,2.89177134587607,0.035997562990701,0.0325691368541416,2842.11622315974,2497.66237024256,3329
0.4295,5.82876957409452,0.0442619188226751,0.036007957374239,4950.23230221645,4962.13132738225,3330
0.155,2.41259177161514,0.106939802186103,0.096546996730089,811.895542421375,735.708442785775,3331
0.4345,7.39735681818051,0.0486818864089391,0.0401080958380478,5679.1008431394,5667.20824350325,3332
0.4465,5.25645458692983,0.00874274016886793,0.00731327138566869,20998.9498843453,19569.9633590168,3333
0.2505,4.26037945145641,0.035326236462203,0.0191747551236195,4254.86548913586,6298.86987063054,3334
0.4085,3.99596234933728,0.061022735264705,0.0493858141040132,2437.63725786543,2458.30568010703,3335
0.432,4.03234216676854,0.0130237779296147,0.0114498321903587,11177.9636785682,10061.6332267059,3336
0.456,4.76378566791903,0.0161641583571315,0.011124935020268,10807.7004378319,12251.732622336,3337
0.367,3.61618444639715,0.0116821969917926,0.0088855056214859,10787.0500443541,10969.6628320834,3338
0.199,3.72770439506352,0.0291295341470555,0.0277585103320815,4616.99837118813,3847.42066753135,3339
0.185,2.95117424584477,0.108005562357627,0.0998084699096609,978.908965474048,867.203813463614,3340
0.3325,5.79104543372177,0.0430760337538831,0.038791667986586,5002.05623252362,4473.20382760708,3341
0.367,5.4020559744621,0.0137068438998285,0.012353752927058,13978.5204574784,12247.3966387925,3342
0.4165,4.16863285401905,0.0134781437042273,0.00895856061638912,11027.6218386396,12806.3906769761,3343
0.438,14.5356774082775,0.0489959205848445,0.0275371968427646,10983.5640676398,15975.8495046514,3344
0.2315,4.36853645157096,0.0215363257549488,0.0202147310012567,7072.17069052872,5959.18502295859,3345
0.185,2.16458069589775,0.0782960386940034,0.0700082016163206,1000.15060645125,894.934604643741,3346
0.216,4.16480813813206,0.0324118034229257,0.0302255204298594,4657.70727176298,3991.72987865478,3347
0.44,4.30590240978248,0.00916033432395592,0.00730962662077154,16493.4849666446,16036.681107398,3348
0.237,3.65087878161432,0.0301804504647508,0.0290779610128573,4328.67546561811,3591.69643480733,3349
0.413,4.77817159378929,0.00921029483051029,0.00771344467353957,17904.4820913168,16692.8199031089,3350
0.2305,2.36074014970419,0.0323596942053018,0.0261200629484202,2666.98108413183,2592.1737985264,3351
0.3965,4.34653545515942,0.0403076614033448,0.0396457511734263,4048.70935192848,3291.51977312274,3352
0.417,6.65492327445448,0.0320184540535122,0.025597617991026,7853.39502825877,7844.54827117367,3353
0.3775,6.32512589105176,0.0469609360336013,0.0419095436585463,5082.07116094177,4561.30709756198,3354
0.339,3.95726883569491,0.02112763794066,0.0187917662551682,6814.78029985108,6123.56011162826,3355
0.4555,8.09833049434906,0.0144175162276662,0.00840649791455481,20707.217075501,27232.1082914635,3356
0.379,5.30801043037597,0.0411196046030499,0.0278140030391126,4768.90870817577,5810.34830783973,3357
0.421,5.29458037930381,0.0692008483661045,0.0540145167276528,2751.73187545989,3006.07773528604,3358
0.2935,4.23563159695359,0.0309541786855589,0.0235392500070297,4950.98554453535,5195.17273789845,3359
0.4345,5.99568693164465,0.0207392126292445,0.0126312216899258,10614.4836914218,13783.0990152551,3360
0.366,4.57918832109123,0.0506906028490047,0.0442839772824147,3378.50964231477,3122.68771679425,3361
0.2305,4.38560003300571,0.0236929788236556,0.0227557260651177,6752.64761263002,5613.48625596734,3362
0.467,9.22186418986866,0.0313126959606243,0.0273619142723583,11168.8041370438,10246.3666285755,3363
0.456,7.25357091405093,0.0441290112223205,0.0308433705328935,6146.40173941584,7107.11244320118,3364
0.101,2.68458483171965,0.0895546446669564,0.0848076853922778,1034.10213755978,877.759898986405,3365
0.26,4.05671835523283,0.0652640010362753,0.0573940768601022,2298.89843869617,2115.07088892581,3366
0.3605,3.21252772517612,0.0416438177880587,0.0391437631521636,2898.2176246915,2475.21406378377,3367
0.3315,3.08713811935975,0.0563901757870804,0.0525516477797824,2051.18111551399,1762.38640961766,3368
0.4565,10.1470259090114,0.0291937966833732,0.0245934426129427,13260.0264496257,12649.5663492095,3369
0.305,5.11878866763065,0.0158018264819321,0.0152406478917689,11548.220498418,9534.91439924894,3370
0.396,4.60616951225808,0.0144582964856861,0.00764089096127548,11386.4638362028,16131.8909383507,3371
0.426,5.39977750418699,0.054059623815801,0.0406376136365474,3699.25739324833,4085.02695215671,3372
0.45,12.2190945321224,0.0992821823690448,0.0404395214462581,3400.7636971085,9396.63874831069,3373
0.3475,5.54734814587144,0.0484990241077364,0.0428863444317339,4260.0245565909,3899.01810181883,3374
0.1655,4.96239714482517,0.0365498671527061,0.0222264366507942,4656.38990227285,6040.35310704192,3375
0.3185,3.80674410430509,0.0368745840489497,0.0331534117854416,3828.05475235186,3395.09213754011,3376
0.24,4.04943100602439,0.0534518647104098,0.0487698858518868,2758.64197297835,2447.73360199403,3377
0.3865,6.73574274296433,0.0325524386384755,0.0282276965282114,7772.88546958346,7204.24867245207,3378
0.4295,4.46915735853978,0.00860067461416928,0.00740606385866277,17911.4904600807,16282.4006000694,3379
0.232,4.07646299529865,0.0345326690506233,0.0288584478542021,4224.82877689833,4002.52216863715,3380
0.337,5.07205305102988,0.0190824157414315,0.0167120450429899,9659.08187722169,8764.43424228922,3381
0.4365,7.6833668620579,0.115941478738895,0.0613285127869699,1451.48440905014,3904.58019499246,3382
0.145,1.61433250510226,0.0297185109746938,0.0269339943268053,1872.11933591777,1633.88811533664,3383
0.4345,6.68917578575967,0.0922154628506373,0.0476782907448305,2273.61036860795,4344.30329974067,3384
0.3435,5.2258940942847,0.0480751877596059,0.0339501592598118,3980.60061140258,4616.88771505094,3385
0.3675,4.24807592053358,0.00902833533925842,0.00763902990116531,16198.4133706533,14881.513875208,3386
0.442,7.92101718255505,0.0710224428859328,0.0470463183711614,3841.88938553537,5243.32045451111,3387
0.302,5.07924775511041,0.0290128079005141,0.0225052904517618,6470.52209677414,6654.30057368901,3388
0.427,5.72657850679203,0.0141648875025571,0.0078691599387777,14516.5046955452,19789.7538779889,3389
0.1625,2.8179743959082,0.041692198073572,0.0391542330740054,2392.17924201378,2029.80636618611,3390
0.1935,4.23451851042646,0.0453677367220636,0.0428936707814387,3353.64515260193,2830.57710196014,3391
0.191,4.21619002874261,0.0787481279208716,0.0760845918138974,1986.06719025037,1659.25073431856,3392
0.2485,3.64262682699225,0.0244603805339926,0.0229617934675615,5290.32829456567,4495.8826535302,3393
0.1995,1.90919828044541,0.0386204384538488,0.0270005656354662,1750.86024431009,1961.14807866135,3394
0.2325,4.61555689533004,0.0434602739889931,0.0339800294336808,3823.53155815295,3994.66017441499,3395
0.413,5.10670720783442,0.0338637788478669,0.027058401234899,5692.85536972141,5722.82680477688,3396
0.2595,4.41105791339782,0.039057980528125,0.0383930309977347,4129.04580561659,3345.44716854572,3397
0.436,6.20165423219427,0.0520898770240382,0.0449651191384818,4521.31594367599,4254.09546545521,3398
0.417,5.51771851408977,0.0638806051016132,0.0566093061333231,3253.25945977071,2965.2732265034,3399
0.4305,4.32526658832542,0.00783636155020719,0.00447704047994088,18844.9692370088,23828.8051680263,3400
0.3875,3.18005296041957,0.020088280171303,0.00897464786028668,5681.48661524594,9577.82060181252,3401
0.2805,5.03101621614528,0.0281644314081319,0.0261848089312602,6546.90018488242,5633.21057323302,3402
0.4305,6.84205187002386,0.0264169611122764,0.0239655530731371,9829.85586869835,8643.00593344478,3403
0.234,2.8762464222328,0.019792313294076,0.0181062276291315,5060.53241547652,4367.3607815448,3404
0.4105,4.5690168767891,0.0607171873316275,0.0362429643118561,2669.14694262605,3803.60776018964,3405
0.239,3.64822633464209,0.0464763746861605,0.0341335391360535,2897.67483689439,3198.03296669185,3406
0.126,1.50285211589812,0.0529596086375187,0.0371844944291157,997.71942777421,1108.35175248843,3407
0.4,2.84003612781458,0.0146665337306327,0.00667633086420836,6853.75992930179,11037.1114235833,3408
0.381,6.80957723847183,0.0486308800654543,0.045257250599114,5239.29532553526,4545.43387027932,3409
0.227,4.49533834493104,0.0442764885451486,0.0348618425726643,3623.39483042928,3731.28790224064,3410
0.1485,2.97511508670772,0.0768913751407347,0.067773632054481,1342.35792850332,1235.65399799327,3411
0.4625,9.21108863614819,0.0521646010523587,0.0228120344117511,6234.62709603405,12128.901521589,3412
0.434,7.59471470064004,0.0563104058294665,0.0487825754644446,5108.63526781463,4780.26851583068,3413
0.16,2.20729580953918,0.115822649304421,0.109136010835732,690.738836610216,594.08144093399,3414
0.266,4.82096098213941,0.127665621215999,0.0946892321073696,1198.43646158202,1526.49418569134,3415
0.4605,8.19154542460375,0.0561089532944638,0.0399497153019856,5422.20021527774,6358.25818720795,3416
0.3165,4.86449217611646,0.0411011492673671,0.0394653128677393,4412.53119564117,3662.7105545255,3417
0.278,5.12116367937445,0.0332318584370217,0.0284808715022025,5706.47831722005,5282.73266959446,3418
0.3535,3.29523882852468,0.0684495756876116,0.0614254310385809,1770.61936801591,1610.00955145621,3419
0.46,7.02050926284011,0.0159651698262186,0.00877713761595132,16196.272894121,22421.1974895662,3420
0.34,2.31590352412672,0.109098489418251,0.0646675054816436,709.325809157615,1062.50512610324,3421
0.3395,3.03393921763172,0.016598907629856,0.00964364550697582,6524.03592701303,8449.13564841233,3422
0.273,1.86236599720348,0.0227911105438408,0.00789039797918094,2868.22809204158,5860.76415170142,3423
0.4395,6.76783634661006,0.0342888764036629,0.0317889982648971,7477.294137802,6446.03897049088,3424
0.4465,4.8265431995982,0.0103233894074956,0.00544032803198249,16601.7622492823,23198.3689245604,3425
0.151,2.45369209778717,0.0493878824336638,0.0441877721433131,1790.81830017003,1586.05154265333,3426
0.222,4.48200454986811,0.0455310074661709,0.0388159576578659,3610.83206160563,3380.84483180904,3427
0.282,5.34728964803665,0.0902448025873944,0.0845475564476802,2155.54280420644,1862.41477966506,3428
0.4285,6.4173283272033,0.0771222773107886,0.070109163137391,3131.93107353611,2784.77623355192,3429
0.344,4.17819306707302,0.0619285085151214,0.0547585673665076,2510.20886643359,2298.67581372989,3430
0.185,2.4203620682626,0.0195746987260217,0.0176162077415045,4221.9934495434,3698.38244851885,3431
0.3515,3.28893367714538,0.0129608029689978,0.00728582219174904,8777.44199092532,11540.961357079,3432
0.3075,3.67944165528451,0.0227339236229782,0.0200126278612432,5916.40439253407,5336.96439688327,3433
0.4345,6.56067336508506,0.0269830401423213,0.0243855761877567,9151.60582879105,8083.92845805177,3434
0.442,4.36774010091795,0.0211926916318835,0.0170412309673507,7721.9906347742,7586.99800165073,3435
0.3575,4.41203782673231,0.00864380777768298,0.0070844610002978,17542.9712212904,16492.1225073905,3436
0.1065,2.70405229402871,0.0558504916880574,0.0456490939213173,1640.54338740758,1585.23525237146,3437
0.4585,10.1705077361315,0.0460401496674425,0.0382187490419223,8373.63528483765,8240.91501343123,3438
0.282,2.19714887863888,0.0475405553944845,0.0225300533102409,1630.12932087527,2810.10489720763,3439
0.3115,4.18711225048576,0.0381856199143594,0.0363779348729959,3994.71513287232,3358.04188519748,3440
0.337,4.62801347252795,0.0168690054825486,0.0120282784698602,10043.3513629416,10951.7554991233,3441
0.3345,2.1703695091938,0.0104437763083964,0.00903611900941689,7031.33411622235,6338.66388092348,3442
0.4525,5.67589830900205,0.0447605294712381,0.0400580182765512,4828.69812433656,4340.50867288226,3443
0.445,7.68219274524472,0.0192699888061082,0.0178434004169776,14904.8653785982,12779.5807698205,3444
0.4025,7.11039011637459,0.0557972031566726,0.0429463528601605,4733.51689894651,5040.16027645337,3445
0.459,6.34347013141474,0.0456787544979153,0.0407589485122596,5250.59352393824,4753.17588157179,3446
0.1965,1.99959109769606,0.0767905047143163,0.06259582006112,946.530459106393,937.243088699705,3447
0.352,5.97925130725072,0.0383171036547975,0.0363447253703537,5901.73138950965,4980.1954090415,3448
0.4035,4.06587437545754,0.0111035865792663,0.00772221467728688,12952.7643647999,14165.5640974401,3449
0.3125,4.93749030709975,0.0295778833155247,0.0231949876949549,6099.61990623873,6111.89229605869,3450
0.184,5.12725958765763,0.0374858475053622,0.0364403031180878,5158.80022203118,4230.2770295921,3451
0.4075,3.4713677880405,0.00905192178029758,0.00754623396663298,13207.4294583825,12320.8263834034,3452
0.229,2.89292306309334,0.0453543946013076,0.0286464341705359,2250.9915707922,2860.85671994369,3453
0.3955,4.65246121810938,0.0537994492232473,0.0453741660554511,3235.46893658095,3108.25896217404,3454
0.4375,8.0177882888728,0.0481863870027633,0.0350204467149807,6253.68340130964,7017.40188119902,3455
0.4185,7.19568944327106,0.0211712902399582,0.016550648573442,12688.9534465991,12841.1525834966,3456
0.43,6.91512953012083,0.0298622094200333,0.028356607725718,8729.66130334133,7343.20731189609,3457
0.389,7.7123121027434,0.0506781814846025,0.0430155878551482,5730.34823846455,5510.28282388382,3458
0.3185,5.35284990016146,0.0693180265990155,0.0619664248941352,2846.99133275659,2607.87386646135,3459
0.444,8.18830319353854,0.0340210854906071,0.0251133903879443,9072.36293237361,9921.14486699637,3460
0.457,7.55408637704443,0.0473481882103206,0.0440031781100783,6079.80149064395,5225.06808521144,3461
0.1925,3.40697163424588,0.0946788976184912,0.0911658844087829,1301.58189714259,1096.52395869223,3462
0.353,4.27568472269852,0.016626983417834,0.0142741326384122,9352.40971331317,8618.4347677101,3463
0.4705,7.32273756151247,0.033284650488258,0.0266067092551319,8361.17396405093,8343.93274309512,3464
0.399,5.03318908104236,0.0213565066412417,0.0169356588682917,8621.66410554758,8593.70535373179,3465
0.482,6.62916751218804,0.0228803161977578,0.0191929005011185,10952.292322797,10382.6955932776,3466
0.242,4.46533745228762,0.0355721010410565,0.0322611284152184,4646.49606360331,4112.88578718974,3467
0.1755,3.94702040399853,0.0641014996833729,0.0594624243602175,2239.03297770558,1948.40831638006,3468
0.455,5.11110189916572,0.00983160455804575,0.00771625596429699,18559.3962638417,18368.0539043621,3469
0.4345,7.28738651287809,0.0154951832289705,0.0124460137570578,17340.2960773908,16937.5386871705,3470
0.251,3.77954197649776,0.0763264825634643,0.0646916628238309,1780.98697482875,1757.03521427754,3471
0.428,4.9121783467432,0.0123670674282224,0.00513609537310642,14182.4814198028,24505.9519335716,3472
0.4765,9.15643178387664,0.0218411108662476,0.0153425472239829,15818.0999512167,17703.8989277798,3473
0.191,4.23761194070404,0.0532194656958048,0.0511194050829667,2853.90916158335,2367.12973237417,3474
0.288,2.42879816448486,0.022425317384163,0.0202016298867128,3908.24676852495,3421.86163918269,3475
0.4575,6.09891514431362,0.0537604360226095,0.0430011655005766,4237.74352765491,4333.78076625374,3476
0.2265,4.48213459716342,0.0684842907414036,0.0613413875166382,2379.00924242372,2164.80694935067,3477
0.3545,5.01797193038543,0.0151447522016468,0.0114008821169232,12110.7022434022,12631.9659967834,3478
0.3835,6.662780219855,0.0383280724981722,0.038533385130334,6478.22658960445,5140.98360083095,3479
0.4455,9.4817889496119,0.0436931980969791,0.0387186394996602,8221.16191021032,7406.3603026537,3480
0.3135,4.00545117181602,0.0279919358384841,0.0262783406047854,5417.3231578687,4604.35732859852,3481
0.2305,4.74210400004738,0.0202087354953203,0.017970164761539,8340.53540329289,7458.18813598725,3482
0.3235,3.34357015298156,0.10474613851687,0.0712654275563746,1070.3449398299,1415.39875270474,3483
0.233,2.77919245232841,0.114881633926196,0.0771811665488653,805.831756757092,1070.92075603823,3484
0.1495,3.64471995126818,0.0911786320806186,0.0840362879340246,1470.51137010027,1291.92066470272,3485
0.2965,2.10238206123212,0.020775194071472,0.0149607504886503,3589.96657053337,3875.61897262809,3486
0.136,2.37062874086968,0.108101106147589,0.101841073534921,781.31039147688,675.067765085253,3487
0.308,4.18530499998691,0.0313627912511314,0.0209622613956662,4865.26699851218,5765.02029135513,3488
0.263,4.61293837062597,0.071037655485259,0.0609672173621667,2341.53844965897,2263.82148239146,3489
0.2805,4.60385424462557,0.0307697198221616,0.0288023595458923,5448.71193357087,4664.2827348216,3490
0.2265,3.71040640487635,0.071325741932606,0.0641191698136038,1837.77567572792,1680.04905807556,3491
0.237,5.65399688757713,0.0335129167415958,0.0311755753131888,6203.19045495708,5373.3406735404,3492
0.429,4.51255228097757,0.0992545078224524,0.08126866016386,1650.77492713351,1707.51229098046,3493
0.1385,3.14149513498436,0.0286012696960557,0.0233671846466098,3796.10992495627,3628.39864787828,3494
0.396,2.86563299062422,0.0131925226148243,0.0102480986047178,7659.83939581366,7689.01488304269,3495
0.185,2.17772007734891,0.0903910072194973,0.0788193413776862,872.792568818043,816.051680044565,3496
0.1515,2.44460806190087,0.0673840688988249,0.0613194299123486,1284.13183568306,1114.64934041324,3497
0.3215,3.53411661544107,0.0130080889700919,0.00969881989579117,9368.83868590408,9571.85980709381,3498
0.468,10.1285388621261,0.0257891710831101,0.022517545863229,14916.3450566493,13572.6314044479,3499
0.441,6.89638227799479,0.0324547141346572,0.0278043604946293,8002.07527023133,7416.16187728578,3500
0.3625,5.51293388675947,0.0277812356561891,0.0214793969397038,7348.46169015187,7595.29646337684,3501
0.4155,6.87432382544174,0.0442971918683565,0.0341489796372057,5784.19466142414,6161.15261087555,3502
0.2135,3.15170455936254,0.0442204747142431,0.0417649679393124,2643.89567234082,2245.88643850659,3503
0.3675,4.6580284273015,0.0409523910841692,0.0326227740144953,4276.68806431158,4381.43657091129,3504
0.234,2.61542990554199,0.113242849587536,0.102665821816342,842.077669762976,761.568127150205,3505
0.3315,3.41528454225341,0.00962600603464571,0.0059575657323829,12004.9722198602,14129.5377438625,3506
0.3295,4.93647882878374,0.0563466414584635,0.0387482492947401,3125.56564322204,3815.00307012412,3507
0.1605,2.75547564239732,0.0926882318383447,0.0890769660330716,1059.59149132092,890.676114746959,3508
0.1395,1.40280749620458,0.056507920991863,0.0197632860733484,850.453178395321,1815.39659229617,3509
0.3765,5.04779222894862,0.0256327348076018,0.0221425354408394,7310.23633810264,6759.61935047108,3510
0.2775,3.07098686891593,0.0678525202162729,0.0623807251088135,1656.38905926771,1441.23761823988,3511
0.1135,3.02067970153014,0.079356465865503,0.0762162108928603,1367.27746338904,1142.78875660274,3512
0.45,7.53519928135933,0.0328879787699498,0.0301681180211215,8660.94811425796,7574.12652924389,3513
0.169,2.31085914405545,0.10384237803521,0.0937475282269665,828.124190658225,743.311548072158,3514
0.4525,7.74092683223092,0.0117169266731585,0.00790666567457579,24043.1634495368,27421.4325409258,3515
0.4315,6.67670614532516,0.0201509862209154,0.0116329135761416,12305.1695399516,16583.2799770147,3516
0.4065,5.58395750464997,0.0231053286938415,0.0177426224845781,9031.78220787323,9324.05894795263,3517
0.443,6.21885116375137,0.0597347866167657,0.0425768500294798,3787.2154113688,4479.33382116503,3518
0.331,3.80626953420507,0.0184375037026437,0.0165369877879664,7437.98724616333,6576.01434103579,3519
0.2095,3.4215276129035,0.0380121194546382,0.0359407909771451,3216.33768015478,2717.80961261789,3520
0.3655,2.84990546639629,0.00903858961686084,0.00812874142948503,10502.7556925709,9153.46205247459,3521
0.199,2.28409118030527,0.112859038726681,0.0853376352324554,697.913635246176,778.612493227289,3522
0.3885,4.57122515285811,0.0114135620855293,0.00759993064323327,14039.746057224,15995.0801125614,3523
0.3455,2.17039106493614,0.0285385563213617,0.0182567374881324,2733.34441552221,3337.64786977117,3524
0.293,4.15218627806338,0.018640544383296,0.0160506043833384,7893.2603295387,7286.74131826181,3525
0.2575,5.31261492813441,0.0565970181618822,0.049313164047811,3458.20554308967,3207.36641213302,3526
0.3245,3.99656537723131,0.0416730259385755,0.0382432802127501,3552.13871956736,3067.62493439633,3527
0.1745,4.01015871903027,0.0531090092362467,0.049032969149551,2773.62576711257,2400.08092574394,3528
0.2125,1.74705939057175,0.0346344034662474,0.0213392180959907,1794.22653966396,2249.59976969765,3529
0.2265,4.16069505335279,0.0799909054884281,0.0656044834118824,1828.25016267745,1924.43842325998,3530
0.442,3.65447415251991,0.0202696756273096,0.0173117701615788,6664.54320964959,6190.58026395459,3531
0.198,2.99940464192668,0.124972530100292,0.094423520655091,816.336384468315,933.10952166621,3532
0.279,2.98148471803369,0.0273599934537495,0.0212061647606956,3941.8162056479,3993.35293612463,3533
0.365,2.74182628280877,0.0225329026508216,0.0185849781028157,4510.60480084853,4338.16390770719,3534
0.464,6.66151638813049,0.0757686987256295,0.0580753689837718,3238.26291207462,3487.01262316947,3535
0.233,4.41387669880098,0.0456823114472583,0.0326506447808341,3475.63047398084,3918.0022226047,3536
0.4245,4.69278414409712,0.0143960015510967,0.00774633654547431,11893.5108262526,16628.8310589224,3537
0.3535,2.22213824592908,0.0166419469455076,0.0122079438849167,4744.0620544451,5053.52110634689,3538
0.179,3.88026833823371,0.0607647434780898,0.0550630697827038,2403.06675317168,2133.6899741309,3539
0.4165,5.57103971006987,0.0242980339768598,0.00626514805650909,8269.37285234891,23671.4324562869,3540
0.2275,4.10637842655618,0.119187143321028,0.107449132421033,1216.09566827492,1129.51908456941,3541
0.43,5.83717537318205,0.0296005110571833,0.0237711334545666,7431.55047143654,7362.11413885338,3542
0.4055,3.30509908795671,0.0145228487598223,0.0125409104582834,8191.33969672362,7452.45594425436,3543
0.179,4.2757655783304,0.152924670940434,0.142960575725567,972.320574290602,884.840088065551,3544
0.4175,4.79344307377463,0.00902398097521608,0.00755406389950918,18553.0718347395,17334.5047170306,3545
0.237,4.61203255491152,0.0315983897972528,0.0246114460361942,5321.97132225767,5407.61410263408,3546
0.319,3.48926747914711,0.0205695694924507,0.00792873870612032,6027.62132002962,11410.1080434252,3547
0.424,8.34108509930573,0.0789702553414738,0.0590347562292247,3771.75932658692,4398.7088981552,3548
0.339,4.30528615517164,0.0384105382886727,0.0337439832532785,4199.15549281549,3819.66142450544,3549
0.2605,3.33527534839365,0.0207554808826763,0.00977226840011637,5601.68544191775,8802.32361808023,3550
0.305,4.84291360231731,0.0193928606685948,0.0180645091044636,9070.04568797463,7745.22353198417,3551
0.3715,2.7407062264922,0.015292175850687,0.0128242076000937,6381.13769392661,5957.34809002362,3552
0.3,2.7434873397307,0.024628052053882,0.0133626392926224,3930.67785021652,5614.07867520214,3553
0.3335,4.83766263652402,0.0322886038549876,0.0291053109078723,5644.91918280946,5018.14083866223,3554
0.359,2.30153912082459,0.00921408078756433,0.00513194856929491,8348.15112946715,10824.4077656389,3555
0.398,4.51081345980521,0.0484279520482922,0.0432818425030754,3497.40772635628,3171.88380782701,3556
0.244,2.4992273142305,0.109403653899964,0.0934985515020248,812.904533078964,782.675631886336,3557
0.4825,10.9107003212126,0.0230043425396184,0.0119347069938615,17748.1707502244,26922.9862843686,3558
0.1695,3.03243466727589,0.0789506187491139,0.0659925758525975,1353.64242980923,1330.097187529,3559
0.387,4.80155299281752,0.0101532629380836,0.00659830610666608,16498.6777703405,18984.0850326582,3560
0.3595,5.33099939525349,0.0407188261566135,0.0294742269134867,4832.67348346447,5371.09982403546,3561
0.41,6.17810870044124,0.0178834604149221,0.0156743035371534,12772.9900009881,11518.9487821024,3562
0.4705,7.25678527655807,0.0148078639740294,0.0130411508251478,18184.8325945307,16377.2384960062,3563
0.4385,5.44110173615703,0.0273853739892516,0.022595538156655,7416.04024804722,7190.94796736615,3564
0.312,4.6555636111524,0.015131612686005,0.0130027135828794,11037.6793581667,10049.9103776591,3565
0.1155,2.92810136488228,0.0493037228968482,0.0472645142726311,2026.91988892652,1692.02921627835,3566
0.273,3.75818007942041,0.0668173728239946,0.0603221729194158,2057.74175999698,1869.2896262816,3567
0.267,4.6056308902858,0.0481046413568669,0.0398144987226828,3495.07530602661,3439.65320087416,3568
0.189,2.3642165958838,0.0172176933501207,0.0146727117045148,4625.56828676333,4203.87599718286,3569
0.4565,8.15554497493859,0.0211122510345537,0.019896737986842,14515.7645573282,12295.6326915655,3570
0.44,5.33645214023384,0.011617236514106,0.00665897528165331,16366.9004027596,21443.3630329984,3571
0.459,8.26833188184237,0.0519515523579074,0.0263494085519739,5720.14186655709,9577.97674111706,3572
0.3055,4.96854137639685,0.0397481176424232,0.034143925508068,4648.10916359519,4348.40919003857,3573
0.2085,2.58718256427653,0.0679789143455652,0.049776071850851,1398.65334964486,1574.71344615813,3574
0.332,4.37891302118202,0.0124180146760736,0.00726855603162626,12312.2634311099,15634.4805299127,3575
0.4355,3.75077353025596,0.00976657782775085,0.0064547734587479,13464.3923985291,15477.5187200221,3576
0.404,3.07601932035311,0.011315989914772,0.00956533304667727,9505.83977531691,8835.57875417003,3577
0.4795,10.6755160561681,0.0327516909342144,0.0312354098612199,12428.8435471656,10385.7564729381,3578
0.3675,6.6811718753689,0.0318150184401866,0.0309914388479443,7861.26240566195,6453.13008116444,3579
0.167,3.91523285590054,0.0681318016993609,0.0658233202297986,2104.80416086111,1747.17998676491,3580
0.4275,3.66227012767807,0.0120323636838716,0.0106405718343308,10891.2333735504,9699.72190393415,3581
0.345,4.50139403176218,0.0835986865071193,0.0518273162631405,1854.31836207047,2627.71624339013,3582
0.3165,3.20279842458562,0.0847556712736612,0.0767861407419548,1390.89849587368,1248.65410613264,3583
0.366,4.89328327943392,0.0287297180641954,0.0270951378494985,6414.63879887856,5445.11626359909,3584
0.2975,3.10319786439535,0.0313146895690344,0.0166891500488464,3526.8859682781,5204.41058162219,3585
0.334,3.56797480662923,0.0268603772028468,0.0193147997015211,4869.5827593252,5356.82003796975,3586
0.3145,3.69250742840646,0.109292790191129,0.0796823919225088,1098.9981068948,1404.7887028106,3587
0.374,5.57994316913483,0.0638566320324744,0.0616210304583401,3318.82452316329,2753.95910174493,3588
0.398,4.59722112743826,0.0283437074252953,0.0258495969951621,6053.75195594843,5279.56939666598,3589
0.2895,4.05419420544862,0.0281482928493533,0.0238343752125917,5339.2837361026,5022.9569270372,3590
0.3175,4.43268155455125,0.0210377867722458,0.0127430007881498,7573.50858154883,9671.21370562353,3591
0.4755,11.5488853795724,0.0458158118123054,0.0284702375128919,9418.11008633366,12347.7149637725,3592
0.3595,4.89119393832929,0.0377736702994179,0.035173435797296,4839.66978093891,4138.90900579908,3593
0.4095,4.90269786735984,0.0161441119305394,0.0144634490560217,10986.4363393577,9713.29666454726,3594
0.364,4.78007750590765,0.017440134522023,0.0126630678095243,9983.0858602451,10709.5364225094,3595
0.346,3.40708320505801,0.0526693299146734,0.0451262009823244,2401.42874415062,2262.2089238248,3596
0.2685,4.53768613520697,0.0237165633174344,0.0185033234677561,6898.17657713048,6987.97356936721,3597
0.3035,4.42848275632556,0.0692582682435477,0.0589277587904648,2288.79935068252,2248.54647985224,3598
0.465,10.1273128398781,0.0119012237519667,0.00882385188656936,31259.7278829058,32816.1247928944,3599
0.1975,3.86020629503642,0.0338732853633698,0.0316002801296237,4053.74414283641,3450.4608359908,3600
0.4605,10.5659890259997,0.130758191406873,0.0680014174772456,1967.37167340299,4867.86949498545,3601
0.2425,3.98692794591075,0.0318752214878008,0.0256066895223753,4510.20391300843,4461.8550086937,3602
0.1655,3.59675268275431,0.041070594075624,0.0368041407244468,3099.97383671718,2756.30920012084,3603
0.4255,6.97705649719416,0.029281184209902,0.0233385963426111,8996.20767553452,9005.24597326585,3604
0.468,8.34521738486927,0.0391162158281517,0.0360346850925201,8197.48960250833,7127.60366296051,3605
0.449,6.9272797599814,0.0258703262304641,0.0228660030957746,10127.235477544,9152.73036917736,3606
0.275,4.97452807192664,0.0377614295529065,0.0278676487017887,4759.78231621699,5186.80471760739,3607
0.318,3.18684725829357,0.0161696304714248,0.0147174861161456,6901.71535349097,5971.15029751367,3608
0.41,6.05169197567706,0.0486503317050778,0.0433796653824724,4721.63584262613,4261.72399916315,3609
0.3005,4.34931492956382,0.025779493156743,0.0244046670654948,6163.78463341593,5172.04253357793,3610
0.25,3.23865731642434,0.0135775344775392,0.0094639397883791,8135.5056209711,8710.16120742225,3611
0.4655,7.80443309997269,0.0801688826273082,0.0477717251625238,3302.75256645653,5066.30713641321,3612
0.3395,2.20323894626655,0.0116178583253406,0.00863206988791918,6464.87922083598,6645.34704213042,3613
0.363,6.45283674626993,0.0294659328341303,0.0278108224514936,8264.27753014922,6994.77384263266,3614
0.361,4.67458615577292,0.00973128118359722,0.00763158050403416,16494.5296031538,16237.8015702334,3615
0.212,2.49658654130699,0.0201706098100614,0.0176316067269836,4317.52020869782,3863.51789249708,3616
0.267,4.2244995794639,0.0329977156571224,0.02985872141626,4772.6513961764,4204.53052665429,3617
0.437,5.09100401724911,0.0107098381857846,0.00722163712744263,16915.0824747161,19037.0797423516,3618
0.3865,4.19281669208763,0.0489414945522596,0.0395915973598335,3173.14661080591,3230.44765285926,3619
0.4155,3.96806966525244,0.0735011947503092,0.0452705709711358,1917.14968320744,2659.86277493028,3620
0.475,12.3699535057341,0.0382370943618132,0.0287637178617301,12297.6617011912,13189.7557656275,3621
0.457,6.46253801626494,0.014397947421813,0.00974973059382621,16604.8080137429,18980.7147256391,3622
0.261,3.86824203500839,0.0170341302242656,0.0142621432232281,7992.97560061284,7521.58624642608,3623
0.39,6.49225177294928,0.0680770481426118,0.0579233237380537,3538.58728339955,3442.65435206903,3624
0.401,4.39357091246893,0.00882246543956224,0.00718796709362928,17266.3939943586,16423.1757024003,3625
0.4015,4.27772164175064,0.00742637686966989,0.00526685825835916,19202.5502960451,20392.8703223308,3626
0.3675,3.88492680426526,0.0554634247457992,0.0474091260674124,2611.97888532188,2490.59594969185,3627
0.46,8.13446351585255,0.0397030974567169,0.0356769978744875,7814.40952955675,6931.0589429352,3628
0.404,5.79477882438991,0.0138957939610189,0.0126665543323315,15115.0228541585,13130.0441555528,3629
0.1725,3.48890769539908,0.047097715642909,0.0378419292040671,2616.30571056435,2630.92393734061,3630
0.398,5.93926201977298,0.0270642294106922,0.0198682621235897,8175.19811637629,8810.26417755594,3631
0.1945,3.6160030360058,0.0269148615806153,0.0215501001750282,4847.64414215205,4733.08516205833,3632
0.1885,4.08556982444154,0.02618337083867,0.0248036637796048,5652.52530088706,4765.0683486131,3633
0.307,3.63365465215778,0.0933563200312737,0.061029680202611,1219.23479078958,1802.6509332312,3634
0.1955,2.68466362556806,0.0687750790547932,0.0580715799397679,1419.55001613549,1362.82183764579,3635
0.293,4.44198761673644,0.0350986971094372,0.0326211213378104,4696.58758397711,4062.76140154238,3636
0.2775,5.15897858664608,0.0189748902144438,0.0177435884434156,9875.5056592751,8386.88596730289,3637
0.3055,5.19197630531377,0.0310970345293742,0.0290993508092109,6266.57688072362,5369.0309731007,3638
0.3875,5.60226733746118,0.0124401298026369,0.00967635546339633,15952.6566422085,15964.1102283818,3639
0.1225,3.23792621612413,0.0393371111310443,0.0370917863979446,2760.16350341045,2329.0304595735,3640
0.302,4.10945845275741,0.0165676714603369,0.0119140823533675,8785.89983876509,9491.64243273487,3641
0.443,5.68258169436648,0.0152583149409354,0.0093443472457718,13513.5572349827,17023.3773013568,3642
0.3815,4.52313734457805,0.0471153768278097,0.03959756590942,3575.64214479503,3477.63583765579,3643
0.295,3.11026840737733,0.0694460759860063,0.0593872025647581,1602.70644658491,1533.87479943012,3644
0.3755,3.78364726696007,0.00858164069025318,0.00771377977288565,14850.4280909248,12974.094244096,3645
0.417,5.89962435481441,0.0755396154270492,0.0667279778755033,2912.39562528644,2711.88468341648,3646
0.281,3.00098973094931,0.0331565377944492,0.0313687267555901,3325.06467152398,2803.74528421447,3647
0.4355,4.90541004578092,0.0232545404953272,0.0193242071965338,7907.85439442298,7560.78490856597,3648
0.4685,15.3441702239823,0.0451783214787808,0.0361957255519172,12940.2828855856,12998.3314410613,3649
0.2795,4.42339510804484,0.0343942393213088,0.0180077686821408,4552.9040411713,7080.48604204911,3650
0.391,4.21045385523372,0.017874468112991,0.0153387733837327,8506.82203507871,7850.57982673375,3651
0.3605,2.97005363302785,0.0443391430192977,0.0412918572930134,2496.55053942774,2157.15740652113,3652
0.4055,3.77904340664441,0.0227653334641657,0.0206808805501656,6140.35020722135,5394.52144829442,3653
0.441,4.50150604267311,0.0238557878420517,0.0191935948601254,7063.97509493302,6974.34570701375,3654
0.399,4.98184722452096,0.0158516464835355,0.00946453746438712,11349.4110647099,14588.2646970022,3655
0.244,4.01480161025999,0.0525903335909062,0.0478091070970872,2803.61026226716,2495.93582685546,3656
0.383,5.54933276363316,0.0611026342685253,0.0448836176070834,3203.30247910965,3768.49940080167,3657
0.281,2.7172639551244,0.0663782657877124,0.0607148393030539,1485.09581954869,1316.11757160477,3658
0.4415,5.43763177660231,0.0402397965912427,0.0347204431249393,5072.87586072301,4737.75199407108,3659
0.2055,2.40646247652024,0.0977705339534572,0.0848988392809108,869.480310997223,816.235223876047,3660
0.275,3.85374511120859,0.063540103888787,0.0542513344209453,2188.41577760438,2114.77913270611,3661
0.2935,3.2489653703366,0.0177732679480953,0.0121332702672193,6403.16848672874,7226.59357087647,3662
0.3695,4.36444470451368,0.0398348831082496,0.0228882450920524,3965.88204176596,5663.54905872453,3663
0.4615,5.38471462496112,0.00863510623145805,0.00614575815300848,21708.1471508488,23238.2799701115,3664
0.2305,3.18802471350599,0.0842274591095898,0.0696075114089444,1325.85119258304,1370.97085430159,3665
0.212,3.35566174549227,0.0335692037725009,0.0268766110168213,3586.6376866094,3529.5152218538,3666
0.3835,3.51591215458122,0.0100046801557973,0.00781747019195521,12202.3476986671,12063.5356647984,3667
0.1795,3.26106474370259,0.176287069931959,0.146487926513962,601.065058623951,650.272273634187,3668
0.4625,10.5445588405284,0.0266042376166924,0.0194210592240153,14952.5061889682,16183.0217134341,3669
0.3625,3.81492702097983,0.0187613748572502,0.0168970315382208,7428.27790883932,6546.49300331802,3670
0.4595,5.49489248273773,0.0160554396645484,0.00680622711025746,12580.5532589049,22024.6927516532,3671
0.2345,3.34716521971212,0.0970912793615952,0.0779555674876806,1168.93267368217,1274.66773374853,3672
0.2515,4.2755834620651,0.0202196299288316,0.0186400221513066,7718.83600434435,6646.76361979765,3673
0.209,3.02973151866473,0.0832885848629467,0.0697934191913627,1243.55438438829,1273.53852816113,3674
0.424,5.25951937446342,0.0277912496785698,0.0088577874012073,6833.98510668227,16685.0125704588,3675
0.4055,5.88998322206986,0.0489194990561413,0.0442052275230202,4568.54149930774,4081.84964298796,3676
0.347,5.09831051091425,0.0577337486694413,0.0472257391838018,3272.9438488538,3253.48763417756,3677
0.2485,4.97720545552559,0.0306415711327127,0.0247237382715834,5868.63531034899,5788.56708765924,3678
0.402,5.28287033436959,0.0534791600298735,0.0334450522362235,3628.7956453957,4814.25960840701,3679
0.4465,6.62435315117997,0.0114603155765923,0.00999704304279704,20962.7711231784,18975.1080083932,3680
0.418,3.2367639802739,0.022389459829199,0.0198861018777785,5341.73192302372,4769.3170670091,3681
0.45,12.8345132356425,0.0287742805876376,0.0251414244803084,16935.4162249021,15349.7544948219,3682
0.2795,4.36980566803161,0.0237535354792344,0.0203041710916243,6793.06376098452,6304.93511630985,3683
0.4665,9.90209709406287,0.0248474449702027,0.0198872477125022,15046.725965561,14926.6546637127,3684
0.464,11.3951732349825,0.0411257886097436,0.022736272724621,10248.9527120129,15035.2157751097,3685
0.366,4.90476957161617,0.0339948492171847,0.0319073622578062,5398.26726079664,4601.58438644586,3686
0.2515,4.65214986911283,0.0459660973078351,0.0409155227448615,3692.89753322215,3364.74452711455,3687
0.3515,5.10396814592716,0.0167911222147196,0.01449854769468,10954.8167559009,9964.51077163594,3688
0.226,3.5763958208736,0.0484814978405506,0.0450861614905575,2688.30586727989,2342.48700383351,3689
0.316,4.80392659603564,0.0131421839309189,0.0082513277140682,12647.6166807152,15161.0298400593,3690
0.331,2.9691470618495,0.126907769688142,0.100833109376737,808.91062304425,892.036331619874,3691
0.3435,3.39672055865046,0.00968538852027553,0.00885152237095062,11919.2708843814,10257.271296886,3692
0.386,2.92618502997086,0.00818107427056972,0.006535971284112,12121.7969353151,11665.7558943403,3693
0.2415,2.63484653837369,0.0315171421098229,0.0284154009103352,3011.97398329115,2640.61002272727,3694
0.4315,5.18735384896659,0.0115340245991329,0.00846160191374249,16024.0130458596,16838.2683107446,3695
0.4795,6.24677099448995,0.016192233529015,0.0123655457329811,14364.5313951339,14814.7565146961,3696
0.3125,4.50589724783363,0.0360726478364753,0.0316540431286459,4684.75697494549,4291.74849235586,3697
0.468,9.50983503523745,0.0818323330454884,0.0635953554563771,4259.06624676131,4670.71225777336,3698
0.265,2.5212981962751,0.0142924352314494,0.0120931097173198,5947.13076454592,5461.98273541466,3699
0.4415,4.49733007234364,0.0236976848098825,0.0198000798264958,7085.53156311196,6766.48620214519,3700
0.312,5.31041333956517,0.0427739968490318,0.0345862258152536,4565.15712239152,4546.02292702971,3701
0.283,3.32663134590992,0.0747324389027257,0.0544541293504157,1599.44374887581,1812.59995848688,3702
0.238,3.0553154793073,0.111210572633956,0.0802734971491461,855.871472035817,1137.88399901543,3703
0.3245,4.24833502121284,0.0282491829177876,0.0261297754077899,5602.40625914883,4835.513380473,3704
0.4375,8.08905174951192,0.0312915596742115,0.0269124718761296,9777.5898171618,9061.25536198299,3705
0.4525,9.20206381366201,0.0350089595924392,0.0331337082320005,10049.8108843022,8492.62581371759,3706
0.4455,6.19804253802745,0.0203023607423142,0.0175356271035396,11359.9425631367,10393.567023779,3707
0.3075,1.82555521699776,0.0147275194416275,0.0131628694422006,4255.56458815062,3751.97085090617,3708
0.3555,4.52267552192553,0.0370742224594532,0.0239220547576737,4468.49914144723,5567.72919423772,3709
0.176,1.62055097060823,0.0228250975535083,0.0159832791994597,2344.63027513329,2545.55236258438,3710
0.248,3.11126077758694,0.054675840643227,0.0482155278006929,2069.39046182646,1891.47790368879,3711
0.2525,4.49652276675428,0.0263617409673166,0.0184953617688731,6065.1735427122,6765.2239380348,3712
0.3655,7.63347979613906,0.0327933885188926,0.0326632518336785,8778.78042710419,7022.06269583762,3713
0.201,2.06107952014866,0.0227428348713994,0.0140284579597715,3093.75283248948,3759.25168955962,3714
0.416,5.59255668243586,0.0577050666444597,0.0485422835420202,3595.06879987082,3531.63680322996,3715
0.1675,2.89734217786804,0.0771767733662834,0.0626010818091637,1348.87978050283,1344.95350906616,3716
0.2715,3.96937038239331,0.0339454462118839,0.0291172054007259,4343.14637319293,4037.75721273567,3717
0.331,3.82058709349501,0.032323302589435,0.0246152601978428,4329.18581499593,4528.49088030433,3718
0.37,4.99416618806846,0.070185614804294,0.0528428900899531,2560.85795283365,2908.67249754312,3719
0.291,5.37139074865331,0.0235161310726669,0.0157426203125912,8351.6751893358,9753.2951313588,3720
0.206,2.79414137068499,0.0902080244991637,0.0832001942144245,1126.27578922237,990.919178908134,3721
0.265,3.60868801856088,0.0241818502891861,0.0159332577899168,5298.04447210419,6218.38354200516,3722
0.39,2.81341695751072,0.0152295379613043,0.0109001251834954,6529.94887722818,7072.72047057088,3723
0.2625,1.61054605787514,0.0178781008095866,0.0103096580167035,3094.96917680505,3976.62170915452,3724
0.413,4.79831066417872,0.0148590056377046,0.00878986769038996,11713.5245207828,15194.6024707367,3725
0.3485,2.16568805874031,0.0131306170690069,0.00906532814529748,5743.77810664923,6323.00435501572,3726
0.2465,3.55189541851603,0.0331672595904796,0.0280254964269267,3840.16091968391,3640.52783395971,3727
0.294,1.99956682231726,0.00846646959395878,0.00738156569909586,7506.98461557886,6730.66124339094,3728
0.4625,12.5814172290562,0.102279753293168,0.0611735930190713,3704.85350394063,6398.67950564109,3729
0.4005,4.14938458146091,0.00718466397367086,0.00611708592812871,19275.971512317,17594.2069543109,3730
0.4435,3.97249532643642,0.00813843667383147,0.00664196432795282,16950.6676524904,16071.7545670243,3731
0.4525,9.42640547965881,0.0468733364142535,0.0312133864818219,7510.81607329,9210.11053996144,3732
0.459,8.4162288798366,0.0220136918123179,0.0183205682654226,14415.9069817916,13761.2826290505,3733
0.467,10.9410307955039,0.017531090217425,0.009670724785168,23351.181771077,32679.6738499581,3734
0.3135,5.12517920278526,0.048076802110543,0.0453978636461809,4009.78128441215,3396.90715463073,3735
0.348,4.22964542097975,0.079949321139741,0.0687639797473117,1922.88177898414,1839.83240624806,3736
0.206,5.04620149478963,0.035099292836135,0.0185017240095697,4984.62070677954,7464.64622278749,3737
0.3895,5.31202064819541,0.0738922340090211,0.0551784812749258,2579.04978450244,2961.72611368367,3738
0.3925,6.39461468636015,0.0467113385531489,0.0410622398508752,5164.32998255654,4771.33866454933,3739
0.375,2.68941191674902,0.00706327624641875,0.00557583645776673,12319.1235393505,11900.6655202085,3740
0.3545,3.02230247855553,0.010361024844144,0.00899340187015189,10064.6865386126,9067.10725812337,3741
0.452,11.979586289633,0.0413052575439557,0.0386010571214979,11166.4976592227,9537.35410103013,3742
0.385,4.23313267729374,0.0154379053449386,0.00980027268803618,9847.5675396167,11943.2908844275,3743
0.359,3.81562132240007,0.0334907841877974,0.0311193641597697,4221.22328307173,3644.99254702575,3744
0.419,5.52722570289419,0.0198398828245852,0.0185652714996454,10382.69781192,8838.93822578385,3745
0.3755,4.64907299572692,0.0331696055832266,0.0291356310918423,5263.37019931031,4802.75488535679,3746
0.382,4.29952711003931,0.0367804732873805,0.0319083161598446,4341.83011622411,4022.85212283228,3747
0.364,3.11656965895079,0.0637236009985216,0.0494918649444209,1808.71193322412,1898.02298360906,3748
0.465,11.9818850009087,0.0643147050660951,0.0556855186945724,7100.2760056546,6633.25897317646,3749
0.3145,4.99372673502214,0.0923788519310243,0.0628002813730354,1806.53819166378,2402.04532040932,3750
0.2405,3.75032644152541,0.0996996483808703,0.0817606379106784,1299.17910286778,1379.46574999875,3751
0.432,3.74111504183122,0.00720672517101108,0.00506811759280243,17561.8194767779,18786.0889359564,3752
0.4695,9.20218847697136,0.0451081133919026,0.039777079487294,7836.18314634891,7112.88418364545,3753
0.4315,6.28630072802332,0.0169723653833713,0.0144567772873222,13760.9551514641,12805.9395359908,3754
0.288,5.30700981297144,0.0269069010060981,0.0249749188371397,7248.84882356421,6219.00614608606,3755
0.429,3.01045986077074,0.00804815725315152,0.00686134438980268,12780.340971913,11724.6413334515,3756
0.448,7.78822508230889,0.0246179269332572,0.0189302874457749,11867.9429872021,12247.5436027521,3757
0.167,2.98817358873394,0.0497932392372426,0.0467519540657343,2214.48109403521,1878.52178769922,3758
0.422,3.20596558051659,0.00994196830190918,0.00708291795143049,11150.1914532577,11905.0151350409,3759
0.3,4.51646057173544,0.0199932207716423,0.0156876652523857,8067.90392354438,8041.82599099896,3760
0.335,3.93065476413311,0.0593214945604354,0.0495734164233776,2454.08214813358,2367.94154766491,3761
0.1355,2.57437397939983,0.0636786849335345,0.0582276869312812,1449.73534268883,1263.43734463829,3762
0.435,7.17628472727661,0.0468392779749214,0.0322974053448115,5631.02484234213,6778.98284475521,3763
0.2985,4.90132456435537,0.0474378401369236,0.0423670440769629,3878.81711917201,3505.33898957612,3764
0.384,2.30724868002123,0.00911566911031659,0.00847366138991108,8535.15188731374,7256.63030520855,3765
0.399,3.91542349507102,0.0120076845748423,0.00863976337574694,11631.255383204,12457.6293421794,3766
0.4155,5.93137101794609,0.0305332939351554,0.0276767186952692,7324.50784259585,6456.92673170585,3767
0.4295,5.07238197443391,0.0608404304881116,0.0497848468025172,3136.66904296527,3150.73054273672,3768
0.4445,15.6811440790742,0.0361067800146413,0.0318032122738251,16627.8171157103,15071.0582733641,3769
0.37,3.8787296289145,0.0624627605697593,0.0565653031595058,2307.23338018891,2068.22928833496,3770
0.178,3.4539067673503,0.142504022454133,0.123204466655227,804.262277619813,841.846108206269,3771
0.3985,4.60325900505733,0.0105682197335854,0.00924466326885062,15296.8547548285,13769.5940550208,3772
0.4485,6.88786119416328,0.0326933259987253,0.0209201113280349,7871.89093646012,9842.13204231143,3773
0.3295,4.59034531195646,0.0242930244507591,0.0216917106323375,6915.55355841892,6113.74931753929,3774
0.466,8.07365088692436,0.0119706375002236,0.0100521048983739,24620.7617802803,23128.0613661224,3775
0.406,4.30723327159045,0.0631838860476647,0.0449791437136714,2476.2788024834,2860.97624028289,3776
0.369,5.10838778688046,0.0199026769209471,0.0185586830822818,9366.34501711584,7950.09049066255,3777
0.372,5.23244169112746,0.0237345014081645,0.0220330829430588,8108.72974084921,6931.11140228337,3778
0.435,8.51611720900173,0.0711362433132125,0.0447189409629945,3858.15105847174,5905.98546096233,3779
0.256,5.95287590718427,0.0408020862012915,0.0264215799309084,5300.6329680094,6572.17009698265,3780
0.406,3.79950458465338,0.0129970475917018,0.00912119578891061,10437.5642247993,11422.2645270859,3781
0.2145,3.89292326765858,0.0851815733730953,0.0769662908501213,1637.297706898,1512.32769123056,3782
0.447,8.75720772609679,0.0431471444056383,0.0347789670093129,7733.02615932409,7795.77058757524,3783
0.3695,4.35925004981767,0.0312050057302159,0.0252259433053907,5186.93693992376,5087.36303882331,3784
0.488,11.2360013257306,0.0781080705103133,0.0614892498959049,5363.27431821329,5696.1142323641,3785
0.4405,9.63052441289594,0.032928942722804,0.0141066888319913,10690.8276015703,20119.6006775022,3786
0.435,6.26454763423168,0.0236250524840042,0.00707251417997008,9506.97130046539,24110.4439966384,3787
0.4445,4.95588116940212,0.0156787301120148,0.00789228084439354,11521.4122120661,17354.2401624755,3788
0.395,6.79835674015869,0.0452309335900896,0.0381759355398512,5627.03492616878,5451.18354066155,3789
0.342,5.8723016090843,0.0525047622117267,0.040152179009113,4078.01037341514,4369.07278631353,3790
0.3405,6.73016469544504,0.0326612308452866,0.0312723220117772,7827.92033434333,6551.71711460626,3791
0.4185,5.43938604051028,0.00830256309721833,0.00710689993746557,22687.2339675297,20695.7464019459,3792
0.385,4.83054292504668,0.0111707161493509,0.00870259583963181,15177.8210644667,15158.2850393119,3793
0.272,4.89245793287073,0.0173942553012901,0.0165962020217506,10063.3911702634,8366.94046767201,3794
0.3425,5.4451324143692,0.0157677287910837,0.0122323367245261,12524.0741690646,12588.9379998685,3795
0.43,6.43770565561074,0.0342896111018669,0.0246323371878614,7051.16002480423,7927.63769057778,3796
0.27,2.29734374626948,0.0149126632806863,0.0122610827986659,5262.81456889823,4962.02233868815,3797
0.3405,5.72513874968353,0.0435010637935513,0.0348746090768297,4824.59600067016,4918.07572885053,3798
0.319,5.88397785946882,0.0161045931845574,0.0144597823561951,12954.8104387969,11406.283775211,3799
0.383,4.56082163674415,0.0879727102296965,0.0675416317251087,1869.82479865056,2061.71405273986,3800
0.3845,3.37083590833837,0.0196334825766711,0.00870235071849876,6211.20007869078,10474.2628303379,3801
0.1565,2.80877792266838,0.0965580344836408,0.0842641722106582,1008.13992408268,959.227064410383,3802
0.3965,6.21388681145884,0.0605052363162111,0.0387719459980048,3687.39513209458,4902.79320139091,3803
0.428,5.14470116125089,0.0181253830783513,0.01663500445728,10524.6342093564,9132.28826510536,3804
0.301,4.95577522401008,0.0325345224825504,0.0306580080699207,5610.87830279448,4775.51239578135,3805
0.4295,6.99975479370591,0.0491549943843076,0.0331487354391897,5297.51075424139,6433.7612226944,3806
0.3425,2.22307472051481,0.0154432195402661,0.0130896450786974,5088.0134881921,4753.11996433852,3807
0.2135,4.69064402785968,0.0323934094868977,0.0249691825591254,5118.27085573419,5252.02634269059,3808
0.3625,4.48057261954844,0.0341702060840897,0.0298489950872222,4902.90362526493,4508.70426304215,3809
0.4275,5.51786702855127,0.0573910349636824,0.0482662348171994,3602.37195310148,3522.10761720101,3810
0.305,3.28873545338283,0.0116539820247211,0.00838127831408197,9662.64613663892,10188.1631182379,3811
0.1615,3.04519119358236,0.0453863347176844,0.0421451248313236,2413.75782284138,2074.59516052688,3812
0.4115,3.89068525306408,0.00883142799873005,0.00767790696451131,15117.3639890445,13582.9425982861,3813
0.3605,3.87334227628387,0.025178068846342,0.0237073999371699,5745.04946761186,4877.55369085899,3814
0.2895,4.09113708331669,0.105295197982666,0.0756958073996334,1274.13337355216,1643.00887599705,3815
0.4225,6.12084507546685,0.0669802682098267,0.0484485542918764,3201.3903089576,3925.34496948641,3816
0.2165,3.73980335109133,0.140355813017581,0.103008085882735,795.405875815049,1055.90245268369,3817
0.311,3.95048915158134,0.0337180129874835,0.0281896375934225,4306.21668035414,4134.34983006697,3818
0.2955,4.42079771672064,0.0277129073454679,0.0251604449347023,5888.89767458162,5145.94027199405,3819
0.4605,7.51071248946939,0.0113951615537606,0.00861581340271201,23828.2507139833,24504.2137348095,3820
0.2225,5.32647090123665,0.0291273567785619,0.0282249010582268,6641.71588753494,5462.91176992144,3821
0.4705,6.07442646329069,0.025639994819964,0.0101229280557659,8738.3312602104,17227.9898341328,3822
0.3905,4.15364513303014,0.0191134961284278,0.0173499099791641,7984.9117186145,7012.31526787875,3823
0.2995,2.53321494942986,0.0249703885832334,0.0170513067968682,3682.33681829457,4196.18983216101,3824
0.3235,4.19467339610251,0.0872360189811955,0.0683383997062484,1639.89526706509,1860.89312355138,3825
0.23,1.86903868616495,0.0227675399792454,0.0182833598069336,2861.80673307188,2776.06296343556,3826
0.393,3.17969265947016,0.0166593251606916,0.00926238132683502,6842.97128802952,9360.30588223662,3827
0.4125,6.20614808291132,0.0584850641258478,0.0481740791117177,3948.23032061014,3938.35442507423,3828
0.205,2.76511339915474,0.0609265848694866,0.0418759408422864,1628.36325815975,1949.20476705102,3829
0.4225,5.85381008842427,0.0475101013073503,0.0398308532723483,4597.58371497582,4512.79511602428,3830
0.441,6.49826594041139,0.0235032317290919,0.00887883407702726,10133.3154278275,20658.9788008199,3831
0.456,12.2113985616965,0.0504703650568168,0.0377904195591788,9236.66586712532,10012.4513363577,3832
0.199,5.17816603312073,0.0285118819044434,0.0271345144522381,6406.11035903132,5393.34619267296,3833
0.315,2.11565739561692,0.0208055594370581,0.0122338064252047,3603.46804866266,4675.62263498664,3834
0.234,4.31358056003011,0.0250670456943769,0.0232601044842058,6193.2044577097,5363.68200843311,3835
0.2435,3.14932303359691,0.0377304030861552,0.0260239257486095,2979.83722603235,3442.5360191366,3836
0.3615,4.54696121218856,0.0176786406173948,0.0142527263452241,9184.30977217091,8934.17814743029,3837
0.286,2.35723298526271,0.0269585473406929,0.0235457941239835,3156.17969448173,2872.20766077117,3838
0.349,4.20541865172992,0.0447173650563256,0.0422321866186018,3511.72237190836,2982.22770968617,3839
0.3465,3.40030579166325,0.016912026011735,0.013905206057098,7251.72799869319,6959.15353715458,3840
0.412,5.30385853373124,0.0177653768360836,0.00830606207264175,10781.0930039643,17394.8715688275,3841
0.2315,3.73100367095836,0.0919987317488391,0.0780288850528374,1442.97041494301,1419.38873781566,3842
0.337,4.30662276089771,0.0416959980080936,0.0370474800649902,3833.02818100901,3466.36511176819,3843
0.464,5.7127547283818,0.0223530682459655,0.0203724001135368,9624.20614034413,8408.10990006364,3844
0.44,7.14304664005997,0.0953212673591517,0.0784384953203266,2704.30493818678,2808.64819473005,3845
0.33,2.03456297021785,0.00827894468628152,0.00674631962834709,7984.00016363934,7547.48976453918,3846
0.261,3.06581695814614,0.0260512208241245,0.0243910415818332,4274.74743932097,3631.52742258951,3847
0.3235,4.83297901930106,0.0500770160450233,0.0357999095532098,3523.51712137987,3996.76244504746,3848
0.4285,3.9743166521747,0.012216039127065,0.00947020859619009,11576.2075780839,11633.9655553325,3849
0.3865,5.06027212452155,0.0425883563580876,0.0350944464293402,4386.52731497105,4376.38103576233,3850
0.217,3.76411833867207,0.0652410877259391,0.060396733145196,2145.67206767667,1885.84893476917,3851
0.447,5.11101808119388,0.0444186039617724,0.0367457735974746,4343.74028889157,4285.12896647349,3852
0.263,3.22861352112947,0.0677791450613206,0.0624169365737316,1799.04949283371,1587.92452176097,3853
0.3175,2.07594474436699,0.00912659696532795,0.00674248623299476,7437.626209015,7594.52287479958,3854
0.304,3.63995684889154,0.0495959387122257,0.0409455433613351,2678.05495570926,2644.67091461285,3855
0.352,2.59186342377784,0.0149520795415521,0.00761078019605842,6095.95390851431,8843.37601306166,3856
0.4505,5.77390772588766,0.0130399528303325,0.00708603566768282,16146.869929354,22325.0842876708,3857
0.3705,5.35121733170232,0.0565766312576312,0.046371109014855,3479.56144683976,3495.87202960973,3858
0.4,2.67460408291577,0.0194767432812984,0.0168490017139174,5006.28248076162,4591.11713980404,3859
0.3775,3.38082616256444,0.00770110833560702,0.00632990667843584,14471.2509962195,13561.1915745545,3860
0.4385,6.57374719375698,0.0269461772086686,0.00939457995195627,8841.54534083703,19776.7566427294,3861
0.2245,3.45919454932424,0.0601989185539453,0.0494800475213987,2069.24058616044,2056.23800875403,3862
0.4465,8.91218875507834,0.0225622749492952,0.00972299563134291,14480.5447581395,26163.0650042541,3863
0.458,8.88376719575639,0.0430028420777359,0.0377055461705242,7865.85309262344,7267.91828618654,3864
0.3005,3.3800072244823,0.0438845280185127,0.0411046840592658,2857.84714392574,2436.82533732585,3865
0.458,8.25662257773841,0.0425580412547661,0.0373016610384781,7382.5425675482,6812.73486416532,3866
0.371,2.34766581963807,0.010387029870103,0.00986031875216663,7818.82188855128,6529.50104959328,3867
0.395,2.51462698796587,0.0243280205367645,0.0151992554304677,3795.2114965299,4739.00690694191,3868
0.4455,6.59704137989319,0.0719570589836946,0.0400659959931139,3190.95481646759,5063.28972661163,3869
0.442,6.18893095891076,0.101873652933854,0.0539250681897611,1640.42072472409,3567.68105715571,3870
0.4015,3.85720181961475,0.0147758654378441,0.00586599045415528,9275.07657969787,16726.5593546443,3871
0.351,5.88153167731206,0.0353081685104992,0.0318007463486285,6317.12995654109,5642.9841621507,3872
0.3965,6.26406686590303,0.0381140128631262,0.0371416425865145,6192.88923322226,5061.40345733582,3873
0.4795,7.9495481691924,0.015481010510186,0.00981782638611531,19066.7173064319,23289.0494789879,3874
0.4435,7.69050270327716,0.0262779681624042,0.0256147515626268,11031.9317814902,9019.51689978164,3875
0.127,2.82088135622731,0.0988959071220575,0.0916507412273326,1000.19632772205,871.812477399556,3876
0.4125,4.59685087486689,0.0188244848463901,0.0117568610640115,8998.29534573229,11164.3076485611,3877
0.4065,6.14776613872029,0.0135647825603773,0.00944799510353504,16347.7872768296,18065.9686443411,3878
0.423,5.09210152944395,0.0116137205751944,0.0100046204370478,15716.7513527286,14312.3730194877,3879
0.466,8.23416766804918,0.0896822577687019,0.0538845798005027,2877.86152329551,4762.72997680176,3880
0.455,6.07440153807933,0.0160484941803194,0.01380260814241,13977.5794952384,12857.5200227926,3881
0.3335,4.86193297988909,0.0528463953107495,0.0418617564815864,3418.86675343058,3507.91919518548,3882
0.285,4.56595958385741,0.0619469226372542,0.0395840890485003,2631.22023535684,3489.3895939435,3883
0.364,4.91610214666932,0.00996337049040275,0.00778348015527946,16861.4176803209,16551.9431782927,3884
0.1685,3.31468633583885,0.127764054514021,0.0995820230174817,845.107915320642,963.775648826051,3885
0.199,2.77926852981713,0.0503081217373709,0.0458730617745044,2023.79815765696,1767.9190497952,3886
0.4395,5.84899572036563,0.0181465633984966,0.0143563703637455,12036.672299041,12023.3714460757,3887
0.4545,10.5297761669199,0.0412451879639003,0.0363456788778299,9775.68955624669,8921.55802884669,3888
0.2985,4.73792760871883,0.0717503298906716,0.0475658400181897,2275.87276184591,2970.69275525682,3889
0.3435,2.61894247769861,0.0336567544504895,0.0316709047212305,2913.01146814394,2465.39920707277,3890
0.298,3.50908139545989,0.0151012342045691,0.0101059443561334,8081.13032570898,9222.78764017198,3891
0.2425,3.41763416604515,0.0518270266504499,0.0444863997915064,2427.05244877729,2261.05239958338,3892
0.1525,1.51544490541155,0.0524512751897257,0.0190005583311742,1006.23729545305,2070.15560122942,3893
0.4595,9.23619344931067,0.0369502712149965,0.0285377446905707,9506.83828591234,9928.1645071715,3894
0.335,2.67426469562583,0.0293566069835336,0.0228994494313239,3362.80133526966,3409.03259560298,3895
0.2885,5.77166648028139,0.0485100369223055,0.0452155523878477,4421.49713745853,3811.39740526371,3896
0.1615,2.8036753561774,0.0942296982244311,0.0884645707342664,1059.86378284921,914.066299643297,3897
0.4715,12.355639813007,0.0793109724349405,0.0596180643660297,5577.65802237436,6410.30315312123,3898
0.267,2.83959309830623,0.0247256627379369,0.0126608158830273,4117.93610646493,6133.07779705778,3899
0.2665,2.9919060205514,0.0427456915392497,0.039904246339985,2587.72577890004,2219.22976879648,3900
0.403,4.9314525246953,0.0249338413831234,0.0217676958602187,7433.88992123291,6748.57562438013,3901
0.371,3.24293819757184,0.0586310646112834,0.0493691690216352,2058.00934104682,1978.16613977307,3902
0.412,4.59266146669158,0.0222993551855657,0.0192417168432535,7604.44935497558,7007.73096145252,3903
0.472,9.38585307559094,0.014068433309677,0.0116348994414727,24804.7856863335,23648.7107847177,3904
0.365,5.55503030413815,0.0621756330770826,0.0357770991622782,3151.50074642126,4633.34587711373,3905
0.409,4.13420027030432,0.0145038585407858,0.00948587323212898,10314.0123698281,12153.1677715505,3906
0.2965,3.64080475292913,0.0991371634548253,0.0694353103670884,1207.58915605773,1585.50420985932,3907
0.232,1.58977680485715,0.0125500265074915,0.0102282594324602,4147.61039346347,3901.00008325701,3908
0.4515,11.4135851437718,0.0546402091611955,0.0444851508017276,7827.9368641537,7917.24294933037,3909
0.289,4.09974979651891,0.0286368736199878,0.0269826793095759,5238.17872066482,4444.5067671435,3910
0.376,6.66767548130952,0.0395637649199823,0.033872784376506,6308.49882597133,5972.57913373804,3911
0.4565,9.6563557838082,0.017969528645287,0.0120727041935263,20089.1208598188,23463.949354807,3912
0.278,3.04971358119286,0.0162958816860808,0.0148139114759374,6626.6563430098,5762.32642741874,3913
0.204,3.92065828187376,0.0395779413462575,0.0376960936347583,3572.90789692667,2990.53278802232,3914
0.1955,1.63997802525038,0.0490442768337901,0.0436571172212882,1171.0891932022,1038.26649795987,3915
0.129,2.6415902904291,0.0964371155792002,0.089986952705367,997.249240828417,859.978365960181,3916
0.3055,3.14950817440185,0.0339627527694588,0.0247440445633728,3378.46317985543,3672.6750141776,3917
0.206,2.27313279317254,0.0924119929439729,0.076928142346813,873.204801016545,858.556876137841,3918
0.307,2.00693914309493,0.00845987412213181,0.0073409846904527,7612.140208434,6846.13574613709,3919
0.3685,2.84145553259134,0.01506437412392,0.012487043242321,6690.04608423681,6308.94389192259,3920
0.4575,6.16245053792784,0.0093149890329164,0.00767009137903408,23448.9641039581,22219.3107483964,3921
0.155,3.5658497517837,0.0565587083078142,0.0414012385852814,2238.78555661631,2455.70194977573,3922
0.414,7.99842846077873,0.0388453526118305,0.0213403761886582,7578.10611391546,11259.2868428367,3923
0.219,4.26947109204012,0.0354712977233441,0.0326764957929729,4448.51665718071,3860.9873839843,3924
0.147,3.14120664070224,0.104763144526977,0.0990299878741326,1064.07964054666,906.818474151521,3925
0.207,2.62960862685404,0.0811877569351611,0.0749916752141365,1170.04287963268,1021.76982041692,3926
0.4215,8.17221079889992,0.0703836289233111,0.0499260347532604,4149.90221242948,5078.61987268884,3927
0.3285,3.41129101379232,0.0871388282273384,0.0659463500773463,1380.8251189065,1568.47435691245,3928
0.4065,3.00209700216395,0.0110134870930474,0.00897054519178947,9468.75012906466,9052.21290001985,3929
0.209,4.25675678319255,0.0467795766658327,0.0445265029629573,3259.11344147103,2742.22023330022,3930
0.4375,5.73703031507734,0.00944987016193146,0.00797495594532104,21476.4148056518,19942.7332234476,3931
0.274,3.85234356844833,0.0472953505627691,0.0427372213689375,2992.9308655247,2692.47727690858,3932
0.1265,2.9274801151898,0.100428369092381,0.0961442559957775,1018.3906056465,851.892154916487,3933
0.4255,5.41208881737019,0.0191213914378143,0.0117043909594211,10367.502440264,13210.3902786976,3934
0.259,4.42250051066526,0.0429987573831577,0.0385875125664386,3815.96350216633,3409.48285074413,3935
0.257,2.38133475977407,0.0479964686202064,0.0433897126806421,1818.23900525768,1609.46641968201,3936
0.3915,5.29938828280407,0.0507649303898017,0.0367919788957475,3855.08313982505,4338.11068088258,3937
0.192,4.42793295607697,0.0515312810703402,0.0463721079655527,3105.99634212708,2781.31419689567,3938
0.19,4.7576612675887,0.0220669280868036,0.0202961483724169,7585.75730432741,6565.88065691575,3939
0.4285,5.25927901533909,0.0107481166312179,0.00596820029510678,17482.5549522578,23276.7671621751,3940
0.402,3.20414201073957,0.0726171553148046,0.0638961161625562,1630.47575067627,1494.14261916683,3941
0.3195,5.92551501837522,0.02255350346132,0.0186007001207274,9673.91242087175,9282.33490214145,3942
0.3055,3.36956631750974,0.013959255684234,0.012533326075576,8423.29774964511,7370.22307209879,3943
0.3585,4.53377167801707,0.0421405986296053,0.0385841242859621,4063.21742226497,3580.10587052883,3944
0.434,6.61964495897588,0.0337481629257359,0.0266893223895743,7399.29410934503,7467.8766119812,3945
0.1925,2.53342182699637,0.0265407338155662,0.0198893254897711,3345.97003763826,3452.75150150901,3946
0.333,2.82808804854419,0.00971309669494858,0.00792405591825574,9802.73226523657,9290.89170621325,3947
0.1485,1.98529048953593,0.0817846455056786,0.0769119309615074,863.140739133786,740.818975038447,3948
0.381,4.84323896984041,0.0338575322593695,0.0296603145332339,5402.30599640347,4949.67374937487,3949
0.2065,2.98460907664987,0.0822633341641883,0.0639443225414113,1265.86375239468,1388.31066800781,3950
0.2255,4.48778763757096,0.0374095934531716,0.0341810850056982,4388.35692428065,3834.29235246941,3951
0.396,6.32590989816325,0.0107134397922787,0.00863113708834772,20829.1533523011,20119.4832297945,3952
0.305,2.33391575466086,0.0238501684828032,0.0211890608698933,3522.8475201345,3116.31196157203,3953
0.4465,6.04097410235629,0.063964533209475,0.0565536001871487,3566.7598970555,3263.49779513976,3954
0.4295,4.69834959625602,0.031696185368521,0.0295144817467017,5565.51304907802,4774.69268295951,3955
0.389,3.9349191721587,0.00751263500253599,0.0063144737840355,17566.7326304672,16180.1935760419,3956
0.2785,2.43139037434029,0.0267054590144947,0.023679779982672,3271.24390442356,2933.62194125785,3957
0.316,4.99206728509387,0.0239108075693723,0.018902624614259,7707.28653294231,7662.11200207327,3958
0.448,6.57542263659959,0.0491685683747154,0.0432678069386268,5043.62876705889,4586.73204228608,3959
0.368,3.51533075539329,0.032205598319748,0.0270630673889291,4051.59085071381,3838.55659209883,3960
0.2135,1.63427634074196,0.0213237131518044,0.0161963463133837,2636.58119695176,2667.6556243501,3961
0.4055,5.01372905174426,0.00815893824863285,0.00635457741722247,20947.8727408876,20540.6667025771,3962
0.4475,4.83328861589208,0.0100135841176547,0.00879414855345166,17137.9836502742,15333.859101021,3963
0.1875,3.57893181595271,0.0565840128413317,0.0502013437536397,2293.55774434627,2063.24700203931,3964
0.4105,6.12863657588228,0.0268367966732161,0.0245592817565876,8607.02688310782,7530.86570207163,3965
0.345,2.60171970330688,0.0178156961814006,0.00635953138840039,5227.44205503965,10328.6632407798,3966
0.2945,4.17398129741579,0.024359611169824,0.0212409061405252,6219.98815675862,5641.33468869897,3967
0.4605,5.38250824399817,0.0421263154177904,0.0304092347468825,4808.05069143501,5321.76684575518,3968
0.2105,3.11413344759773,0.0690575903701806,0.0611683168490108,1643.10361259264,1513.53091667938,3969
0.4115,5.46247958818451,0.0784824059463006,0.0633421244987543,2549.44076869605,2655.10997680891,3970
0.447,9.31852213858947,0.0416710814426609,0.0368003200685012,8524.38209816075,7768.99996057221,3971
0.3515,6.08512995319117,0.0259401569445366,0.0248690932775601,8849.14091131444,7399.88756272771,3972
0.366,3.37308127403747,0.0630185060763972,0.0348566780146805,1883.9319327436,2884.88957994435,3973
0.3135,3.24439553509918,0.124426993825885,0.0889103765970203,843.248044083301,1099.27438509315,3974
0.3545,5.92663644509661,0.0277907701376003,0.0240361023319733,8052.04255444126,7404.44826483102,3975
0.2585,3.94171833534644,0.0144515885732776,0.0127416103035975,9473.74661044556,8444.5999263676,3976
0.2855,3.45613416400339,0.00876820283884201,0.00752105766329373,12771.8871557204,11569.8436093478,3977
0.457,8.30974661151078,0.0813862564010521,0.0690921968449585,3831.35837750667,3716.85047453415,3978
0.1995,3.95743941881816,0.115245950216655,0.103036814663628,1181.54463897584,1118.07936628981,3979
0.2745,4.30030366028546,0.0252730072965661,0.0226003872869561,6141.08445819352,5476.4129316888,3980
0.4665,8.09074766655068,0.0779026759569276,0.0642414822056451,3867.18297818488,3881.86808382769,3981
0.454,7.28076767090181,0.040573171314321,0.0242136620622818,6672.38644706904,9181.44782064983,3982
0.278,3.40249839907424,0.0565959445099819,0.0505108285260275,2179.82846986372,1983.17827150326,3983
0.2925,3.33045638008522,0.0547402598431031,0.0471400586825528,2253.26838835065,2109.76830368065,3984
0.466,4.43814334070762,0.0142150793780914,0.00810231310912262,11446.804066521,15218.2025701225,3985
0.429,3.671417565905,0.0109754826618764,0.00933779240251188,11843.8585874783,10892.015752759,3986
0.4325,6.25826813656426,0.03792523179481,0.0339772802116154,6213.86731992236,5559.11526251283,3987
0.307,3.9141261950856,0.0204346151624749,0.00674492402814369,6764.86725299118,14693.5656129045,3988
0.4335,3.79512985528003,0.0125593209209798,0.00500689746616662,10765.3534015098,19151.9427909428,3989
0.3955,2.6418970797158,0.0106566270846437,0.00873699707682687,8596.58864684711,8151.89166610653,3990
0.3675,5.61311213360618,0.019916633198085,0.0173910031784568,10363.2623407091,9409.36695528746,3991
0.332,4.56321083412816,0.0160594618297458,0.0111647686637962,10177.2609351576,11282.8863803084,3992
0.2455,3.39477381500123,0.106273077885242,0.085081005108592,1069.26474933173,1178.91343070116,3993
0.33,5.64193035336877,0.0281172172505317,0.0274257113758247,7389.01480012634,6029.73033543638,3994
0.3085,3.39629666343467,0.0563358953792969,0.0482500741367136,2162.57579199665,2024.55332981189,3995
0.281,2.7001697155607,0.0443650957859485,0.0192593565539723,2140.61962920419,3970.98199126552,3996
0.4425,5.88107014533568,0.0204522686636153,0.0104008678614413,10708.722474096,16225.3951291627,3997
0.4725,9.24579502655577,0.031795067211583,0.0297062964268813,11083.6300819056,9465.58456788753,3998
0.407,4.88537468107935,0.0634722961105581,0.0405109110482389,2724.15001878973,3668.85368446304,3999
0.266,3.9042614191565,0.0329345627763626,0.0304647493547021,4434.34885229999,3861.95568344361,4000
0.4055,3.52777425258784,0.00852683246249363,0.00687657687499532,14102.7928582511,13553.6971933579,4001
0.207,4.383264197908,0.0634100533105304,0.0610646073872104,2540.4152443446,2117.43820008736,4002
0.4405,4.9480563600183,0.0235707264235657,0.00900186685462443,7645.13485644702,15412.6199922591,4003
0.4415,8.86355595648494,0.0447985811774798,0.0346809158291363,7421.56965061891,7880.17884842549,4004
0.2885,4.00897647684999,0.0736744556977152,0.0603891960938012,1908.50901168238,2000.57264903473,4005
0.3985,2.84226273851791,0.0245782767761611,0.0117686154611067,4205.45264816336,6755.78986839137,4006
0.296,2.37249460159728,0.0693034028343975,0.0629496750487038,1243.3076997668,1105.69395419377,4007
0.328,3.80883897531678,0.03297386111127,0.0233216719266342,4258.90458983634,4800.97036489487,4008
0.464,15.1877445499552,0.0325254560601721,0.0283956799013058,17978.6343951287,16505.7386744632,4009
0.2785,3.70833631814715,0.0481596033128,0.0425908943605453,2890.25192143587,2630.73517637397,4010
0.2055,3.64981563225833,0.0251305354457669,0.0132986105092679,5097.69629446367,7240.63569576177,4011
0.4695,8.83890540787812,0.0472652856446626,0.0361365711098017,7048.53774637182,7483.63418768417,4012
0.468,7.0510647715154,0.0110323460294146,0.00939247100739182,23208.1900629339,21414.781487283,4013
0.3295,2.49377499932044,0.0485797724462244,0.0457928910811308,1925.03262396587,1632.37399859102,4014
0.366,2.5256063317282,0.0129772603592653,0.0101524752753129,6751.74677234982,6720.40830222662,4015
0.452,6.31051798972145,0.0844112025547278,0.0735100248827401,2797.08752921533,2632.67976689157,4016
0.377,5.01420740181338,0.0333313083056787,0.0263678464253337,5638.88365077191,5690.14798318986,4017
0.4305,9.01473519502327,0.0473205580568068,0.032014146585586,7115.85845061395,8607.95908001411,4018
0.4425,5.48838602157535,0.0134124435363155,0.00579949192159337,14807.010977897,24996.4628120845,4019
0.46,13.1780564570887,0.050282189040418,0.0433893529017,10086.8066223961,9439.28528370461,4020
0.358,2.63337424970703,0.00711598677749168,0.00533223256100151,12080.6080025829,12188.9186442823,4021
0.2605,1.86682154350727,0.0226925657407811,0.0167319437301116,2881.3655396297,3050.68300936536,4022
0.28,2.51013989326037,0.0128394317721219,0.0106449624687096,6655.21311424955,6294.53552241861,4023
0.463,11.7481424121271,0.0334255488364608,0.0310251854969525,13466.9867207924,11597.5361729435,4024
0.4195,6.700405812535,0.0669993165549616,0.0598417425421913,3764.89645705367,3438.30127313928,4025
0.367,6.03443605518211,0.0138950536765613,0.011388261386417,15675.0491010999,14905.6140391986,4026
0.2555,4.41135795768078,0.0978484126100746,0.0821971885290565,1550.48449409262,1581.76000599926,4027
0.3985,2.69584150342981,0.015712362082582,0.00881367105522521,6069.13830741843,8239.18359482803,4028
0.446,6.16072536073003,0.0362864440618451,0.0315341624012381,6412.67381467831,5891.12334624762,4029
0.4255,5.47811600372143,0.0238798961609018,0.0116666852702447,8448.83160264145,13463.4530980382,4030
0.3095,3.24488534754063,0.0147354429067221,0.0120696062368909,7910.48164966008,7517.71259860208,4031
0.3765,5.89019771610792,0.0479369651941759,0.0400185094139831,4576.90280048997,4462.67841030369,4032
0.393,6.33850502972069,0.0209884982868913,0.0193741181687714,11261.671077603,9733.55796898496,4033
0.137,3.48662181626751,0.0896504881429536,0.0643192792811561,1332.89048631996,1598.17844459785,4034
0.454,4.57351950939174,0.0201779765692945,0.0168599567047377,8462.1637408094,8021.9741349498,4035
0.3635,3.59453161842329,0.0252070241483199,0.0180305144412722,5282.6106167574,5791.00213715189,4036
0.409,6.44471900528415,0.0187338422995804,0.0176773427649564,12798.1984625137,10749.6560327887,4037
0.438,4.88578803222798,0.0156985078698515,0.00767522555634845,11309.8127972017,17412.0513117638,4038
0.342,3.28357411360393,0.0242824108921883,0.0206637845371664,4923.56585351337,4578.15546634198,4039
0.4655,7.42282469316256,0.0384199216024495,0.0243540982511614,7224.01788463772,9211.74089885882,4040
0.29,4.35876673657453,0.0106817378730253,0.0093715968046414,13801.9187544121,12314.0027012244,4041
0.4425,5.36991445916242,0.0576440597782861,0.0466225754997904,3425.70598545216,3543.98595106359,4042
0.467,8.78430417838355,0.0333876088705436,0.0291905369336826,10037.2382457945,9166.06288534117,4043
0.457,5.94287568857048,0.0319084890810753,0.00888007174223412,6665.5434083325,18858.4218103969,4044
0.4585,7.31854450117272,0.0530554339138824,0.0443678223585423,5212.06653827664,5041.73132289636,4045
0.253,2.58119521950645,0.0380580834056856,0.0319226164721611,2515.15721640135,2391.95968429694,4046
0.3475,4.3748925164895,0.0238361378510925,0.0226435377503234,6682.90905340846,5613.83879948063,4047
0.3985,2.75565092400288,0.0119650273387965,0.0111515894509039,8001.70304435661,6838.7642593475,4048
0.4385,9.70855196658326,0.0238020574518899,0.0189318493280732,15337.3652385408,15283.6922902231,4049
0.4265,5.02025919122177,0.0957744668238116,0.0779610741822049,1884.63599562008,1973.53494977167,4050
0.372,6.10376574879802,0.0428555253149486,0.0398440873550188,5375.18750856848,4624.09403494029,4051
0.37,5.04511051378083,0.0178682184048248,0.0110007668524317,10338.499113381,13086.7244581822,4052
0.4075,2.99949870096642,0.00832062312053626,0.00716353721590728,12296.3242788636,11107.2305250794,4053
0.298,2.93672200883288,0.0961823224171483,0.0883938693139407,1103.1956236597,976.433545382662,4054
0.364,5.0632438325428,0.0472147431181644,0.0443854468108044,4043.62492748057,3447.65866588603,4055
0.477,6.36901402050625,0.0178578357826091,0.0104244025318609,13201.5602887366,17593.4230047422,4056
0.232,3.6716610118545,0.0617675582096812,0.058190404698232,2176.54703469784,1862.78333648484,4057
0.445,9.85900166460741,0.0817526705750896,0.0557710483137047,4395.88091167261,5412.50657915592,4058
0.2655,1.69176581107833,0.0418387729837333,0.0281451897531498,1452.72800070485,1718.53530482863,4059
0.3,5.3975158567678,0.0309825258125699,0.0291447860501695,6442.50322720224,5485.85842941564,4060
0.288,4.04435573369626,0.0401814957514291,0.0382721199244278,3691.20347768966,3102.4563850583,4061
0.4575,6.7601778024007,0.0304250354893772,0.0268703057892313,8458.73339193472,7646.32492323349,4062
0.392,2.61159212309419,0.0162690567230705,0.00505098028541114,5713.50062555313,12785.5871325669,4063
0.4445,4.62134743106764,0.0133274104297006,0.0119847676198218,12548.8515200506,11061.8946452536,4064
0.2795,5.62994558639469,0.0417472979518763,0.040321950137064,5096.19288772586,4217.36123496007,4065
0.4635,10.0137825840242,0.0393377961520698,0.0364241030979622,9707.26507022761,8406.51195698865,4066
0.454,7.11902652064782,0.0389845851741938,0.0350572356578145,6927.37572840689,6178.56087011261,4067
0.169,3.27398302843617,0.0661669085675331,0.0621392169773736,1833.11593667031,1571.28081049618,4068
0.45,4.89432375440111,0.0132265469685137,0.006552359010052,13411.6497173848,20118.09827416,4069
0.238,3.25339499898234,0.0168028690684248,0.0148671562773086,6629.5616484874,5930.60544988899,4070
0.4225,7.60385695171277,0.0480211111983094,0.041275018275616,6006.22481495484,5660.25376480374,4071
0.4375,8.26161555332195,0.0347400613189989,0.0276479034005677,9005.07708891856,8990.41267738471,4072
0.4695,6.9649863829347,0.0209814455273883,0.0118891673266584,12424.1674017925,17080.8811025412,4073
0.272,3.92135515800785,0.0324894173642951,0.0302493835597277,4394.46232560106,3758.96843891854,4074
0.231,3.28724895806687,0.104805826039846,0.0898782434701052,1092.77279537515,1069.18260248116,4075
0.4355,3.45862400457405,0.0175696471903418,0.0142238379747658,7279.07039779229,7110.74752835748,4076
0.4245,4.77929395992876,0.0127397143570878,0.0095382494766069,13496.0374983847,13981.3355864394,4077
0.2875,4.499991308359,0.0674270645010634,0.0590987184963413,2454.21811116476,2291.95536299809,4078
0.2745,3.42642119423722,0.0488689133262373,0.0469727466615193,2604.58735283139,2169.52572355004,4079
0.2275,4.34824973630603,0.0378686762117306,0.0357370309803672,4230.63724694194,3583.54598369969,4080
0.4435,4.52970589736987,0.0112290868725682,0.00698769988085991,14415.8954937413,17583.8594104677,4081
0.273,4.0030015205037,0.0101191461729608,0.00846947111893027,13080.4921363309,12045.2154389403,4082
0.371,4.69896205028602,0.0116745376525693,0.00863408632849705,14027.5147258013,14586.7559142964,4083
0.3035,2.56860691650274,0.0738265428806936,0.0614054332312541,1265.8008590448,1249.75171464908,4084
0.392,2.8617418401985,0.0122865007362112,0.00909062861250507,8207.3728704269,8589.37565205911,4085
0.3305,4.66890699600205,0.0533769935561343,0.0479612219956105,3341.46349524952,3024.94097810433,4086
0.3315,6.41313747365295,0.0190215462211382,0.0177716736052314,12267.1854199445,10467.5880591873,4087
0.417,3.16268824637193,0.0200438820085217,0.0136068580493682,5814.65830195255,6658.99195490156,4088
0.2225,4.38889821467956,0.0890185656310619,0.0820703858563227,1773.78035579107,1575.82433766243,4089
0.4305,7.87413811441354,0.0696284807952585,0.0397622793436597,3744.80073795277,6097.60389433207,4090
0.3825,4.88270449359269,0.00876179721819216,0.00760834274105846,18908.7593950025,17094.5584244389,4091
0.461,7.34384471643834,0.01255153788916,0.0083126356480177,21271.8529145391,24731.2715300686,4092
0.2585,3.48067359034084,0.0814628607978947,0.0708009930520921,1549.36901297706,1483.75621092654,4093
0.3085,4.4176415091877,0.0406000439232658,0.0297924934770739,3935.62431690657,4321.24793436222,4094
0.204,4.61481159964896,0.0580654199571344,0.0497743800876361,2929.40395822457,2751.971335805,4095
0.439,5.51571437548524,0.051054096062752,0.0445379133515477,4069.23373412539,3779.44078301995,4096
0.354,4.05032475611817,0.0131864217144307,0.00922528539099953,11030.2866034074,12156.8329960296,4097
0.4195,3.89795679937195,0.0139739050503809,0.0109595306884843,9997.66772864236,9981.24856557521,4098
0.3275,5.04687790521967,0.016003367583784,0.0151800656763284,11426.5501190469,9581.36228767197,4099
0.32,4.08472109194277,0.0213655940641169,0.0170952776382506,6964.98304054663,6914.07751915171,4100
0.2635,4.50866835720664,0.0650490593496894,0.0593049864668422,2561.01351424399,2283.62421797885,4101
0.2555,4.04668780146808,0.0730444506111223,0.067777256671407,2011.11061552901,1765.86419622397,4102
0.319,3.08374027168565,0.029341425000668,0.0171727135113973,3856.71345750606,5174.96584284976,4103
0.3755,2.52496444253851,0.0260806628002099,0.013983191187634,3555.36585448927,5181.20731388443,4104
0.452,6.8521832494457,0.0558386286509387,0.0354712677374105,4512.78261579843,5955.50040450495,4105
0.384,5.03032163303339,0.0411560890468422,0.0339394493610356,4502.83473611034,4466.43457581816,4106
0.1845,3.20658619083517,0.0665069644929197,0.0596007673671599,1722.3004183203,1535.27418710994,4107
0.1495,2.10743445608267,0.063966714346173,0.0592389136800328,1215.2374742395,1045.67714671624,4108
0.4395,5.29092545722857,0.0143522465151328,0.00813015611153882,13369.6331136268,17968.5052447472,4109
0.134,2.57211129395909,0.109149871470827,0.104396769277708,868.490641713825,729.174085273701,4110
0.391,5.558463404067,0.0224202038995024,0.0210663791025595,9214.20531407324,7791.95055211637,4111
0.4655,7.08676268461184,0.0364681852658744,0.0292868722510144,7389.66419372068,7370.60333795945,4112
0.3115,3.78833848853747,0.0383993606182438,0.0368192240320916,3630.51098338671,3017.5842521629,4113
0.452,5.00660987888493,0.0139144302460696,0.0113884684966454,13153.8361778085,12658.4127374759,4114
0.4585,10.348684174235,0.0147570286864152,0.0102961354914947,26010.5997961297,29046.8713166519,4115
0.4385,4.61892438212781,0.0389583410740233,0.0362712688123038,4458.56821797984,3831.26561033611,4116
0.2765,3.6538974908583,0.0497264621657801,0.0421903206908274,2765.52949656571,2639.71652334927,4117
0.434,8.21759025411692,0.042822276557661,0.036192812529336,7320.81614367256,7001.53843262313,4118
0.4675,8.10797510824173,0.0157888914732517,0.0130583575904926,18984.5811845798,18153.3289590991,4119
0.181,4.17571386992952,0.050374369108271,0.0470686475259825,3009.67910208641,2580.40175745245,4120
0.427,4.14116168364675,0.00997640769407456,0.00855562738999257,14458.1098410722,13202.745126393,4121
0.4005,6.74191216264493,0.0561226773027545,0.0470780026181766,4512.98013987717,4369.14179214033,4122
0.415,3.25405573259394,0.0105344874791454,0.00588660536975676,10899.9820693524,14307.6770829404,4123
0.2525,3.99911624113559,0.0669167226237872,0.064483905657377,2175.2542829127,1823.38648568991,4124
0.3785,4.36201594068382,0.0091118691251981,0.00740343218432226,16399.3363951812,15591.9316526979,4125
0.3265,1.99040544922311,0.0175918967893069,0.0140497554067291,3986.16024808885,3901.45557392761,4126
0.2425,3.44790426043364,0.0388569601896176,0.0345978454370659,3173.39462720873,2837.17406764832,4127
0.342,3.46972565695118,0.021500740984403,0.0167241328579288,5900.5319829177,5987.69726858332,4128
0.39,4.99189884934544,0.0242685805089836,0.019645093022012,7606.66555618182,7438.81140898294,4129
0.169,2.79512198839297,0.11217467334053,0.101119954971215,874.894326337371,799.527594886533,4130
0.4075,7.52804018856747,0.0247404358608059,0.0244403402142597,11392.8317463895,9203.76277584722,4131
0.307,2.83056494047008,0.0111184949194066,0.0096640757140538,8716.70080413555,7838.17228018958,4132
0.3555,4.5356120279614,0.0221354806881425,0.0115073546575889,7338.05567545375,10834.0043287472,4133
0.3345,3.74708339287694,0.032176228282214,0.0111087899129822,4075.68645598228,9207.44278533004,4134
0.3675,5.21411775776853,0.0206829786620967,0.0164370512635735,9248.57092207074,9134.72068708428,4135
0.4465,9.29396986484354,0.0238142428138773,0.0208539087021821,14701.4280512592,13332.3357096368,4136
0.4015,5.64439698262789,0.0277477230047796,0.0265553144915315,7618.88290327942,6338.36884055991,4137
0.191,3.05852679290235,0.145822039168404,0.122380481763342,728.821096852232,748.373035532796,4138
0.382,6.34400177711069,0.0404227607720855,0.0318767166583693,5915.41902086123,6076.85301134603,4139
0.431,9.46285392845089,0.0729963416848006,0.0589063292171206,4792.19170608771,5009.49024434228,4140
0.2635,3.59879630918162,0.104068549100902,0.0817950554954108,1182.85302933152,1324.71187513004,4141
0.4645,5.70253113471973,0.0216201569663065,0.0189716302114049,9950.89965657231,9023.2065813076,4142
0.4485,7.42322772523487,0.0751651575091975,0.0605241963784933,3568.44675577367,3784.75772956996,4143
0.379,2.94627789242579,0.0125939372094347,0.00465066496282341,8048.86721069982,14981.8022596239,4144
0.446,5.08685913579284,0.0310504060662622,0.0134177867129041,5985.42283483594,11041.5450693389,4145
0.3035,2.10846617887784,0.0090963121971776,0.00706653479196714,7439.3800249195,7282.20390263725,4146
0.442,4.85470247769588,0.0105491349458364,0.00870364306797114,16379.7151357535,15583.8504043789,4147
0.4305,4.670163705261,0.0158162716503465,0.00948943941685947,10747.7277976904,13793.9500026836,4148
0.2295,3.67681771683861,0.109524055205019,0.0778209739269592,1093.08767986235,1408.39301913463,4149
0.3585,2.19843153772337,0.0296171550354589,0.012891596232879,2691.72280949878,4794.13342044805,4150
0.4685,10.78318110032,0.0252975427878818,0.0204516486985308,16176.2067943047,15852.8852290505,4151
0.3395,2.30834663034438,0.00940781308885168,0.00628348243663474,8166.33330815801,9190.25496499306,4152
0.339,4.18953972590279,0.0340020009310444,0.0303433690917402,4588.28958312267,4138.30166872494,4153
0.2565,3.34379226549644,0.0265601132461232,0.0117544877710167,4371.97484607014,7504.48519235977,4154
0.1425,3.46159864212262,0.100709634035812,0.0945689597074634,1198.72149123202,1026.4363825843,4155
0.457,7.02805055670336,0.0108961037319917,0.00900349257668347,23311.9734268681,22149.0614736665,4156
0.2815,5.23564733105432,0.0646754733629367,0.052546021430066,3005.40656448025,3045.92298139447,4157
0.447,5.78397836439649,0.0183645189513395,0.00676560223852109,11501.6453972909,23307.9460066722,4158
0.3065,4.27510735750896,0.00822546804700928,0.00701828846282792,16971.6712232858,15422.4583864231,4159
0.437,10.5489984142403,0.0553228445078247,0.0492381492767216,7281.21742367231,6650.3024971159,4160
0.296,5.22489021888583,0.0219120513299847,0.0198316281910716,8875.55395695976,7833.88398832789,4161
0.2545,3.0249230193881,0.0604085065664631,0.0559932734980753,1852.13152952598,1616.4866915991,4162
0.2985,2.47818794863498,0.0138316180324301,0.0115251358018016,6221.90386503759,5851.63064266962,4163
0.1795,4.03829688649473,0.0400924844477839,0.0370794799615566,3661.37937581123,3148.0242055764,4164
0.234,1.95275167956306,0.0246679706111169,0.020362306366834,2773.51141101393,2646.61945732799,4165
0.4475,5.41336215824615,0.0136426648860237,0.0100383412071922,14505.0490036664,15344.549304896,4166
0.4445,6.60214196925745,0.0134628980240278,0.0117154374622652,17932.2391212885,16278.2721189684,4167
0.2975,3.94001023614624,0.0888152585647459,0.0719167413299858,1560.57784373525,1644.49728571238,4168
0.2,4.08818403858587,0.0446462005777784,0.0431324813056382,3340.13742467243,2745.01916638084,4169
0.4205,6.68692303710532,0.0215603855572407,0.0186518273655997,11707.7450871552,10756.0765734183,4170
0.321,2.46819465394795,0.0181761830524539,0.0131332706776909,4848.64503691648,5204.80947712364,4171
0.381,4.47591292125562,0.0173254069485142,0.0160292037077291,9485.67095878568,8152.54421488805,4172
0.315,3.74220306992646,0.0198819201225364,0.0178083276004268,6762.90274176656,5979.39761001107,4173
0.2245,5.15192544106219,0.0228625213897779,0.0212447907179725,8043.31355774008,6859.76808635416,4174
0.428,6.27711189589873,0.025828314388849,0.0243687004436439,9104.75085222638,7698.45868679377,4175
0.3695,5.62774241971361,0.0309464058613185,0.0278838748881614,6842.13715678666,6076.46457886104,4176
0.382,5.56110471630254,0.0583585557613023,0.0403416513136656,3498.33512086368,4189.18399364157,4177
0.327,2.80238169052922,0.00874680541155784,0.00764536119101522,10543.0013617306,9376.59422643731,4178
0.378,3.65096773148887,0.0163012577262278,0.00852815413591649,8021.44867107559,11575.2502460499,4179
0.2035,3.66172746238082,0.0962518386574036,0.0816548178464562,1337.76997193399,1304.14878828214,4180
0.2145,3.34378338158718,0.135739389826096,0.110762319729551,816.971178848638,892.397106556924,4181
0.4535,11.2065927834182,0.0181128554802547,0.0121446430413414,23087.1642609703,26886.9821038633,4182
0.194,3.02414319673411,0.0894763062595942,0.0802115631000407,1238.47953554281,1124.34878751374,4183
0.287,2.68557379186167,0.0166237054949447,0.0120703305983308,5657.40346412203,6021.52158826561,4184
0.4515,7.66162619439074,0.0366069856213556,0.0344658126227379,8078.80564163673,6884.53973933171,4185
0.4575,8.55670054368616,0.0418008772222378,0.0392347164319845,7756.80696200319,6609.45116690849,4186
0.286,4.04447783854349,0.108986066097338,0.0832984814316659,1195.61190749096,1465.02355490174,4187
0.3625,2.49563583024923,0.0248691884468652,0.0136593253928591,3649.79623849474,5144.87360832485,4188
0.1025,2.0794548158652,0.0532144162972599,0.0466127621366905,1414.50717472171,1288.30577777778,4189
0.369,5.12010213604897,0.0313116017632541,0.0279182262889952,6062.36577850036,5433.09144274464,4190
0.229,2.17346927590087,0.0296774276973074,0.0269641329461835,2638.15256449998,2292.24964047828,4191
0.31,1.85162919970687,0.0150681563122687,0.00808547935225302,4270.88303354168,5792.26086736202,4192
0.461,7.29092202864537,0.0210697185914264,0.0110728273798396,12875.44256366,19124.9028659332,4193
0.3335,3.09601747849269,0.0316771448020104,0.0185942009226572,3546.89174555637,4778.75161385551,4194
0.3575,4.81743505210395,0.0423790442076617,0.0416715493253761,4228.48978386389,3422.66425393526,4195
0.3735,3.60490515721287,0.0455229807791363,0.0423342747211456,2964.19156795881,2545.2188426858,4196
0.2785,3.74032554187541,0.0468735593268167,0.0427088531254254,2946.70954947225,2593.6187716836,4197
0.395,5.50336891267414,0.0554248518636438,0.0457002575068564,3636.76604037045,3663.16530767528,4198
0.392,4.08649947792362,0.0256900181422443,0.0243251285807922,5939.83557370537,5004.21811914442,4199
0.2915,3.48975754002244,0.0932727492017743,0.0768508197841995,1340.1305736398,1358.494427043,4200
0.45,6.86986725049547,0.0392478627038447,0.0278588558988665,6562.80162396994,7386.21752450795,4201
0.4795,7.0423526645935,0.0101421363226621,0.00812700368082857,24997.8708023888,24334.4685741338,4202
0.162,3.19447381431718,0.0974690592418742,0.0902044828665128,1125.11586494266,989.162831033786,4203
0.249,3.79985185026181,0.0593803396150448,0.05164245909877,2324.60812415115,2210.81383369243,4204
0.3505,4.00773367484594,0.00912059736099798,0.00754863549321676,14918.1062777691,14020.9405373222,4205
0.4535,5.30762053678878,0.0181880423538827,0.00710118550402502,10703.2930347466,20493.3232325018,4206
0.3685,3.08410466555125,0.0117582596228324,0.00911851331594476,9035.42876359311,9027.35764514122,4207
0.216,1.64408655697011,0.0294654436620837,0.0198496461563201,1982.54546383157,2281.89372821555,4208
0.343,5.01919981608371,0.0168736586269797,0.0143967887950074,10787.5012443222,9985.30982842436,4209
0.324,5.04406110776326,0.0245178409830485,0.0219979664515378,7441.65203223227,6592.90909058887,4210
0.348,2.20177778778366,0.007766566359369,0.00649168506331853,9146.12237759932,8465.33597174943,4211
0.4175,3.46419028063167,0.0146712631180638,0.0127893134953591,8437.48710205957,7639.80277417101,4212
0.3525,3.87162325032153,0.0198255837187015,0.0182015446967559,7188.43814174699,6220.19987023853,4213
0.186,5.1948364559985,0.0647930015959246,0.0605192744856433,2908.88871302946,2516.30453148087,4214
0.2585,1.64834084687513,0.0151283634920138,0.0103058542781934,3657.41910937851,4038.30860570978,4215
0.2,3.49286517907703,0.0517643424263152,0.0469025261865442,2472.53733388098,2200.42975234547,4216
0.4755,6.77326756514749,0.0221409491338709,0.0141262909820652,11441.5034966178,14164.5774298347,4217
0.273,3.00746608205608,0.0784849468902589,0.0635302472831865,1371.75273137784,1422.8281042267,4218
0.3485,4.4717547469694,0.0388706432570739,0.0320028289083166,4283.7266001195,4143.86391272273,4219
0.1925,5.1344355714128,0.0348205723378766,0.0326767159420501,5324.08937136957,4506.42729745955,4220
0.2135,2.80013317422552,0.0932485854861961,0.0819428577792622,1081.91969239549,1015.96974492132,4221
0.3285,6.07554569785095,0.0467612771546728,0.0436003706292642,4894.57704617995,4206.29636548637,4222
0.426,4.8955999850418,0.008438932319213,0.00717994015348361,20066.9448633241,18408.6384949734,4223
0.1555,4.51004886424298,0.0469170241530662,0.0410131827136666,3502.38941145923,3200.9001866903,4224
0.1645,2.12898507618779,0.0512020154736837,0.0475790324247617,1466.8072653171,1269.65235657461,4225
0.1805,1.94280330616021,0.0557957453327354,0.0509896033842517,1227.59327935353,1071.90129343221,4226
0.4425,6.2583552428247,0.00967781520048173,0.00788434644890925,22962.989777074,21974.8053581577,4227
0.1765,2.90063677637145,0.0596365561168307,0.0452667707315508,1760.86246660564,1864.44632575144,4228
0.4575,10.1406049134236,0.042359677477061,0.037536825762419,9143.86799036872,8230.62652141424,4229
0.413,3.21633692200771,0.0202403826192562,0.00985393203121669,5786.79763232274,9085.10981113366,4230
0.3065,3.0212059392853,0.0429483626156608,0.0333987192353204,2589.16009264186,2648.19809655579,4231
0.429,3.90722874662191,0.00771879621644584,0.0056730384671489,17284.6677826597,17915.4792011612,4232
0.359,4.51482151264406,0.0654093016039354,0.0530509934746212,2518.48407603635,2603.41154260793,4233
0.353,4.81344957259943,0.0325731307461092,0.0295446455486672,5486.94970892107,4831.58265300559,4234
0.452,4.29058276859354,0.0206051722603413,0.0112441652274288,7686.16598578762,10930.1984057822,4235
0.366,4.69603361288842,0.0137134994203284,0.00972630924780841,12254.1931842714,13261.4229353094,4236
0.3215,5.03673280506214,0.0645947639331275,0.0504177659389756,2835.04401325428,3018.06498179944,4237
0.4715,5.4602882342623,0.0157865693044497,0.00957709909401957,12738.2506665486,16333.7107135305,4238
0.3795,4.47818039439325,0.00873894229698289,0.00707017069598745,17461.0162850839,16759.5514985284,4239
0.451,4.88858611132365,0.00777327202402259,0.00614799196720363,21581.8185110681,21023.8755118782,4240
0.455,14.447945306647,0.0407012177740852,0.0312415909059644,13554.5169750001,14188.9601162362,4241
0.2345,3.69130983679904,0.0752220572561844,0.0643632183050886,1738.38017991225,1695.37990313468,4242
0.2365,4.81442044993889,0.0470152783642817,0.0425119914809716,3905.69261761308,3485.5522560308,4243
0.349,5.06090214249646,0.0421416500790147,0.0382744178308131,4512.56431658296,3990.3310204986,4244
0.335,3.81333702821197,0.0218257537212982,0.0202851416390948,6378.66381391176,5448.06200971934,4245
0.2285,3.41622872085415,0.035631111400734,0.022040984080541,3463.19085821198,4504.71796621052,4246
0.2115,3.47491569890231,0.0913881145526344,0.0751885846237034,1327.79544661088,1351.38412991525,4247
0.31,3.12084105114491,0.0102267782049647,0.00928204692520536,10367.2151766965,8973.79781942799,4248
0.37,5.03419651728778,0.0645569311263938,0.0487365542877595,2778.83590787165,3152.53635960456,4249
0.3435,4.50452510806109,0.0758699478171851,0.0487364977825518,2002.84808703484,2784.06703929037,4250
0.4515,6.11480163327154,0.0282139148590968,0.00969708525273038,7847.92629380886,17781.9303256814,4251
0.4475,4.08217871552924,0.00765422730391522,0.00643898242243107,18372.3578827975,16989.3987760219,4252
0.2825,3.96144497734147,0.0587384854757411,0.0503058681301211,2480.82971428571,2384.26368169798,4253
0.139,4.42294509312183,0.0646543456458451,0.061402026168132,2440.92794269201,2069.3056808245,4254
0.414,3.18626411632252,0.0164037040099328,0.0118176158184294,7105.70087694645,7660.97958857895,4255
0.4065,3.33128596109956,0.0081679476441764,0.00722442255764233,13668.7910604956,12102.7302236177,4256
0.338,4.18704472386325,0.0215803137153608,0.013265633117881,7007.05587679801,8835.86474750682,4257
0.4475,6.42594368759034,0.0562713491788196,0.049718632812596,4304.21947705204,3947.16153535981,4258
0.237,3.24195725368615,0.0715588265471858,0.065614498446237,1655.81084663321,1472.67120103991,4259
0.435,12.6361382513269,0.0684730535462524,0.0428035769835208,6729.4981766017,9088.86985270797,4260
0.2875,5.30915844144632,0.0314082063969249,0.0277692282863512,6225.35789214849,5643.16878479297,4261
0.354,3.09837297563381,0.012391005489785,0.00887389957824086,8823.68878020057,9444.76994891783,4262
0.3365,6.28884228726395,0.0479365440098318,0.0344347567850619,4841.43913152437,5490.35417958048,4263
0.365,4.66141586103412,0.0466903209258599,0.0422438590034724,3769.29072808611,3365.49596032643,4264
0.472,7.93359291981872,0.0119714848477894,0.0084713022162578,24282.0931559922,26474.8410530926,4265
0.4655,8.85218338827171,0.133233731568777,0.0862829476623751,1912.31740621086,3158.23126142752,4266
0.377,5.12417746983183,0.0144428741228435,0.00959764710781013,12822.8551562927,14793.392549954,4267
0.4555,7.85458736539847,0.0136303811928387,0.0113194525407074,21154.679116595,20038.739557946,4268
0.4555,5.46534588606131,0.0382014339412939,0.00978169749012805,4930.68531741676,15787.7768900968,4269
0.3245,3.78201951455033,0.0084321377817508,0.00658363417741971,14788.6527835252,14452.3199013987,4270
0.318,3.41205049852439,0.0209792915228936,0.0172722663009187,5853.28094676761,5595.3280412566,4271
0.345,6.69243675401651,0.0606815010205707,0.0544630592269426,4072.33760906157,3723.57113217718,4272
0.14,3.84412528951304,0.0739301199238826,0.0624386852169106,1836.98940339022,1797.12888837151,4273
0.45,12.6014215950559,0.0341766778980196,0.0250887848034965,13982.4511689685,15159.3734526735,4274
0.465,4.82770008277652,0.0139386572913,0.00676504533837759,12671.7007033394,19434.7573427796,4275
0.2435,4.73556057752928,0.0279197448331431,0.0241029830994088,6127.08624887137,5652.84880587085,4276
0.3475,6.48229106295567,0.043705349893517,0.0412468154403562,5613.47395785947,4806.05511001384,4277
0.4295,6.52125523393011,0.0092710697689508,0.00635409235880788,24704.3260265783,27388.152236997,4278
0.397,4.13744746338365,0.0145802484081015,0.0116383295343487,10205.2705541211,10029.9287815332,4279
0.4125,3.49965431763692,0.0408870439988706,0.0113041208395907,2984.01929757897,8784.15410177391,4280
0.453,5.3742925749661,0.0160276107594411,0.0119365100114011,12340.9414534577,12977.7900361144,4281
0.438,6.20055571487843,0.0194854879386152,0.0124803628022701,11819.014603606,14473.7304652734,4282
0.3295,3.41115576288189,0.0470380626937241,0.0402801513276889,2664.11729171511,2519.44880280752,4283
0.399,3.65058816726673,0.00975756373178004,0.00834319642573261,13046.160966667,11964.8099831456,4284
0.1075,2.41842167558283,0.0737593436005396,0.0683954380424273,1159.61246192166,1007.84738931593,4285
0.451,12.6766261014404,0.0991472532136722,0.0593101915935666,4321.26977082092,6607.9796445176,4286
0.318,3.54133255363203,0.0336863050384544,0.0318933657581691,3835.73979339226,3242.85099144806,4287
0.371,2.7385991659724,0.0108464136816777,0.00876648406661312,8699.23920123396,8380.84293305554,4288
0.424,3.06546004533852,0.00849476058552084,0.00595061090619099,12352.0371320777,13382.8757295773,4289
0.2215,2.85400149968754,0.0168725324748851,0.0143995153610616,5809.72885348712,5336.22583051058,4290
0.335,4.55027503997198,0.0619274095797896,0.0523851351965118,2688.0334183738,2609.92009607067,4291
0.4405,7.42851632811647,0.0484530291457198,0.0405753593776826,5813.52190046306,5640.15984405385,4292
0.463,12.8893498403382,0.0139388417731929,0.0107265903011826,34561.1132101529,35141.7961838975,4293
0.312,2.28711832542117,0.0126696158932636,0.0108550868158311,6157.96430639488,5658.83725734184,4294
0.348,6.20600772771795,0.0407567471791548,0.0353319472012717,5736.9386195983,5322.62479464716,4295
0.2455,4.11052442501191,0.0454649757545807,0.042762339941227,3359.26900482374,2833.91313532414,4296
0.4105,4.12448269742633,0.0130464584005869,0.0082460207050263,11248.067349708,13524.6677966451,4297
0.3895,6.11526762626954,0.0268814471220766,0.0238708574627962,8577.24445093652,7712.3062590775,4298
0.43,7.81860469524306,0.038265005144161,0.0334657997748307,7789.19507396305,7149.09083257564,4299
0.4385,8.0748849364328,0.0358781559382556,0.0296889049458782,8568.98594584126,8291.59172945177,4300
0.358,3.13399057492031,0.0151419426412384,0.0130258873672011,7437.93970200939,6819.89814641952,4301
0.34,6.88177383954179,0.0285272301136237,0.0260955204792672,9117.91335805913,7950.396677403,4302
0.4455,6.90985187669586,0.0495247457255559,0.0449412235817648,5331.28797114423,4722.87280230991,4303
0.467,7.04116948538679,0.00891460836354218,0.00708419850959019,27762.3137461589,27070.2152036252,4304
0.183,3.43575114941571,0.0728691386813525,0.0550109803722072,1618.64796448969,1806.69750996942,4305
0.295,2.77954215920005,0.0957945140327851,0.0861402121953014,1047.23806432835,960.986244552543,4306
0.4145,8.03010041046701,0.0492429866796707,0.0381132792498282,6115.66632343951,6502.44652080844,4307
0.3685,2.37771613694175,0.0246429447593641,0.018859917829561,3523.89466175753,3625.33112045318,4308
0.4665,7.23531265923467,0.0261627294707541,0.00922316737117955,10057.7962160091,22360.7110031141,4309
0.4525,5.61550113026617,0.0316654545205407,0.0283035931755215,6747.82335655601,6040.13412924965,4310
0.322,5.00051073915692,0.0332196795898275,0.0278387885027094,5579.04833625979,5350.49015803346,4311
0.3705,2.70419224474162,0.035049598998173,0.00918761295806689,2709.99017563407,7984.56146517436,4312
0.404,6.59306973295606,0.0441289486377196,0.0333695193014718,5584.87063492544,6059.81529496611,4313
0.19,3.09139271021236,0.0474911671139747,0.0428478280640481,2386.37951784307,2116.41924522725,4314
0.386,5.77330524272821,0.0168686922237004,0.015109752606976,12656.2760974094,11228.7729132322,4315
0.3305,2.11611784062289,0.00587700109650796,0.00486346822999429,11024.3423085053,10182.6677552859,4316
0.273,4.69419977213273,0.0271187109214719,0.0244363333160178,6402.18159141969,5679.18771917917,4317
0.235,1.9797128577063,0.0326521272126301,0.0140879105269894,2126.18962971066,3730.98691556526,4318
0.3975,3.00415232408051,0.00783958455353071,0.00473533906976782,12755.7008967926,15364.1045867696,4319
0.432,5.54479012465636,0.0102796657071361,0.00814268239305276,19210.6756585895,18851.6745969357,4320
0.461,8.76341445227669,0.0550023645818315,0.0334788142860107,5785.2172732029,8102.92290780457,4321
0.457,8.29007560907647,0.0107978642786836,0.00849964932590162,27755.8262228959,27488.7701515492,4322
0.368,3.6297762496453,0.0278282738431154,0.02272689422557,4827.46311210096,4684.43816150077,4323
0.206,1.87118109960757,0.0331876688865463,0.0221539367467538,2026.83168419786,2379.16201790315,4324
0.2935,4.06850949634073,0.0351111034758082,0.0325008512999186,4222.991642256,3632.94551723336,4325
0.1295,1.9397522326827,0.0419719579765319,0.0362924922589885,1591.32206300353,1452.16105424155,4326
0.4675,7.50757897971126,0.0113191830901892,0.00878235257802758,24226.2459263654,24375.8381392961,4327
0.451,9.87435165439349,0.0371685425616283,0.0254824425559535,10046.3756035546,11877.4625901006,4328
0.363,5.19241276173735,0.0622973080243662,0.0450149263742228,3000.60757712916,3504.17632231461,4329
0.2815,4.60822241096381,0.0315277250858285,0.0297299026373987,5527.29139200384,4689.82250432185,4330
0.4685,9.75682408084516,0.0180730515148888,0.0129515604786906,20230.7277684024,22222.709290499,4331
0.2205,3.99486701111408,0.051249708893283,0.046692745522255,2813.86031170535,2502.00132337063,4332
0.465,7.74200719910526,0.0297825519846525,0.0215200372450041,9807.25724654907,10858.9146710097,4333
0.2735,4.2649965243337,0.107307922453159,0.092651710171303,1436.47906572955,1396.75709986153,4334
0.204,4.97275744604842,0.0244295493841142,0.0225207320355858,7181.38768562447,6180.24708916376,4335
0.3755,3.09938971893272,0.0331437582524235,0.0163350261949476,3378.91729679174,5436.76107998968,4336
0.3335,2.49662058830751,0.00938969804243051,0.00727689081418474,8763.37152906833,8678.09207559829,4337
0.264,5.1574901874157,0.0644902715559592,0.0530670594702273,2921.6258295888,2922.95088499418,4338
0.3275,5.05978972811512,0.0312534207597791,0.021051225215861,5867.03150541872,7007.64185589547,4339
0.376,4.29190020171903,0.0373538856378656,0.0339326720136801,4289.00301253181,3803.05083546048,4340
0.167,4.53387629692825,0.0295189700637071,0.026468799042989,5333.28222349176,4707.04421138023,4341
0.4655,7.81282708514839,0.0768028117711493,0.0467641040311864,3574.52879746299,5118.13165204994,4342
0.374,3.86608903430664,0.0144953840566344,0.0104763357701648,9617.10274571147,10293.3846248245,4343
0.3485,2.36110616932846,0.00883608238536599,0.00691250611457883,8842.3704392803,8667.51656783813,4344
0.268,3.56335427577553,0.0564369078462411,0.0469597199359132,2298.26733796322,2256.23717097957,4345
0.1905,4.76825990458158,0.0271830957693679,0.0239798207382562,6225.56465850848,5578.75199594714,4346
0.4225,5.6588206079052,0.0193924425555082,0.00699425133631582,10653.6180323491,21971.7718018766,4347
0.409,6.79976724718207,0.0408255812543979,0.023737250680831,6103.65468479374,8579.82080513609,4348
0.4105,3.52089921316063,0.0073493218961482,0.00433523187170745,15694.7182087591,19230.2825094487,4349
0.408,6.62859671888256,0.0596160403910044,0.0370412050934049,3996.83841649492,5426.00965882957,4350
0.3205,2.78818071378307,0.0103861145797207,0.00927094132194384,8998.08257966925,7882.26531442184,4351
0.2765,2.03355322989304,0.0127220106920158,0.00981403975784122,5414.21388114368,5410.30190032817,4352
0.46,6.56506538129411,0.0105364060881714,0.00799090509383766,22429.3928271619,22982.0581762196,4353
0.4895,10.6987935378839,0.0480584124841168,0.0335960224403857,8361.76547010049,9858.72755503234,4354
0.3865,4.49843178078588,0.0121240779225562,0.00506580632765723,13091.1473939576,22178.7063515662,4355
0.441,7.86726965083055,0.0381412522980682,0.032429301269312,7845.94472464395,7369.6485730093,4356
0.403,4.369069846964,0.0972852036027674,0.0729818198156505,1557.46351321819,1838.92895960409,4357
0.336,4.3515157351806,0.0315252465332739,0.0272361588134495,5118.27802187943,4721.3988836351,4358
0.3635,2.30204487855216,0.0235345634925096,0.0188274326086151,3571.69974903237,3495.6089638677,4359
0.3385,2.59214673496595,0.00943217801874125,0.0080259070172705,9245.05112351104,8471.01173748995,4360
0.4225,6.05416802241052,0.0401808160207772,0.0274403662868023,5603.13373143633,6628.83550253473,4361
0.2585,4.15510051927555,0.0256737798952268,0.016872586559022,5774.3741106064,6910.86444564258,4362
0.452,9.58115952873194,0.0330593380944966,0.029021985249463,11031.0687614752,10029.2747342597,4363
0.4405,5.13033449792212,0.0106280991134611,0.00556552014190346,17233.8396292756,24220.5149654581,4364
0.393,5.24571657297793,0.0202071318787736,0.00593918983099707,9280.86941829989,22806.8185480358,4365
0.301,1.89701336611177,0.0121309077316535,0.00917749099006995,5244.33331178202,5292.6291593521,4366
0.223,2.35392258026035,0.0814947247237075,0.0600126113955061,1042.43159299112,1153.59032760103,4367
0.1535,3.75143741056955,0.0343025070312578,0.0321273881920464,4015.3378010574,3417.50486098918,4368
0.413,7.37056269814991,0.0321386534539506,0.0271048606967039,8609.56521467022,8136.07420691932,4369
0.308,4.42702729659391,0.0546074843279414,0.0468460308600959,2955.10417683656,2814.20174166313,4370
0.161,2.93302826085561,0.114413853156663,0.100938221772858,900.586438252572,846.076847866914,4371
0.1345,3.66625078818686,0.0807150640863689,0.0691455720795479,1637.62289601482,1535.84363434959,4372
0.387,2.91846164802451,0.0128734501483213,0.00552224636160946,7949.59441127673,13078.5708699232,4373
0.462,10.5228841897583,0.0578143728551413,0.0369869458177864,6762.02224191845,8766.13389031916,4374
0.413,4.32362180716775,0.00753600477171569,0.00659028124456497,19396.7104599302,17317.1146924,4375
0.3575,4.26183811032058,0.00929382653651204,0.00731315674733516,15948.3551412543,15561.9558766904,4376
0.219,3.50355111346614,0.072804950184,0.0672181468589245,1712.76048232179,1514.92292306687,4377
0.1965,3.15059772388265,0.0456416799110314,0.0427525083602081,2595.55419159105,2231.66001356411,4378
0.42,4.16459967763541,0.102806672403344,0.0674002953684266,1387.76446514751,1896.69370316087,4379
0.3555,2.3915846191624,0.00757081026147469,0.00564416549205643,10153.1445420849,10287.2836598914,4380
0.404,7.30012754407029,0.0362621189777948,0.03001378544834,7590.41684334161,7326.2543406941,4381
0.2755,3.85534233787155,0.0296249034702449,0.0275968011132701,4732.59635878377,4055.72765570967,4382
0.4755,10.677231025246,0.0258820055131753,0.0232039983530505,15648.7897764121,13858.5725939939,4383
0.318,4.52103595958213,0.0770768532702997,0.0670366732914538,2175.39927278259,2057.74286793387,4384
0.126,3.00311317584372,0.0915085548077864,0.0835455559296163,1161.95464223036,1035.85457674124,4385
0.322,3.49055653749988,0.00926196212301011,0.00737488347789415,12716.6957968981,12264.0506487543,4386
0.3795,4.78020426417353,0.050919481901753,0.0418393454232572,3474.83922348038,3478.72923923419,4387
0.2005,2.25616459323963,0.0160216375184414,0.0113938096804539,4704.51864046513,4988.62811759869,4388
0.436,4.58916215609447,0.018550196497196,0.0157609907215686,9131.08399736489,8535.58897106671,4389
0.172,2.78093459473497,0.0397940071447105,0.0372987021558448,2525.99922351705,2142.31953242263,4390
0.382,3.03859527973547,0.0112204722086374,0.0093658216185742,9498.6167250135,8911.60156121633,4391
0.354,3.91790593924298,0.00934840054485248,0.00536825550693766,14196.7551197073,17734.4639240758,4392
0.382,5.70025845290218,0.0541319197416066,0.0532644981536807,3971.23502745832,3220.77383638166,4393
0.2805,3.93348888880951,0.00802371497091314,0.0071193519908428,15521.753943925,13618.2573444217,4394
0.334,2.20512754611763,0.0197259722631208,0.010658462991828,3963.13777152051,5484.80331407784,4395
0.4405,4.05534628870774,0.025455730501032,0.0228571618264973,5993.96462199833,5326.11017913151,4396
0.1445,2.14823974976884,0.063362124480605,0.0542234004286056,1212.70210196365,1129.78796171699,4397
0.2775,5.60562833080354,0.0261528560599871,0.0247264397380473,7885.63576098023,6602.63463783079,4398
0.4235,4.56991177180022,0.0774212650569175,0.0488528823895,2037.19184484378,2901.5596129169,4399
0.4285,6.9650191447533,0.0471350548447003,0.0400023585271172,5575.31152143601,5325.85438553852,4400
0.249,2.71711096774878,0.0184925126300407,0.00948958893293536,5121.03127338573,7359.49507013164,4401
0.11,2.23713933232331,0.118022098238148,0.107372022241081,690.019964870252,611.10741830197,4402
0.342,5.80695453107517,0.0245934032856686,0.0202509267853307,8905.99700465954,8627.70220591901,4403
0.434,6.05138725734844,0.0251901433806262,0.0216657865046709,9019.45198219445,8332.91865756357,4404
0.456,5.54948556683429,0.00813983564082259,0.0067387941550042,23884.4080731473,22437.1110951535,4405
0.242,3.33266119052113,0.06619291545674,0.0578360567930392,1833.97045863648,1714.02040856855,4406
0.19,3.19891905171132,0.084677264228725,0.0716861083017891,1404.73492915069,1366.08340861407,4407
0.388,3.15418262409758,0.0126947883535213,0.0115913309115662,8773.35140119838,7601.69665008875,4408
0.3805,4.72332443662672,0.0295540143831223,0.00841557021849454,5613.14246870044,15306.7250573459,4409
0.463,10.1163857767783,0.0186654360848648,0.0167927263313282,20289.82514768,17889.61941987,4410
0.23,2.78849253062066,0.112526989728074,0.0875545097840204,852.077147453925,948.704732999182,4411
0.454,4.85437464564158,0.00951023795689172,0.00828461255622943,18027.4866255721,16274.0032043179,4412
0.3925,4.97157311102172,0.0439815848620036,0.023043458214318,3995.68155731839,6380.83936026928,4413
0.4375,5.53059113682563,0.0557644687006579,0.0508831079856491,3753.36987275855,3310.25592096426,4414
0.3605,4.64604353122452,0.0341388079885684,0.0311977390967463,5100.41366012729,4483.94190813402,4415
0.434,4.5454146433422,0.0214966408691345,0.0170219472380043,7870.21707210222,7861.09777896597,4416
0.3265,4.58975111426871,0.0105014940248401,0.00649089267241981,15056.899916862,17984.8985373974,4417
0.3945,3.03531129484643,0.0136388340981667,0.0106336928720969,7887.15109098742,7952.35896042557,4418
0.451,5.31578350676916,0.0137201463469249,0.0117711069475547,14139.5418940838,13029.7626191587,4419
0.2675,3.47385794877965,0.0228093737201362,0.0189001380235288,5494.68827651691,5271.38430851064,4420
0.4235,3.77285496895384,0.0158958824466922,0.00955228846612211,8646.17435956803,11085.2048430698,4421
0.2785,2.39532219696011,0.0784870695601922,0.0574718122993479,1086.65108655226,1223.12459992006,4422
0.3895,5.08095458274465,0.0126170485836933,0.009442582415744,14507.5915049723,14988.9932737514,4423
0.4005,4.99780163528329,0.0772981006776647,0.0648595100264974,2421.09707685783,2378.41288389463,4424
0.4535,5.75235347499936,0.00974954904934143,0.00624515179241244,21018.3555353347,24743.1823215345,4425
0.363,5.62814743105086,0.0815726305483165,0.0599919081890925,2320.11717062088,2878.38033425298,4426
0.4235,4.99082216768464,0.0142631936478369,0.0131625337134482,12745.5706567746,10962.9575890781,4427
0.429,6.79591794127451,0.0342560257136516,0.0291703355627671,7489.24498504286,7049.02608782509,4428
0.2915,5.99932648974864,0.0647097143793301,0.0575386308013988,3454.69518944198,3165.61863584418,4429
0.3405,3.4971535473021,0.0921009868892309,0.0625200727460443,1231.28004120847,1705.33062286073,4430
0.4115,5.72410149374488,0.0305899911682144,0.0248011809114916,6947.80310282854,6853.53699958446,4431
0.3545,2.73522782646283,0.00959872468957058,0.00749408158768169,9701.70276372407,9543.41611447314,4432
0.353,2.61873543789533,0.024255633580185,0.0163707663530348,3878.00308972524,4499.03185123168,4433
0.361,4.33096026846155,0.0144234648936294,0.0137202338164644,10685.8325592776,8934.73770141547,4434
0.3365,4.74695192097088,0.0392684660500986,0.0312016812001373,4482.71171739929,4521.44178039619,4435
0.369,6.66811637922756,0.0503358105961121,0.0392437902962736,4902.89813806213,5149.80475217806,4436
0.4565,10.8828003064778,0.0826679817383073,0.0507652198041204,4391.86041081515,6670.01581783643,4437
0.1985,2.10117929215417,0.0932706676543513,0.0875748891805344,810.947653936952,691.411718155429,4438
0.3595,4.90340832705664,0.0532891849161324,0.047168831447993,3427.14040299447,3133.93367919819,4439
0.259,2.76385953040035,0.0204854561098755,0.0170735514808432,4749.75757389192,4507.78170508752,4440
0.385,4.71138676637782,0.0244604787659534,0.0219170933620392,7197.15369249559,6402.68514604462,4441
0.4495,10.8779826953637,0.0557308097755482,0.0293980855542373,7070.59959096058,11295.9133977031,4442
0.195,4.27579490117166,0.0463950813549658,0.0422444869014902,3406.5304968437,3033.46727732877,4443
0.39,2.53218576548442,0.0103053131256618,0.00629425592098428,8427.92575064138,10211.4567252797,4444
0.397,7.67703581111516,0.039770121458906,0.0387182186654145,7361.86302895425,6043.0806628119,4445
0.2695,4.41255494458195,0.0296316348242904,0.0275540230450122,5589.73471185035,4817.43552485009,4446
0.133,2.92958911227276,0.138490499537593,0.119506965518213,721.291970145109,701.43421354474,4447
0.2695,5.23899589205942,0.039552831445256,0.0384704571659233,5020.68874195019,4133.52152819492,4448
0.4615,7.587352540477,0.0136392224381432,0.0108007745624329,20412.0727713896,20241.5693415693,4449
0.429,8.39913162607277,0.0825284885445163,0.0433872393752366,3457.55650264389,5953.62383641415,4450
0.286,3.9316781591962,0.0197975004964368,0.0184037627802328,7140.24006188668,6090.86313165528,4451
0.2225,2.6548940043788,0.076492256203727,0.0692960099117826,1253.57230891039,1123.33269264007,4452
0.428,4.0155065987157,0.0100503736218904,0.00668554905393622,14138.2371845558,16052.9429792114,4453
0.2675,2.68563010223754,0.0873989891592773,0.0772972826841972,1131.6152079953,1037.86522053328,4454
0.4795,8.90098648791767,0.0456744929091983,0.0347588446659356,7328.08347324887,7793.48401193958,4455
0.4505,13.4276680300386,0.0556300034949296,0.0459640987173935,9093.40331580766,8966.20651549268,4456
0.2765,4.57061462221903,0.0897785162548403,0.0768599262833607,1806.97104042216,1757.22685432004,4457
0.2815,4.75374838787662,0.0656950137677456,0.0444846115594046,2520.80797709135,3138.56908634517,4458
0.4005,3.63634646318386,0.00754898476882894,0.00596419581760119,15927.1333408677,15356.5831799338,4459
0.438,6.2846503648031,0.0274917267640788,0.0252927947774911,8569.77936222291,7415.93237274162,4460
0.348,5.26006111964083,0.0834996937780123,0.0562902973292252,2189.33546601057,2837.66798594696,4461
0.397,6.58073567240795,0.0457281579413014,0.0294257077514193,5336.89347427061,6794.9462184586,4462
0.418,3.21249462602578,0.00650555227114568,0.00485498081717764,16003.6478609291,16193.5242434311,4463
0.4245,7.73872007345287,0.0499512997574752,0.047666093712705,5905.22631591655,4954.33805699288,4464
0.2555,3.48015991946053,0.0315284787957899,0.0144078961546075,3929.61622472396,6776.79471267266,4465
0.3565,4.95316668509673,0.0333649349221148,0.0144229019802491,5213.6578685259,9734.74116826512,4466
0.1815,3.50800530657144,0.0536870446258396,0.0500292313663814,2384.6410273002,2074.27043244765,4467
0.465,5.90370719570874,0.0112015625235513,0.0100499090128454,18954.615275919,16721.5547216159,4468
0.3205,2.14037277093094,0.0119286703760655,0.0104736380477881,6027.56200506433,5409.29140076272,4469
0.4255,2.80832686743276,0.00814425731676795,0.00654586858104435,11721.8924210839,11242.1390530772,4470
0.4785,9.80736669212425,0.0403465173801604,0.0294297558625121,9136.14613548005,10064.5805607373,4471
0.227,2.92567400864941,0.0746397717729871,0.0676899416844647,1438.82301046092,1274.36857655669,4472
0.298,4.70846041585702,0.0244496104162868,0.0209220401284918,7070.02601586902,6556.78239892844,4473
0.3325,4.18844215361025,0.0267182096983668,0.0171299168293516,5716.44150531255,7062.59950157377,4474
0.268,4.38199128012213,0.0473736298386197,0.0415590315616167,3402.83109575735,3119.58967511944,4475
0.326,3.73205881581608,0.0881109878904843,0.0609835028542048,1387.48165732962,1860.00493676583,4476
0.4325,7.85124167703918,0.0466579799490619,0.0305269064570885,6268.03427599698,7819.85456808566,4477
0.46,6.69947572272667,0.0118722360062019,0.00835111078395382,20478.2822444443,22515.6527266643,4478
0.3385,1.93547217638629,0.0560206298948848,0.0165271804828679,1198.06484014449,3276.14676316848,4479
0.463,9.1255042393065,0.0350770493918101,0.0293245768529551,9894.70088318951,9486.6416676776,4480
0.4085,6.15580186237649,0.031144870080811,0.0276733918662649,7534.61001883203,6776.3744360558,4481
0.3285,5.02147175679364,0.0676355456285493,0.0558188089281151,2720.41726606026,2731.65949913613,4482
0.2305,3.00366020443185,0.123982936595937,0.112834862302642,873.286280723967,792.097057650607,4483
0.383,2.52927703625142,0.0102370806768281,0.00862159930663338,8443.65866168028,7801.88375040846,4484
0.4635,7.98342712019264,0.0200662799993074,0.00682953534070438,14524.9864338245,32187.8377028246,4485
0.3615,2.41012765501748,0.0156102016992492,0.0134357780517417,5498.34183729108,5043.22997187413,4486
0.422,3.61215771679761,0.0624830412247878,0.0576605418532339,2154.59921611063,1870.00321255937,4487
0.381,4.2173024743131,0.00745466994232462,0.00552997154795449,18994.6978354001,19375.9718957182,4488
0.4395,8.85168894951317,0.0356704257328823,0.0278234913120817,9449.65130688218,9680.98018546668,4489
0.3855,6.04446386193171,0.0298718161058153,0.0274011836647085,7531.22294501288,6563.41668501263,4490
0.4455,8.23708656217434,0.0589283015928401,0.0441359936687927,5256.59918336059,5779.58503019739,4491
0.198,4.08401543063472,0.0180202999651668,0.0144309874067379,7613.91763904346,7320.91868827575,4492
0.4395,9.54022737070979,0.0500104976593968,0.0263572267279625,6923.32136231436,10959.8658730334,4493
0.455,7.06069517791974,0.0155910852213859,0.00950100318815395,16793.999135985,21269.4522550653,4494
0.409,5.23562437907622,0.0163942906347932,0.0130508220392169,11752.8501054975,11613.4108098552,4495
0.3005,3.49038646461583,0.0753424187277335,0.0579834951570175,1681.54250158005,1835.70084789526,4496
0.4115,4.72164017071969,0.0130419762447968,0.00851683539923218,13100.5531968072,15344.20287267,4497
0.4245,7.05613835466501,0.0164417085200706,0.0127323435460037,15808.7954225761,15903.2068623393,4498
0.2225,2.02979068185263,0.0851196756956629,0.0770946358717498,869.019083916859,778.941568316626,4499
0.382,2.52044383336804,0.0111249876980817,0.00670374167635488,7891.46307169813,9716.27311331247,4500
0.4505,6.58866919627464,0.0370581208172694,0.00963439936799462,6204.20098333757,19524.9387053102,4501
0.4325,5.57456912819229,0.0131954241133064,0.00761326611588683,15300.6040696225,20095.5017311548,4502
0.3375,5.80984879542427,0.0563183762932932,0.0404427609362245,3774.60901645789,4358.43580968634,4503
0.4515,11.8418883163627,0.0331828936909293,0.0312055011979671,13670.4443017525,11577.3187189465,4504
0.24,4.48388679149558,0.0320617191145885,0.0305218452760485,5225.4549867787,4373.75720168466,4505
0.4245,6.52149955880281,0.0502283085000337,0.0456815166014464,4891.19619712571,4327.13880470601,4506
0.4505,6.58261513109731,0.0280259945214801,0.00616655516019457,8333.12119677332,28760.6915235895,4507
0.458,16.1218190965692,0.059562246140822,0.0398302281283054,10119.8810024143,12533.1885854912,4508
0.3795,5.82853860783748,0.0438313587070246,0.035232810836811,4962.77218192158,5057.12607940761,4509
0.259,4.49565558095512,0.0357786976144541,0.0326682426864848,4616.1183756299,4046.86581821585,4510
0.443,7.83706808670591,0.0351881416030424,0.0321759938213149,8401.01080936785,7372.05006780542,4511
0.2675,4.28270245091358,0.0599975614191025,0.0490121668430563,2582.78850979034,2589.64675976532,4512
0.449,10.390653030612,0.0376397690364821,0.0181299290342937,10229.4597689284,17211.7057336255,4513
0.309,3.17731927590554,0.117386723193718,0.105459849056126,979.825092052401,898.644897646298,4514
0.1155,2.03837131730443,0.0819089819158493,0.0726665947414113,895.414088742723,824.442260075402,4515
0.448,7.93894122801458,0.012482035232795,0.0103330196982162,23320.7550588242,22101.6427129207,4516
0.3465,3.58217669258415,0.0471047294174623,0.0434094684669553,2869.33991302154,2501.31385593329,4517
0.435,5.84198061416399,0.0449889093630484,0.0368266024103578,4863.35112497834,4855.69438646712,4518
0.1335,1.38869281848031,0.0482409670257788,0.0187500421980971,989.471547973997,1823.74434190134,4519
0.462,7.64530981233617,0.0218060096097963,0.00865345633569043,12924.1666875494,25005.9686904997,4520
0.34,5.14215649577997,0.0331071036718321,0.031296655954289,5850.12492981806,4951.60731287009,4521
0.456,6.41948149286046,0.0173932470924557,0.0104622048031863,13585.3961353315,17519.3143214296,4522
0.3525,4.19495730873343,0.0180679948149053,0.0108589134482758,8438.26352376591,10737.0220014889,4523
0.417,4.54835474976385,0.0119766604489761,0.0106547467225801,13606.795854631,12104.3192413931,4524
0.1305,2.337818749974,0.105727795825826,0.0978162122427435,815.395895546377,711.931848029248,4525
0.433,5.78235116272945,0.0452851096128037,0.0394662740221046,4839.70725101103,4447.5811605492,4526
0.3245,3.35023376535287,0.0161248943857568,0.0126744084892525,7405.95662988012,7395.88739888086,4527
0.452,7.31344916991371,0.0178360786598936,0.0155529160158566,15350.0260318733,13972.6558306191,4528
0.217,3.7698702728064,0.0868124504988474,0.0585194902566834,1450.17593943418,1908.4278776729,4529
0.405,5.54672330742269,0.0643998321215924,0.0472786394508151,3081.2928792417,3631.57288328737,4530
0.453,9.79127729432028,0.0384529026118591,0.0334950582799387,9706.73937489672,8929.2160651524,4531
0.4485,10.6233701223545,0.0546810809978248,0.0339479570840713,7142.49236982949,9580.97168826716,4532
0.139,3.27418057445689,0.110390733901761,0.105545679045803,1065.49926198422,893.430436347568,4533
0.2985,2.51814548440276,0.0654921935832676,0.0474653551863609,1385.88480621848,1541.03960399174,4534
0.451,5.82091686840919,0.0127960974466143,0.0104009313938309,16555.9525383036,16073.8667654025,4535
0.312,1.89975077955574,0.0232147553369379,0.0179268003675006,2969.21949363829,3012.24253796708,4536
0.4335,6.01166636142834,0.0441971613457963,0.023230639597972,4931.83515710146,7780.64910660835,4537
0.3975,4.11602991931632,0.0277632009847058,0.0209874779138338,5475.78848704422,5782.49260597117,4538
0.34,4.19712568711378,0.0363320260414304,0.0330460225182084,4370.35772572867,3842.22127566366,4539
0.375,3.00392071370348,0.0129183082474779,0.00846018531308519,8245.52819804183,9558.98520600025,4540
0.3795,7.08825094311408,0.0408578189373855,0.0392579919265712,6630.0004436147,5547.05890273624,4541
0.318,3.9861551439095,0.0371755165231066,0.0326604042705018,3949.86939819016,3596.05559519265,4542
0.338,4.70470810318218,0.0291991000471208,0.0205811831249538,5992.83018992529,6774.94436245111,4543
0.254,3.63188997056268,0.0159639035109916,0.0147714787019612,7994.78756623674,6793.40981670358,4544
0.3415,3.41657195971707,0.0117738458349578,0.0108000697619949,10032.3168835683,8669.12891597919,4545
0.445,7.93025162340411,0.0130736687371175,0.00989243590411538,22254.2754422926,22956.362914495,4546
0.2025,4.72865510639221,0.0220019315397776,0.0211178487383716,7557.75572771705,6271.06375522255,4547
0.426,4.19016007992163,0.0113184912179615,0.0098866619616289,13170.6089220943,11847.7482800853,4548
0.348,4.35242998033933,0.0231799762781923,0.0203309211811989,6918.90246026648,6251.13834084415,4549
0.1935,3.21624664026965,0.0432525148009829,0.0352890855807764,2708.94384502394,2629.17341810304,4550
0.462,5.94895549516156,0.0176358111121505,0.0154196473901066,12591.535002308,11415.0108411679,4551
0.356,3.72115610042091,0.0404593256315497,0.0368603071733379,3416.16125872086,3003.57130817159,4552
0.291,4.12681350892929,0.0517012991825816,0.043400506478987,2908.8440861566,2823.02900961535,4553
0.3665,2.94463181845952,0.0121555226534485,0.00860922617432423,8463.52453708163,9138.49539497855,4554
0.4605,6.19219327940187,0.0248358305873456,0.0221442639413012,9295.37455642397,8292.26628894704,4555
0.2775,5.51536375024989,0.0249001478211267,0.0169159263409152,8189.00844466659,9464.03953241926,4556
0.3205,1.99836310443399,0.0115089409223047,0.00903868124527621,5861.7184403462,5773.45113702507,4557
0.334,2.14117051958236,0.0118619049538867,0.00820861274693224,6206.44129637675,6775.20940353374,4558
0.4355,3.96044699423037,0.0260598787115736,0.0119945290749303,5554.29775641738,9457.84946206647,4559
0.3175,5.82446920015286,0.0327186940697682,0.031320954773714,6718.87908083691,5585.08372501188,4560
0.463,11.9268463539817,0.0139661233717448,0.0108726759676008,31669.1461427951,31865.7872713018,4561
0.388,5.75116209220779,0.0269381679863326,0.0208424274881783,7998.63851932572,8236.26527611872,4562
0.3345,2.33866630224342,0.0230551429058891,0.0161114233696081,3632.493955135,4061.49971011907,4563
0.424,3.45711145979004,0.00848895134785212,0.00419842245588536,13988.1910436532,19989.4987845437,4564
0.443,12.8580087503075,0.119169056447746,0.0697310119085852,2931.17732180205,5741.52734787371,4565
0.2625,3.42212816379594,0.0541174171114956,0.0467231650462017,2292.98841706366,2163.8341169557,4566
0.4125,4.27851945116857,0.0294177474291781,0.0218355745564014,5351.70979214201,5749.59713666742,4567
0.3835,6.53538102015712,0.0555140730710834,0.0412356877911104,4298.67728974959,4875.33371956078,4568
0.2115,4.09917716583159,0.0410136276384523,0.0376203703542051,3585.91381272882,3133.7365965554,4569
0.3125,4.03241061770643,0.0622670348290556,0.051171367102813,2321.47841750415,2301.22520799324,4570
0.417,6.21920097529256,0.0132634666823777,0.00891474210300761,17084.7741941788,19470.9270394291,4571
0.4245,5.77112912292166,0.0364408473508855,0.0288739203688407,5958.33021427701,5991.08949327313,4572
0.306,4.40844404508647,0.0504836338910801,0.0359977460007475,3175.59391928628,3635.21612016488,4573
0.301,4.94081161794685,0.0277222891260186,0.0261700146816965,6549.93589329219,5509.41568657209,4574
0.4695,9.78705936733496,0.0538334012137618,0.0472656422966273,6903.84911867115,6377.94812678479,4575
0.1865,2.09058753553458,0.0471230805040484,0.0414024746952735,1632.25867421642,1481.13498843248,4576
0.451,8.46001292844566,0.0145838199871193,0.00900246016645432,21338.7807186515,26592.4595486039,4577
0.469,14.9584574803819,0.0766594818194744,0.0571926870682339,7110.11117199101,8139.23668855933,4578
0.395,5.06764036143934,0.0686825016147123,0.0557199648141965,2691.23712220817,2790.11603652536,4579
0.3685,4.58702442286501,0.03418673501954,0.0247316929550268,4937.07508586904,5484.71626833147,4580
0.3325,2.87608435357359,0.0123720546593045,0.00825741612973039,8020.38516060574,9077.32062535709,4581
0.383,4.19984863706726,0.00857468187711284,0.00725921590773801,16586.6007841075,15293.9351291367,4582
0.4145,3.63820595898495,0.0277169375556552,0.0260081826102875,4897.14458686967,4162.91787565977,4583
0.4135,4.43101080910894,0.00878622939807913,0.00716899564211271,17361.1545489297,16561.8611062948,4584
0.3495,4.0970384627364,0.0332837140098283,0.0210783677889711,4489.69355219733,5622.60740732619,4585
0.447,6.75653656639644,0.0996828533396893,0.0508081228289872,1749.33346061238,4131.3593777852,4586
0.367,4.42262750504812,0.0540511270313338,0.0418901675727741,2997.07576013765,3173.97106378371,4587
0.2685,4.29737887383278,0.040799854665286,0.0376807932555495,3873.51797096441,3362.4873874888,4588
0.321,2.47955357115934,0.0116881867518166,0.00955803428378333,7294.45350162945,6934.6485030401,4589
0.3685,5.35257082940072,0.0170780307763577,0.0141234458292986,11352.6524603254,10858.787430486,4590
0.184,2.04115925371061,0.0512365822427197,0.0481253734498545,1452.7355796653,1234.3563428727,4591
0.364,5.85095879327907,0.0448894956060727,0.0373695470946023,4830.35437846533,4757.94754585707,4592
0.4205,6.547220607213,0.0131351723773936,0.0075713107612576,17962.4047174798,23581.9174331514,4593
0.43,7.05863947681469,0.0518663134376873,0.039282169212032,5044.39500158514,5522.05491278183,4594
0.3855,4.92638286820403,0.0804597721257737,0.0457089615035335,1904.45295926068,3282.53149368163,4595
0.39,3.33375946563645,0.0248477363016989,0.00885860355287012,4855.25380952953,10290.2229815868,4596
0.443,4.2083384033131,0.00956735271291116,0.00786201736315123,15508.0893370197,14733.6834564855,4597
0.2795,4.14637438394445,0.0933590181237973,0.0672694262323281,1495.38604233758,1851.79996703269,4598
0.4425,4.88956828794877,0.016066250142091,0.0129510777026207,11265.3937500708,10954.94444817,4599
0.2495,3.80573678737822,0.0632677054381073,0.0548093864481849,2200.88897810616,2086.75782074202,4600
0.312,2.64316277575835,0.0149494887327662,0.0127399924451429,6215.01436858043,5705.97328912374,4601
0.3375,3.72800602423393,0.0122880016807974,0.00907648015964699,10477.3577064869,10785.4252893129,4602
0.449,8.95057554000948,0.0810585686764996,0.0519084978058212,3674.33966329281,5376.96100264044,4603
0.4355,11.2343527420557,0.043318641519617,0.0339806910215775,9857.27225490555,10063.9280840896,4604
0.4245,3.49512879611998,0.00477664926841237,0.00408273802431596,22660.8011677764,20418.8497321593,4605
0.307,4.80077669423534,0.0723170609721104,0.0594823982501732,2421.59942427065,2426.38705943325,4606
0.273,3.50427366485513,0.086609093931305,0.0598829516670392,1332.91235907669,1749.58290057314,4607
0.377,5.10290973898819,0.0564131502374164,0.0488690533751243,3383.31570549448,3181.06216535854,4608
0.1775,2.04482283359062,0.0630053190798015,0.0568784841285955,1204.31640023241,1069.92181663931,4609
0.261,2.90160109485847,0.0246129301203493,0.0220043461582284,4150.50460194146,3661.87883945972,4610
0.2965,3.03184044063048,0.015985530887244,0.0145530836138022,6630.8593412803,5730.16767806811,4611
0.4205,3.15384187363198,0.0111973297409329,0.00787776296516788,9976.18596775857,10912.6624185485,4612
0.192,4.78935305766171,0.0288194870641287,0.0275793969490575,6026.7131548666,5006.66374692782,4613
0.1755,2.77917766138621,0.0498862788261627,0.0435190958980368,1986.29606401311,1824.09198680293,4614
0.319,3.60210760578927,0.0105943411475106,0.00611577962680382,11542.8882275164,14493.8066176645,4615
0.3085,3.34206163505833,0.14334660616271,0.0944618953834674,712.492951422598,1069.82645423954,4616
0.3685,4.43641993768991,0.0185186496040688,0.0163410415754124,8583.03704428733,7676.07749642081,4617
0.168,4.32461452239881,0.0606008058381058,0.0564846072777794,2517.47408845856,2189.72877705535,4618
0.1935,3.06713692426149,0.0591977372340492,0.0546204584076773,1885.06005647123,1629.83224264491,4619
0.433,6.44964415376901,0.0483595401037741,0.0339150590316871,4992.567330291,5781.03160783501,4620
0.373,4.44828505752574,0.0224974000451667,0.0164255923440665,7267.03600203835,7807.54995208369,4621
0.442,4.39457122352564,0.0249493768135796,0.00790069435104642,6336.36470470578,15238.5240073727,4622
0.4595,9.75901226952007,0.0228204705306281,0.0197644538888328,16111.8555417671,14795.1444876856,4623
0.4595,11.2716222227748,0.0655959331888148,0.053448312907947,6450.3346359667,6539.6264209825,4624
0.1835,5.08897979019103,0.032083397613297,0.0261842024034825,5764.53188798734,5604.14683638195,4625
0.421,3.26947460866252,0.0157652527420679,0.0138245475285081,7515.75654427333,6774.07508058309,4626
0.442,5.00501848860648,0.0106434956779565,0.00618365968732466,16865.5012272734,21651.087058125,4627
0.2135,3.01557522305638,0.0171829893798007,0.0154145501097216,5944.95902150142,5201.363051328,4628
0.4055,7.25093556482422,0.0311390575912751,0.0275278874184441,8860.8959553188,8071.06717168622,4629
0.312,3.5559797934331,0.104952735032391,0.0820559431460428,1163.49901533506,1311.07356875391,4630
0.417,6.99721492333081,0.0349709429565655,0.0319346461058496,7526.2877599147,6599.89853940178,4631
0.4635,4.87500788607439,0.00946750293916739,0.0079833826462108,18195.7384455819,16916.2301148818,4632
0.1785,2.03314681321642,0.100359974833755,0.0712442108593603,695.901615948896,812.395355939167,4633
0.238,4.42616713300768,0.0525245200265605,0.046213302482047,2959.88810436786,2723.35663607284,4634
0.4275,3.9540538642395,0.0418444130206602,0.0182008945150323,3368.8883782588,6394.42839711089,4635
0.113,3.12382204503563,0.0688235340608384,0.0614052801774962,1596.22995531214,1435.72462622556,4636
0.4475,9.07340469399917,0.0214552870669712,0.0149409152258309,15798.4778590784,17878.9201012801,4637
0.101,2.58207114534241,0.114926710944379,0.095298698342454,777.877371306336,759.667585212727,4638
0.3385,4.94582988451721,0.0094188400663305,0.00641738043079918,17717.9984419623,19539.8408902471,4639
0.3995,4.96514267999258,0.0295502159216615,0.0267343010291895,6319.80167062339,5594.060763544,4640
0.3385,5.91995103069362,0.0372230767076115,0.0357217688875261,6010.41182393749,5045.84857810666,4641
0.375,5.36696665540286,0.0258650581582176,0.0234934846342285,7851.22204786151,6919.28559982582,4642
0.2695,2.51929807639649,0.0675834708949409,0.0594550492634671,1360.67476920326,1252.61190298904,4643
0.424,3.98583945842616,0.0156565570640301,0.00980861417834499,9225.45506667911,11336.1248079562,4644
0.223,3.24864239795106,0.0474274177119557,0.0434975141313735,2534.85402134843,2203.02312957863,4645
0.458,9.31858071253201,0.0767275259063096,0.0627689808720799,4489.46317269314,4642.28552963635,4646
0.2625,4.05004417440101,0.0132298299327984,0.0109942740676413,10505.9572816984,9869.57537774949,4647
0.3815,4.76581504060278,0.00907309021732727,0.00592136603057476,17986.4714880123,20443.9894141095,4648
0.452,7.64089758414475,0.0256936031434666,0.0235893902831759,11216.518721828,9778.06977846028,4649
0.242,5.31346488415731,0.0294536581471372,0.0279036558389659,6634.95846700406,5589.93844333916,4650
0.4525,4.73860024962555,0.0256363584993363,0.0182330304636828,6938.9170650227,7712.3227650724,4651
0.0975,2.664880335305,0.0847574818937165,0.0780057985593323,1108.37232645203,973.319791104433,4652
0.4805,8.88343602213608,0.0364158109824499,0.0270345911623861,9231.92571462398,9998.37438656085,4653
0.459,7.25653495713655,0.114377045062285,0.0475636671021087,1335.80727145278,4759.8718828282,4654
0.4065,4.4541734812305,0.00701211421044212,0.00531769582855214,21285.9197922808,21328.9632599829,4655
0.4445,5.3964198318064,0.0205525466357088,0.0183439906431704,9792.81236437935,8715.85900491212,4656
0.159,2.73635768222111,0.0848800819419,0.0784432846449623,1134.98546499404,1001.39261717299,4657
0.252,4.03208764359067,0.0490212733797725,0.043517121227848,2991.15406454594,2705.58691792298,4658
0.2765,3.93844080749567,0.059937063821701,0.0491974320883659,2387.8805072787,2366.05535547448,4659
0.3105,4.57795437133953,0.060152713122284,0.0440811756946191,2763.88722218363,3112.78156918133,4660
0.2715,1.89088157631251,0.0213980794969001,0.0149705262147743,3125.65123703113,3439.22878617154,4661
0.1945,1.7891740421679,0.0659882165879564,0.0555824807042739,980.621025422269,934.577384200862,4662
0.4375,7.49426040640299,0.0596334736865878,0.0410867617270286,4592.51203436816,5585.69625633487,4663
0.179,4.15655983775504,0.0606698997001843,0.0522431449102174,2470.17590615643,2305.86413839256,4664
0.2435,3.8964705292933,0.0841937299898144,0.0740987396645248,1682.34325939105,1578.54263086541,4665
0.369,3.9923834420135,0.0223836874609476,0.0208253472398137,6574.79724821719,5627.10079551152,4666
0.2,2.22363376523492,0.0506312993171453,0.0375033174769534,1585.42299213908,1707.98695927793,4667
0.3225,3.7075688807177,0.0379442857559966,0.0359128328088493,3652.93518037472,3092.42637075972,4668
0.4025,5.90240310565404,0.0330884231675477,0.028964855186435,6767.1572227904,6201.74485617058,4669
0.4515,11.2679664541304,0.0831070563010659,0.0435641156788254,4050.27096716987,8079.54763409145,4670
0.135,2.38836768491037,0.0342462050899828,0.0321514191552618,2490.59860710335,2114.46564194881,4671
0.3925,4.84885012243172,0.0326241961573436,0.00856912463308046,5172.50645434074,15425.0635656665,4672
0.4225,6.29027121376089,0.0315593858709037,0.0260858216288587,7591.48264327502,7354.63292991734,4673
0.4575,9.21312366152138,0.0126889354391316,0.0091647070147028,26629.0641770922,28637.0252152305,4674
0.328,4.88546113987441,0.00940517051532316,0.00810408444115207,17446.9718945511,15759.587320103,4675
0.24,3.103569169697,0.0938718002066297,0.0832904925305816,1203.1942198845,1112.05597700126,4676
0.4775,14.3124464626891,0.0404788266716748,0.0268204441423134,13369.3022958607,16364.9873206486,4677
0.2685,4.2504927248349,0.0244437952215124,0.0180014398659179,6277.94638685962,6695.30210781224,4678
0.42,3.19789876389521,0.0242090628606539,0.00913210287834093,4802.95265545573,9755.81285067258,4679
0.383,2.76991842765432,0.0143303508191723,0.0103064585693841,6844.57472903083,7298.55280667149,4680
0.368,4.20794844438974,0.0191568915427383,0.00575637152505572,7815.73529907102,18523.0508226667,4681
0.187,2.88315938421931,0.164548931020149,0.122522478610058,543.336767859561,689.675148693653,4682
0.377,5.57978653068301,0.063270970923918,0.0375894451729326,3026.32419792636,4514.04891936712,4683
0.4545,11.0267646719175,0.0327165565170139,0.0287233834502073,12891.4077866071,11818.1916117857,4684
0.426,3.34810067178361,0.0151708828232109,0.0113897586781761,8017.65237834436,8349.73849453075,4685
0.173,5.23773667693862,0.0742370305395304,0.0681036051285052,2499.41578225652,2190.0094531464,4686
0.4155,6.068215769538,0.0745571955106553,0.039485265428366,2568.53521053512,4709.43188033004,4687
0.416,6.81678817683765,0.0391260583116209,0.0336577038162015,6608.09899199949,6204.75941727931,4688
0.4125,5.26313022666691,0.0162892152153984,0.0142150380842293,11756.079308625,10662.956658006,4689
0.3245,2.97807853400606,0.010931715058265,0.00877836906282441,9378.68473856525,9061.32672860821,4690
0.4545,5.41144170223647,0.0142225395850096,0.0123709310382314,14013.00067776,12715.7125710519,4691
0.323,4.83372800669855,0.0185504064938845,0.0177067148152252,9360.01080738215,7821.11273543096,4692
0.447,8.69210474011389,0.0436510586245682,0.0368756311454099,7519.11102531352,7267.27268987789,4693
0.4635,10.070119109459,0.0322888047586261,0.0311549412808059,11988.6427666508,9910.12049795622,4694
0.4805,9.0701134607812,0.0336948098411857,0.0318070773441273,10180.2892676303,8591.20096526122,4695
0.281,3.77196705333959,0.0265676752051518,0.0252001842525332,5238.67378405242,4420.74623493181,4696
0.2805,1.82272617612188,0.0108655175405081,0.00756396566528058,5526.15194910561,5902.66123722059,4697
0.4645,6.60764003242312,0.0522272315567356,0.0485774480182532,4813.44263319678,4133.01432585351,4698
0.3125,4.690589388418,0.0376786973528207,0.0330454105823411,4607.71643190903,4210.12469232941,4699
0.3855,4.73188041469285,0.10424113675793,0.0576099731610452,1318.52451275189,2505.78501755963,4700
0.2995,5.09924339414243,0.0535958179679004,0.046725303143188,3535.98877462969,3270.29611028343,4701
0.184,4.83331192577398,0.0669808481579464,0.0592137463282211,2663.55340322838,2443.99969204323,4702
0.4315,7.35234132011845,0.0515977320662693,0.0430036478756031,5344.9069380898,5303.77493641964,4703
0.1895,3.18127813316884,0.0216990640756373,0.0133756058702929,5072.99105179022,6165.59744044277,4704
0.3535,4.84690351284777,0.101811418206078,0.0811831566546394,1599.09999408918,1805.38232409362,4705
0.279,4.52639337861126,0.0267962808783033,0.0248220906061658,6317.07501847746,5413.21317110851,4706
0.32,2.45320425627301,0.0110394981630933,0.00907914967470239,7552.83726803195,7120.06472985877,4707
0.401,4.3944181844889,0.00827830645339045,0.00618713511943976,18283.2537071786,18623.7787734909,4708
0.4285,5.65173599348293,0.0195090749921653,0.0165254611552504,10788.9849416524,10077.3922401874,4709
0.382,4.62643951599312,0.0413284268209166,0.034013123853207,4170.77541260145,4108.76797850907,4710
0.436,6.43625663319296,0.0417586294483777,0.0305213285517168,5793.07074149462,6411.14392975511,4711
0.347,4.77802067650208,0.0644080969534828,0.0573166244160298,2735.21619710667,2506.59719925215,4712
0.313,4.04682116145794,0.0117266682758135,0.00823378989852467,11693.097867298,12616.3373392657,4713
0.2445,4.50901432786535,0.0382998598265322,0.0349833182050931,4320.64079213597,3770.04168213738,4714
0.4285,4.32493738212194,0.0127476533756174,0.0114542555262719,12338.1223876537,10831.2118485034,4715
0.2295,2.34776335367371,0.104427141213661,0.0925463374688652,820.567148809996,765.408112416445,4716
0.3505,5.22214630580522,0.0392002465523758,0.0365798100205834,5050.94862410975,4346.91488580145,4717
0.3955,4.30094223320295,0.0147732691688959,0.0113501379918616,10566.5454773702,10786.4248435571,4718
0.28,3.332744589167,0.135864000157432,0.110711228774788,829.14782215473,900.184805986079,4719
0.3775,2.60886936679643,0.00737365505075139,0.0066171610362618,11646.923461543,10135.6472724948,4720
0.448,5.94106839672518,0.051499683960489,0.0355349130520762,4297.30825128346,5052.52835193505,4721
0.4155,3.02030147510919,0.0116503418713377,0.00562658579813583,9192.83575437196,13640.2409476898,4722
0.366,6.54548426424011,0.0396814252400588,0.0303156483613091,6213.31496201397,6548.49026978288,4723
0.457,5.28123292495631,0.0307759908007796,0.0270084491787835,6514.89019917735,5930.72901369072,4724
0.4035,2.86662327507927,0.0066104821871547,0.00507688582870093,14096.6511587268,13870.5553734087,4725
0.4665,9.23688942645263,0.0111550553501788,0.00853440078161206,30275.3879563293,30788.1767244102,4726
0.277,3.61143781293027,0.0355572107471848,0.0254073290111702,3662.86437862771,4081.75758560731,4727
0.3265,5.2446185817367,0.0415090028223556,0.0343911914442003,4692.54328401138,4591.15374764701,4728
0.2405,5.01471101985165,0.0230173443841158,0.0177540882252816,7869.83537702699,8010.61336361061,4729
0.3415,3.19606225660371,0.0144207903720184,0.00808623166594058,7753.7977096119,10378.7880683714,4730
0.132,3.44428471133667,0.064829951598685,0.0593178273628436,1947.33992718268,1711.4440581847,4731
0.424,4.63295976234326,0.0414670500142757,0.01010856010512,3797.09067145242,12934.9615995384,4732
0.369,4.5766844276144,0.0175403681321693,0.0166898337964974,9412.74694652959,7877.47246743916,4733
0.339,2.90039029621278,0.02920192738461,0.00778861369667623,3528.59045259965,9583.12562607624,4734
0.4005,4.26524166220205,0.0100177469435964,0.00759911128338879,14775.2646089392,15038.7164104837,4735
0.2405,4.15695363298698,0.0348126368104821,0.0331428825834506,4362.12600349321,3668.75577630844,4736
0.4095,3.96275176185989,0.0333173685204285,0.0291828557177753,4473.2269994118,4058.88928518646,4737
0.336,4.17312561243909,0.0448152455860295,0.0314435714640015,3427.20074326041,3948.03850134973,4738
0.409,3.77058963276516,0.0108045956112422,0.0088785248870982,12267.9151411248,11678.1242453462,4739
0.3245,5.31662063395707,0.0441353576644613,0.0379079816400264,4538.8714284645,4227.59446520234,4740
0.452,5.14036695472448,0.0358960425217139,0.0291968041718665,5438.81881189478,5371.40103744993,4741
0.4155,6.86642662497823,0.0570412319830084,0.0350998018705593,4378.14463006739,5971.46428181104,4742
0.322,5.24118760863923,0.0288304520537117,0.0190118693485414,6586.50909171047,7984.69337022887,4743
0.2235,3.68993291346393,0.0513998931254763,0.046951696614023,2583.31734721895,2297.13044267177,4744
0.367,6.30016372631198,0.0575803869451175,0.0344188320832789,3881.91705972269,5524.17462385953,4745
0.449,10.2142365872435,0.0426786206561317,0.0399394266068296,9103.48395939819,7804.15435392964,4746
0.342,5.36823927654849,0.0301372615160857,0.0279481585709005,6672.95560521741,5727.52100359691,4747
0.247,3.75444365105854,0.0722109976064443,0.062094943852963,1867.44214874906,1794.68855462924,4748
0.4165,5.08550967396362,0.0178241454064981,0.00650913952942898,10288.7339553199,20741.4475348395,4749
0.3985,4.69259940924896,0.0106590098808072,0.0085378840816605,15519.052084327,15062.877558414,4750
0.413,5.64930646626345,0.0354904739235959,0.0181486922716065,5829.9310005852,9278.83806839405,4751
0.2945,3.35588188328129,0.0860972776340014,0.0673249301799013,1345.34572285617,1488.09376843504,4752
0.2025,3.14567957856153,0.106015854911345,0.0948451776012815,1061.57599863928,979.9802964373,4753
0.156,3.21479792696012,0.108073917678755,0.0775925595721698,996.869090433407,1192.87874748983,4754
0.454,5.8674639061686,0.00882639124885382,0.00703306145199827,23205.8332516355,22622.9359340685,4755
0.2745,4.47763807494111,0.0563067928866823,0.0527804291806899,2946.421396688,2525.97336461559,4756
0.3925,4.89211108383287,0.0109552133474833,0.00868608945840926,15791.4847589693,15430.7693949772,4757
0.198,2.10682923969264,0.0608867927694084,0.0568559046618141,1253.8412465864,1078.74742827729,4758
0.3595,4.25207301406581,0.0523050102665141,0.0473092191413015,3007.67169941098,2684.2457171872,4759
0.4485,7.15284215500533,0.0669916047163403,0.0568336996689145,4030.60537116574,3861.51779647636,4760
0.4355,4.85339690714961,0.0952513924836984,0.0578923146617233,1578.45119856803,2593.30676688804,4761
0.1915,2.11088680307377,0.0644894634504148,0.0537245495818938,1194.48000600602,1156.01760454474,4762
0.256,3.74565773189087,0.0152776134754494,0.0117157017634771,8555.21601419173,8600.10356721397,4763
0.445,5.02778626614982,0.0154143199942138,0.0128711964296664,11893.4848261013,11253.9196629396,4764
0.416,6.40150810308302,0.0317329745029948,0.0288900302201803,7599.20457183121,6646.57757431091,4765
0.185,2.82111093105681,0.0542320620173628,0.0498729178230421,1913.13256898052,1667.32138140605,4766
0.2535,4.85856010955376,0.050363845555187,0.0455171519243818,3524.24936955552,3173.51218552223,4767
0.3575,4.21478084632325,0.0304934630241842,0.0242537761584614,5141.24681443821,5224.28857500854,4768
0.2735,5.23657749122608,0.0467663776673931,0.0428497904652286,4206.31164855418,3675.82915066725,4769
0.294,3.24520627086539,0.0488955404929131,0.015930539830224,2235.72632705085,5639.20042355127,4770
0.27,4.55199448187512,0.0384633771796808,0.0220013914177973,4199.62216894213,6059.74506699382,4771
0.2325,3.89769639237536,0.0318998620039484,0.0292078738686968,4399.62532107073,3818.45347117551,4772
0.3755,2.51914613222023,0.0242082120024538,0.0146070621668388,3827.04567484176,4952.13007052936,4773
0.327,2.10119376184469,0.00893637859513773,0.0082940307286518,7688.31534281907,6543.52198118884,4774
0.213,3.13729702528343,0.0648531472017964,0.0582945049103235,1714.79643173671,1568.19118229907,4775
0.16,3.41961778692078,0.115487527600178,0.107480036637424,1065.48088401781,928.559620688133,4776
0.446,8.02480190590227,0.023481448742426,0.0201017258981287,12870.2377670916,11992.466349813,4777
0.438,5.20547808722675,0.0282925568779924,0.0109553479968918,6658.51620722467,13557.2313865239,4778
0.456,6.55635554523181,0.0272773964725538,0.0150563399358827,8917.56651924214,12812.5009241911,4779
0.441,4.47407326547456,0.0568365055327536,0.052648134973377,2974.11544597726,2592.71332123862,4780
0.192,2.90562117248945,0.115730825034545,0.0923669326147973,859.892879029592,928.405893378556,4781
0.221,1.66631702933536,0.027194264283519,0.015305078591669,2150.37917284508,2855.03111431696,4782
0.256,3.74266430690552,0.0584924325685642,0.0534642316515802,2358.84790869362,2087.07945485848,4783
0.303,4.7352137251207,0.035271690694896,0.0326905367524443,4926.2206312731,4230.22080634764,4784
0.449,6.37085249686031,0.0208028107223004,0.0167039697897249,11428.608799952,11289.7215975648,4785
0.453,6.71048961740434,0.010596156350893,0.0068150585704944,22638.9546123321,26731.6786541246,4786
0.404,5.1383509946703,0.0147728673556583,0.0138980255798598,12605.5364117177,10630.2348752603,4787
0.4645,4.72005139205985,0.0195710253209341,0.0171231246098347,8973.04745617269,8169.48679509745,4788
0.3875,3.09752230423609,0.015113512316349,0.0124646977468124,7273.35982422292,6968.24787692598,4789
0.436,5.01666441530704,0.0202318488682538,0.00619511467739327,8872.2484514936,21452.4339757741,4790
0.3955,7.08307191095289,0.0771653475271513,0.0488801583479767,3159.46060252462,4432.20164522227,4791
0.3755,6.1639109541378,0.0377504650791934,0.032636322082586,6093.35543714917,5710.81319666321,4792
0.334,4.71687036910973,0.0356452286349036,0.0305487911814697,4955.82051492125,4618.39109737547,4793
0.3955,5.03766178626823,0.0537002364316913,0.0437671428844447,3527.4677824587,3483.91942984407,4794
0.436,3.08686774811056,0.0114642778294696,0.00891920870174707,9476.23207407914,9488.68353184679,4795
0.374,3.392506463781,0.0122969376841494,0.00792478301070425,9667.41728420287,11326.9533725729,4796
0.4285,3.83072159752533,0.010001216589103,0.00538174491221095,13389.4231310982,18108.3339671199,4797
0.3195,3.73375279758127,0.0752790607309138,0.0617377080011048,1800.18111581901,1819.06860518796,4798
0.2025,3.57495252035008,0.118181929042743,0.0837084177939155,921.479365711687,1250.04873754005,4799
0.205,3.09761281730307,0.112779320480767,0.0928804730929833,923.029811199396,960.325826246879,4800
0.336,2.82909799830827,0.0143712466357409,0.00838236885781438,6898.21388207482,8896.68950280074,4801
0.2495,4.00185766607072,0.0920066629611107,0.082048061631737,1555.97559363481,1461.91626042266,4802
0.447,10.7262920737559,0.0457393432126811,0.041593680238176,8936.12062541823,7891.98855425787,4803
0.241,2.41492392423592,0.0370075169410713,0.0338458426950092,2375.41789642054,2083.17849146385,4804
0.1435,2.54240514497366,0.023417838481172,0.0184100314592282,3692.64202215581,3627.15246915356,4805
0.203,2.7523015251912,0.133528145798489,0.115582244110073,695.511416566611,680.728055490692,4806
0.4325,4.24404458716869,0.047527899420007,0.0268299221807284,3228.29436869575,4728.25932805755,4807
0.3625,2.4089947534297,0.00956770866909996,0.00774704970219214,8418.60108986591,8063.90489466285,4808
0.4645,4.66258414482623,0.0148784441264086,0.0115443251267778,11473.9200964503,11614.3782121888,4809
0.454,13.5574807204488,0.0720855637229909,0.0521735035126439,6974.09938303739,8039.75448937642,4810
0.4725,6.35883747163359,0.0106906557449257,0.00934988308570026,21333.5857012498,19189.3346078766,4811
0.3285,2.59314944754192,0.0139734256778066,0.0116011536469988,6493.81353480129,6100.52253440466,4812
0.3605,4.59632046217358,0.00781798382352703,0.00568787293234951,19715.2110530713,20413.1703484407,4813
0.328,3.1354790905318,0.00976067325625372,0.00875072329340574,10813.6082897011,9481.27489319939,4814
0.423,5.19908321624994,0.0097223778315541,0.00658590653920416,18797.2713044765,21022.6048734637,4815
0.4285,11.3014469976095,0.0447496952024234,0.0348637300937941,9499.94333255493,10020.791002576,4816
0.452,9.90767058743079,0.0471190432653615,0.0410789505360619,7968.65555435891,7365.83961354959,4817
0.422,3.26796471415326,0.00789145247746585,0.0068528856942608,14017.5707385243,12595.4161140405,4818
0.3415,3.28933796369203,0.0881943046922488,0.0713092188939114,1326.31915529839,1399.88096396291,4819
0.3855,6.41063300509058,0.0622896066592315,0.0555173007471258,3862.96102092316,3546.876727739,4820
0.1825,2.94801619079435,0.13292656757593,0.109306586770556,743.456122477705,788.597259537103,4821
0.308,2.38546794386539,0.0301354732837033,0.0140183127651334,2860.92910563185,4714.62603529666,4822
0.4365,10.2596820260385,0.117240278478028,0.0568456806971478,1938.63035889574,5654.61002241326,4823
0.2115,3.48633739328396,0.0559840765056661,0.0366045924146259,2179.25029574401,2716.12213566249,4824
0.439,6.95516235696485,0.0495121297728368,0.0354212750366546,5156.52509536028,6010.8710044218,4825
0.4065,5.50278589872707,0.0287488804622219,0.0230147868692383,7276.44753506253,7220.86201725959,4826
0.448,6.75796864407927,0.0306777498550694,0.0261762319833047,8351.97099308797,7788.31671675279,4827
0.244,3.3484617962865,0.0439293956498629,0.0234787096763367,2653.33990582209,4081.6170542483,4828
0.402,5.5272301938868,0.0392168392416526,0.038197562487445,5296.91100071,4348.82190358459,4829
0.2,3.18005776428345,0.0733045078459184,0.0498150377382332,1551.45272783874,1911.03292053509,4830
0.466,14.3569971917318,0.0779882973295357,0.0563685791773166,6670.18614887295,7980.32968722215,4831
0.391,5.95737828597933,0.0354043885243975,0.0306980172101994,6314.5472668883,5862.16433085327,4832
0.2335,2.19215693960016,0.0796160739055439,0.0715920196803174,989.651409444526,883.563043973313,4833
0.197,5.00535477790846,0.0190779798808971,0.0180355636854164,9039.25067911631,7602.0542999858,4834
0.4345,7.26962595729246,0.035501626617195,0.0212241818975369,7613.61462602254,10233.1920425359,4835
0.2595,5.65730342111881,0.0441660036810606,0.0416837931888126,4794.6197359393,4078.01833934062,4836
0.302,4.29732126573208,0.0207111858198235,0.0155335653181844,7535.78071786368,7908.52650339831,4837
0.4365,4.13360386083938,0.00908345467757797,0.00559622219629431,15868.4139118896,19280.7079608554,4838
0.4105,4.4139969213325,0.0151717533794474,0.0109292717018097,10636.6659797271,11496.5448995483,4839
0.1775,3.47701111197408,0.0886325291383998,0.0823665535448812,1401.30045417252,1215.66624351892,4840
0.1685,2.78351020572011,0.147959830335706,0.129698690448437,638.623251535357,628.597380263687,4841
0.162,3.24403567296217,0.0607522864526179,0.0481463667573467,1915.66713482897,1965.89487767369,4842
0.4465,8.07933016464928,0.0448267152924137,0.0315932613509943,6690.44649547705,7845.30093974599,4843
0.457,11.9887798039406,0.0541437389387119,0.0435407774820702,8311.08243895841,8521.70585436464,4844
0.4025,5.49601504537257,0.0314601447699334,0.0291724325709519,6629.62220591076,5698.27528551398,4845
0.417,9.14961896269966,0.0489119288878926,0.0351705085813599,7072.36777398637,7937.78854597981,4846
0.292,1.85858022168747,0.00746907534897739,0.00497335905535433,7694.92619934987,8339.09345529416,4847
0.452,7.67437363805389,0.0496692656971599,0.0184718699337772,5339.5185112276,12320.3512468286,4848
0.3265,3.40339348461686,0.0507895810875517,0.0488150604248991,2505.30296930688,2078.6681992259,4849
0.2215,4.55652939113256,0.0470127396992842,0.0433888979631423,3576.05376105556,3112.12212458145,4850
0.388,4.69574041851385,0.0231605392640593,0.00902577454835045,7342.66664772913,14328.5705882071,4851
0.2515,2.15634375262392,0.0116376081133763,0.0105724777233303,6067.69996531821,5254.11906538239,4852
0.418,5.26936498666522,0.0607727839221225,0.0530263140187088,3246.21462571707,3048.31856366146,4853
0.4265,3.59714409461439,0.0174172927657171,0.0148199915609158,7525.18647419391,7038.53929288251,4854
0.367,3.67529698223402,0.0182860540488273,0.0142944991602691,7241.6914824609,7266.67766330054,4855
0.354,5.06406907352142,0.0371647504766888,0.0329515113772173,5110.66083645141,4616.22026213426,4856
0.1245,3.2683880431681,0.0614922537307984,0.0388707171279593,1851.10707838072,2326.5916536106,4857
0.209,3.91579544972716,0.0529751376836073,0.0502248653332672,2741.11324670113,2309.88641806102,4858
0.41,2.82479624483444,0.0424798972992747,0.011971028993008,2329.89927220049,6657.47911244241,4859
0.479,10.9805589478179,0.102855826168021,0.0642231436841662,3259.3130052843,5341.74878792759,4860
0.1995,3.94686850110104,0.0746565696596767,0.0720165973709517,1895.9783473448,1566.82240056904,4861
0.4035,5.21398441581749,0.0260696658496959,0.0179265894399273,7444.42489665304,8560.26463226619,4862
0.37,4.79306727502326,0.0416062903951537,0.0346676751717353,4290.05329872405,4162.35506711769,4863
0.154,2.69878829391202,0.0629982677737522,0.0554136870853539,1560.70598475299,1438.44351708211,4864
0.3845,5.09697376847953,0.0095948103886917,0.00803539802206199,18501.8304499682,17257.5888012665,4865
0.4755,11.9756837816646,0.101287962668721,0.0545428760364532,3934.64967135281,6726.51181976864,4866
0.2235,3.50540018884353,0.0398535090232085,0.0359979867597764,3175.59035979826,2817.19938599148,4867
0.4095,3.81494852742362,0.0350608266920457,0.0237939069002353,4015.34260040729,4758.94327889418,4868
0.387,4.8289740357104,0.0849322982334618,0.053767601282282,1768.73397397995,2768.19346364882,4869
0.409,4.6608031430662,0.0130387092855873,0.00633121005708966,12854.5555799164,19371.3272517505,4870
0.403,4.35138644785465,0.014670452704229,0.00840136564283069,10710.1719894707,14254.318527063,4871
0.356,4.73725854739318,0.0463138723901189,0.0403191224364812,3765.49815539009,3552.67399000713,4872
0.343,5.17146912173675,0.0232410214146199,0.0199319490962609,8200.53398925898,7602.07637174824,4873
0.4475,6.74009595898343,0.0109972357401897,0.00778127499041885,22091.9094673585,24056.6842310349,4874
0.284,2.30370130521711,0.0865420670375686,0.067477747856993,952.536629626994,1005.29889660063,4875
0.175,2.96070622289753,0.126664893597034,0.11344625734456,802.110590019339,759.247748262903,4876
0.4185,5.51413291621833,0.0234316636686251,0.0218912180436736,8876.87925688624,7591.09988453894,4877
0.418,3.33226526233835,0.0161457940593996,0.0107238651376388,7513.95493443582,8773.97475949589,4878
0.4285,6.46384041031641,0.0663840384000628,0.0470489428055637,3416.63417884906,4239.88358906321,4879
0.463,11.5060297659064,0.0172269343305738,0.013419571414159,25161.152893614,25429.8331707796,4880
0.4415,5.8618592266354,0.0684073603839342,0.0480677484837251,3072.34153991688,3780.65489348914,4881
0.4705,10.4934369583766,0.0908616481271277,0.057461120928549,4048.21115719235,5697.13920056864,4882
0.449,5.70735705563973,0.0140654083417975,0.00888462444848277,14959.6269038649,18134.5473612261,4883
0.45,3.56898356898811,0.0116592732954024,0.00975139171866697,10943.1142776181,10249.8780726756,4884
0.1445,1.46349002601643,0.0192916694061135,0.0159598716536473,2471.21195305795,2308.63644745695,4885
0.3735,3.88475458064227,0.0123184085803337,0.0101229824204898,11100.4510026813,10579.0544838536,4886
0.2645,3.05784877186899,0.0585671244353843,0.0535037001513143,1912.49004960122,1684.00034814766,4887
0.2615,4.47250842603767,0.0237574985281311,0.0225331083225199,6794.61265479348,5694.46902551826,4888
0.372,5.08563068764335,0.0602656259592065,0.0367662596010815,3033.6357082893,4175.31730933465,4889
0.1945,3.40290384395804,0.0709171085758707,0.0611032684421935,1733.01781935574,1629.18882187215,4890
0.1645,3.47058999169356,0.041070337304258,0.0358596884864507,3134.44590538561,2887.42868753982,4891
0.4435,4.47868526084036,0.0143526139227397,0.0120739666311893,11367.0591085751,10631.5506996097,4892
0.457,9.99617534268258,0.0422174309059151,0.0322497609262585,8975.43137048269,9591.86208136299,4893
0.4535,9.26749777519377,0.0217770739445885,0.0170852882721228,16101.1676107836,16275.9559650548,4894
0.2535,2.97150260459168,0.105215786606471,0.0674234862256243,961.973418225113,1319.57455613496,4895
0.237,4.0546147479936,0.0362155643064327,0.0345977215960261,4047.82780388139,3379.32180179345,4896
0.1865,2.42985546244606,0.088765107042931,0.0766991024009262,999.105499731572,940.717102720263,4897
0.3845,6.18403661753567,0.0460835341951553,0.0423266322004319,5085.53387327368,4452.61881325616,4898
0.3795,4.56962215782804,0.0106395561824153,0.00850598643007198,15070.8646575063,14677.4876804199,4899
0.32,4.51180116012652,0.0236246169906228,0.0210212631789834,7088.98171620485,6380.4598990396,4900
0.425,4.40635926697091,0.0142774800403202,0.0120458574616741,11242.0423794637,10475.1309217662,4901
0.2595,3.89898098812652,0.136722156679541,0.115455356398028,941.601125647425,1009.82205314469,4902
0.26,5.20847585036966,0.0295638552213907,0.0195993168262222,6356.76101275449,7591.32018367482,4903
0.3165,2.02025849494387,0.0372032092728311,0.0176479967036275,1953.94257833491,3213.276504001,4904
0.4045,5.91770606116584,0.0426357465308794,0.0266034412559523,5097.14820076685,6748.51058220138,4905
0.3455,4.81983561306919,0.0145188323285738,0.0109834549748252,11750.4572204671,12135.5411546487,4906
0.4355,5.23811287735026,0.0152706854702858,0.0135682378226811,12625.6233139108,11263.6291041718,4907
0.1725,2.26881343811118,0.0611280271075176,0.0580043227284351,1367.65641600034,1152.50714063762,4908
0.358,4.61996584505914,0.0200640766495376,0.0191509877167947,8492.64583111975,7097.91874809527,4909
0.2505,2.66096309795326,0.0569728183105077,0.05044594088088,1710.67588514956,1561.64672329345,4910
0.0965,2.46437094219636,0.124991679674481,0.0850341966321274,701.680246616796,929.240916991114,4911
0.4515,9.04340696119399,0.088334191052568,0.0462426093767501,3407.43404346774,5990.00767700861,4912
0.458,8.97370939679325,0.0460852946752781,0.0397809616992966,7437.90035045067,6945.42563923191,4913
0.3675,4.81000679032479,0.0355071989499151,0.0260633530760401,5032.16817955734,5517.49065472289,4914
0.32,3.85703544996124,0.0809310996829166,0.0582530458062727,1686.55223923274,1996.85214222838,4915
0.454,6.38733266823041,0.0191286542272438,0.0167043315129562,12422.441866057,11296.6675714869,4916
0.3765,6.24005170468369,0.0252006298995053,0.0245504298533896,9255.37053188004,7594.48699304954,4917
0.468,5.78404642784811,0.0218716139684513,0.0152157180230807,9911.23476860838,11276.333647962,4918
0.391,3.22941491835589,0.0114365759745302,0.00739830858329922,9799.7991839998,11455.8819020216,4919
0.322,5.65593255262784,0.0778374197781395,0.0594171588607862,2565.14405675339,2857.01149048255,4920
0.164,4.08629060971406,0.0541020560083393,0.0479234934362766,2855.06431363325,2570.21153722973,4921
0.3535,5.26797048937812,0.0206584645594636,0.0168148587981492,9430.10971904103,9211.4017293583,4922
0.444,6.24871824732017,0.00950919797393439,0.00785189971658536,23244.0649593959,21990.7458958844,4923
0.3185,2.27617182590317,0.0181841132362284,0.0165090979802805,4420.09732943011,3850.09045225361,4924
0.399,2.90429480329099,0.00703374079717837,0.00613806407469576,13613.6388313764,12144.2210324562,4925
0.4585,10.3396642371885,0.0523910095500544,0.0491016523998612,7608.72419653109,6517.28435392259,4926
0.4155,3.29659386644405,0.0122218288784978,0.00878918763080769,9598.10001365971,10287.6488967222,4927
0.294,3.46934239504832,0.0708372127901022,0.0516343866134251,1755.74742650618,2010.0198781593,4928
0.323,2.88723117284223,0.0227375960726977,0.0210752213154952,4679.85660946227,4027.55685957736,4929
0.3605,5.28608553390913,0.0106247597383972,0.00854708317361634,17405.6288574622,16859.3944626499,4930
0.446,4.3528639008059,0.0145524703299011,0.00899808263805004,10898.6050579847,13577.344159557,4931
0.3855,4.65777224832048,0.0304703841884152,0.0166681282790529,5603.20963988562,8115.88509281001,4932
0.4555,8.10361033040188,0.0158177426315833,0.00989917146224905,18938.5233534204,23390.3944941832,4933
0.3165,2.29915762756999,0.0151851987865612,0.00854209893069067,5233.08296914864,6885.41228472063,4934
0.3905,4.80267409723416,0.0532216620465378,0.034105043226827,3302.6342131551,4254.42140128614,4935
0.2615,3.40646188046088,0.130683233302541,0.122439117140812,931.369383177852,820.393060400965,4936
0.224,1.85787498671636,0.0235267017757172,0.0177268928682092,2775.7651527667,2878.69027883903,4937
0.313,5.34114644032769,0.0194214223612721,0.0169628332961567,9882.77479932021,8988.95741140411,4938
0.21,1.67558051854136,0.0342955462730209,0.0287114927804243,1716.39643203765,1616.92791559379,4939
0.433,7.17464151285352,0.0226954749541905,0.0167599665666145,11770.6171777057,12554.3934954742,4940
0.243,3.45307364954338,0.0326196454294185,0.0297115203930293,3822.77658919054,3355.60365586156,4941
0.2805,5.41693131421031,0.0529814324700642,0.0503093380127995,3793.55082175085,3196.30726997823,4942
0.3665,7.88262166830973,0.0599027295117559,0.0526624039053957,4935.73717284714,4594.46766279084,4943
0.3595,6.00281336625022,0.0516153503451486,0.0481391275558463,4383.97513586347,3798.58193577617,4944
0.298,4.87215956478619,0.0415080969773042,0.0379605101719171,4393.88474437151,3861.98730527553,4945
0.4125,4.33011451619305,0.00803803502366907,0.00617254888738917,18003.7792572382,17908.7108515665,4946
0.302,4.69977910691212,0.0261880864941599,0.0238887044583958,6670.94350958475,5849.11444954065,4947
0.406,5.94130823079486,0.0609597358426407,0.0442355091530165,3540.25629295668,4126.23249246756,4948
0.337,4.61472563269667,0.098744315716435,0.0634915311288907,1430.76549509388,2240.90115093585,4949
0.484,10.6426752477005,0.0254547938349465,0.0237648134319705,15832.6844242288,13500.2597515513,4950
0.1315,2.34434685269788,0.102383623929741,0.0906786464469643,803.51072217258,736.119989890008,4951
0.367,5.54347355388901,0.0157603994449408,0.0117151689183642,12582.9245712602,13256.6842072749,4952
0.2745,3.82234374778771,0.0445408147604759,0.0427994617178728,3146.02438656359,2602.39365886308,4953
0.3475,3.72027935073661,0.0111032376251217,0.00841182311054735,11513.4010034548,11677.2932429007,4954
0.406,2.85656190002283,0.0187251978054967,0.0160840223180857,5591.13142730394,5148.99847464365,4955
0.357,4.49262491735933,0.0183980870025228,0.00952877892507726,8793.11344299048,12687.027794408,4956
0.177,3.67122670924609,0.0550635447473451,0.0469390923807721,2405.4754961064,2275.10376579106,4957
0.3905,4.91657928005088,0.0201416606910488,0.0126623245931324,8938.62066873822,11121.8708202504,4958
0.3545,3.21873738519728,0.0825015598858351,0.0716209326459064,1429.78626724505,1351.99415352839,4959
0.207,1.69961896265489,0.0151343449066006,0.0109092068645622,3717.32426497499,3884.6108900989,4960
0.1815,2.47127797592754,0.0334032177197149,0.031460177635014,2764.81254311508,2330.51902880357,4961
0.211,2.3617483160983,0.126187238810619,0.108489289273836,651.65119304835,621.170079428412,4962
0.4435,7.43248950328714,0.0292146362765227,0.015568869566317,9395.16527709915,14014.1790759012,4963
0.4535,8.00263508635085,0.0409372185570865,0.0364263970764003,7417.87705292852,6692.23915165507,4964
0.378,4.80604448787468,0.0269278094978247,0.0214715534943467,6616.8894008227,6588.8764019174,4965
0.454,12.6040182289962,0.0968046879484822,0.0628741011815223,4504.47940198923,6224.09362388193,4966
0.388,2.94075374345374,0.00736239467916157,0.0060270411535261,13234.9996033957,12467.3784341775,4967
0.184,3.66636704567579,0.0761148291521266,0.0695814962997816,1752.93202911775,1572.38513927901,4968
0.437,5.46301483990282,0.0970416672043391,0.0764667721948787,2042.13341185759,2191.12035519974,4969
0.3125,4.75639216802571,0.0179226030497853,0.0168826502919131,9479.5049432252,7984.95847505385,4970
0.2805,3.15596427620169,0.0620578166444624,0.0567878046587384,1868.50654016407,1643.2942338592,4971
0.2425,4.79128060518648,0.0244074211362048,0.0231862328120058,7155.00470058458,5982.16088006494,4972
0.4455,9.68817424156917,0.0445294785555962,0.037236768957474,8258.86925893671,8026.01602902857,4973
0.399,5.38743717114105,0.0265015264912318,0.0155512653048981,7436.40675120056,9950.13037720844,4974
0.327,4.51235323613509,0.0729174591265518,0.0565874787502949,2184.76950408579,2416.16581642059,4975
0.425,4.97578257288746,0.0331256715475953,0.0179649642421001,5533.85213647087,8195.39314037719,4976
0.401,5.47059281630635,0.0245604745454468,0.0232084604866664,8335.41300426774,7041.87882391904,4977
0.347,3.44114673316147,0.0719245987139975,0.0620718744591463,1736.42436893185,1663.29515145228,4978
0.4335,6.7518428186007,0.026123505090017,0.024337100761861,9719.35945585385,8314.813038726,4979
0.299,4.99621572867602,0.0160201996542192,0.00959098020843172,10915.1734432834,13778.4845153237,4980
0.324,3.50353978095501,0.0241814582240109,0.00930750023391514,5152.67953562672,10107.7026630752,4981
0.458,8.46719507112804,0.0212008541320832,0.0145580702386024,14970.5190678671,17165.2746491364,4982
0.335,5.79610363164671,0.0353405214392755,0.0304486288149342,6165.02118212509,5760.20819806734,4983
0.424,5.87787116801381,0.0562347535064247,0.0458777145766311,3910.011778054,3849.98424063025,4984
0.394,3.84679575855815,0.0250955177904364,0.0150734819318239,5656.77404633186,7386.03692399039,4985
0.4665,7.37169315833514,0.0251971384320215,0.0179593021179219,11019.5196231389,12295.838098122,4986
0.425,5.00653499550486,0.0619716729999025,0.0455001160421284,2926.48009871031,3388.3113283088,4987
0.361,4.2384481237274,0.0424995546753262,0.0326432008511858,3691.97466805144,3894.53283166028,4988
0.4585,9.14530206744057,0.0803045935960387,0.0559986316236274,3973.75513829622,5024.27717200868,4989
0.1865,4.02926459777585,0.0397253636763422,0.0312129547863228,3699.12619352298,3769.702832929,4990
0.273,6.01396842659371,0.0567695519319183,0.0368616412306245,3794.07267781487,4919.91846285337,4991
0.3215,5.06747120274542,0.0120389550506235,0.00985513847336629,14613.01977629,13876.4483937587,4992
0.4255,7.74797822425693,0.0650364187707433,0.0601080526255491,4545.56136648681,3956.98865156282,4993
0.398,5.35841086792702,0.0844020046367986,0.0633831579824919,2223.47564748803,2610.32740590079,4994
0.4015,5.26041748578876,0.0390343004996386,0.0315705415368085,5017.42005037838,5007.14467891779,4995
0.393,3.805753861061,0.0470789962880195,0.0342501574892782,2956.81272196123,3324.06068665154,4996
0.4355,5.99999962068697,0.0728832365808455,0.0521085184630563,2999.9409525023,3552.969028823,4997
0.253,3.19267862656783,0.0385573279022365,0.0349660091952569,2994.65838192519,2629.45755713377,4998
0.2345,3.72632940119684,0.0898665557788091,0.0732725853163045,1445.6812802582,1482.94426746818,4999
0.349,4.18457033124504,0.0371146117761846,0.0285384278233145,4207.1605304359,4390.83510734854,5000
0.244,4.00282358970975,0.0808031643937644,0.06112588871953,1773.14279755666,1970.83208926528,5001
0.2115,2.75850195021381,0.043661215673752,0.0401119675986025,2370.31028639616,2066.23778837933,5002
0.4315,4.22754254008441,0.0126852400587567,0.00865337745190832,11940.2850075472,13435.818688841,5003
0.293,4.22020063677749,0.0924583735630711,0.0732239575914144,1582.76056682771,1714.22540525988,5004
0.1945,4.31404569783121,0.0476531764565007,0.0323763836370921,3209.77602331696,3874.63460017545,5005
0.391,5.60078916707421,0.065048036905572,0.0572573131435426,3221.84948898507,3018.08516018707,5006
0.4625,6.32821825563876,0.0113213636842312,0.00770654709272709,20206.1042095629,22754.4475951284,5007
0.2355,1.74881222071495,0.014057306436224,0.0114617415487113,4145.40017144553,3914.99746655311,5008
0.179,2.9216724663423,0.054150915088065,0.0314326015454025,1870.51834735574,2593.38442251107,5009
0.2965,3.33568765009317,0.0119687270445716,0.0101262468623519,9535.30690930414,8790.21535715934,5010
0.4585,7.43535909077101,0.0101593440923601,0.00835854878188913,26247.1823552505,24945.9998570943,5011
0.3945,4.06002371624982,0.0165566861310539,0.0138572730567748,9045.84052586724,8545.22181563938,5012
0.446,5.06345034533992,0.0213691014387678,0.00743947672642494,8534.31054782223,18430.5953064993,5013
0.289,2.49514751004817,0.0804664679508466,0.0688865516253601,1137.60526620393,1099.46880615524,5014
0.143,3.17946678310026,0.0488299577652314,0.045569614464729,2328.16161330974,1990.56291985707,5015
0.164,3.69568791946875,0.117749575294023,0.108043772414756,1107.72177835936,990.408593959598,5016
0.461,6.23473112556222,0.00820954202934453,0.00638687233399611,26670.0234857557,26470.3385524599,5017
0.398,4.53250842762359,0.0170168474249216,0.0118122812964972,9779.18161778649,10920.7776068752,5018
0.426,5.87682286406478,0.0161492077531556,0.0112038925897193,13410.9392068774,15014.7771272818,5019
0.182,4.23581851896449,0.0633199507664837,0.0498382726272714,2320.09470147496,2404.06403506836,5020
0.4175,5.58670699802904,0.0606655025624183,0.042330077322945,3277.56136038214,4032.15607383826,5021
0.392,4.60831608608243,0.0108670403603709,0.0077542711594169,14903.5453635274,15937.2024148168,5022
0.248,2.64452084309841,0.0448259821562985,0.0394829997708603,2156.86364829292,1954.93655435283,5023
0.315,4.64786864817202,0.00931849578163174,0.00770420760021467,16701.2195421864,15589.547615711,5024
0.3535,3.87727053324285,0.0161670737166474,0.0104174649410518,8537.51396706804,10161.9347305857,5025
0.2275,3.36623266271337,0.0872677663250724,0.0770416378927549,1398.14680813536,1312.57277892892,5026
0.354,5.02647638184916,0.0555331871652997,0.0446525080297339,3345.95830053364,3437.56614810541,5027
0.4775,10.4491435982733,0.0382149766647353,0.029382498051656,10443.2937982375,10922.7894625309,5028
0.3425,4.29605930949347,0.0195248776135501,0.0142079214566847,7985.60033151661,8569.74455134752,5029
0.362,4.41412393828947,0.024155571549209,0.0110838636425935,6604.50660706086,11104.3602572773,5030
0.3695,2.44250629180365,0.00819708754110842,0.005940346752982,9899.21552614483,10320.6988136847,5031
0.292,3.82044867474937,0.0295867530117165,0.02836454328447,4714.15889402713,3951.38017502715,5032
0.404,3.55390711424479,0.0304654953712051,0.027867244759896,4353.97853684614,3786.96171384691,5033
0.3355,4.81718720810986,0.0371497015389937,0.0321631836624685,4854.93321031809,4512.92655848825,5034
0.4655,6.9319372701005,0.0818601206045625,0.0716300530767447,3197.91056394146,2983.40917572076,5035
0.419,5.80781991452297,0.0165481931159942,0.00645150864860036,12825.8892060793,24016.4606659829,5036
0.438,8.03096739533048,0.0311696407071335,0.0272547571480432,9731.00028104759,8876.09469259741,5037
0.2355,4.2575247584304,0.031192663148247,0.0277525077720819,4914.76321553351,4414.471388393,5038
0.404,4.35617295517276,0.060589603409112,0.0547014524625437,2686.83056503338,2397.23928814895,5039
0.472,11.9760684955806,0.100750924319219,0.0674912725918399,3803.14750254296,5549.81773353728,5040
0.318,4.75378438763375,0.0288471087793867,0.0254956355091922,6057.398133208,5426.13930204835,5041
0.1895,2.0282624892055,0.0341917180318049,0.0306301491444761,2130.5022651061,1876.63173349855,5042
0.4545,7.30198483915196,0.0123041856907881,0.00876407027677614,21395.5327515611,23241.7410173711,5043
0.3285,2.26119687940758,0.0341219232705932,0.0294748591640297,2387.96505120705,2205.81232346616,5044
0.4455,8.53655711613976,0.0458389874592738,0.0339675630658231,6896.0368758533,7733.83210644526,5045
0.3965,6.01439418515766,0.0210406078585866,0.00849355205947753,10426.5911080957,19567.5765609972,5046
0.2075,2.94184282990766,0.12985208594732,0.108288143767552,719.568580862515,759.339991868817,5047
0.437,4.17175106407666,0.00821837985227848,0.00662287884415713,17324.9670443361,16608.7958529913,5048
0.445,5.55492323517673,0.017074159686494,0.0151998497200214,12090.1516568656,10792.1284702333,5049
0.352,2.42175512710476,0.0238545345738249,0.0142314714939518,3689.18207471591,4830.91146940357,5050
0.098,2.3714512358866,0.0674282140340787,0.0605998541372689,1263.50271256908,1121.03711114204,5051
0.218,4.14035611623886,0.0544382327070696,0.0376158522136463,2707.98226121975,3238.86638971288,5052
0.3825,2.76370571322104,0.0153278885969154,0.0135218059346368,6351.87252249009,5685.82808982295,5053
0.448,6.92359117853451,0.0493921819143966,0.037736209836011,5253.42463662933,5551.40202183253,5054
0.255,3.86221876589123,0.133915067367738,0.108513566765692,942.824144795883,1031.47976138546,5055
0.4345,7.36322820027689,0.0721014780660509,0.0594442794699365,3779.2703849006,3807.57451702905,5056
0.3805,3.38990275012822,0.0186689722383113,0.0170164663948193,6627.84766470441,5774.97289848074,5057
0.255,3.48357743982558,0.0536798417885129,0.0296386881824173,2232.28244291255,3336.47657406225,5058
0.222,5.23606761468346,0.0143420456251523,0.0129694128810818,12637.9551209603,11019.438634119,5059
0.3615,4.06815368945692,0.0315585902052633,0.0297144210770166,4792.4491921779,4076.02860271728,5060
0.3895,5.65182199324272,0.062746529186745,0.0434558473917352,3204.92286000439,3973.59809804291,5061
0.3295,4.32660378587513,0.0361075772627677,0.0327333290075621,4487.68286538052,3961.50571965314,5062
0.428,5.81766128331346,0.109535102588717,0.0664825574786254,1708.42962708319,2694.73647327874,5063
0.463,5.95116808894069,0.0078296939796928,0.0067017124578083,26412.3572333343,24073.0684544644,5064
0.445,5.38151849244163,0.0139374553564147,0.0107649945508686,14015.820487814,14188.3335605415,5065
0.437,8.17562153817049,0.02154778314606,0.0202654041766959,14237.9885555372,12058.3593440562,5066
0.4475,7.82897126339536,0.042605703014642,0.0389711660019735,7025.95832051431,6133.71603340672,5067
0.397,2.61944918248527,0.0243447337012491,0.0105483691103169,3875.25893321798,6867.20023502885,5068
0.302,3.97763986330865,0.0530002885468701,0.0468146774268375,2749.32673985317,2504.85803816902,5069
0.2215,1.9027291491773,0.0939946619843051,0.0831162050427039,729.720454283709,666.81030121169,5070
0.344,2.27128907867987,0.0111096555045751,0.0101696930235477,6941.07820124523,5991.08250600276,5071
0.4195,4.71181650493986,0.0152465415597053,0.0132489242106189,11241.9051025651,10215.0960227047,5072
0.2115,3.36489253777228,0.0540465142064904,0.0483413829578932,2284.67249888811,2046.56389062124,5073
0.2275,4.38941060627806,0.0545476468804085,0.0468577877927755,2953.51850956297,2837.0305478557,5074
0.4585,9.36948552592117,0.108737432276944,0.0802090545467575,3043.29246179796,3618.93543567133,5075
0.457,9.37482330333738,0.0280250317880282,0.0246930252301408,12787.1820923953,11603.8097413896,5076
0.308,4.00312684963665,0.0370485221500605,0.0333062274128046,4036.12103495089,3586.35619452771,5077
0.3635,4.33320561471904,0.0143289752352216,0.0126400378371861,10878.8823731663,9761.45713725365,5078
0.346,3.27648287163716,0.038065501066973,0.0325842496846371,3188.2388474041,2969.28891592767,5079
0.2045,4.61086773501831,0.0486611257649569,0.043044928394904,3485.05934834367,3136.3701502866,5080
0.448,5.30621525636882,0.0174067322831081,0.0117280215309811,11266.7978653791,13020.5884570616,5081
0.271,3.42856995964619,0.0207260794613202,0.0179690510765752,6003.56884701433,5448.22817496883,5082
0.3755,5.7208174713948,0.114623230489239,0.0811725783013498,1571.77376114009,2181.24933226531,5083
0.126,2.21758788208966,0.0920631962948762,0.0803090327567556,872.755748869827,802.745393785316,5084
0.241,2.86367890364014,0.0299862479822993,0.0270966069029828,3465.31814008505,3059.86200167924,5085
0.226,3.98913467263226,0.0380079866541973,0.0372012440990725,3838.58314151359,3130.35646329926,5086
0.427,3.98486589708087,0.0180712865608775,0.00585682776958641,7843.77327474063,17543.6990670409,5087
0.457,4.62298615376893,0.0191607246703106,0.00559400189960109,8715.71818231587,21583.7264001768,5088
0.438,3.7937460636261,0.0105459952572949,0.0054447994225733,12687.3305640096,17923.5633621077,5089
0.455,6.10176859041452,0.0116174496725445,0.00961418184492989,18907.6844109277,17905.4985315694,5090
0.4365,8.78986620197097,0.0322297060056208,0.0273268030436533,10337.5892394269,9755.76469625218,5091
0.379,2.32948342347239,0.00719758501102052,0.00591703841065184,10714.0544086303,10003.9450827264,5092
0.2935,5.18530238255079,0.0464763000703526,0.0435254370615842,4210.86272632945,3591.6977536519,5093
0.4575,9.56886531619854,0.030300861225106,0.0224778132489158,11949.4988253755,12843.6706569855,5094
0.2745,4.72604789487271,0.035898161054038,0.0304842759370956,4808.05657193115,4533.83338181392,5095
0.391,5.34361758752933,0.0253744119337239,0.0204609782674952,7803.16782594211,7695.31122243587,5096
0.448,7.16334510127227,0.0247516582571254,0.0172072747662616,10801.6028519133,12233.8163069313,5097
0.4155,5.82009719541754,0.0243218306131135,0.0198188927755977,8914.33340324937,8715.27707978878,5098
0.2905,2.7686215792158,0.0218309213561694,0.0158373595402525,4561.3383305557,4904.5826793257,5099
0.1975,4.81258936647871,0.0187633472424667,0.0174930875776582,8927.08247234469,7570.42331015126,5100
0.1665,3.26244278502631,0.0398939994483718,0.0356131049113374,3019.39039498156,2680.23368729267,5101
0.382,6.00106866525074,0.041549521993825,0.0316814716746676,5366.39584440635,5676.79746266268,5102
0.4235,7.44961965584005,0.0206121523611458,0.0190173498136623,13505.9764993079,11651.5059161361,5103
0.428,7.03901713706363,0.0117977592501078,0.0096412565123841,21571.9521547489,20702.2979120783,5104
0.365,3.55003388440492,0.0127546994645844,0.00755472821000254,9751.68794458423,12325.9126242179,5105
0.3,2.1442176767617,0.0746904951693649,0.0678588111781942,1056.43009365427,932.859724543766,5106
0.3205,4.36380118599103,0.0142530070361255,0.0127719517887391,10764.0899597718,9492.4458759287,5107
0.3535,2.69273755524591,0.0342762675867343,0.0320349212975788,2923.07271124381,2504.61090220411,5108
0.464,7.13945885822999,0.0152599110470687,0.0108085178005748,17345.0142987058,19101.0503525979,5109
0.356,2.82907195400922,0.0172706747856937,0.0136383791096331,5929.00906313216,5819.29088479828,5110
0.194,3.75194566206408,0.0971072469867028,0.0864699580915631,1356.39755873567,1260.30435579428,5111
0.2765,2.79974170988481,0.0541386141748984,0.0488976803972331,1882.42965425723,1681.51086629181,5112
0.3085,4.26646955767595,0.0261593726870183,0.0249961549212764,5910.0778673693,4954.03779388878,5113
0.1865,2.33700062497953,0.0779550315668358,0.0528258636999311,1057.5353513349,1264.18796660384,5114
0.3935,7.42305146819215,0.0329981116215537,0.0281394145471537,8475.60777196229,7904.41256792037,5115
0.475,6.59032243992966,0.0282765341615603,0.0250128135094281,8817.36957436869,7943.46414642817,5116
0.388,7.5554078935369,0.0362010483319699,0.0334448554936741,7957.82604754924,6896.17798732636,5117
0.4105,7.55938848824121,0.0632018882297262,0.0401161401756485,4292.21398865116,5814.62137894992,5118
0.2785,2.06935482664845,0.0194662877903988,0.0167792697429367,3771.52668175911,3434.51557246335,5119
0.1865,3.16284323979654,0.0519659886132351,0.0499834979579541,2239.97608814274,1863.10125481749,5120
0.362,6.66254307058564,0.0433986754707921,0.0399457890196363,5736.01533046258,5027.23661533624,5121
0.3835,2.64065908340143,0.0091841788475338,0.00681400136526207,9724.23312315334,9947.89296907287,5122
0.431,6.84524635577781,0.0418082457080205,0.0345859964588245,6265.5172614033,6109.89724500731,5123
0.201,3.21643076957814,0.0666749654799483,0.055440792859521,1714.03017097132,1684.80749595604,5124
0.2825,3.27538545500897,0.0285418925717071,0.0254992998877289,4202.06449762339,3745.6739008779,5125
0.47,9.73793559043498,0.0917846932521534,0.0461319248701977,3008.7870366216,6566.04974805526,5126
0.2265,3.13069613886012,0.120893486501461,0.102582983271125,890.697157453406,900.705444496056,5127
0.3765,7.57823298251948,0.0406609321960447,0.0378478041667644,7019.32144407731,6053.01661763788,5128
0.291,4.35507311754676,0.0849462968356406,0.0754674650685684,1887.51233791059,1741.7958868239,5129
0.266,3.38516685309298,0.0603502041114072,0.0544380840629778,2063.50057103515,1851.42621822678,5130
0.399,6.44495706779989,0.0248690853867293,0.0159726442573397,9522.65094192416,11656.2734658918,5131
0.19,3.15484912156717,0.150096087166045,0.133409339529085,727.094456348022,713.29496021712,5132
0.3965,6.27864305406617,0.0262160116204644,0.0252109623781968,8992.49448478752,7465.44092028705,5133
0.224,4.31535339978214,0.0343061755943756,0.0306165663595588,4542.07345609126,4086.4854107181,5134
0.289,4.33176891442873,0.0897583672481155,0.0793492348093031,1719.80492493381,1616.0090873183,5135
0.278,3.04344293375572,0.0283065785977503,0.0242194132384825,3939.02974953312,3667.38047795651,5136
0.2785,3.33150698889167,0.109394875083865,0.0966846931029741,1092.18921576755,1026.619557807,5137
0.4325,4.45735524011754,0.00960422450421915,0.00636545043209335,16301.8485965974,18524.5700972076,5138
0.442,4.49136939827052,0.00973507463193557,0.00579488876352033,16255.1096374871,20326.1502740214,5139
0.399,4.41770581789317,0.0308577124953991,0.0276926371721968,5330.15863548502,4758.59663726244,5140
0.4695,8.0335436445308,0.0193062274342377,0.0087662820882309,15394.8546261673,26131.2658500867,5141
0.4395,5.69666308361679,0.014413615503968,0.00846187725894961,14384.9996189578,18761.0250588787,5142
0.286,4.66413910821299,0.0701488331416822,0.0526928038802132,2301.15293153665,2655.66997404564,5143
0.23,2.62920406228009,0.0553977035874216,0.0416447828584971,1725.08890990778,1861.50243158185,5144
0.29,3.12554135838059,0.0710828128905908,0.0597369659191554,1588.04917382894,1557.79704698922,5145
0.141,3.45050101300727,0.0377190757102708,0.0327227591690013,3235.04616060206,2973.35466411324,5146
0.272,4.63012895546499,0.0229185902530947,0.0216383141427992,7253.30407361169,6110.936469781,5147
0.3675,4.02981247868436,0.0143131484376809,0.00793653316664599,9966.24983890284,13516.0375139021,5148
0.314,4.47279539125668,0.0645581834550006,0.044247143043407,2491.33792122841,3080.46336856065,5149
0.435,6.19194222545595,0.0237465503537749,0.0140841552461493,9673.1477815879,12668.8279699388,5150
0.443,6.18853543573449,0.0575870564055351,0.025822418879698,3722.40224019185,7189.54910549887,5151
0.458,5.62932067594967,0.050060189773333,0.0438228833452431,4275.84217703282,3923.38195269761,5152
0.2435,4.17203266502717,0.0481879627683089,0.0353559398934048,3121.9882608273,3411.09319502512,5153
0.324,4.95813171706059,0.0126499077357838,0.0100853520937612,13756.8686345347,13441.0106251153,5154
0.239,3.85297710059471,0.0798128867538717,0.0737701716747166,1724.11147524024,1521.76559786754,5155
0.4405,6.61168523548067,0.0284410518040891,0.022685653864236,8745.10745031716,8751.63900273805,5156
0.2185,4.4383170054475,0.0902497255771457,0.0831888196463494,1743.81788931126,1538.62463897851,5157
0.4135,5.61324336498033,0.0171262887914238,0.0158406371038043,12006.0310454987,10294.5928234582,5158
0.346,4.43329483109602,0.0434790639255423,0.0359452619055641,3760.03216265571,3713.26100804792,5159
0.22,3.6569020580363,0.0632104414572628,0.0555700299911089,2108.62864318538,1952.68738310867,5160
0.3985,2.76373737406457,0.0344125585298963,0.022113550259344,2977.73563940001,3654.55882379726,5161
0.4035,3.35127105098378,0.0118905405164154,0.00766441199650017,9886.19587687931,11578.611431101,5162
0.1545,4.69043732973816,0.0748712461263954,0.0642823490302686,2122.58620493294,1984.51340438312,5163
0.247,4.68749304377624,0.054103131939763,0.051408366604503,3296.53596000457,2795.84113029775,5164
0.3215,2.94808987343482,0.00979535579378533,0.00793554392521217,10036.0649487687,9563.6416923035,5165
0.408,7.0143620129896,0.0286223332351577,0.0246837852149826,9214.8505401559,8501.89111669672,5166
0.268,3.6945045803002,0.05970981779119,0.0548387592560946,2257.09815867292,1996.82016650744,5167
0.292,4.01111299029156,0.0279521921073299,0.0240499279148048,5306.809724868,4910.67246702157,5168
0.2915,1.80891905099024,0.0110434746822284,0.00677590216195966,5472.28298401801,6516.00007208886,5169
0.462,5.53362571089055,0.0262890158593993,0.023833359071728,7948.84839423046,7000.55783527785,5170
0.289,2.63743010110923,0.0169917727249348,0.0140905174476016,5402.71649397998,5097.63403015396,5171
0.3095,3.55218543557832,0.0194684176302086,0.0130990258084254,6531.67224289302,7482.52246254142,5172
0.266,3.74997711515701,0.103829655750169,0.0872775968100639,1281.67786368946,1266.88024804974,5173
0.2525,4.38994147853853,0.062019312773681,0.0336848412925734,2421.12515819817,3772.558825601,5174
0.414,4.68676531304695,0.0103524434744928,0.00664515561970025,15799.2698411312,18535.3198221631,5175
0.345,2.60858149947773,0.0170396932548973,0.00673634016962279,5412.58493121234,9964.25863261957,5176
0.2735,4.27012304084129,0.0310752120713891,0.0293001500985521,5002.71087560803,4207.74652230437,5177
0.2125,4.24255317493662,0.081264532950115,0.0751309297987274,2012.41036884895,1765.29622463613,5178
0.2345,1.60062722886627,0.0196868949180611,0.0132578641474687,2803.42142242889,3165.90313171372,5179
0.3535,3.44015997458831,0.0847810236094864,0.0672151768123072,1468.74843091348,1553.34539206903,5180
0.3935,2.80580094105174,0.00567250640797501,0.00450213562371919,15677.2716857145,14946.7418173275,5181
0.4495,5.73743413468463,0.0108494808234655,0.00684753529334438,18929.071857512,22736.7187912793,5182
0.4325,10.8615370146224,0.0269222098786274,0.0102096829580895,14825.6367743984,30645.4718991387,5183
0.3035,3.83118117543125,0.0791940195722678,0.0665699802071851,1766.64527826387,1742.31911324851,5184
0.349,3.57638873984801,0.0184006137538253,0.0155296179789151,7064.40142243064,6573.90855638012,5185
0.2785,3.26289582414919,0.0476939877718195,0.0399857246003048,2545.73281462088,2439.51739109738,5186
0.4595,12.5176657683096,0.0457658462495718,0.0313930011955116,10192.7267143604,12323.6979942757,5187
0.3275,2.43079516985043,0.0331636814521139,0.013849578647389,2599.55009667219,4869.30566439573,5188
0.282,3.23284980230628,0.0341753793572289,0.0299015411653111,3489.66923457276,3165.79762678849,5189
0.3915,4.1036725130748,0.0129441105483035,0.00770018342025983,11344.7826904328,14323.7368646511,5190
0.256,3.70907323962778,0.0359022432372856,0.0333817564863752,3804.88417044212,3285.97954486205,5191
0.4255,4.67821659913515,0.0145484800875505,0.0122708798110994,11746.7652830857,10946.111737368,5192
0.3795,3.30382082243907,0.00809302653696985,0.00698847116033067,13699.2782089208,12369.216309171,5193
0.354,4.75392521609196,0.109068552501449,0.0814129933882705,1477.49788122417,1783.98235076324,5194
0.375,6.19872585954202,0.0672691919892083,0.0552204927607867,3366.37832013962,3414.5008548502,5195
0.1915,2.65014442185057,0.0796901923812418,0.0658568736227834,1200.64814966878,1179.82142847063,5196
0.368,6.39439689030249,0.0460538047972528,0.0392949258458174,5222.06124198367,4984.44780890411,5197
0.4265,5.8871931722023,0.0568252944877288,0.0445551045626172,3826.5181059308,4041.25508869508,5198
0.307,5.79070371326074,0.0379503233423654,0.0328299302187888,5771.00072226783,5335.78855738041,5199
0.472,11.5888025419168,0.0246974182944878,0.00991261270568448,17456.0907305413,33946.3382645496,5200
0.289,3.43224732902912,0.0153110429432568,0.00732725842525352,7687.46342182919,11595.7653314324,5201
0.4055,5.39867140944834,0.0363217818238501,0.0309453232101293,5590.92707779356,5302.47235068701,5202
0.3285,2.1359978181743,0.0222766332653519,0.016972104580516,3463.35452119988,3543.50469862989,5203
0.4665,11.8775427852999,0.0444563182976993,0.0429133165398936,10243.1532796499,8465.07499485312,5204
0.1365,3.82397799855072,0.0545279770608736,0.048042953601673,2563.28190344143,2347.74324195018,5205
0.3245,4.48004653307245,0.06797211532765,0.0428453453928924,2268.46587098838,3163.65439385456,5206
0.2275,3.21287917189957,0.0178482058107049,0.0151203469477838,6140.2843873058,5684.93521137902,5207
0.4015,3.57215908527903,0.0439681024764274,0.0395935842507051,3033.02111611885,2677.21635108813,5208
0.2105,3.191095713453,0.0559901627376838,0.0460124268377927,2071.4094049579,2030.10277588071,5209
0.405,3.6872938053025,0.0267364434842469,0.0120074838243694,5063.21909496735,8736.96017751096,5210
0.4135,5.10043922283963,0.0122463027789239,0.00733886893695281,14835.2106942513,18721.2790055117,5211
0.3405,3.42047015633205,0.064557520525692,0.0530676468894496,1927.54464583147,1935.41892748321,5212
0.441,6.3811740405805,0.0215560864083692,0.0164591639752865,11080.1171590447,11443.4089717709,5213
0.4285,3.52948038130824,0.0210922840751076,0.0143625329501515,6123.3968977248,7061.77293986081,5214
0.3265,3.58114418337369,0.0248336211074928,0.0229096738996938,5360.54736620671,4622.12640897273,5215
0.1845,4.06192314190672,0.0391299932352381,0.0328135278524839,3742.0708202447,3567.25993461372,5216
0.46,8.85357588219645,0.0354927637691528,0.0325105136597285,9496.90774738171,8277.10402275222,5217
0.446,13.5269845622264,0.0861122707466545,0.0670711363108121,5788.34980594002,6266.41797209741,5218
0.355,3.94043041270116,0.0178188626119074,0.0129752933274233,8108.65786810628,8713.32450179744,5219
0.335,3.87183358904858,0.00886333617739024,0.00629360960248346,14721.0683210373,15545.3614863781,5220
0.45,6.92784762096394,0.060605714473526,0.0401475260132215,4114.75849953313,5338.21198123342,5221
0.3585,4.21655261585224,0.0128874749348138,0.0116999009644194,11664.0054099326,10146.2028615403,5222
0.1925,3.23186766503577,0.109980352176567,0.0937681162472994,1015.52630347852,1009.33514791973,5223
0.4425,5.66854225684081,0.0505373801982217,0.037753949249069,4174.31888116091,4601.15509597174,5224
0.3275,3.81205241880769,0.0533718062053,0.0392512155483491,2594.79835631885,2952.50346244578,5225
0.357,4.70476748886454,0.00772569277786516,0.00674921259007736,20235.1079525341,18086.6581863728,5226
0.431,4.10159598663387,0.0090853149306849,0.0078508717155291,15653.4174801537,14257.1996188035,5227
0.299,3.99321213416102,0.0433516658947491,0.0390800896721893,3444.50946745239,3088.08647838424,5228
0.3245,3.36342458530826,0.103009826258611,0.0842575183896151,1151.03380827135,1197.756658852,5229
0.2815,5.10808666928271,0.0269916923505805,0.0260389512135777,6838.53455933339,5657.5005061797,5230
0.44,6.0257972518255,0.0128850604330467,0.0106508573957839,16989.8226105672,16154.095929782,5231
0.181,2.57792641347713,0.110308535327377,0.0947771811298017,820.540336728443,783.585822466698,5232
0.442,8.15717329763871,0.0694027566100202,0.056491658721955,4350.89889488748,4486.9349532612,5233
0.472,8.58395688076883,0.0903304613820888,0.0596613901407399,3347.80107470922,4425.82457938246,5234
0.4665,11.6897841476104,0.0443691974028529,0.0311947985458599,9826.81935306279,11628.9980034123,5235
0.451,9.75618514400795,0.0341824343820565,0.029173767208407,10884.0220873412,10245.0990196865,5236
0.417,6.28438838968754,0.04513768159541,0.0392869329365255,5271.58636388617,4905.41492286496,5237
0.4775,11.0240172051621,0.0142963029875426,0.0121743735034859,28795.8037932234,26729.7977888499,5238
0.4065,6.80033928410417,0.0499001308546099,0.0353417349406133,5000.5089763937,5896.85133419545,5239
0.319,4.54755226743723,0.0243519756941831,0.02317987541006,6833.69542483208,5710.54626909203,5240
0.439,8.39681836383591,0.0451651534914559,0.0344453788471237,6931.26227622319,7535.23768676737,5241
0.447,6.36886945239288,0.0200757316780744,0.0190797821976233,11925.7578789992,9989.30663202237,5242
0.4095,3.38812981463714,0.0232194359246956,0.00715226064690628,5235.50321880347,12663.629069,5243
0.3045,3.61761664841345,0.0124551930884323,0.0107166792058125,10195.5626366999,9263.77328173419,5244
0.2125,1.94210675946945,0.0329210664951126,0.0180357771619673,2077.72359873527,2910.85398583986,5245
0.4345,5.45512381051925,0.0209732818073796,0.0192878041436414,9643.85062950938,8343.44961913106,5246
0.267,2.9210087481786,0.020254018627844,0.0170470197594242,5075.80253847163,4743.49245972728,5247
0.352,3.14501343598096,0.0105199541491709,0.00843139449485484,10237.5971402535,9915.2302474041,5248
0.453,8.55973170133863,0.0374511815547689,0.0236478184063193,8550.19870894323,10838.749068045,5249
0.4565,4.51952547315952,0.0132999999060389,0.00793834480560898,12385.8188214341,15813.2144633927,5250
0.3535,3.52880342197665,0.0185145051784666,0.0149552620950009,6929.17966033371,6767.99194994846,5251
0.424,4.76492284851841,0.0354945140008228,0.0301119273600944,4996.93872997479,4687.78234561504,5252
0.159,2.32594278047781,0.126904486586558,0.116132422137472,651.335510068065,580.394581728531,5253
0.278,4.36558309269921,0.0252133540262008,0.0208539881155063,6306.64375822729,6040.44757918461,5254
0.368,5.46275269006514,0.0369304721571245,0.029338029261848,5517.36098480988,5579.89766388406,5255
0.292,3.39557593440826,0.0321897158078481,0.0301267624255274,3880.48158301416,3311.72549477642,5256
0.4465,11.1313376294843,0.0142242837277666,0.0100072912055738,29048.6713259302,32065.024875099,5257
0.457,6.73647044081623,0.0208171417180446,0.0111651261102217,11988.7118786513,17482.6036739406,5258
0.2125,4.6262041003417,0.0350876908463234,0.0335806069803865,4849.57668895404,4065.80856558442,5259
0.4435,5.75560249044714,0.0279726374860189,0.0239787262587403,7741.42200101298,7210.48754548514,5260
0.461,10.9513502972834,0.0344267538486506,0.0321447310506236,12191.4199242434,10409.0226899938,5261
0.413,4.28002570199991,0.0948297239186343,0.0785118171634244,1622.29325878121,1660.94915136025,5262
0.2375,1.60719338468689,0.0309629717093346,0.0172465012582674,1860.82021377634,2518.04514302615,5263
0.401,9.28192682872609,0.0542967963856836,0.0498339841126309,6503.58496724607,5675.81204292586,5264
0.3315,2.14189788817922,0.00639008395418467,0.00482812632672936,10442.4772894818,10296.5027830672,5265
0.372,2.72634035884525,0.0105165538148629,0.00988779954504377,8799.97966130542,7413.89928811126,5266
0.462,6.74794182184933,0.0290242951364485,0.0271702657236935,8770.65039376696,7471.02522969659,5267
0.4575,6.83093131604763,0.0122557180682234,0.00971782239994535,20232.5419890488,19958.0085155883,5268
0.4715,5.2304173344978,0.00885440137245266,0.00744233140956739,20904.9968663635,19489.7274633866,5269
0.3505,2.33120606176696,0.0223713540196634,0.0134619342559243,3750.98204983368,4816.725350648,5270
0.4645,8.52958606531229,0.0463038721167662,0.0423076967182675,7017.30539350463,6173.72429009893,5271
0.3085,2.35006545349563,0.0292112862500145,0.0163604447907791,2908.24238119782,3985.20123276471,5272
0.392,2.38948217567468,0.00640707373715332,0.00561473415661551,12107.6619152717,10771.9748623547,5273
0.36,4.57635097636848,0.0216893545445332,0.0195748495558224,7732.94234292612,6845.68757246445,5274
0.4595,6.6108384837657,0.0322403774244478,0.0306752765862738,7835.93390828308,6582.74752160844,5275
0.286,4.09901816257308,0.0499995887315266,0.0483918611750301,3008.81281558894,2491.93843261882,5276
0.4425,3.52711108778594,0.0103175910322033,0.00541242919468131,12120.1722563213,16825.6877758538,5277
0.307,3.0044237861173,0.018430668354877,0.010295100607635,5807.45628997868,7812.40233724919,5278
0.2595,4.54211503505265,0.0183565033342656,0.0142056145417412,8615.62169199508,8596.67818952988,5279
0.454,9.07384117413088,0.0133378549633136,0.00975062067945207,25150.3488542658,26793.9809693639,5280
0.446,6.56432346761953,0.0560924124601524,0.0455321086573319,4357.72588134318,4463.78650061992,5281
0.441,5.66246354785477,0.00955747590306269,0.00820204552323863,20782.2658289768,18997.2192852961,5282
0.298,4.7558768058818,0.0338283102468448,0.0328239255324046,5230.55843295634,4312.83893983353,5283
0.2615,3.76833068835053,0.0387492852147094,0.0353822746094826,3537.40059153145,3096.86202704385,5284
0.1515,4.37392359480905,0.0490639114709626,0.0447839138920948,3199.35854342211,2836.8415148458,5285
0.446,6.64448743670773,0.0406332011241983,0.0337525908508733,6099.73270254287,6041.56554026959,5286
0.341,4.89350212750195,0.0336056539289565,0.0298926272706318,5433.36261366113,4901.31904549842,5287
0.438,4.73190767297636,0.0774478021932551,0.0632291943721283,2256.24054334619,2295.3254140884,5288
0.462,11.9320266632418,0.0466550076823637,0.0418118954825727,9771.24928481733,8756.96111985466,5289
0.19,2.90740342880937,0.0686883452560667,0.0618163492296515,1557.39194316065,1397.35562361395,5290
0.3845,4.87884891743844,0.0351125048797345,0.0281670987168514,5155.77021256055,5218.19591541617,5291
0.358,2.94098610592155,0.0120547959871977,0.0102944540856463,8394.35074119692,7685.77863959779,5292
0.4775,7.93245259915833,0.0255729788216445,0.0165894773892771,11732.6073994447,14304.2791775173,5293
0.2325,2.76655399901547,0.116836387110203,0.0983168277411039,827.751663718938,813.493637432715,5294
0.374,2.39656503711842,0.0100025529804052,0.00763227761578565,8192.84925240492,8200.57001901602,5295
0.4255,5.11284157113113,0.0327196711643608,0.0280467035339951,5862.27720719731,5475.48423936332,5296
0.2325,2.87929529650476,0.0792214505114943,0.0742300200370988,1323.41565153964,1136.61313399233,5297
0.4355,4.71667510136045,0.0155738293963078,0.00796995496116436,11091.4839664879,16405.9593977813,5298
0.4125,4.70400837463294,0.010883302272681,0.00810066253370402,15239.1901128777,15790.1538289068,5299
0.463,10.9614519428679,0.0479403152361374,0.0401467802620751,8724.59765228374,8413.88790145902,5300
0.3635,3.45386259171423,0.0136654996415355,0.0112285914582184,8990.58927820473,8555.38405977584,5301
0.1655,2.11969154487255,0.0297739745232582,0.0214465721607088,2457.84621717499,2649.1201026787,5302
0.251,2.7026414172854,0.0183555546939579,0.0128093486356073,5193.93872343831,5702.28203780641,5303
0.4375,4.59428823051742,0.0219813539974524,0.0124138455183764,7725.79842023071,10702.8006392814,5304
0.375,2.74992799734809,0.0110895849243545,0.00702662742425374,8642.38621015386,10263.1628973621,5305
0.1845,4.1201581246451,0.060184228807734,0.0514919016394338,2570.37935082359,2445.38374857039,5306
0.38,2.97917998383265,0.0546015580814738,0.0509854171927887,2038.05588861004,1749.67705308141,5307
0.3745,3.99322637962921,0.0280158007776769,0.0246198793963612,5244.47642960338,4776.42325563948,5308
0.4495,8.59284238686059,0.0186293835503616,0.0158822202790573,17316.3227159165,16059.9094072528,5309
0.3285,4.35081158292537,0.0332174199409883,0.0299234359042351,4928.76813869699,4373.96577527133,5310
0.4385,4.93398712208343,0.00775639376034998,0.00614372961111757,21843.7802367152,21271.8479773508,5311
0.345,2.5849777116119,0.0683353965227171,0.0587695464554209,1407.24424943994,1320.89268186396,5312
0.3935,4.88193346155512,0.0118409279585405,0.010957709338267,14878.2292131417,12776.618662618,5313
0.148,3.10901972171634,0.079657687130298,0.0770210172976767,1393.00381396599,1162.39701877018,5314
0.3565,3.29921305501959,0.100093498329857,0.0833631547676703,1188.269436524,1200.02765848354,5315
0.4645,5.89488914669324,0.0156370040629289,0.0141387517041649,13849.1813122353,12144.6501840792,5316
0.447,8.86554306856459,0.0270564040189528,0.0252170861156689,12418.7583760723,10616.356943513,5317
0.327,6.16122472181466,0.0340224876862971,0.0287263515415284,6753.17685378948,6358.78815176941,5318
0.303,1.93833395969957,0.0146385761215973,0.00980584979531988,4525.40910801656,5119.26289471118,5319
0.444,5.31663373175009,0.05956084757626,0.0498856601501128,3351.77337905508,3264.98824966129,5320
0.2345,3.62160266028398,0.0549451327183661,0.0498299452382046,2433.91776793237,2178.77804255494,5321
0.377,5.88757418540908,0.0524377985686945,0.0343319615099126,4030.40678659915,5221.72099169991,5322
0.4515,14.6546385409467,0.0946861463275144,0.0568280530464785,5094.99705595957,8053.52884819967,5323
0.4625,6.69504952691975,0.0200022259310979,0.00770861652394069,12295.6731566267,24277.4903024679,5324
0.455,9.24617664136732,0.026634869832219,0.00962942129260571,12801.0964160265,27598.781931819,5325
0.1625,2.56194725655573,0.0869128588528399,0.079652274083846,1067.29909644108,945.308130759288,5326
0.361,5.78817431035459,0.0712747224854243,0.060244827678278,2952.26447773522,2924.5166968902,5327
0.3715,4.47621147937182,0.091644019981037,0.0566497800008331,1588.66298623251,2421.28346293886,5328
0.2585,1.79216584135213,0.00997090817701467,0.00795259687752628,5793.78734256817,5511.32907440825,5329
0.4465,7.52311463016084,0.0465009299992333,0.0313843313179046,6037.1605301942,7365.77185592964,5330
0.411,5.96852806559372,0.0645859102364807,0.0517936414208594,3414.98967845573,3569.35816150843,5331
0.2855,1.9669170623249,0.00794680657957118,0.00413134856881668,7636.38196226963,9944.18655707565,5332
0.1895,2.88686939884988,0.0698990942793307,0.0440898426408336,1397.43237748554,1860.87812349025,5333
0.42,4.12957035807564,0.0134273065686158,0.00671474168946622,11071.3777694278,16410.9192057003,5334
0.4115,6.89223786209032,0.046381515997637,0.0429102097080473,5678.19164740557,4938.86617360894,5335
0.2905,4.50943182636956,0.012450709651796,0.0095358669551077,12448.7678615698,12493.0114848934,5336
0.2025,2.43586540611118,0.0889069070553643,0.0795282236395703,1005.66017638137,911.890449363908,5337
0.399,4.51733753504709,0.0733873088136751,0.0407096045306197,2144.38230834106,3377.15804817756,5338
0.26,4.13487713055429,0.0550511934257201,0.0448420140782839,2727.75920595148,2755.93699341844,5339
0.191,3.98404231016446,0.0876271434516144,0.0781299012417587,1614.81329871639,1506.55387611339,5340
0.481,13.4680053796154,0.0641608771480677,0.0390268067818162,7326.99044728883,10765.7009383403,5341
0.435,7.93588606831572,0.0546836836546179,0.0435526797211231,5487.50519057167,5575.09074133359,5342
0.179,3.80142173291451,0.0526167116848771,0.0451942974409662,2628.77612649139,2452.26137778338,5343
0.329,4.46430984021912,0.0487043169351605,0.0434686149060477,3406.26496911006,3077.51221249286,5344
0.458,7.20673643580726,0.00951853313873395,0.00782043838753368,27153.028709302,25787.8524956948,5345
0.44,3.78847168923365,0.00972188347774223,0.00535234438941239,13640.870833498,18196.9332858783,5346
0.4265,4.50068990923617,0.0121509282289817,0.0079435507948624,13221.7050006649,15455.3889959325,5347
0.207,2.3452725247238,0.0832327422167273,0.071782607297646,1016.28114949077,962.847491917924,5348
0.313,4.26196288729481,0.0081944870512724,0.0067820772551493,17345.8869477939,16105.2604396381,5349
0.446,4.07731667834249,0.0162360234898635,0.0146499225283469,9219.89645173447,8117.28492230539,5350
0.3995,5.32302973436454,0.0194384060336667,0.00848159581491589,9896.01059208128,17151.3701015229,5351
0.449,9.49496730880869,0.0414487409153472,0.0325858856873415,8668.62659195249,8886.29040250028,5352
0.237,1.63249403756619,0.0246865821010976,0.021682713590804,2329.92863078735,2084.49131272497,5353
0.3425,3.49038131612514,0.0667945751552846,0.0592558152489872,1921.537863111,1763.63342105081,5354
0.3935,3.47192461638942,0.0110431342174672,0.008199628135477,11039.8952349109,11459.5438361729,5355
0.1365,2.278265352096,0.121639531862577,0.09612540138252,660.866461891686,693.852354918422,5356
0.322,3.53517874496298,0.0132273106006023,0.0117029198833421,9287.63155645985,8253.12399968556,5357
0.39,5.86036490795775,0.0225952394578467,0.0213152966717544,9602.28451270081,8115.46480333719,5358
0.452,4.79497780232401,0.00936616906840402,0.00730164056830645,18092.4243154584,17955.8143373147,5359
0.439,3.90849478569606,0.0127536294976762,0.0103135424747404,10994.240377607,10655.2709029862,5360
0.147,4.65568432010191,0.0410119909193302,0.0384627631863952,4016.98062534717,3382.71449922363,5361
0.2515,3.41794321722152,0.0568522581545341,0.0474921547721288,2202.74645907312,2146.60887967278,5362
0.38,4.59787000120973,0.0560757506041814,0.0460577564899406,2999.7814279471,3033.56513569154,5363
0.4085,3.48455678174917,0.0195769858751175,0.0173531810568771,6521.94986162548,5829.48407863299,5364
0.331,2.28215322452756,0.00726144321006857,0.006008078679182,9949.85445409045,9204.34087957752,5365
0.4305,7.32658076543983,0.0765251548768441,0.0439388925357761,3213.36990270999,5149.72419190926,5366
0.449,6.01251446234599,0.0566818654148853,0.0447433743487332,3948.54918678057,4125.76407582896,5367
0.283,2.82828269314943,0.111951283649322,0.0864978710840019,871.111730060575,968.485989983926,5368
0.3495,4.69783820268635,0.0121893369982026,0.010894005124081,13798.3637902208,12208.6431686199,5369
0.4465,7.3299519741655,0.0302156308327628,0.0283732961981844,9184.07380568366,7809.95136325216,5370
0.454,8.70742056511907,0.0295461631230639,0.0260787688331298,11235.6204150475,10137.1438435226,5371
0.462,8.43201883895767,0.144767386478254,0.0787199840056699,1377.00347833558,3343.6600993504,5372
0.336,4.23144728516546,0.0301130980016039,0.0265622797257132,5162.25972000665,4682.10245656717,5373
0.458,7.931069555841,0.0535901551935264,0.0413978995133075,5559.04816819835,5926.65049490995,5374
0.15,3.54934767339488,0.141644995016858,0.105010788215654,789.383609804291,944.885507390311,5375
0.3995,6.45123539026258,0.0289045932631738,0.0273048005359072,8374.85461677438,7067.84548437329,5376
0.2985,4.27931432022878,0.0619244343309502,0.055304798031902,2568.30314575546,2342.60046802695,5377
0.365,2.67111369978862,0.00669227877133831,0.00425571453283508,12688.2372896006,14387.807488401,5378
0.378,3.09719672098558,0.025210151778675,0.0183745376991379,4572.09508230889,4911.79917804688,5379
0.3315,4.45303347933966,0.0228872085837786,0.0213868653837255,7123.82378726643,6075.71796306784,5380
0.4535,5.45883224063481,0.0204829372403554,0.0169102349388455,9958.33006004008,9553.01617601771,5381
0.1235,2.87761833378304,0.11649347998745,0.104889796281216,895.530037786999,816.638231386754,5382
0.4325,3.59942602307906,0.0168819716778091,0.0134693371597207,7734.09073971899,7621.01212684749,5383
0.409,4.84149346141463,0.0590133980917196,0.0465627867034457,2991.89509382221,3169.79798521116,5384
0.4155,3.47431089629348,0.0740714377963602,0.044515812218326,1667.24406163567,2327.18017455053,5385
0.221,5.54062240059698,0.0254655966120196,0.022585114014607,7985.92929489503,7163.77903004334,5386
0.411,6.21948991779814,0.0590551062289203,0.0429464689625485,3746.06563918951,4451.92357161194,5387
0.378,4.78492280510299,0.029670372290645,0.0204440138560867,5965.8015274906,6863.6785324076,5388
0.3645,2.37813552454875,0.0478882032758891,0.0245807680711427,1777.484201583,2809.29942038804,5389
0.4375,7.28657446948996,0.0636453029042604,0.0581510916339558,4332.96910140588,3840.05090082656,5390
0.4105,3.36367961933657,0.00815880791663616,0.0071848181051954,14056.4637899554,12478.7342585598,5391
0.4425,7.95296136625624,0.0377098702497266,0.0344048174695682,8051.77407194513,7092.92470439995,5392
0.332,4.32134002182743,0.0134050197753556,0.0108565488055764,11292.7883502708,10835.1174459742,5393
0.1825,1.47400526800867,0.0231998766133208,0.0143713724921653,2131.37387044199,2556.90605435465,5394
0.238,3.91172020168135,0.0626803246633252,0.0559888468483416,2274.99606204131,2079.91570927628,5395
0.2755,4.03212460699965,0.10646536265088,0.081593193530056,1237.51140767515,1471.36972959797,5396
0.332,3.90828247774114,0.0408929603432146,0.0296820269806166,3496.51655811099,3902.90762900242,5397
0.162,2.45344227409971,0.083773893152131,0.0773470449098003,1050.48518008702,916.366749619635,5398
0.3835,3.00657143807395,0.0109561468878224,0.00906313690261689,9540.10159077696,9015.47193305681,5399
0.4545,5.64831975368526,0.0210952476248935,0.0157948940103094,10018.6396541997,10528.9157072191,5400
0.418,8.99599793549886,0.0223339405674675,0.0180385275379302,15064.0193926673,14724.3829409253,5401
0.433,8.13269226818544,0.0425234435628086,0.0342934183830645,7175.08839591822,7289.38753372389,5402
0.2205,3.62179182373455,0.138080759171213,0.11781248910567,860.569133433366,899.711441336746,5403
0.429,3.82162401148065,0.0130267059318466,0.00522124604004275,10358.7578395571,18214.5170976383,5404
0.2675,1.73221610334988,0.0118605467357367,0.0106313257134529,4841.6931995076,4246.638535597,5405
0.4315,3.16810486102059,0.0157724741567912,0.0100346425316235,7287.92190599281,8857.42734856588,5406
0.291,3.43729117200818,0.0142161051445282,0.0121755812730158,8363.74246609175,7664.15775582813,5407
0.455,5.96971118212149,0.0337115062420316,0.0303328604723699,6740.29923647487,6020.01828104955,5408
0.383,5.68729727700932,0.0140844795836209,0.0114683220073067,14838.6607872339,14327.4179440753,5409
0.307,6.08497155161447,0.0669182227692205,0.0552789448740099,3374.24157784073,3348.01939147708,5410
0.321,4.21605344704604,0.0392239813053477,0.0341539508466244,3987.33719540861,3680.12477081163,5411
0.4575,9.27607430095113,0.0475358454149338,0.0338200413114632,7370.70989878578,8426.37218988325,5412
0.388,3.32543305552166,0.0213329001407425,0.0170963354573003,5724.98340591531,5637.1682922285,5413
0.394,3.19934031748446,0.0111422010377734,0.00941755285007312,10096.4993161962,9368.47962369314,5414
0.4675,8.32792043229772,0.0200120694298084,0.0111849965049168,15668.3177909313,21769.0557606947,5415
0.3385,4.37809056247995,0.0942013542971336,0.081009275353208,1661.79460688054,1625.00132308735,5416
0.2405,4.8182437270426,0.0188859787748059,0.0175295179540113,8983.30554931078,7725.54846653526,5417
0.3755,7.47735669489276,0.0256008181429669,0.0257768917396602,10912.82305408,8662.67926975225,5418
0.4615,5.43534561680455,0.00929388721408272,0.00761808821098703,20713.1244516555,19684.6849154313,5419
0.221,2.89864914923724,0.035269069877282,0.0256737536003664,2969.38825151878,3201.62716700643,5420
0.4435,4.61749610644982,0.0132839281592815,0.0107842107551096,12609.2611131356,12154.2622235668,5421
0.437,10.9593512726521,0.0155370351154009,0.00949679953156092,26149.6221014479,32932.9149377217,5422
0.376,5.75047383629381,0.0586705231980386,0.0416481615349758,3523.51379812692,4231.81261435756,5423
0.401,3.74904218374026,0.0994584432930004,0.0768813323167209,1339.00331765265,1465.62561350229,5424
0.244,5.7018356670328,0.0336990298969052,0.0315801618378251,6334.23890517394,5381.95317036138,5425
0.4775,13.1269720077665,0.0637837255323769,0.047972018791779,7681.82103015455,8536.6320578025,5426
0.3545,5.2283085749203,0.050237105105014,0.036046140856434,3810.143977966,4325.83051845456,5427
0.342,4.98456884642381,0.0485314963484908,0.0270601104760242,3613.23575499124,5483.67718655702,5428
0.227,1.54296904810099,0.0171637844272761,0.0123875189397851,3111.72867780589,3289.63891732955,5429
0.38,2.94745376074936,0.0118851138491332,0.00741838341275153,8682.65897024981,10522.7496205909,5430
0.2015,3.3615813613824,0.0489609743767556,0.0463575211006439,2499.02573759865,2122.93890796737,5431
0.4215,4.4085669723084,0.011961489935415,0.0100999071214463,13053.6493121454,12170.0606814273,5432
0.446,4.1771755453678,0.0105297019114413,0.00876273058762205,14117.4982397418,13252.6849892597,5433
0.306,2.92917865960154,0.0902989418703066,0.0795760596954405,1196.04279162222,1107.33166346663,5434
0.23,4.76129199018169,0.0655040611421728,0.0541258324354852,2605.75054984985,2549.09463272746,5435
0.323,4.60301765795412,0.0354265305270524,0.0320238650663674,4799.06371717977,4321.00306169088,5436
0.342,2.35221845581959,0.013205473263473,0.00907124647157654,6183.67891907903,6799.72717140185,5437
0.3375,2.20253383610032,0.0121779226872524,0.00928617150154676,6210.38062777426,6234.94201883337,5438
0.246,3.64753589551559,0.0247249798512077,0.0227882782597591,5269.31690362137,4533.35917174071,5439
0.3205,2.9526774857959,0.0273324287099522,0.0177715596971765,3897.90937010926,4714.21793023421,5440
0.43,5.84369066384707,0.012569538900154,0.0101131608493382,16809.6344862138,16314.3927408927,5441
0.3795,5.56917210168444,0.0461930398139028,0.0379407959473116,4472.32932252926,4443.97908141789,5442
0.419,3.11361072084901,0.0115570898449536,0.0074686604416282,9581.03783256665,11212.4597284977,5443
0.172,3.9425856082301,0.118712514027456,0.112091726141375,1216.04971313246,1042.41486977911,5444
0.321,4.02319324564297,0.0709859687433524,0.0565976831586224,2057.16157907093,2143.19875145187,5445
0.255,5.30198362489516,0.0321066179113442,0.0273560731707052,6031.82092678678,5658.2429576155,5446
0.453,5.26996450500797,0.0169067361162272,0.0123856518793383,11469.0121455458,12307.0378163819,5447
0.3375,4.39056507278993,0.020009222102451,0.0183607235026488,8033.61763941898,6972.68803751874,5448
0.3715,3.22933678036585,0.0279814612061134,0.0244471544377964,4249.28764767074,3883.85201687661,5449
0.389,5.18455842348032,0.0275784406439673,0.0232494994753353,7048.331871575,6655.67851596842,5450
0.2175,3.90693345200246,0.0705724163471006,0.0650384900743918,2027.83833521237,1774.61744944641,5451
0.2675,3.50922927897267,0.0743192083092064,0.048747317472592,1597.9884495373,2163.57909168038,5452
0.1565,3.61251209750073,0.0895852423958757,0.0731483789445001,1410.78526561106,1433.062667738,5453
0.2385,3.22758126214702,0.0620736264414558,0.0573530685919112,1918.83320569616,1668.61885841245,5454
0.3565,3.60328217918131,0.0415667443418949,0.0318056464154518,3167.21880803032,3329.45742463079,5455
0.201,4.84568390290488,0.022112809690634,0.0191370773406529,7837.93924465236,7150.87970976596,5456
0.3705,5.17963716569069,0.0263940101098095,0.0238675796979049,7319.98937130289,6490.28937114959,5457
0.472,8.91814995903512,0.0720406542100346,0.0457743380276255,4407.13494676395,6006.2672656699,5458
0.447,6.93376550092163,0.024260609003644,0.0223993829431885,10827.2208514914,9369.79234003941,5459
0.4365,7.11053358398844,0.0341562256302048,0.0322547694206984,7991.71255934275,6774.03616382316,5460
0.215,3.00677290997622,0.0569113105492587,0.0413376504796608,1841.8391801946,2043.16037074181,5461
0.3155,4.87055564070935,0.0775767642983238,0.0700727946468801,2265.85718002323,2070.8091274925,5462
0.4405,4.47566705469886,0.0199798628803956,0.0160754347326357,8365.56194754139,8191.9472582964,5463
0.184,2.12173992022476,0.0309794123335065,0.0293941254081953,2402.31309177562,2025.89860137771,5464
0.4185,3.86027998586623,0.0181163875778661,0.013559852862101,7846.86117235797,8191.87433089968,5465
0.4525,12.6352982977867,0.0568622059249038,0.0399777483616097,8223.44577406896,9836.26727106699,5466
0.4645,10.1523773714086,0.0934298201180185,0.0688269636253031,3845.15492964967,4541.77219134342,5467
0.2985,3.23937004604242,0.0120873366273958,0.00846539282048911,9170.91544741045,9937.32758562144,5468
0.31,3.958333951446,0.029580073114183,0.0237842601290405,4838.54746169443,4770.25960366048,5469
0.424,3.17055323328995,0.0138514437346198,0.00999871013314839,8202.50280781322,8854.6032840063,5470
0.3695,4.34464603863056,0.0247442849347783,0.00753508827716079,6202.73603192538,15275.1574291982,5471
0.323,2.75644118771982,0.0145639640252429,0.0111440398671362,6593.87395461718,6681.31828360169,5472
0.386,4.28102114767564,0.0297859478272617,0.0245982242088332,5336.13624525568,5148.42316815287,5473
0.391,4.17973425085692,0.101816593329513,0.063746911834177,1356.34855919111,1974.97946117803,5474
0.406,3.23541574582207,0.0124554434201878,0.0108924832667937,9280.61904529147,8368.84659428422,5475
0.358,3.79278190411791,0.019192394854873,0.013386295641119,7154.23878234562,7977.44484011418,5476
0.4705,6.60875982502382,0.00991646968583325,0.00851893010551324,23951.2313889782,21920.712512602,5477
0.186,4.67934813387215,0.0213283432840241,0.0194545630621588,7602.84683898559,6553.39363952774,5478
0.2055,3.15468133635413,0.103472806608419,0.0837543552086707,1063.43827139516,1125.59044711466,5479
0.4355,7.44000981971775,0.0303679084919315,0.0252342329572208,9330.64275610054,8962.96229566284,5480
0.4495,5.5260950128107,0.0123130119000626,0.0109965959810692,16173.8673612162,14331.1807047436,5481
0.396,5.10042316444935,0.0465412558924511,0.0439327651924761,4135.26431100325,3504.99192684257,5482
0.395,3.08751369407663,0.0330849578168566,0.0114476357259943,3384.5929448562,7508.10992196919,5483
0.449,5.80067401507607,0.0150765182272067,0.0128161823201056,14117.9926363892,13059.370311749,5484
0.461,5.52146162752117,0.0446327700673173,0.0124702769383065,4272.18625791417,12880.6229996647,5485
0.465,5.79700681024506,0.0108663929580013,0.00946817299371612,19340.3148746674,17458.4930777423,5486
0.2045,1.69118486231838,0.0312302186556041,0.0148076607634771,1920.91431745591,3052.58992223643,5487
0.348,4.31416964184041,0.0444976183254056,0.032032659401992,3507.61109451713,4025.37849124502,5488
0.396,4.23626723567097,0.107467502428104,0.0636503047247476,1097.86689083001,2037.98832819566,5489
0.4665,6.56951053094604,0.0109590459024536,0.00788480996282884,21661.0754965913,23304.5274859379,5490
0.4585,6.61463265519303,0.0187774094011363,0.00926295648195776,13029.8508748833,20292.1471301596,5491
0.3855,4.06934186197818,0.0194712496614318,0.0178905883397108,7655.91082362747,6640.07874643799,5492
0.1285,2.02458712411554,0.130429337784128,0.103478700042007,518.635206673109,530.271358832942,5493
0.318,5.06195683731408,0.0395189299132191,0.0377858332366361,4790.84626966602,4011.59038944586,5494
0.344,2.72293081569769,0.0119273845056779,0.00869503044505994,7975.41817261536,8324.40818835884,5495
0.2715,3.8725369654309,0.0218119425581065,0.0203095211400117,6434.5341746544,5498.63702879953,5496
0.3125,5.85208512556964,0.0272144661388835,0.0259854028157266,8038.09867181728,6741.76848911293,5497
0.4415,7.37974899321097,0.057827820987798,0.0285837947092401,4482.44857019718,7840.88492034336,5498
0.3675,5.6214882171256,0.028579317121444,0.0273589346540313,7320.86814266206,6105.99167541612,5499
0.381,3.67089970969212,0.00964176088122831,0.00809567241385631,12998.3924481612,12065.5581096045,5500
0.3985,6.57836826812782,0.0515600263897056,0.0455637068574035,4773.201046799,4384.36151890583,5501
0.3945,3.61979437422783,0.0147084347817747,0.0131530051939146,8930.70840138049,7877.17161771236,5502
0.446,4.46912232651323,0.0112891051032675,0.00813087129236067,14177.3741918149,15165.1712024102,5503
0.282,3.74693939066366,0.037424178512589,0.0359883115128334,3682.05127136009,3050.39557415065,5504
0.197,4.55962533685858,0.0242395242086446,0.0232993157479204,6656.56599432591,5518.80249713935,5505
0.2995,3.11952809387429,0.0179843855459719,0.0163371453618949,6343.51110074741,5557.3388829578,5506
0.406,3.99361803434396,0.0095285064855764,0.00841836427371981,14539.1359138932,12937.5738097737,5507
0.2175,1.88107101025214,0.0420899157687691,0.0383764036483139,1627.00941804456,1410.13784033812,5508
0.4445,10.2227585456567,0.0310661928251555,0.0250321104010122,12502.0896991761,12337.0286057432,5509
0.457,9.97743259088002,0.0221662225737076,0.0197531065626611,16994.183952087,15157.459973189,5510
0.347,2.22172263505968,0.00659471041314602,0.00574662043277215,10588.7287490986,9368.52778132628,5511
0.256,2.06769935462871,0.0498301963862215,0.0419743460795596,1515.43082724668,1443.44729668849,5512
0.383,5.11431561770676,0.0228701684148067,0.0222164118835297,8319.1646808217,6842.36119645117,5513
0.1735,1.46337798148023,0.0214371663293541,0.0138835769556787,2292.52664308108,2650.92558225851,5514
0.4495,11.9962949510744,0.0520918168884232,0.0430485386823075,8704.09517502445,8486.38493065937,5515
0.241,3.25579734263487,0.101052134873099,0.0855443867077494,1129.58244780345,1132.29138762284,5516
0.3215,3.84308667383868,0.0654700666549136,0.0549263852012118,2178.22367001005,2087.74375195716,5517
0.441,6.08011614416745,0.0513720453064784,0.036718507501089,4368.67962663955,5083.73984464609,5518
0.418,4.57905659807708,0.0336381859701694,0.0110091254622984,4833.33130680745,11841.5873793303,5519
0.4035,5.41738023358526,0.0132595779932796,0.0117886076570358,14687.7999466584,13040.7995775236,5520
0.397,2.91615131825876,0.0131864563936861,0.00975712436546347,7809.34254387863,8113.69716398915,5521
0.3865,4.87724232064793,0.0647637902711572,0.0601541504052414,2810.25293289384,2424.14772116891,5522
0.414,7.51643050785037,0.0353806835196415,0.0342211838323631,8080.74396559849,6678.12190063301,5523
0.3365,2.24067368625438,0.0136042616635406,0.012638350316909,5674.93554004557,4859.85503443025,5524
0.344,4.86056398643572,0.0713368191836038,0.0632543112807479,2509.87357381445,2317.10433901073,5525
0.175,4.4651590362115,0.0187665849792461,0.0150230174098803,8084.96121928616,7807.72664569246,5526
0.464,4.78461490788466,0.00825094803250027,0.00546429067460921,20245.8571036228,23006.3456703592,5527
0.3255,4.50129981482377,0.0140069060391909,0.0113786134128219,11268.5563748783,10793.173898118,5528
0.457,5.55954473808478,0.0162093358483816,0.00887677067825162,12591.8758033933,17533.5048469843,5529
0.245,4.07370771787232,0.0356062880598071,0.0330726077736875,4195.63168495546,3604.09943440163,5530
0.3135,4.74661424590062,0.131067960426564,0.0965576905199779,1137.52082121587,1485.71832157259,5531
0.3745,5.77378184185719,0.021999985732335,0.0200722948128235,9749.91331976109,8495.76666618744,5532
0.46,6.2197430095504,0.0285204073244896,0.0211746496841997,8242.95606581466,8754.23193002222,5533
0.1985,2.44428419622993,0.10483494343019,0.0948405702307369,852.732623535157,779.548982879594,5534
0.4,4.32132732215036,0.0164858319586877,0.0105232461028059,9506.68143721574,11466.9883468999,5535
0.466,10.0981842981763,0.121072920998872,0.0628540779706858,1748.16316879958,5035.83620140222,5536
0.312,4.23632775022992,0.115890101671538,0.0756629903632368,1174.29116924721,1693.13589374875,5537
0.248,3.32925681497881,0.0267998382914225,0.024415718395882,4493.59620147925,3916.73326838565,5538
0.215,2.70921034401774,0.0475810509341947,0.0362231341579098,2086.35835702019,2193.22845467196,5539
0.3145,4.28211192721407,0.0264322196902672,0.0241220112665528,5987.0854782584,5241.89521032452,5540
0.362,4.38458217822157,0.0298028579353495,0.0278386704775234,5496.69768682732,4697.08454312307,5541
0.4495,5.78687115382289,0.0133355698439382,0.00911909109931474,15828.1104707263,17934.5164175384,5542
0.4605,15.0177739683015,0.0948156235744207,0.068388890079505,5703.79045281839,6807.3351339527,5543
0.308,5.02442548621462,0.0267346572371424,0.0249586686848467,6906.58628604177,5910.93993038597,5544
0.461,5.49053425832594,0.0223470734043457,0.00598312154451966,8890.8936317147,24343.5008862525,5545
0.4045,4.78492040722957,0.0594756851352137,0.0485895667004179,2967.79088416824,3003.17921305127,5546
0.4625,9.24793113203023,0.0119882850176486,0.00953567998148439,28245.3534655471,27814.4223908135,5547
0.45,5.16803214301303,0.0128497251526992,0.00945488704731416,14656.1223188311,15459.9587499698,5548
0.2615,3.59735441514527,0.0872404619693899,0.07960601004779,1486.58487674793,1331.8218886119,5549
0.1995,3.27611697012032,0.0686167924680036,0.0596915077691721,1709.22522866969,1591.43633469479,5550
0.4235,3.93273399609855,0.0119554667691316,0.00966967726788888,11719.5101885444,11277.7920552791,5551
0.2365,3.90885842119956,0.0450008576443195,0.0386092210213168,3194.9636725728,2978.99938248703,5552
0.2595,5.09062760212287,0.0180585346346121,0.015473342104001,10191.0658522705,9440.69662072937,5553
0.425,6.24159649330678,0.0270867554004911,0.0228213168053294,8645.70634670958,8186.77676283638,5554
0.4295,6.4152024971632,0.0525476821549419,0.0375350324574993,4407.97094276027,5261.1665954354,5555
0.3355,3.25687021889873,0.0501906766693268,0.0393342246236197,2415.22021772131,2490.96482736014,5556
0.2645,3.81111293311138,0.0354017684731824,0.0325142525572528,3995.09564695487,3485.53683737518,5557
0.4515,9.36530053963167,0.0647002634629905,0.0543945162565231,5429.77046611852,5280.45183277978,5558
0.238,3.01773370440762,0.0297140577636511,0.0159808909178326,3623.8715261959,5207.24434649003,5559
0.317,4.46861392501646,0.0285285738666916,0.0251978380254112,5785.71899229765,5257.15240667862,5560
0.382,5.93733901680311,0.026144819814982,0.0201633859104298,8581.78485161007,8853.58464546032,5561
0.4275,5.10121358060025,0.00946955990295369,0.0079861793896194,18953.553650118,17616.2914777965,5562
0.384,2.78005786690033,0.0157705440814543,0.0143522612630701,6322.52903850604,5521.54731580709,5563
0.442,7.08289171985925,0.0624695877388433,0.0458541961855662,4096.03831970497,4781.2381711674,5564
0.3935,4.84494858921066,0.00715801623098356,0.0058397020034762,22660.3827915342,21400.1531112845,5565
0.399,5.72168367310086,0.0284146326169366,0.0267151786643358,7540.14070951102,6415.26359249693,5566
0.1965,2.69837026412323,0.0596905649254621,0.0552484055293621,1690.06846907346,1460.92038386094,5567
0.459,8.95675721536778,0.0872416425134808,0.0450876217348306,3440.19908783501,6128.86299785946,5568
0.4625,4.70839918420228,0.0459671381619136,0.0283590305707463,3799.00097407034,5005.31938792408,5569
0.4775,11.4132530731387,0.0384980361380987,0.0344400016566423,11304.7037904324,10086.7139889482,5570
0.3715,5.03639056011566,0.0288162090296125,0.0276796616948153,6513.18262959008,5407.94625026703,5571
0.3165,2.95825307217473,0.0634001840382247,0.0573060536222629,1717.67639125364,1539.70902509219,5572
0.4495,6.97306924841479,0.0360190466587277,0.0330923318841032,7307.7545606966,6354.49065329307,5573
0.4385,8.39102355556901,0.0155269273059957,0.0132398109625795,19878.1007972107,18404.58379609,5574
0.2815,5.26026418897667,0.0276491940563683,0.0218041915328469,6896.33609682954,6939.44926765988,5575
0.4435,4.63639595171801,0.0096864589105044,0.00765186629097288,16953.7265386508,16669.9806576275,5576
0.4515,5.72306671864471,0.0323850044796658,0.0272701985178845,6649.20330148113,6340.13214528709,5577
0.4475,7.39948813961517,0.0174370538712328,0.0104535575197221,15754.62879881,20327.7421914691,5578
0.279,4.58199285411452,0.0197889864568767,0.0172261487920042,8258.83549809397,7446.8146555164,5579
0.222,4.91099521029654,0.0829315409104288,0.0741957560105308,2099.47087755767,1949.81301748138,5580
0.31,3.33884488259556,0.0229626028272161,0.020836586293905,5226.79407089654,4579.43301867916,5581
0.213,4.85696684130725,0.0221547250904174,0.0198094684497958,7592.45569509018,6715.34807397697,5582
0.2425,4.20538983172503,0.0887158574065527,0.0676078311190916,1641.48192372269,1852.26232367114,5583
0.453,4.21192693379217,0.124108773986554,0.0872048337581611,1144.77501307863,1489.80904318143,5584
0.3365,3.94670834426788,0.0184822813704247,0.0143508094480747,7681.67152824702,7768.894512404,5585
0.471,4.23484894370323,0.00993542201056225,0.00558285875415741,15126.6397464737,20022.9044284583,5586
0.3205,6.36196219486188,0.0530158005909964,0.0452890080644628,4457.23936890942,4208.30148544134,5587
0.3055,3.97242954013439,0.0162919958745356,0.014673546896386,8570.18312147634,7553.21717540359,5588
0.437,5.16340861435252,0.00694471545293629,0.00555275889882499,25276.7421811839,24383.5614059566,5589
0.1595,3.81618876966864,0.0461597980531799,0.0420644279815469,2931.74912446905,2585.77511037305,5590
0.44,5.39856900472679,0.0136667030200028,0.0122253255420199,14428.5815222448,12779.5667105321,5591
0.3275,4.33001051419369,0.0291361574755,0.0277961805016996,5469.81944955868,4580.32204758949,5592
0.4065,6.68386765342631,0.0440276686834662,0.0298056475686444,5610.63319677431,6818.07407576527,5593
0.4145,7.53831911944802,0.0297782544605675,0.0276897668839229,9580.54392609398,8210.34328122218,5594
0.358,3.59748736356313,0.0184711021570587,0.0156893103070637,7096.56955183536,6625.90152787607,5595
0.305,3.37705084528336,0.0131221658223211,0.00984780790520662,8881.78130409328,9127.47862917905,5596
0.409,7.05635141693798,0.038566706201459,0.0351441928990942,6958.75482387494,6139.92355746875,5597
0.349,3.47682315337187,0.0204466820251984,0.00962933455664612,6106.87501835538,9826.59419180086,5598
0.2645,3.86252370974595,0.0468346560718736,0.0427059476131472,3054.76460695057,2698.25621415603,5599
0.2345,5.08853424744178,0.0249519528457604,0.0238238774579578,7412.11453090307,6196.89226633514,5600
0.405,5.32285735989981,0.0457453084619173,0.0355499946457533,4328.10123235234,4563.82746014824,5601
0.3035,5.68951093382853,0.0443015028819071,0.0235427477699456,4663.98638158441,7325.03751180787,5602
0.169,3.97828180166611,0.0468297913208568,0.0356077677940694,3010.37139176592,3195.68957823343,5603
0.2215,2.3374193645392,0.0187088451238252,0.0153367520230578,4290.82994068722,4082.27677383137,5604
0.2165,5.19655440419852,0.0176228227930145,0.0118112131629967,10154.9023473705,11445.3625034915,5605
0.3865,5.26002612869957,0.0357639569544456,0.0175821829774675,5320.4641465931,8742.19289067954,5606
0.378,4.27467204749943,0.0475381076857473,0.0410023929134058,3345.10007345708,3133.34200297239,5607
0.202,2.90353556841147,0.0895126898926293,0.0690974314114184,1142.5745375076,1226.65064177279,5608
0.4115,5.66010373778759,0.0302413810590389,0.0117075051852016,6717.13180807634,13842.5518459995,5609
0.403,3.57988151573555,0.0226518450078579,0.0137886595500014,5801.11892327024,7421.16303420067,5610
0.401,6.37279030412719,0.0403279021735132,0.0340403054916348,5932.98027121485,5690.64033894872,5611
0.4525,6.89047007650414,0.0103498675612319,0.00679879800509706,23748.534317226,27573.5723975738,5612
0.3525,4.16598948693932,0.0276115087704218,0.0236571887467873,5568.22303130279,5199.34167118854,5613
0.439,4.98670939026022,0.0124342019052503,0.00580256379728995,14378.3805264906,22497.6658797815,5614
0.329,4.18700344335383,0.0554543769571396,0.0449736664286637,2762.35691178168,2835.58827926552,5615
0.422,4.6980429375251,0.120895915315692,0.0881342601220296,1272.73652310149,1635.43790544703,5616
0.462,5.27944167805878,0.012750815205037,0.00774380678040991,15086.4645769596,18958.5998080563,5617
0.272,1.98874359073532,0.0321180480154665,0.0228115646707586,2198.19629590876,2415.36331577472,5618
0.288,4.98737049805394,0.0716997933185125,0.0632798842512468,2537.64154669448,2361.331342683,5619
0.2215,4.46397879374246,0.0196070798616491,0.0140374577087963,7929.12021703567,8482.68266791214,5620
0.4425,6.19271190455966,0.0392054089682172,0.0194430898392774,5723.23944674388,9387.13334563665,5621
0.4655,9.54776708632138,0.0455862481157261,0.0340938639152171,7918.71760313671,8543.30865657814,5622
0.2595,2.27433008516159,0.014989551097139,0.0106789578133702,5225.1153110892,5579.46501290105,5623
0.106,2.87512605683033,0.113800509307776,0.108141452901554,902.104708616456,768.558347997891,5624
0.449,5.5392196458039,0.00976084215029509,0.00781048650671272,19996.5700666492,19394.1158120218,5625
0.4355,5.72293382101445,0.0355133743373439,0.0309288282778257,6152.6174784609,5686.11111119329,5626
0.2375,2.68631047324695,0.0941882967962543,0.0784533521637325,1014.00832637861,1010.89187876555,5627
0.164,2.14868450236433,0.0587491560130852,0.0557378872615208,1323.80126626695,1118.74275992256,5628
0.428,5.75178831666133,0.010637761511444,0.00783246846502286,19279.1580852212,20162.5156077303,5629
0.437,5.42304294188143,0.0313165323864601,0.0278561258040861,6594.16226986694,5949.96081820217,5630
0.449,8.25277798990345,0.0232706871812603,0.022105765242999,13379.9392808667,11242.6197331299,5631
0.436,4.5810889085882,0.0201383525564147,0.0123149732772489,8460.91289450737,10737.6590658298,5632
0.454,7.594213954082,0.0651275472782737,0.053646452581359,4393.41150733299,4365.68921512028,5633
0.4485,5.17851668719557,0.0145212402713597,0.0104891257066621,13095.7059842794,14100.3668678453,5634
0.277,2.80532049135536,0.0195902871137905,0.00895121807508575,5029.38529256163,7915.70908310059,5635
0.205,2.60246973315547,0.0393065892269092,0.0378079794626413,2408.0156673526,1992.7459110357,5636
0.3995,4.0102535704632,0.0103378520143166,0.00913842812323931,13390.4399596237,11929.956573448,5637
0.327,3.30839959868302,0.021866435214256,0.015204131553578,5538.87007433512,6231.48918339823,5638
0.217,2.35434125803681,0.0411080755822923,0.0349997939720348,2085.45352018988,1942.69235706566,5639
0.238,4.68427734506794,0.030279952237968,0.0279781040852927,5631.02493240862,4882.25810170522,5640
0.352,4.29768579783339,0.0552088304758556,0.0406885381125633,2849.76117400124,3196.9190744191,5641
0.2875,4.64770476681305,0.0198575695639889,0.0102943981486278,8420.78484415906,12167.9969113385,5642
0.4125,6.57232925167722,0.0423049666707848,0.0372104732892873,5869.43714203731,5387.75505245855,5643
0.3785,4.7950863623064,0.0316767835782682,0.0288143069553652,5665.40744798186,4984.54303986408,5644
0.448,6.44929952072056,0.0298778022615683,0.0261957877129156,8270.8036681076,7547.46919398573,5645
0.432,4.74818917651709,0.0503509229792355,0.0469925975930586,3578.20307858087,3055.31030940276,5646
0.364,5.96994588743783,0.0608968275356579,0.0560641629012433,3714.23233471169,3251.91755855922,5647
0.423,6.75912154040975,0.0258924296985853,0.0212560883092533,9771.54353728694,9451.30451847865,5648
0.3165,6.26502575309709,0.0227896650797241,0.0224808089933978,10160.2667878686,8226.07215093663,5649
0.417,6.5336752870439,0.0127121059864268,0.00867947804707614,18637.8841514459,20875.2835240701,5650
0.2545,3.70339411782812,0.0462239825157361,0.0406342050314731,2920.35298074063,2687.82071377676,5651
0.248,2.29198550481306,0.013527790358724,0.0114604997317613,5672.72764549648,5189.76204543594,5652
0.4675,7.24958975650099,0.0205601246287647,0.0183461977856045,13304.1485500145,11874.0211684113,5653
0.2955,3.43427216324865,0.0291128243543901,0.0198699402806389,4227.87488026319,4881.6355639944,5654
0.4145,5.01671248041125,0.0307743283104016,0.0278578823820812,6137.26644053959,5404.78239525026,5655
0.198,3.73272650754154,0.0642056569207697,0.060771027028182,2154.36535848639,1837.81884705222,5656
0.432,3.58294930156419,0.0100487863451945,0.00811604900458003,12576.6072054135,12155.6884120754,5657
0.297,4.15127171391408,0.0718680740143789,0.0618844055029264,2103.60503823258,2025.05890525413,5658
0.2795,3.15563756709428,0.0345022385490023,0.0329263599359087,3341.79057315175,2794.77234612264,5659
0.394,5.0701597617754,0.0220379417378893,0.0161254181650368,8481.43113274173,9102.07021231587,5660
0.2615,3.26454870129815,0.121248153098459,0.0918077042730978,896.170197896812,1058.92476041961,5661
0.453,7.95880795573773,0.0363199333475738,0.0325558500305206,8343.25635237466,7461.0578298269,5662
0.254,4.93159719364536,0.0623901110619156,0.0607871323505264,2939.71850832619,2432.47214963354,5663
0.178,4.56082744329775,0.0341319809538005,0.0298477920368178,4809.4086320397,4357.51284605884,5664
0.1735,2.44588600461759,0.0380881424091061,0.0196678860695429,2240.14008555849,3335.16783394672,5665
0.3595,4.7041132308126,0.0820109965269153,0.0585872185127214,1908.02818620143,2448.4796677686,5666
0.4745,14.439133643643,0.0394503542699074,0.0222323255415917,13680.8869114058,19669.5377845419,5667
0.3035,4.23691024663594,0.039779907833065,0.0365036879462122,3962.56288047149,3476.1361480477,5668
0.1995,3.51347811424167,0.0763166442713709,0.0658294556276097,1631.88018714246,1579.02962664389,5669
0.1915,3.3628750282774,0.0884168789680857,0.0602683695148641,1342.35105152882,1676.03955560889,5670
0.451,6.03824885828735,0.0433530252875063,0.0318669565355226,5254.47408283968,5821.9599093878,5671
0.415,3.88715585716053,0.0248776240587412,0.0163803140787093,5770.75094169365,6926.20127912189,5672
0.447,4.58348786391618,0.00897010319577066,0.00709161235963659,17823.1815939547,17468.5592649743,5673
0.243,4.26623761347312,0.0624684827375827,0.0533056529414233,2462.65358602561,2379.46857506948,5674
0.317,4.60790090550829,0.0654615191961962,0.0565809011901924,2591.22835103489,2456.51567887598,5675
0.4455,4.18829288001562,0.0232687206037823,0.0140660921645652,6621.66607732127,8588.64659633692,5676
0.321,5.50722110636474,0.0309548276594457,0.0166517151038362,6386.19805999853,9363.92746227325,5677
0.276,4.59697715833766,0.0140585234392717,0.0129980170330183,11551.7565201966,9846.31819517518,5678
0.314,3.98160258434542,0.0301609832874273,0.0277750104177654,4825.72725564394,4159.73161048958,5679
0.3485,6.64517633229053,0.0275657613364426,0.0254223055976975,8984.23792532385,7771.45266332681,5680
0.4375,3.78237306809404,0.0118148642421345,0.0106006529970191,11541.4798563432,10116.0083808696,5681
0.3725,4.7506587211818,0.0447466397194189,0.0409863364112227,3999.66040786585,3487.12334385897,5682
0.38,4.30998009205309,0.0404239548983886,0.0339580945419802,3997.45142022847,3845.79076181051,5683
0.2485,1.58388572956682,0.0175930913382287,0.0126184466280006,3072.84997817819,3277.26157266606,5684
0.181,2.55259848875128,0.0507930257382656,0.0471957661069592,1839.93186876644,1573.19710017831,5685
0.3565,4.96742123510257,0.0410173925664781,0.0385238027543592,4553.41738719948,3900.82007001612,5686
0.214,4.11851266729585,0.0749025493813616,0.0659995129770067,1963.71128751121,1832.41686551851,5687
0.28,4.47486380021653,0.0355853973940803,0.0266815472946387,4628.43307548641,4990.3501076446,5688
0.4595,7.02010587252896,0.0221847275067935,0.00701947307557161,11568.5287414535,27508.4461482987,5689
0.312,2.27825609000388,0.0115653187291761,0.0105183019576267,6686.11690273572,5778.92198624719,5690
0.3875,6.13680919393988,0.0345621034061695,0.0266059484817466,6660.58233541047,6903.6238650583,5691
0.4385,4.92742767679476,0.0150656920500864,0.0104014774457562,11949.6920427804,13469.2156665494,5692
0.419,7.35828500073998,0.0348085125556218,0.0351201128073414,7969.65457328641,6285.47080089782,5693
0.239,2.38598827060726,0.0139589929897112,0.0123489419918364,5699.23387846285,5027.0359321872,5694
0.1385,2.35564702501794,0.0971654914963327,0.0898055926792199,869.516836524325,762.555965847478,5695
0.418,6.6285404095205,0.0159997418826463,0.0139832116106432,15190.3222082008,13713.1118682907,5696
0.396,5.17339695315066,0.0214017740568918,0.0134112375078374,8857.45466859905,11074.064688301,5697
0.339,4.6737341607088,0.0197228099123506,0.0144379972446327,8595.92723026835,9226.42103374669,5698
0.4185,6.18334325638343,0.0577930392788109,0.0487090385909824,4021.42961519808,3890.82735853402,5699
0.401,7.34625982183737,0.0294513026951884,0.027475732613121,9464.95173068415,8092.97380984376,5700
0.2295,3.63505404422383,0.101004043999659,0.076239798944559,1204.32197209051,1401.7626778416,5701
0.4255,5.5836090463504,0.0119118059081053,0.00716421308974106,16885.6618518666,21067.6022857443,5702
0.413,6.24073587458305,0.0278528967746859,0.026480175344621,8460.36585525682,7105.71289583574,5703
0.4045,3.68943239191184,0.0262042137735815,0.0153689784824154,5171.7148267009,6925.01387891415,5704
0.2375,2.38730055876206,0.0222537813514859,0.0140342523591208,3785.93397440606,4600.34334520432,5705
0.391,6.15364854782764,0.0405735096545646,0.0336578064345077,5739.32254504272,5573.67643125606,5706
0.3965,5.28533508194744,0.0226077141730639,0.00994831640281194,8462.69909737443,14838.7004834023,5707
0.264,4.27065471268937,0.0648313070153922,0.0473792684796183,2384.42563807131,2728.61229770702,5708
0.3295,7.02793557998024,0.025520989243101,0.0241509091970687,10214.0771327487,8595.53964503291,5709
0.18,2.06759922949171,0.0685627814133286,0.0627816348775775,1067.0876843083,938.886502129741,5710
0.3745,5.5322466513827,0.0314376532960163,0.0290239177001476,6594.47868487319,5769.18043825803,5711
0.302,2.08029856094488,0.0301346656039888,0.0164049517742523,2492.28493961619,3528.60011335293,5712
0.4125,5.80862889997696,0.10125159894957,0.0631395239281532,1678.41133524218,2850.80029739885,5713
0.3025,3.30600792988446,0.117431808256268,0.0927378245318232,958.420977623796,1069.22966372324,5714
0.3375,4.03797101833775,0.0975402140264668,0.0720653357061582,1435.10430611503,1716.24901800599,5715
0.3195,4.5859121575849,0.0280085952217684,0.0257196276166157,6002.69628788755,5204.07366163679,5716
0.281,3.43842301661827,0.0127717114106965,0.011027715349374,9167.68117618774,8313.99579763777,5717
0.4285,5.53611428855145,0.0181273002657428,0.0157855342866319,11381.23171192,10329.8092955136,5718
0.4715,11.4832832157741,0.0383561483408229,0.0342195435840849,11420.1424759487,10165.3350622376,5719
0.3865,5.01548244990956,0.0140859247514402,0.00663381660099351,12685.6511108635,19889.7646191485,5720
0.3435,2.31348016061005,0.0103085198043914,0.00752770553848182,7632.29594993952,7924.56744466561,5721
0.3765,3.57182806394088,0.0302020640231721,0.0260024393230928,4429.65435202442,4094.89164661783,5722
0.4205,7.26987076800009,0.0418677754029683,0.0348792319747923,6571.84874150198,6328.82687600073,5723
0.3725,3.31998772361364,0.0263387204197631,0.0131773703142282,4556.63928872565,6963.92764961761,5724
0.3555,3.68433972831919,0.0335441979037278,0.0291063412653797,4080.55839108547,3798.79181523263,5725
0.3415,3.91175449545056,0.0262786141666159,0.00839446643253979,5207.18347030002,12503.3976374482,5726
0.435,6.98113139298655,0.0343858251829325,0.0305600380222415,7596.03664895325,6797.84959947609,5727
0.3115,4.22842513297511,0.0153053153638317,0.00793574273067668,9550.3199532354,13610.2205063252,5728
0.165,2.70012019670564,0.0620680481183799,0.0584063788278357,1598.98556745648,1357.99593939895,5729
0.46,7.08146272767644,0.0260213098989246,0.014801965293764,10157.5281132244,14130.0028533282,5730
0.4285,6.15727480434099,0.0134609649230377,0.00800666938577214,16587.2027099092,21146.8805157416,5731
0.4535,5.05970325857763,0.021009832562984,0.00680985505276358,8816.86286767153,20108.8833149281,5732
0.419,5.34386478516245,0.029343480746656,0.0240189343702886,6786.83578985937,6616.39703666276,5733
0.4165,3.74645582762579,0.0123167983906557,0.011142779016607,10819.359040001,9458.27671837577,5734
0.2115,4.25125993117514,0.0360765443180382,0.0338685606897824,4206.31974738903,3595.09042260884,5735
0.3515,4.52662246938214,0.0607075624665517,0.0496986458895559,2750.51561448497,2775.81742019106,5736
0.2865,4.82826786471432,0.0280246988046865,0.0251158979698216,6344.70632117469,5637.490886892,5737
0.105,3.10106898668031,0.15913633715643,0.15629341609448,657.815112375254,545.3716780377,5738
0.4375,4.30908006985694,0.012772293551287,0.00767103854889862,12169.9826844966,15482.8462233317,5739
0.239,4.03361963925273,0.0471345771417933,0.0446195116390914,3151.08567973788,2678.19164854055,5740
0.4625,8.21922825324848,0.0128357048536219,0.00918333133125609,23600.1011553169,25547.8152235612,5741
0.415,5.55977924773125,0.0205610523911978,0.0190358863195869,10112.6926711729,8693.87996884719,5742
0.309,5.19184911878883,0.0534358254091451,0.0464357726856092,3578.84391844852,3335.25186926535,5743
0.4105,6.06488949363419,0.0519840830470089,0.045028308433347,4395.14954684885,4118.03353249815,5744
0.4165,3.17441878244872,0.00689048610409246,0.00568104981611651,15177.6471138763,14251.058218118,5745
0.382,4.86276362447097,0.0257570533100433,0.0208273316339071,7044.65101439873,6931.99187272479,5746
0.3955,5.90332593396966,0.0342177648709854,0.0331511948573526,6498.92937427495,5381.92626120442,5747
0.226,4.72962208378729,0.0168684209366217,0.0142271733517678,9878.21184212024,9191.77149558577,5748
0.4765,7.82989802544562,0.0257217761132678,0.0235996376679109,11482.1783703516,10001.6292922247,5749
0.4275,5.65662365297817,0.0216950739124334,0.018053678425241,9691.42654450793,9229.87882490582,5750
0.4425,10.1565869949128,0.0868644249909798,0.074257473448639,4343.30077100093,4213.90442906562,5751
0.371,4.0321510750927,0.0335855359833733,0.0265133287017532,4433.18082649637,4458.15606122239,5752
0.4455,7.4475755875758,0.0364212571735721,0.0338824022365155,7754.61547462694,6670.71368292708,5753
0.421,3.58626549233909,0.0155118051750246,0.00940944113347689,8381.36141269124,10637.7175564052,5754
0.3795,4.08088107033576,0.0575423453450064,0.043765662085382,2616.09609224532,2826.56776530853,5755
0.39,2.89116064350358,0.0152331341387359,0.0110290949023098,6855.44253095948,7306.68644736717,5756
0.4265,7.1056527322936,0.0610580833661564,0.0518395072540114,4351.97319349351,4224.94789560482,5757
0.217,3.99262146265358,0.0532443300441212,0.0382750624370198,2707.73778173427,3155.00445620055,5758
0.4695,5.32848296785948,0.0103347808142361,0.00834974547349577,18493.8945821027,17868.000677163,5759
0.3875,6.12438602349483,0.0384075956525963,0.0323449115248148,6042.4894078227,5805.22242765972,5760
0.2605,3.49682353716663,0.0104473706123538,0.00922681986224613,10804.9524433423,9517.26180313426,5761
0.266,2.05720818221149,0.0211897922846824,0.0122075478076932,3424.56352128562,4479.74694094472,5762
0.3185,3.4576500307911,0.049538057737466,0.0348157646844351,2479.69071268567,2932.6306098137,5763
0.3205,4.97748877252921,0.0259860432923147,0.0242453773904808,7084.15865719886,6066.76860412838,5764
0.4345,7.12276711721825,0.0387161484566052,0.0186350524207673,6712.54084252845,11338.7545290821,5765
0.4325,8.75214875205795,0.0441198302009774,0.0376480048136484,7558.11212427644,7199.60616384587,5766
0.464,10.4615300655433,0.0298086781035578,0.019811998636307,13254.3236642472,15934.4415737759,5767
0.3505,2.62499146398428,0.0519955059381986,0.0194134804927348,1748.75838633681,3903.49113689465,5768
0.317,2.35266894699146,0.0327042201517594,0.0113209187266948,2526.82320544532,5659.7480166882,5769
0.4125,5.1542725916602,0.0227638529758734,0.0183891315069587,8421.3064074603,8257.50791325867,5770
0.197,2.96065768352103,0.103462203259354,0.0880037760139364,1017.21982830916,1001.03416474633,5771
0.2335,3.94425082225901,0.0445406639152053,0.0405927918898634,3225.10599628788,2824.09800800828,5772
0.447,8.09399455452291,0.0511158512825729,0.0381729204287484,5954.8985811411,6517.28452956379,5773
0.312,5.37377381928249,0.0512068776245296,0.0459870773833182,3958.37352138173,3571.30182142638,5774
0.2675,2.26605478943524,0.0195974218883956,0.01640994978717,4000.38201676989,3739.73168611948,5775
0.2395,4.15904975995731,0.0538974233150129,0.0431877678975107,2813.57251542488,2834.80991138915,5776
0.456,5.45803427293143,0.037527199115165,0.0106871851361979,5062.58750900211,14616.2967716893,5777
0.432,5.98289703842663,0.0294863366817716,0.0267210487033112,7585.1787210099,6718.23061164948,5778
0.268,3.98169107828838,0.023160074598656,0.0210902029457335,6128.91689794045,5320.11305022094,5779
0.3955,5.24340092732395,0.0487390815869284,0.0416609054441103,3998.21448901646,3791.85412418535,5780
0.453,11.4808374685813,0.0712299060132486,0.0434472062295654,5716.27628314401,8221.04475616002,5781
0.384,5.44378537273472,0.0313042374068113,0.0249495661632578,6571.37289472802,6618.32087225021,5782
0.414,5.52518970299642,0.021911791485333,0.00595411154232393,9019.60427444735,24424.7327258454,5783
0.454,7.08889017777455,0.0420970231599178,0.0384653715781589,6420.31673491847,5631.36114690596,5784
0.459,8.26837784475805,0.0214067180176341,0.0176367968654476,14539.0010142612,13989.0660888179,5785
0.3915,4.96267577427617,0.0166565354178194,0.0147955839777965,10870.4940662575,9650.89406159118,5786
0.445,6.63626828641875,0.0639689009963756,0.0597149144416956,3931.93992199908,3379.44046682598,5787
0.2905,3.94859247727118,0.0494373530725858,0.0377821309852064,2882.65817564462,3129.71686871374,5788
0.2845,5.31043982937624,0.038828172486431,0.0378238480291668,5077.71222229084,4143.934647582,5789
0.329,3.43649941334486,0.0646471353320854,0.0502051217309464,1936.08208743103,2029.15712092017,5790
0.2965,4.50848505381231,0.0134872630120796,0.0123840942461636,11627.8526747903,10046.7773766321,5791
0.4145,4.90919238708952,0.0214043902502477,0.0183798348123072,8518.12056090904,7839.09140376163,5792
0.405,5.09418819056947,0.0317542304152357,0.029140560078685,6035.65479423368,5283.29143527038,5793
0.341,4.3048690167336,0.021690976436823,0.0183540662643203,7284.21006779131,6814.64766612262,5794
0.4445,7.3012631414244,0.0155812314982814,0.0118361216473318,17430.9671564763,17934.9332080554,5795
0.4235,6.32064080314826,0.0428972209670372,0.0385560629786822,5557.99454200996,4977.41548950175,5796
0.2385,3.10464708795861,0.0285267430434111,0.0255645204155484,3962.155609791,3525.20828790285,5797
0.2055,4.07590777499697,0.116010849035965,0.102998354318151,1199.5161929593,1140.27119777844,5798
0.276,3.77695782786019,0.0111362593601803,0.00973037602796566,11426.9651143146,10230.156335365,5799
0.1545,3.99144486883457,0.0389421818198504,0.0362097896388216,3637.27812331681,3128.22714232376,5800
0.416,7.51578883166904,0.0421590156991007,0.0352239435892395,6714.76848466063,6532.52535226655,5801
0.3875,4.28816507157758,0.0500280210874862,0.0374975704049014,3144.18377232921,3463.49575070753,5802
0.457,6.55963743678687,0.011018099963879,0.00749845977601444,21596.959189515,24332.0325210341,5803
0.4425,5.02576845454631,0.0441619638173259,0.0395570623864888,4295.43867385682,3864.79265702824,5804
0.3975,5.06025006187035,0.00869170722097363,0.00582511829272157,20103.2633148661,22450.4438991475,5805
0.4055,6.93207759788187,0.0517145783039341,0.0428790114030049,5085.67280068529,4942.45220962828,5806
0.4555,6.40203580665636,0.0820676288438987,0.0580543441299869,2696.19340941095,3423.94291288014,5807
0.4485,8.43828757194187,0.0361154921707425,0.0279229634166913,8783.31209969568,9027.90117134519,5808
0.179,2.07094993728438,0.109187528823376,0.0693136235486564,640.991144058624,863.623527793738,5809
0.1515,2.16055794716085,0.0640294197113697,0.034339218230885,1186.36811231614,1772.54615270164,5810
0.14,2.37126332355493,0.0632578034367602,0.0499590101136783,1330.05089870052,1354.87921897656,5811
0.3015,3.8421943748582,0.0310257948806112,0.0279684816574119,4517.88895813512,3994.1903636261,5812
0.46,5.29446212930751,0.100645788737062,0.0667366290987095,1691.88114365284,2450.07584858622,5813
0.4485,10.3081452802507,0.070411258897772,0.0448397907405516,5026.66969205919,7154.31562527679,5814
0.398,5.80885051378853,0.0165723798793299,0.0125143766448432,12885.5322103395,13333.8781634505,5815
0.409,3.759804716882,0.0384209665403868,0.0301265380890724,3643.12867635961,3709.96831030132,5816
0.4545,6.24005290650737,0.00979900786466914,0.0076958515480011,22509.1933781421,22274.1359648072,5817
0.293,3.49758944002242,0.046373607424784,0.0429778828561792,2803.10070812804,2410.90589487434,5818
0.2645,1.94462789526509,0.0114473838355136,0.0102102767591953,5457.10964800031,4770.70639000129,5819
0.204,3.60285651272367,0.0690489768831021,0.0502500779991723,1864.22059750388,2128.29470508576,5820
0.458,4.35986155393446,0.0102998931766784,0.00750663834008127,15107.9468590878,15987.7534226963,5821
0.443,7.41244784587289,0.0147267402558842,0.00993909854187081,18582.4250148777,21306.2798273608,5822
0.2415,4.03084371668149,0.0821535697967971,0.0679092071705648,1783.04232471514,1778.2741914935,5823
0.4025,7.33007679673352,0.0203495490511228,0.0190163010707828,13393.2000282151,11407.9837782558,5824
0.4585,10.9953581980435,0.103360508321464,0.0678965393991209,3537.5662621214,5030.13288433281,5825
0.47,12.4629298264258,0.0398657459632958,0.0380401399955515,12078.5854608012,10117.2089888974,5826
0.4525,5.19893018111802,0.0249027295809169,0.0103077273654778,7685.39454404544,14422.4219816922,5827
0.4245,4.90906117340478,0.0189582057791927,0.0159989961461895,9625.57513810111,9037.21176810943,5828
0.1815,3.07854395968034,0.0897295789985125,0.061488493799616,1171.04755531113,1470.67756719437,5829
0.4425,7.57127462679023,0.0347196394108119,0.0332187043718677,8352.63051237866,6970.18069309512,5830
0.4415,4.57584728660808,0.0111562774923575,0.00864540233488506,14695.8444828325,14739.7334964413,5831
0.264,4.28971593326052,0.0307066814861,0.0248059766572601,5070.836844797,5017.10170264034,5832
0.2975,4.95225294254401,0.0610076708766387,0.0572540521768368,3042.68410275702,2638.52323893023,5833
0.1425,1.53452157667335,0.0316936424903622,0.027411492144577,1637.07969044944,1496.95473186614,5834
0.4335,4.91955196571255,0.0128173595959186,0.0103182506219194,13911.2812577834,13528.7117354432,5835
0.1325,2.15358292424354,0.078213449521068,0.0713213235937684,989.551377703383,875.229285874099,5836
0.445,9.99729649474485,0.0730536462770529,0.0530569151130782,4939.53380664559,5857.72892989789,5837
0.2695,2.78663003979111,0.0391150408889799,0.0346868186409959,2600.35362656272,2335.02826503392,5838
0.456,8.12167740427069,0.0612597189838122,0.0439083481703789,4914.08895269612,5661.26144381742,5839
0.136,3.20400957269149,0.138358127964661,0.121102243455133,761.696679156907,749.071856688058,5840
0.449,7.23813177677925,0.0276584801014326,0.0081951273998349,9388.88979977804,24740.2603946287,5841
0.4545,8.56204035451147,0.0499766302320587,0.0450937459814907,6526.50158512534,5810.52823844756,5842
0.46,7.26133645300138,0.0780577024820389,0.0512504685387832,3174.70041586148,4402.00897316734,5843
0.37,5.71345547316428,0.0447195534806949,0.043420272987971,4826.1400409704,3986.07601631275,5844
0.3325,3.95855083610243,0.0726025013181574,0.0527454506426463,1864.63098310196,2272.47724088333,5845
0.248,1.91551273607664,0.0414115694889673,0.0137963706338311,1612.79436278932,3700.08656754649,5846
0.251,3.6371939302284,0.05414918517382,0.04395882843058,2441.12272528083,2419.31356501714,5847
0.4645,11.6140111500042,0.0537650996531403,0.048617398514062,8201.04029423236,7249.57721561824,5848
0.4305,5.37798943121733,0.00851655499916976,0.00626290076975134,22035.5355861198,23002.3973885984,5849
0.3915,3.11689645957387,0.00827971890579012,0.00560996099251684,12707.1940537271,14093.9759798349,5850
0.192,3.09027008370131,0.0416666713869771,0.0357745464560839,2689.5192258049,2520.83386319084,5851
0.285,3.19403904341271,0.0426634716861858,0.0173283441104792,2651.02202862794,5316.98891502448,5852
0.3805,6.59077872000818,0.0422682189733022,0.0388001524908014,5910.32044675057,5193.09392769875,5853
0.3295,3.72279483881038,0.0118371961096497,0.0102408064878546,10776.1362164546,9742.41077804473,5854
0.385,5.70229111186706,0.0331943129532633,0.0304211456883007,6448.42912473584,5620.6279965243,5855
0.2365,4.73204215949956,0.0180268841519552,0.0160400322548031,9143.8328846279,8143.83276518667,5856
0.431,3.69344362155371,0.00661157529834052,0.00553405058651986,18456.7003200998,17104.8166747299,5857
0.442,8.5848648601932,0.0446609092357357,0.036689954289457,7280.90411069177,7166.01153127836,5858
0.4405,7.50477240062385,0.0404826786175864,0.0335977053755191,7023.02021793805,6830.2325653435,5859
0.23,2.89447531289992,0.0285149225154599,0.016967145642621,3554.87734743,4656.34191814782,5860
0.4405,4.87929366266718,0.0345200465889779,0.0175926516209096,5147.97654244189,8143.07626086017,5861
0.141,3.46440576311822,0.106752887686261,0.0923341950181584,1132.61831606253,1083.4559144864,5862
0.465,8.20872712228141,0.0516386981324506,0.0343752282126629,5870.37607739466,7196.55767715819,5863
0.305,4.56701639377615,0.0209596631922055,0.0204181046837033,7981.30995756419,6543.98842314577,5864
0.3465,4.27766132501804,0.0274334809959072,0.0260740267517429,5741.27684475554,4846.38978417844,5865
0.1935,2.11846903258038,0.0581540664480949,0.0484302229469339,1330.44318042373,1272.22998692577,5866
0.465,6.29881307800924,0.0123797427253272,0.0106632381443743,18599.1555189804,17052.5043670083,5867
0.161,3.29850222852524,0.0780957747246822,0.0701866829783852,1542.38075144642,1407.75899502573,5868
0.172,3.96973886009665,0.0617280730685284,0.0504212500643382,2313.40724908741,2277.98297267421,5869
0.1315,2.93573353448781,0.0813329212080468,0.0755181942946264,1338.79060720528,1169.68511245592,5870
0.4085,4.05912521849276,0.0131942087490778,0.00702245449714605,11091.7986337657,15519.0852402821,5871
0.2505,3.27052172007151,0.0835028119625149,0.0687572581417702,1373.05275839816,1423.4899351233,5872
0.4535,6.72806413812615,0.0346841080753794,0.0298564416537072,7348.84749526905,6850.68954986146,5873
0.454,8.12613937849882,0.0317830193456822,0.0276727202145742,9658.33878209239,8837.83188064099,5874
0.2465,4.76803329486374,0.0271507752825227,0.0244290550641629,6299.66376957626,5571.67366655428,5875
0.427,6.78606343203844,0.0270272251383761,0.024032656833042,9595.53970634168,8647.63858995256,5876
0.359,3.00752083398808,0.0109775731023542,0.00932900345800054,9541.72781958203,8722.60305788964,5877
0.4445,4.02374040773237,0.0134086601078734,0.00999333616600423,10977.9477332477,11457.363081301,5878
0.304,1.79163404609227,0.00894613975197702,0.00723163289596382,6456.61009801242,6105.11509421061,5879
0.3355,4.96868125402863,0.040283046058722,0.0364017102907878,4624.12288528608,4177.14506053697,5880
0.429,3.66524549958892,0.0114433012581676,0.00903066948996753,11423.3273723157,11281.8054537504,5881
0.4365,5.01316156608175,0.0110291030022426,0.00790001443244417,16248.2914705027,17468.0624962427,5882
0.4435,4.42146046677591,0.00999655423352582,0.00816789291895987,15662.5455844123,14947.5848216296,5883
0.3695,6.02348095352599,0.054217127364417,0.0450764492278402,4164.98477452525,4078.63385805818,5884
0.242,1.94614562127252,0.0254996757192332,0.0123959780267334,2689.87622030095,4132.8289473135,5885
0.244,3.56482423705277,0.0471838442806257,0.0436495099916511,2809.96701998956,2436.24556914608,5886
0.2115,3.84992913362445,0.0200537116610436,0.0173876769497679,6827.51099699355,6226.94154822865,5887
0.2455,3.60580770390534,0.0288951953020966,0.0255071725281171,4586.29010995881,4122.7340245719,5888
0.124,3.5006131365637,0.049135476770925,0.0446734361896793,2549.95717787664,2235.49522643763,5889
0.2485,6.16812980703708,0.0257240456657787,0.0227666687780548,8576.27198877224,7662.10861802877,5890
0.452,6.249074496578,0.032291932016143,0.0199599505138161,7176.50812851162,9335.25314495548,5891
0.3535,4.17890550102972,0.0245043275869119,0.0221374840267955,6283.11920662192,5510.56913073095,5892
0.3445,2.89901886324727,0.0310564336867193,0.0176665530909547,3356.70793624487,4669.76728527974,5893
0.205,4.01571502708287,0.145134310098803,0.126161658904287,930.407048956725,935.680248787479,5894
0.456,13.2959826047731,0.075672295535854,0.0540738640618216,6370.79287169163,7619.02571431226,5895
0.427,3.96545045367604,0.0164058459439627,0.00675393717958528,8672.25355334832,15720.0012884113,5896
0.4455,8.57972541610423,0.0575571030079313,0.0496144447213633,5618.76885808458,5272.72496230167,5897
0.3735,2.28245029422715,0.0130233807136354,0.0107584177915188,6207.84662378462,5871.83330502905,5898
0.4425,5.22245942335491,0.00945567921024798,0.00770382404539036,19595.1516400881,18741.9572660078,5899
0.3495,4.11366786483506,0.0221342561346234,0.0179668144666689,6807.09506417665,6596.96198090151,5900
0.317,3.55536368234385,0.0338600502512391,0.0321215517092729,3901.7866735789,3293.36326846243,5901
0.417,6.44729775487998,0.03138194908392,0.0306148375670464,7854.64170531769,6427.01036667617,5902
0.186,3.28720005491347,0.0497666293677065,0.0441432863651157,2432.22213254554,2187.92484365595,5903
0.2645,4.11589334169565,0.0299211664735654,0.0269803757005396,5094.97418408571,4538.64274377964,5904
0.2335,5.34317050779237,0.0430300381405311,0.0402963872317756,4586.79224158739,3923.20990636706,5905
0.4255,4.32573434759123,0.0209959000666017,0.0103033596312227,7584.58120135033,11934.9735855929,5906
0.3295,4.65738699504258,0.0212913788195003,0.0199293439683845,8082.5770341407,6872.82363315697,5907
0.426,5.47849814709455,0.0197683813191044,0.018605425940442,10219.7180628577,8656.51723470883,5908
0.398,3.34115480216087,0.00966881760165185,0.0077463415901617,11767.2493492972,11341.4408605512,5909
0.2235,2.18353938166466,0.0216335858692566,0.0130784825018683,3549.18548608832,4451.61953460536,5910
0.304,4.65195159889739,0.01211423491991,0.0098477705771904,13163.3289855273,12570.7670343044,5911
0.234,4.58416456776636,0.0314375054494794,0.0300490668052192,5312.48869195177,4464.00430518169,5912
0.438,10.6408706685935,0.0559864706358735,0.0460787382103398,7225.47618117316,7177.32327719236,5913
0.305,2.05704374827785,0.0115321149714408,0.00580814787261217,5938.11687448862,8393.44852438892,5914
0.4105,6.4970930151393,0.0371844046591013,0.0271738709439616,6537.54245261125,7177.11796753036,5915
0.3405,4.31379912879756,0.0311855381459829,0.0260370632307658,5080.58904053903,4848.09003004496,5916
0.292,2.30339405643094,0.0207164667636088,0.015271889508605,3962.30461953887,4180.68639168663,5917
0.2485,4.5786545769363,0.0985289319385312,0.0885921175538267,1649.57366988655,1518.21316085616,5918
0.1715,2.10955241846899,0.087945943796597,0.0723800441391533,875.697639119165,871.143854124844,5919
0.226,4.70882482431281,0.049668683687609,0.0462320108494727,3429.64258258829,2954.61921195074,5920
0.114,3.79378942163064,0.0923914296533377,0.0849253179684653,1414.71255783691,1250.49262159598,5921
0.147,3.11422119749839,0.0840417173371925,0.0746733393824927,1296.69276729403,1182.48201572864,5922
0.419,4.01855010747104,0.00903068640181606,0.0067906964580163,15291.9650509982,15563.9085222771,5923
0.425,6.27648481188788,0.0531584304028446,0.0367466175050298,4233.98037422468,5263.74088078505,5924
0.284,4.15349501785688,0.0368002210345441,0.0339998376774151,4172.47878442851,3613.24498099909,5925
0.4425,4.2086374814037,0.0181904668350795,0.0112273341566856,8521.6007367565,10752.7700602535,5926
0.1645,2.05769247988721,0.0241721166665503,0.0196621497919379,2945.73856674416,2831.82925640997,5927
0.28,3.82961433397757,0.104393239398234,0.0689444262566162,1100.44054164823,1649.78586875075,5928
0.471,5.22844840856064,0.0122620389873831,0.0105312642247858,15485.2119525429,14212.015033323,5929
0.45,9.69574495723254,0.0510668386297928,0.0481757826520609,7262.0520710684,6181.17913390859,5930
0.442,3.70953712572924,0.0216112362108237,0.0197246893492203,6434.80722003121,5620.3807360361,5931
0.435,4.87008372083382,0.0302153085726322,0.017224279532717,5970.24329060191,8355.8839942167,5932
0.453,6.45804599064535,0.0990800449836728,0.0647667615142585,2114.17270468332,3091.13107295471,5933
0.417,6.54334345641072,0.022910056160572,0.0214914790369895,10778.2689458909,9117.47141141064,5934
0.256,4.77394289052874,0.0131618124153636,0.0110896742890916,12249.7099584074,11333.4019116673,5935
0.4535,5.80736890335822,0.00775076642821616,0.0064913051079426,26095.4088672313,24190.9143241946,5936
0.2725,4.84650671433529,0.0131134941281736,0.0114572720978502,12709.6390012005,11436.3269229781,5937
0.2545,3.61675529493919,0.0127453001048612,0.00949613176306735,9590.58885337794,9826.35680478249,5938
0.449,7.329910996784,0.0559373298211302,0.0425990220052285,4846.1168529713,5321.91591441957,5939
0.3385,4.2315311971981,0.0304195022893581,0.0249267257769488,5138.87068458466,5025.12579275155,5940
0.444,4.57149152075496,0.0115930802950963,0.00897008787914093,14177.6937865304,14261.1313556251,5941
0.1195,3.12351607191041,0.0413365175508507,0.0279370203341782,2632.17170044258,3068.57361809161,5942
0.326,5.89089083017641,0.0362065103308262,0.0275161452335925,6024.98639773307,6347.75683301588,5943
0.2805,4.84086189950878,0.0262541115610809,0.0223934762595218,6685.44205705662,6228.42915664761,5944
0.43,4.78080431784351,0.0110626109065781,0.00951142178248394,15331.1183288612,14026.9687185562,5945
0.31,2.33903723558022,0.0176911919627158,0.0157488379853767,4615.76417234701,4094.74212411731,5946
0.3945,3.27323027249572,0.0188900033432662,0.0114979749045273,6279.75789593571,7958.96724362903,5947
0.3265,5.63632591724021,0.0455602142009539,0.0421687531655785,4638.47936498464,4000.19880058173,5948
0.2655,3.65808130860938,0.0560459801938282,0.0513045522137004,2401.99252154926,2113.65141635875,5949
0.409,6.24730704718978,0.0141601071994747,0.0117269691737647,16047.9284941912,15203.5200915826,5950
0.4385,6.38746600999856,0.0197845313069373,0.0159540485361319,12035.0291578064,11798.4081042492,5951
0.4245,6.55215048734228,0.0282582143734906,0.0257009671479767,8802.53655056386,7724.23696410568,5952
0.1835,3.07933607688083,0.145161676891403,0.129842144973749,675.081232318921,636.388750953518,5953
0.226,4.92461635791993,0.0439253792783897,0.0419828871526017,4023.11954169648,3385.25699592843,5954
0.321,3.74705124330225,0.0819711159463642,0.0718946128212276,1669.71348503535,1566.10481628021,5955
0.453,7.05184066411683,0.0336590323967248,0.0324688584192317,7956.16109453214,6587.81161926079,5956
0.4095,7.3324823683853,0.0670768144607962,0.0544198010161486,3981.98285332322,4157.4954984821,5957
0.4245,3.10092923111017,0.00655703636053066,0.0049328089832841,15669.7192517801,15734.5654302815,5958
0.179,1.8215320426152,0.0601882516721065,0.04492759867032,1085.51207090132,1152.50450303265,5959
0.4565,8.03022304278683,0.0722206721697127,0.0553209007179284,4101.75530980498,4478.04818964619,5960
0.305,4.66567850727948,0.0179970478273526,0.0170454659111344,9363.86903686022,7877.12164045405,5961
0.304,2.39151381695453,0.0209542845635129,0.0114635080844812,4049.03912776198,5587.52858076218,5962
0.3945,5.42347962470997,0.0365946832356194,0.0328580252857117,5542.78069598741,4965.83184016168,5963
0.4705,8.06462349242051,0.0527020360033336,0.0320765166597893,5602.2758387254,7731.80714487833,5964
0.434,5.67045946640764,0.0168458036250026,0.0155123377257965,12456.6092555127,10742.0115683882,5965
0.3405,2.23070962380755,0.015886482418246,0.0126051125150462,4944.74680992992,4870.04540054138,5966
0.1515,3.83145100836307,0.0337772805932112,0.0293417330968701,3870.06654805012,3505.93392857143,5967
0.208,3.08952951435545,0.0748488736339078,0.0649341422307035,1499.81994535288,1428.82140719713,5968
0.297,2.34917129120559,0.0105338856277859,0.00870244264677461,7374.15777025836,6890.35917530047,5969
0.2905,4.50935721834338,0.0157442756046531,0.0116080454907455,10195.0432040591,10679.4468778554,5970
0.453,11.3361887360064,0.0760931668062697,0.0609568026629763,5499.82052620765,5771.35480662835,5971
0.145,2.8717899482673,0.043337313378612,0.037228118327976,2381.76569049185,2198.56848630174,5972
0.399,6.23694509649615,0.0392061743301509,0.0226148467507638,5871.55209826111,8292.68226782246,5973
0.2805,5.59930793220752,0.0337950188734683,0.0304585203817543,6325.7370518786,5581.1129909388,5974
0.1415,1.86415685563986,0.0717164355171473,0.0673610076327833,941.342595441389,793.400828189702,5975
0.459,9.77598554192468,0.0613684576014259,0.0488443022744456,5956.12730368254,6182.06123698218,5976
0.277,2.55312685383502,0.135480625422396,0.110223651901017,664.329464735923,699.508166885202,5977
0.4575,5.80137033158169,0.0115756686335561,0.00891028253566259,18163.5991513611,18416.1755485221,5978
0.378,6.08241969367098,0.0157223900515029,0.0150894472690009,14207.6994162731,11800.5288328413,5979
0.193,3.91966849525728,0.0585839580188849,0.0550608278199692,2379.30872947311,2015.10287979065,5980
0.251,4.31481243080185,0.0132923142933251,0.0123079486944864,10947.1189442919,9376.1644609327,5981
0.3575,4.37177794789549,0.0264423405791582,0.0216252939326789,6127.57560327983,5960.41654631546,5982
0.327,4.57468713959961,0.0312272523448874,0.0296652024215353,5529.36205663242,4668.39931032657,5983
0.2775,4.37640399687207,0.0539249921695723,0.0447891404740934,2956.35763502204,2930.16459216367,5984
0.4525,8.9980502673798,0.0403229284869634,0.03422390901193,8448.43963418042,7995.25978868003,5985
0.4735,5.12478408362167,0.00954366475273497,0.00808849238682089,19179.2856310964,17753.7820117446,5986
0.4465,4.24343203640777,0.0283155718428298,0.00844336763562809,5430.69338748437,13936.404234012,5987
0.301,6.27420785519876,0.0555861717481419,0.0496708034918981,4240.08218433162,3840.63607487052,5988
0.258,5.21730097923442,0.0412276329752179,0.0374443045561952,4712.65894353632,4178.82459491231,5989
0.449,10.5744850888723,0.0407929421146124,0.0356607572920001,9925.90692335613,9091.06444391595,5990
0.436,6.37419973363035,0.0738894001238385,0.0504885188004121,2903.28061076477,3908.33570275632,5991
0.4665,7.14257836180933,0.0260900042863371,0.022604128603902,10345.6238622856,9558.44876438864,5992
0.413,5.46492748389805,0.0426344439720656,0.0368706039981713,4816.38345720164,4512.45097389382,5993
0.3465,5.42608971124899,0.0414255857376621,0.0323301108847022,4828.10528689467,5021.06593369816,5994
0.4605,8.56556171035468,0.0144506117819016,0.0108436788156795,22015.5056085326,22964.7505392661,5995
0.3415,2.79805196631069,0.0108711563322284,0.00975845679800845,8784.16623656705,7713.3870601417,5996
0.2555,1.75976648219414,0.0162943933482455,0.0149226068734037,3620.0839293867,3114.33689484178,5997
0.3305,4.6344700159902,0.115100470754159,0.0778197545215351,1226.08160926171,1802.97337567114,5998
0.211,3.45958458739204,0.0218869448199106,0.0146290607350376,5510.45751119989,6300.11428355794,5999
0.16,3.2882244708996,0.0239636060905502,0.0214730768395899,4672.15892259287,4100.83925220655,6000
0.4485,6.70263413890595,0.0399419262013651,0.0334087345062183,6354.58200088733,6094.49781392356,6001
0.3255,5.14425936327734,0.0302084580607989,0.0276373433536173,6364.9317220775,5569.11852304979,6002
0.231,3.15818539928343,0.0972885220470232,0.0803856925774437,1109.07459328215,1169.06612267431,6003
0.4625,9.0327229105325,0.05155274849058,0.0456470664051008,6661.15475338382,6056.22089861526,6004
0.3135,3.5937653377828,0.0732864078298833,0.0550749656456222,1711.77689941721,1955.53071517314,6005
0.4395,4.84877238290686,0.0119444654798782,0.00612494089992511,14476.2928723167,21004.0306357408,6006
0.3545,6.04131388400697,0.0447455319793314,0.0354794073685049,4981.98540012094,5152.78201655356,6007
0.447,5.62655380417385,0.0201683791616458,0.00694016435833293,10150.950463671,22142.0843340644,6008
0.317,1.95797980537711,0.0146651167841549,0.0123627085619374,4611.68003107216,4283.55556237766,6009
0.4265,5.6567248027308,0.0445397978781539,0.0378270973702262,4798.50121329106,4580.21146636878,6010
0.4505,7.82162054002499,0.0204452256080489,0.00817901095205985,13993.6091093361,26683.8893284631,6011
0.2535,4.5579264224041,0.0315650327563372,0.0292384398275572,5243.50436758579,4524.4116392384,6012
0.349,4.10347338538071,0.064095868659012,0.0460313209564335,2211.6901057146,2682.37704920495,6013
0.454,10.6709146336323,0.0148317641858254,0.00901513574481914,26687.0330982614,33757.6737486105,6014
0.126,2.53351594034901,0.0460112048716717,0.0424677386761272,1949.76823197318,1683.53858813766,6015
0.1625,4.72623877991182,0.0244421722230425,0.0193443244687518,6917.084599448,6851.10642549071,6016
0.455,8.56618952233674,0.0314021046817418,0.00939298380439291,9834.27381045986,25957.9997244425,6017
0.3985,6.99979753228076,0.0404104264785753,0.0370520363488061,6511.01969067243,5687.52850641144,6018
0.4305,4.20301994422756,0.00858551451470056,0.00606944727784764,16954.5902507669,18205.3986233214,6019
0.433,6.08374542058938,0.0263771061059459,0.0225021899284138,8631.20171512578,8023.45466422141,6020
0.3935,4.58855071400597,0.0428695740144031,0.0397731246695468,4041.72783290566,3500.11761540884,6021
0.1805,5.28444223199957,0.0414824911782249,0.0338800630099722,4588.28934822571,4493.18489685984,6022
0.448,6.42802026456206,0.013961585038726,0.00988682653149356,16861.0096667582,18506.5038401804,6023
0.4305,5.5805050061516,0.022681593847032,0.0183339492460276,9192.1284375601,9040.67533666592,6024
0.15,2.13021186685091,0.0495916885463976,0.0450080069748319,1506.53430756936,1309.45694862287,6025
0.46,5.31836329990241,0.014913433956062,0.008049129840979,13039.8593213891,18421.4812367483,6026
0.182,3.29183960002242,0.0474585763235751,0.0438903100869475,2561.98744038971,2228.73766464079,6027
0.3555,5.2182711455126,0.106347721265273,0.073945595745506,1566.10008183704,2164.59871304692,6028
0.3305,4.86605816191956,0.0519315815770713,0.0496232635508264,3561.95032909633,2979.92387496932,6029
0.406,4.742634045052,0.00949379826659761,0.00756869948616933,17418.0855644328,16916.4889944781,6030
0.446,9.14055452620498,0.0384104939497609,0.0319671401684615,9077.01562797352,8792.85276171649,6031
0.145,2.4588062123682,0.0924320565730617,0.0799471804330077,942.576084998773,883.577360118396,6032
0.4,4.76190091371105,0.0145882077482809,0.0105630938181152,11766.3742068761,12604.9588307755,6033
0.363,5.70716556372139,0.0388100340463656,0.0339214140859112,5551.42570896997,5095.39530581259,6034
0.401,7.32306363531958,0.0386069498957079,0.0368620756765688,7232.84251118115,6067.6453621307,6035
0.333,5.40157736617285,0.0158959173550664,0.0151940795020299,12119.6796788739,10093.8398383353,6036
0.4405,7.09675329931788,0.107036106882351,0.0675109554957269,1972.42414613848,3294.21493669372,6037
0.419,5.04221057740038,0.0466037945796006,0.0367521579338062,4031.19741998508,4196.22565791939,6038
0.33,4.58968418517545,0.0184673708384084,0.0175502015779967,8971.29371056008,7549.79378562152,6039
0.4515,7.02582682759569,0.0256983102555167,0.0156214564474591,10170.3851305327,13248.055602556,6040
0.451,12.6376083004254,0.108799090436151,0.0647574307375289,3406.31723939989,6092.42971938782,6041
0.4415,5.63635825833913,0.0330908033070996,0.0293613901559744,6451.93723346925,5848.63041193873,6042
0.3695,3.00827095140954,0.0126154464886276,0.0106427040427174,8407.07917507345,7809.56267997063,6043
0.461,9.38393016887323,0.0204568703889627,0.0182139277752825,17289.7921370235,15387.0732842889,6044
0.4405,6.561882450148,0.0503051999495045,0.042415819650649,4904.45705949957,4762.46972055659,6045
0.452,7.1090707868485,0.0206762415052467,0.0181091171053382,12868.2796351991,11612.0417635243,6046
0.207,4.04893582543035,0.0884769830188268,0.0777220493490719,1631.45089145102,1556.88615285308,6047
0.454,7.15202118808519,0.0185284671786435,0.012492675593007,14333.4772323138,16713.5695972583,6048
0.3135,4.25765528008042,0.0281476446826632,0.00919074450641583,5369.9938493603,12419.1194077226,6049
0.443,4.02639073973366,0.0905367241252902,0.0644843773782235,1588.20166587144,1866.20710392399,6050
0.3085,2.45822725850213,0.0815381047380662,0.0741237864392078,1095.57260395219,977.880148542751,6051
0.3935,6.23717491950339,0.0356862791086908,0.031981472960648,6587.07117834925,5910.43762765084,6052
0.1815,2.02658802370306,0.0555792186860709,0.051826672383727,1298.05202072593,1123.67854932498,6053
0.2425,3.10525701081655,0.0332332299830498,0.0303601067106096,3422.70589981702,2988.84495673849,6054
0.446,7.59777677180367,0.0413516675604474,0.0359608586549187,6981.97085779657,6473.29852272871,6055
0.469,7.42776448217241,0.0852844701173361,0.0452535609629322,2920.52799303532,5061.31079945352,6056
0.36,5.22484844052597,0.0334167457135401,0.0305696146620437,5830.47245673795,5103.9570177835,6057
0.403,4.46340093730481,0.00815694394627473,0.00543186448027306,18625.4756897781,20838.1911231389,6058
0.1505,3.49169884579682,0.117174756223579,0.105197913267226,1024.22351826236,975.176320364201,6059
0.4025,6.13935554337679,0.037278453164831,0.0329338170275278,6222.24953861955,5697.24731762576,6060
0.38,5.60839260682065,0.0145422362149067,0.0132994691359044,13945.5332525274,12164.2009064346,6061
0.403,3.85272074885435,0.0147177780089041,0.011749851714654,9452.18755649707,9244.96453919704,6062
0.4685,9.54619402005738,0.0727191571543448,0.0527416733893768,4770.46801628841,5605.15160925296,6063
0.458,4.9851785618346,0.0625081892929293,0.0478527133467503,2963.15298818077,3168.84110020148,6064
0.4355,5.52578722442343,0.026674827468403,0.0217605763448081,7730.76114033294,7607.72750734983,6065
0.44,7.59367590483423,0.0381067359236239,0.0342496663837199,7545.32522949175,6753.99828644722,6066
0.4255,12.2934450794949,0.0454031869199964,0.0290079248935654,10127.5149604236,12830.3562271947,6067
0.236,3.64875408815939,0.0585751119426709,0.0523231021164332,2341.30058541066,2100.33983914148,6068
0.459,6.82762738477543,0.0451563446221637,0.0417333129629106,5772.02592397259,5021.86198937161,6069
0.4625,16.0519116115518,0.0309013718864741,0.0275540323840369,19944.2575580698,17801.3421955617,6070
0.4085,5.84169943422616,0.0488796011386483,0.0432567475178289,4503.4219854676,4085.4934681194,6071
0.427,3.73707311786082,0.0281810336662704,0.0131941895666413,4845.42740721779,8129.75667875906,6072
0.4635,6.37779570581775,0.0169667173141126,0.00753239516444837,13815.5455686892,23480.436329541,6073
0.411,5.71996903335413,0.0263874826367959,0.0241562695618377,8096.71769125106,7045.05616882442,6074
0.288,3.4421139464951,0.0774984233754931,0.0671415472727279,1621.45333726236,1523.42658786467,6075
0.304,3.2862613419512,0.0217277215023411,0.0187279426264298,5568.31893989183,5068.47818229686,6076
0.4385,6.20442444748475,0.0228965452230155,0.019956306286638,10157.4072313636,9276.95320026214,6077
0.4325,3.78676300814143,0.0125196219190714,0.00596583151970425,10832.8626018896,16639.5861596331,6078
0.228,4.02115983230114,0.0682420389288751,0.057011334314024,2092.87024863845,2055.07586749158,6079
0.2,4.97475845235534,0.0589959495244897,0.0432152891675015,2935.66745030756,3261.6295091418,6080
0.438,6.9663249962458,0.0809690491073936,0.0512729616000295,2893.0226083392,4221.41628635604,6081
0.4195,6.89338700396811,0.0477768576447216,0.040537955365553,5406.75249371765,5206.11376852839,6082
0.3715,2.71473593604046,0.0164923564826249,0.0122871842608952,5899.42543451856,6142.69576788717,6083
0.459,10.4390952634009,0.0840561186334468,0.0635826026747656,4416.37487537567,5051.79891433352,6084
0.4645,8.67144028578749,0.0557103608326924,0.0360920620756726,5738.35093579534,7359.05412309693,6085
0.4205,4.4154797086156,0.00653497856658965,0.00519895869414782,22620.6053590377,21815.5647447574,6086
0.319,4.65438476744874,0.0330293616856307,0.0195324507120978,5127.17866632567,6936.74297349168,6087
0.2125,4.48300473460362,0.0392224047782709,0.0357105767360971,4023.72407070755,3522.11310835453,6088
0.425,4.88485167578135,0.00905325576484724,0.00758854591738047,18846.8543653644,17533.3049357187,6089
0.423,6.2932166625196,0.0541632817864889,0.0372580338658751,4273.75962962915,5206.43243494411,6090
0.4095,6.58939896081991,0.0507283881269227,0.0495408250115682,4878.83034671884,4004.28190587224,6091
0.2335,3.45081787066304,0.0281689247139129,0.0231954972136955,4499.92704741904,4354.30694789048,6092
0.44,6.82851906870099,0.0306987548440066,0.0234289614287942,8429.08619783919,8796.39327062256,6093
0.218,2.30412327039967,0.0682891018035377,0.0597271183747341,1246.13794641825,1135.49654759317,6094
0.16,3.55279944164466,0.0801607231125899,0.0691388297765549,1586.70754673526,1500.83316314862,6095
0.4275,4.85755149400132,0.0125947002699901,0.0101669361163314,13929.5255103122,13497.9002159429,6096
0.3155,4.78181624173599,0.0212346093425384,0.010624053286219,8058.0224565057,12319.8334670272,6097
0.4805,8.27397944094652,0.029771266409056,0.0255949091244512,10558.8601920209,9797.17988526082,6098
0.2955,3.52468569392741,0.0333203038402938,0.0263423509012915,3937.90063171377,3975.43253800544,6099
0.328,5.07634250094877,0.0520532499370061,0.0391474943234737,3570.47519192972,3895.8855667947,6100
0.4295,4.24231536356956,0.02818922452147,0.0170441721523817,5585.25218499704,7323.77539544309,6101
0.4675,8.65987998557804,0.0375563733662094,0.0169153491339534,8400.4163356688,15266.4392106143,6102
0.4555,9.39274162480626,0.0522968400927276,0.0465637953094516,6863.59523995628,6157.6586122134,6103
0.2545,2.74922423019739,0.0277246324665077,0.0174740159185326,3579.66366705965,4440.308027213,6104
0.205,4.31227955770749,0.0454748734261172,0.0331696543683764,3396.9359149989,3796.41504102571,6105
0.3085,2.73654743065785,0.0735728200238528,0.0657229351746681,1363.36965037942,1238.4475412006,6106
0.33,3.73069571444665,0.0340833673359439,0.0245038412915158,4017.892505409,4442.05089052928,6107
0.1585,2.67816023817968,0.122474987600842,0.106017667058859,751.385549288235,728.634698578903,6108
0.4455,7.11772520839193,0.0386685645649857,0.0262652331924108,6922.55421894621,8201.89611421879,6109
0.4165,3.4589606418067,0.00856774256114395,0.00617403974788729,13783.4205916951,14489.9039344745,6110
0.4595,9.21511526626003,0.0194456459525931,0.0112299823402107,17575.169144349,23750.8081801416,6111
0.411,6.18991609983201,0.0378530603425065,0.0339399588722253,6235.84906143545,5565.7403637259,6112
0.09,1.62204514724439,0.0359545006658398,0.0316905801373991,1471.75828402367,1298.99716592617,6113
0.4275,5.81066807878509,0.0196629090643924,0.0180236045020485,10992.8677991614,9560.98458525905,6114
0.4545,7.19440999059143,0.0661467675119307,0.0480541900893734,3945.39526883977,4692.45097344817,6115
0.22,4.20445577243503,0.0468792764879694,0.0398236581072587,3251.75718937052,3081.14125938737,6116
0.392,6.09061097122878,0.0716499229310433,0.0567574324639056,3067.96001236534,3320.97040043551,6117
0.3755,4.18017282998269,0.0128425019849483,0.0115125023312683,11580.4523876684,10246.5472716754,6118
0.436,4.75028997301292,0.0100365040371946,0.00720812069701083,16600.5903837395,17775.2926415228,6119
0.471,7.32031971489858,0.0250596731499054,0.00990014564531651,10595.503313729,21129.7255616687,6120
0.3215,3.50630317694722,0.0144263843926492,0.0077910529431248,8515.03133557425,11655.4914706099,6121
0.412,7.13038150849472,0.0511111594316111,0.0384425976772155,5132.76438404187,5700.28387751785,6122
0.454,5.62442047132042,0.0082157507790685,0.00605890276098345,23949.311354279,24783.8285589252,6123
0.42,5.07708152952041,0.0100916761587734,0.00660151020800944,17870.5917856275,20685.8027262275,6124
0.2735,4.77870024930075,0.0559648085096235,0.0495126153014876,3201.83035452416,2929.79490868941,6125
0.371,4.15259733951814,0.0269546676230451,0.0234112803595181,5672.81687006199,5228.57579800887,6126
0.39,3.67706212840963,0.057663865853822,0.0541773259799471,2398.36954368745,2050.12318679763,6127
0.244,4.03679426845519,0.069933708301571,0.0467875334387059,2009.79140183024,2586.27155841957,6128
0.444,5.13369413596581,0.0695746496065165,0.0576938420499162,2735.29525167583,2732.07811485854,6129
0.2635,3.79711838911778,0.0628576996611862,0.0520203795111717,2217.09818344618,2227.46278210274,6130
0.4495,8.38542621507278,0.0172831002381235,0.0105035349390848,18045.4125953788,23077.4952811315,6131
0.3855,5.6747153663032,0.0411567966654811,0.0384770507424393,5229.37696719762,4484.19686139911,6132
0.437,3.66227604193298,0.00692012270959681,0.00466274439280294,17815.2302973828,19678.9444051226,6133
0.4585,13.4567558427453,0.0420947351488063,0.0389069144827973,12151.5685711054,10464.1743141022,6134
0.39,4.17214159485091,0.0126563100718709,0.0117111035813757,11731.7146322264,10069.6173148011,6135
0.3205,4.10804917108809,0.0367622848511852,0.0331760159003311,4071.93320058039,3662.4152631456,6136
0.3855,2.66734150211743,0.0156289167714825,0.0144661388483669,6072.86192007845,5221.06504238554,6137
0.453,10.0542127069521,0.0376166208810132,0.0348634126159026,10232.6824634014,8859.12230868764,6138
0.2245,3.8504536785784,0.0873756347261683,0.0786218878863083,1565.81103201271,1425.38947406416,6139
0.3945,7.16820327952351,0.0490473632767707,0.0399742538838826,5514.6385551182,5425.13270142632,6140
0.2155,1.71140790759274,0.0318485715070624,0.0271922411255788,1897.89812375793,1764.10219831402,6141
0.351,3.51854305391993,0.0317973979310838,0.0306930016254902,4092.52621123437,3389.80953492443,6142
0.2155,3.27680608931525,0.092346867597371,0.0725662032803861,1234.09347606691,1330.79672959206,6143
0.392,2.67361737368082,0.0120625645120704,0.00897346091364068,7798.54944966563,8124.39569529464,6144
0.196,3.01828753959513,0.0543725647028236,0.0464981014081938,1991.23350166935,1861.25243651413,6145
0.2675,3.10386670962893,0.00986745279145759,0.00881967624940311,10209.5286299895,8939.92130781907,6146
0.2805,5.66720405449839,0.0318704285957149,0.0294381268064889,6541.45993761176,5671.83892176921,6147
0.3355,5.48524168209439,0.0476958536818071,0.0396661465105523,4291.34567099506,4210.1640089772,6148
0.4215,6.49879290103169,0.0482321794920342,0.0400223179129611,5065.43058349668,4974.98028157855,6149
0.3155,4.39639504411966,0.00939748771422528,0.00706044757564134,15897.5193512662,16172.1048389276,6150
0.259,4.20636242214,0.047780463357949,0.0341591187032176,3190.94022184166,3595.03172025329,6151
0.445,6.2129657932505,0.0331686939863777,0.0264340008685616,7028.13018113325,7074.72161254203,6152
0.275,5.18913847500002,0.0315935079200718,0.0298714771474095,6084.64931485748,5139.17533190265,6153
0.3415,6.03903542307796,0.053240056109223,0.0472023390877805,4253.47996152499,3853.56261565333,6154
0.458,8.38322872787553,0.0482390928478873,0.0400944841560519,6596.26963268011,6418.58056074933,6155
0.439,7.66052061801192,0.062245349265972,0.056194124188219,4683.55122032203,4198.17003839855,6156
0.169,4.1090978214268,0.04248448301277,0.0347818079525936,3369.21390069473,3262.98525782634,6157
0.2605,5.62489755926094,0.0381356639303469,0.0312532065601279,5591.7527505622,5468.50770851765,6158
0.356,3.89320196838712,0.0167285601054272,0.00741808093208174,8282.31439029961,13591.8782579781,6159
0.464,9.4104297572848,0.060268331249114,0.0276287620190186,5429.37871949048,10342.3515557932,6160
0.4585,5.86729748408275,0.0100450549481201,0.00764406537055161,20881.1409395973,21227.0687153734,6161
0.336,5.40209233110911,0.047674923169625,0.0346000402418681,4168.639358477,4650.90709708992,6162
0.3955,2.95956979498015,0.0193638001470331,0.0082353886089713,5431.89811311512,9576.44243976719,6163
0.401,5.6388407076294,0.0254225746163101,0.0228271455927042,8314.83358173754,7379.05641853761,6164
0.449,12.7208937909462,0.0583395882172908,0.04502267500137,8100.65535511129,8749.69867356325,6165
0.393,3.23279745343296,0.0112004887165698,0.00916685285281571,10069.1002370877,9576.29371261874,6166
0.289,3.50070071752737,0.0859754207786904,0.062507327458167,1352.01459755656,1690.36885808246,6167
0.43,6.15087069982019,0.0262346123037286,0.0231545632128923,8807.31915143209,7940.33588466454,6168
0.29,3.97684912892076,0.0264395779178066,0.0200568235450254,5474.61476045529,5744.27853563612,6169
0.2515,3.89659479603807,0.101710749125199,0.0779506130633581,1281.54753607404,1418.46032553517,6170
0.4115,5.92889160670953,0.0255973375700587,0.0205511220381369,8736.07724051937,8652.58314536963,6171
0.4265,5.07682464619564,0.00879990305933716,0.00687469525652089,20194.7677493153,20058.3242096973,6172
0.356,4.14351643078169,0.0136635375395774,0.0114449878800611,10964.1439907279,10239.4854324741,6173
0.3735,3.73631375629461,0.00936069757932082,0.00626516043757413,13746.6249545065,15415.0058098342,6174
0.386,6.44417160659833,0.0570507214107069,0.0393357137138535,4037.67009232002,4974.78864516652,6175
0.289,4.44595275411598,0.0640481440118267,0.0591759624828826,2532.03226761796,2222.47250688206,6176
0.449,5.71429382368531,0.10629041855965,0.0598791619320962,1679.1156063052,2927.84441211625,6177
0.4115,3.1231887954266,0.00959926393506384,0.00862174032811835,11214.7233852793,9810.95087303321,6178
0.27,4.23513831732839,0.0673283069987875,0.0574093080879942,2283.08635061103,2220.8871105409,6179
0.379,5.23164811558387,0.0664299730480059,0.0501996542656216,2820.95360072467,3227.76598049415,6180
0.449,5.69969219226976,0.0137121794744183,0.00855589775061758,15198.8649877873,18701.3156244677,6181
0.274,3.90738366587106,0.0897241791905119,0.0764429727500475,1543.07723007506,1529.56856321595,6182
0.158,2.74952065600035,0.099473766328505,0.0891918681996779,1014.89632602373,922.609725032632,6183
0.292,3.21416067347793,0.0122176379612235,0.00951969901602961,9023.31832565637,8896.62882589748,6184
0.335,4.24347776291187,0.00950745304207536,0.00752550986416387,15020.0995008345,14527.3055931998,6185
0.43,6.39370990845799,0.0161641754474693,0.0129533055035818,14621.1892263907,14348.7986943663,6186
0.337,3.11874015080467,0.0141136954625307,0.0115335583507146,7897.03261366455,7554.870215294,6187
0.343,4.72047377854451,0.0350202117103832,0.0313514703980681,5041.37692238142,4541.37989759314,6188
0.45,5.24553959363483,0.0124526052869458,0.0102746546621767,15361.5462653417,14606.8185107235,6189
0.4095,5.00179476794452,0.00787589276106878,0.00566309707621879,21248.6021932613,22310.4561334881,6190
0.4025,4.70461430855506,0.0349733521472024,0.032114897956411,5016.80211391882,4330.22405302023,6191
0.44,5.82650171102263,0.0303460237402904,0.0174702820985784,7132.235192913,9848.22025009292,6192
0.3565,4.67234272300235,0.0432844039944395,0.0301080250019951,3938.53032491287,4638.26245068017,6193
0.3075,4.79810693960715,0.0445679579332642,0.0391294224572104,3998.88493955849,3666.97332793364,6194
0.4315,5.44039373349794,0.0108278042580202,0.00891395645807334,17970.9680745054,17046.9168602959,6195
0.4455,9.80190321318744,0.123166498037694,0.0507628204929048,1308.86589847719,6031.11597564857,6196
0.4425,5.61303111784367,0.00983570164490568,0.00871167319500955,20460.7008861123,18156.738356581,6197
0.35,6.09107494516798,0.0573387830131549,0.0475667908468474,3930.56533090784,3848.87082389023,6198
0.39,3.66366052389796,0.0136753117936999,0.0124439353254129,9595.72381953818,8382.49137398976,6199
0.2145,3.16709422457079,0.13286984017596,0.115081727567507,842.900929583533,822.586459602151,6200
0.218,4.48758269955284,0.050326244473467,0.0475995938531731,3228.8326133332,2741.94329749089,6201
0.4005,6.07100347015186,0.0250147693819442,0.0153415907073178,9005.29668969976,11546.6747695533,6202
0.273,4.62942420907624,0.0638472905015744,0.041244235961856,2549.08272553849,3307.92666428208,6203
0.1815,3.80309890336874,0.114519383901371,0.0833027938981252,1071.95228761143,1303.81713832823,6204
0.4205,5.67452467075408,0.00962086215602724,0.00641021124075019,20779.7039654683,23577.8146711034,6205
0.3995,3.22881556070061,0.00920388926500595,0.00712780549574697,12006.3004603263,11921.7641782807,6206
0.381,4.51584545875758,0.010612459739035,0.00889642358756939,15060.4503360449,14014.9249114531,6207
0.423,5.08138753382632,0.0197750366946859,0.0155847521704544,9545.02682870279,9566.82075135341,6208
0.449,3.95098995060242,0.0119273072530689,0.00971921496873971,11909.1905984303,11425.929367674,6209
0.3285,3.8394458876359,0.0345713886665209,0.0318463862248626,4085.48601278869,3542.19815398032,6210
0.2455,3.50186680654729,0.0970995902003296,0.0887945279790188,1286.66600851546,1159.69359549189,6211
0.399,5.89683112668798,0.0272353319853006,0.024991024300513,8126.74384214803,7073.62366170146,6212
0.3975,5.26740430980858,0.0351805899572093,0.0325143095968329,5614.57620946458,4814.1786591449,6213
0.46,12.7553955857936,0.0764094322553358,0.0496931662752281,6091.40792105253,7894.98146990125,6214
0.371,4.89945883503142,0.0232922932326373,0.0194719853381837,7720.73723437886,7343.42759888167,6215
0.351,3.94959101490717,0.0544018766145197,0.0370502772878715,2586.21066030515,3247.30061914781,6216
0.2585,3.75487245447932,0.0274685259055135,0.0247299268545633,4918.72599858597,4325.43817748154,6217
0.2065,3.23143756649914,0.117533366538309,0.0924271784943371,933.081561894121,1032.59580931257,6218
0.4135,4.25683151383985,0.0209911941675944,0.0186530723921754,7462.21371422756,6690.5630243105,6219
0.374,2.92977066782462,0.0117285045581919,0.00695531602099176,8674.05549676087,10887.8058695847,6220
0.346,5.70182770689513,0.0350545264890122,0.0261783784016795,6054.63373491097,6473.85056441498,6221
0.4725,8.33652158477208,0.0174034762825899,0.0108385442597562,17884.5572027353,22384.1051551388,6222
0.434,12.0284922094006,0.0306169145648504,0.0288822170376182,14951.5787496693,12602.6133689269,6223
0.468,8.61538727655056,0.0570631408049408,0.0439218416470421,5649.19085056892,6002.79373515627,6224
0.424,4.63699828963492,0.0160392327693399,0.0105303405916083,10500.5353286868,12401.0066268608,6225
0.456,8.61111507180335,0.0437362570055992,0.0373032991793404,7502.90620737982,7099.82827250717,6226
0.3865,4.74303846723038,0.0425230523693462,0.0281882723693974,4078.92606146756,4990.78730729253,6227
0.215,2.81976277634422,0.0827518602194445,0.0775132632589245,1235.48757472552,1065.64973165543,6228
0.2815,5.00741742188502,0.0631323615977293,0.0597986837657891,2940.35000539313,2489.5938151266,6229
0.3805,4.58160716797072,0.0400604349404162,0.0369033835729395,4292.61675410481,3744.2256254777,6230
0.4465,4.68370002773977,0.0675169505943459,0.0489275997014967,2522.68535159054,2887.06845354172,6231
0.4205,6.4581331274455,0.0587256375110775,0.0412696963583524,3864.03522495147,4791.69564331025,6232
0.462,5.05248707106725,0.0208471348359546,0.0168793034643355,9095.92274688054,8915.48403614548,6233
0.316,3.06452296156135,0.0183383165810505,0.0157399155215836,6049.75808402105,5586.82122683039,6234
0.3505,4.5693876282738,0.0234925473166681,0.0118927393623435,6975.57831809924,10592.8371093026,6235
0.2425,3.30801710748478,0.0452854421940218,0.0376779563089594,2647.91970341446,2548.9449378821,6236
0.3245,7.04673382065651,0.0427767768910929,0.0418272177439842,6363.45502508695,5198.81901135733,6237
0.424,3.85787961488355,0.0125874969482961,0.00591756615869952,10743.005556149,16645.9794324759,6238
0.326,2.36424537682519,0.0120081699783805,0.00941784505666939,6746.97092893886,6671.94117886107,6239
0.399,4.57151169922528,0.00827808007564554,0.00591943939255748,18942.8850449461,20101.0271413318,6240
0.44,6.65051927165956,0.0252727293207877,0.0215938760420208,9973.0589558832,9298.82007322492,6241
0.412,4.18582369111101,0.0109483139789374,0.00957413319542236,13438.3084921386,12071.868099003,6242
0.312,4.94700911254867,0.0640146012364624,0.0543675891027363,2828.35070989903,2751.16886803763,6243
0.4305,3.59177558868636,0.0138585457046159,0.00932352602264045,9441.55009508483,10793.0067653229,6244
0.293,4.94365583918405,0.0577959106251319,0.0494867962183931,3132.0354962714,3000.06764317154,6245
0.163,2.21118585601363,0.0790793943209987,0.0714201439660136,1040.62973645086,926.342325822163,6246
0.2905,4.75900993700228,0.0199013050961887,0.017635287546924,8731.25416345627,7810.01380318523,6247
0.2605,4.96259766983399,0.0247038113868907,0.0207840006823023,7195.86859803961,6759.93237794702,6248
0.438,7.52345805406757,0.0662615040067068,0.0459330233758963,4173.55873467257,4986.21494524762,6249
0.369,2.93601579825001,0.015857245915802,0.00723372297222223,6645.36856441071,10566.0384563034,6250
0.346,5.79030451861559,0.0296582361944039,0.0270467600224773,7261.98159787149,6348.09439365722,6251
0.376,2.59766590348422,0.088937307723218,0.0834114922997573,1075.74722930421,926.914790514771,6252
0.449,9.87785936772178,0.0375500187359634,0.0350658502424722,10033.5899968594,8600.99754707373,6253
0.2505,4.88163428289585,0.0413116715447866,0.03708616386074,4272.42137306691,3806.60657973442,6254
0.408,6.24577183851372,0.0398424010859355,0.0377266518431252,5905.47619141198,4984.68320917606,6255
0.457,4.86576757816832,0.0153707043290232,0.0102592174092158,11599.7951481927,13520.094904156,6256
0.363,2.83351852668122,0.0124101773445845,0.0103498490536168,7947.24833412042,7411.0414186877,6257
0.258,4.01001990632164,0.0323604342430117,0.0301172596506447,4496.99951459673,3847.22386670638,6258
0.2565,4.60645779271613,0.0233793374980883,0.0221450880872483,7145.29377144915,6002.74487231341,6259
0.243,4.43445656546288,0.0226583727081844,0.020817450923318,6948.19952089616,6006.71298411662,6260
0.331,2.94729719937358,0.0145014985132381,0.0123481447925275,7118.42387851511,6542.96138734235,6261
0.402,7.26151684539724,0.0650765600893408,0.0444822266250677,4011.51100735196,5026.83018244839,6262
0.1985,4.39081209473949,0.0580786837769993,0.0497108040282904,2746.27120464036,2583.50714691146,6263
0.3635,3.62949280990255,0.0123512701317304,0.0109918845485992,10318.1694867098,9140.62463465865,6264
0.493,14.9539132592832,0.0789367568199122,0.0544555620240793,6766.67459476244,8597.83972962688,6265
0.2405,2.16270212828658,0.0476850145949046,0.024948631719098,1606.31034972627,2400.98327364996,6266
0.141,2.33845849192995,0.103633048243102,0.0927559583768414,815.002510207524,737.642984749664,6267
0.4235,4.43237784952083,0.0287080944185994,0.0118366748945078,5637.14271305167,10752.1018679177,6268
0.337,2.02237181097084,0.0248676110447512,0.0080992008698254,2884.75978934972,6370.85050397096,6269
0.2065,2.95221286507148,0.101914374082689,0.0883164788744568,1020.37133154965,982.555844736136,6270
0.284,2.98105982728698,0.0197526496353296,0.0127440032858764,5327.91816983915,6371.81020669582,6271
0.468,8.26675108892016,0.0151175995532866,0.00956320670369754,20335.64480841,24886.6564471597,6272
0.303,3.80228997619163,0.0614414718746453,0.0436237599286816,2208.74790924511,2599.21338143246,6273
0.4725,10.3480613359263,0.0244671855577607,0.0178141778171884,15998.8142231869,17454.3429004977,6274
0.3785,3.53548968675305,0.0557241763067685,0.0486736640992382,2350.28504093547,2171.68213097766,6275
0.4075,6.83812654098621,0.0333371305063452,0.0310649766778815,7705.82987842115,6576.76411783633,6276
0.38,3.76189683259394,0.0118179469965235,0.00940462592739004,11064.0486792057,10806.9927434515,6277
0.456,5.66694484448077,0.010108842062202,0.0059784162235715,19958.4149152522,25235.2559647426,6278
0.457,8.31662048077859,0.0260164620058273,0.0157549212833951,11946.0751828156,15512.6489375517,6279
0.4415,12.205504235063,0.0860493526627512,0.0610647435343383,5038.70926083327,6199.34781549247,6280
0.4345,7.87274318869403,0.0401115286883276,0.0335599567932633,7422.77059789824,7215.59717154973,6281
0.4575,5.99285391590116,0.0219004053220233,0.0167843502202656,10251.3530868151,10613.6088319429,6282
0.464,9.52858172302029,0.0968811413652186,0.0669201213147161,3512.33166097308,4359.88059222613,6283
0.444,5.56919085048152,0.0615705165787177,0.0334867186838756,3208.40603683383,5065.98830441527,6284
0.357,4.62316020510868,0.0453485999573188,0.0422329980900995,3811.34968597639,3276.81669600249,6285
0.3295,2.54751627467857,0.0121041657140601,0.00972761750760724,7185.75247540743,6950.82839724809,6286
0.2915,3.15579145475217,0.0337362506375719,0.0239212003944228,3423.45583784016,3833.47639443995,6287
0.458,11.7469393329551,0.0608662753346076,0.0518441227974693,7301.22919911862,6982.26879271071,6288
0.4495,8.20006656973066,0.0324759676029694,0.028561651117031,9635.31447943306,8754.81458976924,6289
0.453,8.88070007766608,0.0281848404113615,0.0264210207137816,11921.1582215931,10147.7092472997,6290
0.4205,5.49065583675477,0.0170375613328914,0.0112711317167311,11834.1050042581,13926.0518360241,6291
0.2725,2.66192363333275,0.0924578410532662,0.0740731789008532,1039.74493332728,1086.80158229765,6292
0.413,6.8185824390682,0.0427439078413258,0.0376365575177671,6102.11616634777,5608.7014958964,6293
0.455,9.31652252109746,0.0501984721433792,0.0405259691359081,6969.98616300753,7108.31451433231,6294
0.4445,5.88633721788571,0.0456470201131673,0.0209905761526178,4601.82710882514,8426.28243308573,6295
0.469,6.69267417368153,0.0253348743423051,0.00910010688347633,9625.4541438249,20868.4300784305,6296
0.307,4.5729556511132,0.0318842873599634,0.0303241875307386,5328.64214500196,4509.28228251447,6297
0.333,4.86692929131514,0.0303431203331724,0.0282322935760637,5959.75263198636,5119.83939333352,6298
0.444,6.54321971525306,0.00865247426578272,0.0066265256313019,26665.7518978489,26784.8554401379,6299
0.392,5.64249623266783,0.0752992620094204,0.0534894715339429,2585.20728678243,3233.77629405846,6300
0.1645,4.15086592866861,0.0841533000482187,0.0762087960163811,1752.19653106006,1574.14441229348,6301
0.392,5.04586270389191,0.0249236953593031,0.0238980795659219,7515.02467227042,6221.73661671874,6302
0.2595,2.62222718240889,0.0197792186117393,0.0126559990597795,4571.86209765594,5424.20011442359,6303
0.2445,3.62776507854699,0.0343627358474771,0.0134634164871888,3681.52551549214,7329.74632436167,6304
0.411,3.5225417078075,0.0141416647397579,0.00959936737116522,8882.40995746469,10001.5521250897,6305
0.4515,7.10416266031492,0.0323985575623707,0.0299218296031681,8344.64000724785,7235.83386080094,6306
0.445,4.51013683085329,0.00906633909612541,0.00710834260188462,17381.76976711,17129.7773334153,6307
0.409,6.11647213726003,0.0574703505681788,0.0335990457419305,3783.93105644814,5524.29323943555,6308
0.462,11.11620163955,0.046516518635845,0.0416245961603049,9159.33838344147,8245.74957846309,6309
0.4215,5.86598598787834,0.0115310498267055,0.00984039337512824,18249.2139357177,16790.569209097,6310
0.4535,7.65714424219435,0.012523257820413,0.00851585312359274,22251.3706779011,25240.4747597874,6311
0.338,2.0408159414662,0.0134889659454376,0.0120111061416171,5244.67953722808,4638.9703936121,6312
0.2885,5.40710469169478,0.0400183077894835,0.0246188562291519,4940.56889057093,6432.01502053371,6313
0.464,8.28572548936023,0.0244234738406502,0.0197808767420996,12881.2500190193,12601.4988764007,6314
0.2575,4.92860398797114,0.0621325201258875,0.0570905859701646,2916.27377229248,2589.3233416627,6315
0.375,2.92186347849385,0.00712048624891527,0.00543518637781777,13239.9692392235,13168.6795773157,6316
0.441,5.89738067505612,0.0288514365911838,0.0106706796157121,7418.39769940114,15875.807913889,6317
0.217,4.36920232036969,0.0182586891957664,0.0145999219018735,8603.0684508492,8431.16801780225,6318
0.401,4.41204504526075,0.0223817175031965,0.0166821805583888,7237.38166680275,7696.38982343763,6319
0.1805,2.4979472988876,0.123733547166732,0.107350944455122,708.249259277745,695.839446767177,6320
0.2875,3.71278796808297,0.0157573484408956,0.0146352131479943,8251.75003141199,7034.39952896796,6321
0.4495,9.95014036482623,0.0835141091983523,0.0511592339122259,4175.47704259384,5987.67051667136,6322
0.3815,5.05879081729944,0.0653453736654996,0.0519891700566512,2810.30165889304,2943.34899751929,6323
0.408,8.74236648209961,0.0593471432709028,0.0414469877471973,5298.4754670053,6484.40426836642,6324
0.313,4.89599470702949,0.0400051865645678,0.0363173734339592,4489.69859694583,3993.9253490341,6325
0.3495,3.61451867062964,0.0493252933751525,0.0442859614676356,2731.01699245933,2444.74774908916,6326
0.381,4.16021830391039,0.0458883272286107,0.0396250761875142,3384.11792069118,3157.822258036,6327
0.3375,4.95389078821465,0.0305309114731706,0.0274566199755311,5976.98686982269,5319.57811179607,6328
0.4055,5.4582893143988,0.0240224895699251,0.0204884654758482,8613.29406488398,8042.9485851019,6329
0.193,2.77235240880101,0.030989045176567,0.0246679352997783,3145.41059084764,3118.02330002209,6330
0.464,15.0680383470095,0.038224202017398,0.0277274609416173,15081.5739782999,16628.5334395573,6331
0.451,6.11038901588052,0.0156556728711681,0.0110140395957133,14380.2064380679,16009.5242419443,6332
0.4365,4.85929926550814,0.00862690960115087,0.00746189043193607,19466.089689021,17600.1054673354,6333
0.424,5.50492196701763,0.036116671993067,0.0300421264504365,5755.70005087794,5542.75641665546,6334
0.3845,5.82681984946153,0.0412356873816285,0.0362031314955828,5423.10117488846,4978.88006276381,6335
0.3205,3.45790029150542,0.0121534438430384,0.010989997782197,9924.25171107282,8715.84685792532,6336
0.3855,3.25423212847048,0.0154082870290293,0.00738954733778276,7529.46433875801,11696.2294054095,6337
0.309,2.22325830559811,0.0320033011142463,0.0288426990132101,2560.40433719188,2258.9215218313,6338
0.4735,8.7277603992824,0.041909317046578,0.00996978948273872,7231.72664557074,25238.6153000566,6339
0.2205,2.71937424169992,0.0819090212107424,0.0726879165035648,1226.79616830556,1124.56375079949,6340
0.2165,3.67853048399932,0.0534055397261436,0.0491236053788255,2444.47140485972,2151.14949409641,6341
0.4735,7.17012472670425,0.021002107961539,0.00663354983578975,12431.6946085685,29639.1349625408,6342
0.366,2.81582069196345,0.0103378920132248,0.00753593317378764,9411.50699543504,9825.6871250996,6343
0.191,2.83165004046928,0.0443858263067373,0.0398789735752857,2320.62761699052,2070.01755571457,6344
0.4535,11.9932388688972,0.0730280824574893,0.0630095780981683,6229.15342750433,5863.34730404867,6345
0.243,4.11340367068901,0.0615840147142653,0.0519468708669706,2419.13577155968,2341.19321674117,6346
0.427,5.118281585338,0.0634000091786909,0.0495318419623683,2997.51814667011,3181.65764488902,6347
0.445,10.7027903762426,0.0768594696171953,0.0559426751726577,4981.6795400742,5966.92621008157,6348
0.4,6.66985594807161,0.0245609974175549,0.02333552511404,10268.7259869513,8613.36222158069,6349
0.4815,6.82683448010543,0.0330506240995801,0.0188781175230811,7723.6748150936,10880.4984612493,6350
0.3995,4.7108882778906,0.0125094640907489,0.00870523598511897,13417.4437915852,14764.1646336205,6351
0.457,9.69277486229384,0.0762322202848854,0.0622239714922114,4671.50137962388,4769.99474045494,6352
0.399,4.52446532709958,0.0291321793165261,0.0174217427869764,5776.59927618064,7674.86191495418,6353
0.2455,5.38180857571246,0.020250340919075,0.0185469063497304,9522.61129107828,8267.7850848985,6354
0.4475,5.62564500932468,0.0102355809230115,0.00836065140348416,19407.9348961137,18554.825656515,6355
0.233,4.02513589996789,0.0302279134492111,0.0264375338327777,4909.59009323622,4464.77675593624,6356
0.4825,10.3330990448743,0.0261786853145158,0.0106342222261641,14619.1187622484,28350.9162801708,6357
0.4465,6.7289555163171,0.11230899414567,0.0685399828344827,1789.89735807138,3056.21154668212,6358
0.4325,5.42768952437199,0.051522957264662,0.0380846738376478,3923.49103687514,4360.76778915288,6359
0.353,6.37920880425364,0.0254067186288663,0.0224076761425202,9252.47936277169,8363.87939904487,6360
0.1265,2.98691797423201,0.134684433637451,0.124644992335984,783.482294269265,694.763471639108,6361
0.4005,5.54093627193398,0.0581799387115292,0.0494906045942075,3577.01831459593,3438.10851384014,6362
0.444,7.05883256627214,0.0366257129856922,0.022469615352477,7093.56342428614,9353.48814668157,6363
0.252,1.76091334006924,0.0156034678498661,0.0106099772714273,3831.07364149263,4285.31782277078,6364
0.2265,4.68803894711616,0.0612221844442175,0.0557609869474819,2809.50253271316,2470.35261779237,6365
0.4495,5.88953176271638,0.00998330632707532,0.00825741700223239,21018.5141985224,19861.6576175696,6366
0.4275,6.62797232473446,0.0373631816255953,0.0363937531083784,6746.84031765425,5526.24355493875,6367
0.3555,5.879643973782,0.054589362025679,0.0499600927005599,4034.66786796724,3565.53394385996,6368
0.4395,4.70333566128503,0.0181060607347279,0.0165049050278975,9640.4253074828,8413.25247029775,6369
0.373,6.64406916796193,0.0294722818462949,0.0268506814614748,8522.71570695784,7487.2283071275,6370
0.398,5.40989396777118,0.0173083191234921,0.0162990373537924,11453.7385964716,9654.3349035252,6371
0.483,10.8220117787561,0.0945701913541439,0.0646647837764509,3903.619254065,5139.35513294729,6372
0.36,3.97262891583909,0.0242966830908708,0.0203657510832163,6044.9040484823,5664.82518333782,6373
0.424,5.97254766509844,0.0643857545492863,0.0485762101892826,3386.82340237836,3799.80439787923,6374
0.437,5.47614837239488,0.0141515906092734,0.00760671209325241,13904.2239149878,19510.9549092011,6375
0.338,4.15392348942793,0.00917817215816288,0.00575600183713449,15379.2528826576,18164.3685959923,6376
0.46,13.0721106226425,0.0247097185279501,0.0208124440236591,20010.8419993015,18806.190342196,6377
0.4535,5.96306746948965,0.0119330263508434,0.00959616384959477,18177.3553737903,17654.3177203683,6378
0.4605,11.3989463502309,0.0790106199426625,0.055568542968262,5274.97541708815,6379.48711104756,6379
0.4555,6.21937018607748,0.0409533798031753,0.00973447809541607,5254.92206584622,18304.1041836884,6380
0.2105,1.89010770687924,0.0667139978287157,0.0598755477666439,1022.21842468388,909.563590408591,6381
0.474,10.2391179885131,0.0464016672615809,0.0360699633670105,8325.38618857772,8649.76616042776,6382
0.245,3.34863742881825,0.0493537276288471,0.0458629153632589,2473.82053362823,2123.14496877581,6383
0.364,4.95428002518489,0.0618793512920321,0.051318317293859,2932.96687604699,2936.16000736555,6384
0.4185,6.83388308682115,0.036973647110251,0.0345417308969445,6988.76247798791,5981.16777270364,6385
0.4455,9.35470549105657,0.0331549264394141,0.0270446932797166,10733.9998271342,10579.601767165,6386
0.1795,2.81284483172576,0.0526957644023159,0.0474880408365795,1952.98877401737,1741.36808862855,6387
0.196,3.69475388960298,0.121854141738856,0.104234569188232,985.535206536644,977.277196092445,6388
0.3205,4.104141921247,0.0285230468463017,0.0254265119898349,5318.32089293922,4742.66775573887,6389
0.444,4.33590193488987,0.0870716559330915,0.068671420935022,1837.13381486359,1920.28355060424,6390
0.4315,5.6508249834365,0.0185408785518065,0.00820551916608771,11117.7180178337,19054.3224108633,6391
0.116,2.58250149004572,0.0947767210957572,0.0720464862817022,982.879685050944,1075.47219125659,6392
0.473,10.248389885757,0.0627149642500334,0.0501708678343893,6176.20787222987,6340.49222253162,6393
0.431,5.06188518806382,0.0270843253882345,0.012261875753806,6767.28647231427,11767.0757406322,6394
0.174,2.28529810879944,0.0558961145836579,0.0511910715594871,1488.25566016038,1293.30207373837,6395
0.3815,5.13878735031533,0.02686444901297,0.023562671843386,7085.3512775098,6472.17960959641,6396
0.4605,5.94135021457004,0.0101999386263143,0.00891209094979813,20861.9165844678,18833.9903114026,6397
0.3265,5.24231614567468,0.0580653313189687,0.0359048119650993,3203.11781254475,4414.57815952513,6398
0.4115,5.05458020790178,0.0202171175377179,0.0070859204973066,9067.6767931925,19060.3790189965,6399
0.2565,2.7296881942365,0.0902492539934845,0.0811542425132461,1115.4583692613,1005.14762037917,6400
0.2675,4.65374682407537,0.0463268241117448,0.043662617208495,3710.56158012846,3147.66963435837,6401
0.4625,8.75660757313473,0.0359779187497928,0.0333754607336341,9242.49662906779,7924.35759191115,6402
0.2975,3.79541594311776,0.0285147778608959,0.00962092233333583,4656.52287964554,10494.4670173258,6403
0.4785,9.83695262395815,0.0323712355652111,0.0267513311111239,11632.6750865545,11283.0212734178,6404
0.4715,8.55267961684575,0.0133827207620822,0.0107394788425278,23659.9360921385,23185.629983495,6405
0.4345,4.63073246759979,0.00830149092240481,0.00667838797057824,19176.266484915,18541.3935074981,6406
0.382,2.61711235538981,0.0782362972417227,0.0658669584395829,1224.04743884992,1185.36965404413,6407
0.1675,3.36579747154991,0.0480787865040451,0.0455638980032918,2588.22353342874,2171.81482229879,6408
0.154,2.01476658012706,0.0200744090670853,0.0178439567702817,3303.69422861015,2923.29359505536,6409
0.4435,7.62970722172697,0.0335127786453843,0.0300096976828834,8676.05720070119,7753.85183399231,6410
0.443,11.2165397366098,0.0546599477236944,0.0437668651513863,7633.38112731896,7997.46924573668,6411
0.287,2.62167857389813,0.022964593622039,0.0138487183259387,4096.06955944605,5209.05229458082,6412
0.4375,7.71864455335196,0.0355384229146101,0.0297187184981519,8255.39615385606,7961.46194156873,6413
0.3655,4.30011652008521,0.0396143809677165,0.0210632893775119,3889.77297708363,6034.94810895342,6414
0.3275,3.99410857336977,0.0204430408926379,0.0184655375301032,7078.34606886649,6226.28556805113,6415
0.3395,3.41743057310855,0.0240324075080282,0.00879284709655385,5045.13660049974,10276.0680168508,6416
0.327,5.28627990913577,0.0222943126952557,0.0159022305251392,8711.9258127355,9588.10796411413,6417
0.4355,3.80962984545765,0.0128898738460237,0.00494445430850619,10585.1227702426,19566.4792827535,6418
0.3475,2.28617850322331,0.0223506875392431,0.0199377234538318,3729.66714366634,3314.56355635219,6419
0.2715,3.88884561053523,0.11899221225678,0.0924956439489197,1060.0031547995,1262.88108687378,6420
0.144,3.83585326383536,0.0765129051820853,0.0517853126363658,1708.07150302506,2115.42557457364,6421
0.4395,7.09597768601891,0.0341854624369707,0.0330338183896792,7865.21354046343,6471.52617876612,6422
0.4115,5.10428102141915,0.0333053332972958,0.0321405902977506,5751.41547985675,4763.44736118305,6423
0.331,4.76063928112748,0.0686684543074878,0.0439008914637131,2396.91896832576,3269.32879150815,6424
0.3965,5.36097823474123,0.0214495107690052,0.0185327934177904,9172.00164278807,8424.2617661246,6425
0.1515,1.73809927137726,0.0269722292676759,0.0238128858153475,2160.7545068929,1918.08308636749,6426
0.3665,4.67630526319449,0.0910515342954533,0.0624124671162812,1546.44536420778,2307.52939241938,6427
0.4105,6.72466053588435,0.0449776857607723,0.0260113740163261,5445.31356930619,7783.85000138197,6428
0.359,4.42522510029467,0.0315533600049085,0.029329338586914,5266.25234929293,4542.21430771645,6429
0.252,4.13675400814191,0.0668268110430003,0.04422387205145,2119.02815173099,2717.71918648574,6430
0.336,4.29944662319607,0.0361383583347861,0.0329477879047966,4440.18198180923,3918.14594594595,6431
0.4515,6.04260350057552,0.0152555405316913,0.00851696264134993,14392.5769405304,19760.1912676857,6432
0.2685,3.12267183408283,0.0596195147396552,0.0528805045870321,1935.1268348448,1751.76618431508,6433
0.2685,3.76649977530518,0.0195927118529061,0.01790066340898,6877.24478036733,5989.34058890833,6434
0.388,4.89368192511261,0.0581171782718916,0.0454998089433158,3114.19252040299,3238.72259985708,6435
0.271,2.67723656462023,0.112413116530269,0.0921579749738689,856.108243962535,868.454882634622,6436
0.241,4.20025451938013,0.0453233550045104,0.0337758511925231,3357.11963358394,3669.86827987781,6437
0.1635,3.54923231833546,0.0740221700673619,0.0691576061001165,1722.49161110133,1511.18922589978,6438
0.1565,2.40616771732607,0.0733737533638568,0.0694815665567424,1186.44333045482,1017.64495420949,6439
0.443,6.50299369129772,0.0389408467451936,0.0320316252785883,6318.38822930401,6131.88681580318,6440
0.32,2.98631854588894,0.122208398045997,0.0788625486486557,802.542690212514,1156.0591017657,6441
0.2635,4.27016904637287,0.0364060241814456,0.0322105026512881,4297.67764905051,3898.95847564699,6442
0.4455,5.33430332084208,0.0143297366162952,0.00876848143097139,13602.791742291,17023.3224315839,6443
0.464,10.3158883460614,0.0568453456845869,0.050700250212089,6924.01734746951,6282.66085902292,6444
0.3435,4.11165297222807,0.00932500519023478,0.00796211543459014,14733.9018074334,13413.457860341,6445
0.355,2.73490979579545,0.0096592538117527,0.0086233437183267,9631.1700187937,8459.46251074858,6446
0.2905,5.52369972069117,0.0445735731604875,0.0380742177169111,4568.7101891523,4264.47023846833,6447
0.387,3.92941147949425,0.0188719727273447,0.00921511438818155,7536.08824084721,11705.8466823121,6448
0.4615,7.06551528410381,0.0356072441082194,0.0251188164629349,7460.73096647131,8524.80130856232,6449
0.18,2.96855287754796,0.0348788666550298,0.0238926795251084,3048.36990833555,3524.5914053542,6450
0.41,5.99765495169285,0.0359363740818104,0.0278535320617938,6243.65184200502,6519.53382184836,6451
0.325,2.51299035975831,0.0168116057683524,0.0149596583460851,5239.00334744888,4651.3193300205,6452
0.3455,3.82978771312814,0.0152098033925852,0.0076036182168248,8916.20199956189,13211.4770372324,6453
0.229,3.90982064076658,0.0738878594810836,0.0692298518352891,1957.53333277007,1676.79864965707,6454
0.4435,3.4808599623863,0.005395725564172,0.00461345747438417,20967.7090600039,19003.3271870924,6455
0.3385,5.31133214058729,0.0736835723803331,0.0586316895435271,2599.7483375192,2751.02749367917,6456
0.3705,6.50065368617433,0.0489430573199829,0.0388971560385085,4951.32041646068,5076.16807489526,6457
0.43,5.72666010504959,0.0203254214213954,0.0189524752070641,10429.9072280841,8869.32659066682,6458
0.1865,4.04914900227078,0.0237573636717233,0.0201006866071997,5966.80644772869,5559.44886701906,6459
0.396,5.44641206740533,0.0130803966215717,0.00838949852565424,14906.199339766,17687.1181775666,6460
0.423,7.35251664520411,0.0381742828516875,0.035662730746536,7330.44079706161,6278.69173506184,6461
0.373,4.69297589348193,0.0267365397602107,0.0212255564660649,6491.07019113001,6502.00692701664,6462
0.304,2.90116555397958,0.0146290952904574,0.0132992262617881,6904.73066022762,6005.51628502657,6463
0.2315,2.58032794177792,0.0140781649381347,0.0123791350770037,6053.30719877405,5404.42403549827,6464
0.441,5.49420353349797,0.0150554088783225,0.013633307307146,13412.6897681783,11718.9353517486,6465
0.304,2.77805898898084,0.025294824578616,0.0225828171456094,4011.56581298565,3558.13651905849,6466
0.3255,2.23957559634654,0.0169022573545339,0.0137631867955972,4681.9075591353,4479.62900406116,6467
0.4115,5.25197981792007,0.0104467316576218,0.00902888478907143,17556.8647275092,15983.7071515082,6468
0.3795,7.52819485898803,0.0397042688621316,0.0369419478807175,7221.79034132274,6224.92808195425,6469
0.2765,2.76633220007781,0.0838035870165171,0.0773253021168321,1220.86598097714,1064.51293360406,6470
0.4665,8.87097922647922,0.0506701509069514,0.0355589258296464,6483.63010957022,7707.45468695414,6471
0.3355,4.88518368437605,0.0625936451712476,0.0593924944687056,2930.24555428673,2492.03214518958,6472
0.126,3.46027244441723,0.0813179020640169,0.0448809081047426,1418.84125468074,2137.10065211808,6473
0.3955,4.85301638992343,0.0377944572916753,0.029921640609091,4777.59551791508,4822.0742993193,6474
0.1395,3.59927895616193,0.0366971044607748,0.0249098272420712,3426.78561957081,3943.23686196237,6475
0.3975,4.62679467898533,0.0112063080114622,0.0102703228134887,14701.7585028626,12691.0926401849,6476
0.2135,4.04379775610297,0.0467734330053556,0.0429893298203735,3179.97694000916,2775.46100734044,6477
0.456,8.13386497654296,0.0515049396238288,0.0444763752033969,6009.60616801741,5635.29667551379,6478
0.232,3.30541678548594,0.0595056426033684,0.0553758311190398,2061.43094103421,1785.63665855784,6479
0.33,4.72479639595959,0.0332076568218404,0.0311871667498373,5348.55873698757,4554.98341662957,6480
0.1495,2.7091789030469,0.120535320364953,0.101762645482552,766.08185484967,755.794597260933,6481
0.417,5.19482369954498,0.00976374346125477,0.00852184466112421,18744.5132396628,16832.3456555251,6482
0.2355,3.96019231353692,0.0600247709571016,0.0557781577564708,2410.75295693535,2090.31576151195,6483
0.281,3.43843969025104,0.0136453590318997,0.0123510389850959,8681.67794954016,7584.28364360033,6484
0.381,5.86517784925892,0.0443422107409231,0.0437084353573628,4958.17935683411,4012.00114685815,6485
0.4345,5.51783803287714,0.0337690661238219,0.0243874242030491,6102.97517689101,6784.79151711623,6486
0.3985,3.87270626940265,0.0741562967863077,0.0586743339477004,1905.29029434415,2000.12438813182,6487
0.175,2.36782713324081,0.103197227547798,0.0942713676555368,820.479817208895,731.982513788505,6488
0.3475,5.66067241701622,0.0267172449540571,0.0237769874880584,7830.77249669369,7002.58603282042,6489
0.3275,3.93193208061261,0.0538771966583286,0.0475761950112918,2699.91219704131,2488.9557148271,6490
0.3985,3.00814752791898,0.0199038224616711,0.0186944405307535,5518.14613906442,4669.42685884371,6491
0.428,4.20280435086185,0.00808974955687501,0.00675805682238532,17860.1181280756,16673.6907110147,6492
0.4465,3.97215999229383,0.0125981249467518,0.00898197670381261,11392.9849279978,12346.8444966613,6493
0.428,4.74415062504066,0.0120622836986122,0.00971475547741088,14118.7704671401,13685.3590023481,6494
0.448,10.3497233270627,0.0463956977809159,0.0408521449982149,8505.6377304765,7817.67334199719,6495
0.4545,8.84363471475517,0.04011521028619,0.0176406380188659,7963.75120012606,14897.9531753558,6496
0.4175,7.94911107721978,0.0837739806812108,0.0477180141003795,3235.93983841936,5132.51472525934,6497
0.29,3.64397384385816,0.0223873439455659,0.0177349557433042,5963.97982390861,5918.31038924815,6498
0.335,2.04116531534581,0.00944872189449407,0.00825310040445001,7187.32985000455,6423.96145762169,6499
0.462,8.31030235835098,0.0395951742997998,0.0236793380589708,7801.34144119935,10585.4592868388,6500
0.364,5.67815852318959,0.0158958044322861,0.00688646034845223,12746.849959913,21483.7838591337,6501
0.335,4.82671889388047,0.0324096137357973,0.0297883672816601,5562.9341379107,4833.1781447046,6502
0.3965,6.3904523618673,0.0148778328876788,0.00929580868278323,15459.8900139402,19015.9090256008,6503
0.3565,6.85465179234676,0.0820195518007645,0.0467520544017971,2818.04311818772,4484.43797350332,6504
0.45,5.95485041634497,0.03732901767509,0.0313802448266777,6011.1058537591,5751.09304288328,6505
0.4785,7.93165873701512,0.0622757534345388,0.045088872056362,4599.46626888574,5464.82826102759,6506
0.3725,3.23901180274327,0.012436244151843,0.00751452955711294,9093.90063428237,11308.5710500547,6507
0.272,4.4762829360425,0.0312544931481559,0.0292491195585957,5259.28005146224,4483.89274058971,6508
0.4185,4.24868316117133,0.0162257994837668,0.0143480110934307,9508.79187705157,8543.67028993504,6509
0.338,3.78681455716293,0.0392732012825504,0.0240270752252583,3491.77633997034,4638.58037558789,6510
0.175,3.03515972811969,0.0800429968077206,0.0708339718547318,1432.95886000551,1321.93704984711,6511
0.22,3.09104589406721,0.136734050595192,0.100672073857611,707.687356566025,926.227594251952,6512
0.253,3.67582135950777,0.0131318620696214,0.0116890130820801,9389.01442479687,8262.6833730684,6513
0.3655,4.63670160121017,0.00780801800549331,0.00627451244069382,19831.4000953675,18934.4815002161,6514
0.3725,6.93455027596766,0.0313149690068394,0.0257917911753335,8252.61589727441,7979.53307718389,6515
0.301,1.75991133110458,0.0138910417094251,0.0128780465763616,4321.33545532106,3689.19493354964,6516
0.1795,3.94597518043593,0.0333633320442141,0.0288388375874839,4104.62716328139,3733.85325408882,6517
0.454,8.79063095643384,0.0450176615791605,0.04034061822897,7427.35147839906,6734.35551365664,6518
0.447,5.90125311887062,0.0786752829781429,0.0686180069991688,2822.51467813138,2628.96953509366,6519
0.4325,4.12236463272359,0.0128644736391987,0.00885498757885452,11589.2132933994,12965.5634723575,6520
0.3745,5.75617847966876,0.0871344322658398,0.0552628486046198,2039.11701723171,3207.13818859095,6521
0.3965,5.35595722182761,0.0678215353875678,0.0607849316008929,2976.33454989409,2688.74584782586,6522
0.2345,6.19139352130212,0.0368124397561709,0.0311734211940546,6304.24390054951,5940.65521969699,6523
0.4415,6.74503745083303,0.0243255481044935,0.0224991807552646,10520.5355059891,9046.62300331742,6524
0.3355,5.36117986300805,0.0204221607853861,0.0184944625159469,9749.66897856794,8560.44803267524,6525
0.4585,7.42108658619737,0.0658185385731626,0.0555669632835785,4206.06698668647,4113.61641355047,6526
0.242,3.31467878870121,0.0207405584979552,0.0131934933078821,5496.67027368894,6670.65847201064,6527
0.438,7.29567197153418,0.0270290255977335,0.0256239223977629,10289.3864577229,8670.31197697739,6528
0.3695,4.1463684927176,0.0355316455891351,0.0329068175057483,4323.63895231172,3736.09813969721,6529
0.378,3.0137106384083,0.00951260754625408,0.00788098290224763,10763.2237876357,10066.466563842,6530
0.226,3.63022840400759,0.0319576396649886,0.0198500609872728,4041.11065997977,5105.94730650645,6531
0.45,9.74250786749558,0.0165175323246096,0.0110235513527985,21920.9206954431,25599.4994518285,6532
0.358,4.65534970527574,0.0457960672884003,0.0412574865784576,3885.1952768237,3460.40656523382,6533
0.4605,5.89379278581889,0.00913781948388424,0.00606034024738769,22655.4559375451,25923.6292140596,6534
0.424,6.22245178990615,0.037882570591037,0.0154160388619003,5860.487479866,11729.7624995397,6535
0.152,5.49929995433678,0.0626123554287974,0.060689729797042,3161.7746440612,2609.35095557275,6536
0.437,6.57398611646914,0.0663197406551647,0.0532715533294344,3699.5397403129,3833.20865378687,6537
0.4505,7.38844284339717,0.0148678914800358,0.00898131847655401,18335.6911534704,23260.7388074072,6538
0.406,8.44329229692521,0.0301418498782526,0.0286395529210932,10680.9839179373,8969.38663590693,6539
0.2695,2.61089653772485,0.0328233305542355,0.0210459704696478,2869.63917795041,3540.96269889086,6540
0.2245,1.88188068664147,0.0414177357695023,0.0212706566370805,1643.17599819843,2442.84586865604,6541
0.151,3.30114858315305,0.0491068492246211,0.0437804520730215,2425.15285746835,2164.00244014031,6542
0.36,6.21514555642225,0.0353037178421569,0.0339065322657324,6762.70983213721,5622.53099113527,6543
0.464,9.61834955468572,0.109646354145454,0.070681141853983,2688.02366405749,4218.59861531845,6544
0.4315,4.54835752202759,0.0109901355158241,0.00773893184350016,14765.1534052594,16100.8865906972,6545
0.2985,3.491347908351,0.0192748931846072,0.0178283883656038,6469.17957937536,5558.29118634127,6546
0.445,10.34802522179,0.0159513117988286,0.0109053998636476,24170.5109376141,27542.1863869,6547
0.3975,3.27211894218516,0.0108465995127824,0.00960494229903212,10423.6495834741,9248.65815461918,6548
0.3595,6.89238583028516,0.0374872410028167,0.0336107537483135,7012.41853263754,6274.13053209121,6549
0.4425,5.97809016697484,0.017455488593367,0.0083031565232193,12460.4907829555,19966.6805994538,6550
0.19,3.32647104172533,0.110681056568624,0.0931966424439087,1051.20856490511,1035.59412468586,6551
0.466,5.98964585561635,0.0752357169871072,0.0677456082648381,3005.8699718087,2721.73604513506,6552
0.453,11.0915117969873,0.0217406893541727,0.010195682123594,19016.0763653026,31395.949343941,6553
0.2535,2.8233145790953,0.0306333544037509,0.0111995288367666,3236.35593665989,6613.44995512245,6554
0.301,1.83712709879434,0.0116130126539682,0.00996693818490607,5278.17236266433,4807.53525545709,6555
0.462,7.99652037929184,0.0169669653394444,0.0104427442523847,17443.1410207002,21989.1140403449,6556
0.2545,3.53921988034372,0.0504755013449902,0.0460048149795326,2552.41510647796,2252.59679076567,6557
0.3255,2.09697183542128,0.0107971961718835,0.0088109282687648,6478.0709506929,6150.16266423961,6558
0.2135,3.12924169915616,0.0609744360314486,0.0574017576612795,1849.18778996981,1592.14558174003,6559
0.4105,4.33023064228362,0.0202905904581479,0.0120006130291493,7768.09974368867,10283.8825076352,6560
0.4595,7.13619511168993,0.0191034245136736,0.0147437018442917,14010.8873273376,14359.4229380365,6561
0.341,4.38160467408862,0.0291028260343544,0.0232327661164634,5513.44829704143,5484.88654259777,6562
0.2935,4.54942360881868,0.0809832405822915,0.0629766566853976,1931.1831878135,2177.31068364749,6563
0.3905,3.32522043508053,0.0086793253199486,0.00621687532242196,12844.9111028819,13514.627407645,6564
0.38,2.73991477862524,0.0135829095949697,0.0118306426470056,7018.51643546678,6355.24918869084,6565
0.4515,8.9125166863361,0.0524906764681405,0.0437048140351084,6440.44334546703,6300.12697575533,6566
0.2145,4.58657615038597,0.0660520644350815,0.0612030595161057,2577.62347538171,2250.48807061182,6567
0.283,4.70192038021537,0.0440183230234294,0.0358947471538014,3894.91867314763,3834.66357878259,6568
0.31,3.19230252814927,0.0875849868967115,0.0740687138581473,1332.91315790785,1303.10954369559,6569
0.32,4.92172084998359,0.0371917795057731,0.0302209276498619,4896.1034916741,4844.54293814596,6570
0.4185,4.90817110932828,0.0151181484381796,0.0137991930174712,11743.0242514191,10263.9785653564,6571
0.452,13.4841398463783,0.0274123573950149,0.0179280209308365,18597.0910598392,22494.5858536902,6572
0.1765,2.11153197306245,0.080052368064243,0.075031548831566,962.056718853306,822.833375921687,6573
0.392,6.88802833389451,0.0415415740797162,0.0350504101656038,6240.50520086082,5953.10030595084,6574
0.293,1.90317761459175,0.0103808642776513,0.00796301480148304,6045.90368155221,6021.07954509065,6575
0.424,4.29575527162043,0.00812619983939244,0.00645662822201854,18264.8181199525,17688.8769415552,6576
0.4085,4.101781428154,0.0667378893970892,0.0477621458231371,2258.45495321293,2582.12039494659,6577
0.258,4.39814051534852,0.0336204280898372,0.0314504425594385,4794.27287449102,4079.2695199343,6578
0.4695,11.3989259874475,0.030177719802495,0.0216031121919654,14330.322894963,15941.2062913555,6579
0.309,3.68745598622114,0.0872777843627269,0.0754994936882676,1554.68077696894,1464.99686264513,6580
0.352,4.4058160977368,0.0176778303473831,0.0082885221394644,8833.19953267085,13988.1440855138,6581
0.365,4.48255762477581,0.0946631112532919,0.0596114885164099,1524.40456947305,2265.19250399223,6582
0.2355,4.29365395987148,0.0198234899519628,0.0166340099861987,7562.56416388978,7088.27332826183,6583
0.1435,2.18302474499678,0.0724807779931791,0.0679445162719625,1096.36606493699,928.503053078503,6584
0.426,3.66677870181877,0.0120324393918334,0.00933563550462496,11036.3481971092,11085.7656795844,6585
0.3045,4.30857326598222,0.0237756374188964,0.0119203485552988,6343.71179762158,10002.557779789,6586
0.258,3.26234999033536,0.0650584918391627,0.0577304956060587,1866.63710197299,1683.11504665603,6587
0.462,9.60098799261102,0.0431937781302376,0.0365356725929679,8497.11119300907,8079.16137097634,6588
0.465,8.41743837340888,0.015160867885107,0.0130142353618186,20558.1950508374,18982.5795237802,6589
0.4255,5.55999679417386,0.0125223820030558,0.0110557110036513,16074.0611049918,14346.7989736641,6590
0.424,5.14583425061562,0.0435842453547508,0.038180681893152,4483.78764528881,4152.13921300516,6591
0.335,3.74758400448259,0.0430032304000034,0.036962475307452,3195.41120234801,2984.3804184605,6592
0.421,7.31017767803962,0.0763503931336613,0.0461243616735911,3099.41916864624,4903.91113990818,6593
0.339,2.27828016675867,0.00671494047558311,0.00573861938000159,10822.9697537125,9769.67123872002,6594
0.34,3.61581454189138,0.0374121593366285,0.0329537586340447,3548.16556660785,3251.07812382067,6595
0.4305,5.77469187877864,0.0153470331097803,0.00826847972291707,13592.3649096303,19131.1351696388,6596
0.24,3.27541266486128,0.0830090230906176,0.0703965702808782,1413.60668648269,1350.83717250266,6597
0.374,4.23385440933249,0.0121487681065854,0.00715495388479345,12257.915648711,15581.3867283626,6598
0.392,5.0540126274928,0.00833979999225143,0.00733705285133805,20805.2736514549,18553.8985592597,6599
0.4535,5.91074359932813,0.0808388967875626,0.0710877132268725,2742.34137958474,2539.67265310655,6600
0.321,4.10579739373964,0.0202022237914442,0.0162752449360056,7280.57467435209,7139.87437610268,6601
0.434,7.37621988928216,0.0353426975736385,0.032542172122247,7949.27742224644,6894.12644452559,6602
0.427,4.04820097470954,0.0159926584293012,0.00653405494041876,9117.11159041207,16492.3413441187,6603
0.4675,8.35518869259407,0.0166926783160553,0.00767940030741646,18466.031259627,30600.706038571,6604
0.2415,2.82211399266678,0.0941879868489588,0.0893583821532636,1076.52323351423,917.81081387815,6605
0.4405,7.11531402350631,0.127667249231996,0.0759704259088065,1569.58588282774,2903.69849867587,6606
0.345,4.95095367181131,0.0852369944623146,0.0745306264724159,2145.72466395248,2044.65742320978,6607
0.2475,1.96551203788982,0.0279385004722564,0.0234108542322969,2469.07189628213,2305.89010704084,6608
0.3235,3.8151585252341,0.0417616738000343,0.026453740656353,3298.97052640291,4175.61757047404,6609
0.374,4.00525710895696,0.0327496464489031,0.014256564853486,4401.26470154164,7994.81421956521,6610
0.1705,2.55978490909379,0.0798026294948794,0.0733211775324193,1145.90319155212,1005.98436083846,6611
0.4625,7.77008242181328,0.0107737800647836,0.00799343823561253,26066.0194797098,27179.3385075934,6612
0.4135,7.19148134069849,0.0293429850687206,0.0265898909323814,9352.19051564718,8233.63338835044,6613
0.438,5.47564568046449,0.0129036984468401,0.00625218116111582,15293.8571548674,23111.8011049375,6614
0.371,3.69404545370486,0.0175255371173285,0.00970477918370945,7580.48288270829,10369.2732804858,6615
0.3995,7.29991834439526,0.0450998341648143,0.0429001471065907,6154.74495318567,5194.68901720895,6616
0.3785,2.73478383114286,0.0325688932038275,0.029392490400754,3112.27309380685,2741.37792167721,6617
0.4345,6.15675828730417,0.0426531274157897,0.0127091034272325,5014.87573629278,14052.2211099651,6618
0.2535,3.62830218854978,0.0341482208849065,0.032277893791182,3863.93155406568,3255.19570216062,6619
0.251,4.49158391265434,0.0548945126365872,0.0491768010332727,2996.19646679096,2703.82364033202,6620
0.448,12.1888581018043,0.0887296565703156,0.0652987221332459,4852.59241038643,5756.13253306301,6621
0.369,2.44517401217253,0.0206112994198496,0.0173394521368479,4342.39830571542,4075.37868371194,6622
0.1375,3.71556253074261,0.0547516381703918,0.0500284691079418,2461.55575128241,2156.08304768177,6623
0.344,4.16595188881339,0.0164131377472332,0.0141548382978236,9051.3425059515,8297.42969457831,6624
0.3035,5.30146785636189,0.0301446353690742,0.0274308738834982,6412.42413145337,5606.5987749585,6625
0.1905,3.10348116095057,0.0752696388167446,0.0702470467922138,1485.99107193228,1277.41412134346,6626
0.2715,2.06484711210285,0.015773647156898,0.0119456694161684,4444.65653611206,4479.40341752606,6627
0.261,3.83360755004325,0.01909083264727,0.0169499682170605,7168.97364553068,6364.7476984036,6628
0.2635,3.60485951531475,0.0293237100231951,0.0270206297817194,4423.30052752805,3806.31520739182,6629
0.3935,4.63922830746909,0.0481518977886435,0.0367888161275557,3536.28257435066,3841.61930785801,6630
0.315,5.41315695159286,0.106257136391512,0.0742739833287231,1658.97132703409,2203.44013229655,6631
0.384,5.40973079266744,0.0316821715271682,0.0279341563727749,6404.4447179229,5811.05332225669,6632
0.443,4.92378142592482,0.0537036107491963,0.0486748900822496,3460.37946346528,3070.22212275674,6633
0.4225,5.41186809138245,0.0248892455772152,0.00735928967944947,7775.27201062146,20036.4915556606,6634
0.4305,6.2821798243641,0.0485197953808694,0.040948145489737,4856.96313419133,4708.78635947666,6635
0.4205,2.75247704248073,0.0134044269516457,0.0105817555163189,7345.51889165361,7274.07499261609,6636
0.3305,2.91671452839157,0.0270802805491093,0.022399358480697,3904.68339537822,3727.93620479027,6637
0.443,4.46016917644693,0.0147020663770849,0.0130646196665171,11108.3255114229,9949.07427533454,6638
0.168,2.09362488935843,0.0369079319499651,0.0284480473361816,1993.71175082141,2044.89115743249,6639
0.404,5.78786245681957,0.0775862321554277,0.058026872109149,2702.8915456447,3074.46893201904,6640
0.4525,8.16420710756563,0.0271221635804618,0.0230129281253468,11379.0198338084,10668.2822099644,6641
0.4315,6.26525700691379,0.0179655974216376,0.0160841685189726,12902.9714606449,11437.3693029959,6642
0.2945,4.17897384892564,0.0113960162726452,0.00998944391946504,12424.9718707665,11152.3402887992,6643
0.4595,5.22022679052535,0.00736724130698013,0.00533263812519183,24488.9598882236,25714.8411827388,6644
0.2535,3.86102456146986,0.0307517072953208,0.0279910518621462,4629.93056380259,4027.06907885598,6645
0.2995,3.82415202080841,0.0100266851134423,0.008469274985716,12804.5082842452,11725.6051434157,6646
0.303,5.12660442837002,0.0327519286541155,0.0285492607079074,5833.3995006142,5324.46410291231,6647
0.305,2.02422426534403,0.0101802866346425,0.00872689618222421,6383.73002804246,5769.41220517183,6648
0.1085,2.45477243124187,0.0482375589629879,0.044115004301008,1771.27953983443,1531.48483726758,6649
0.3065,2.19727137924371,0.00920064318632989,0.00827101206778709,7649.16555664884,6655.70667879097,6650
0.321,3.56486297730414,0.047323025596389,0.0449359276402862,2811.7989902788,2359.08161356929,6651
0.4555,10.5656320364959,0.0942699333294389,0.0626812953269756,3957.98014722531,5204.65659106566,6652
0.3765,3.98152474707699,0.019792278065855,0.00879114037188758,7249.8022499733,12289.4731856414,6653
0.444,4.13912998041534,0.0129179582901042,0.00895205477402539,11619.562166177,12929.9649270561,6654
0.406,6.08359491592073,0.0248832962855778,0.0179974311168352,9117.38363383783,9966.80952671063,6655
0.267,4.7103295937623,0.029012785456358,0.0242112750049691,5887.230917094,5587.81503108173,6656
0.451,12.3180110632966,0.0731432518027968,0.0460662662109679,6047.29955811971,8281.68841568112,6657
0.332,4.44248533130929,0.049867726323631,0.0476622044810696,3317.99694670479,2789.07367680925,6658
0.228,4.8853975767152,0.0328313663334014,0.0319124306681674,5413.77561424002,4452.89666351547,6659
0.278,4.97042351542375,0.0260644312929123,0.0182790602186139,7008.56123774484,7898.66554683814,6660
0.2085,3.86681771480845,0.0915077028040274,0.0850525707580764,1516.10883567273,1324.59800681673,6661
0.453,9.57808615906144,0.0255770382374537,0.0101007862865103,13784.4587714617,27362.0806204363,6662
0.4485,10.2844527170392,0.0873137117038213,0.0317859193694888,3170.77817624561,10028.2441919297,6663
0.292,3.90922477169545,0.0248802213972664,0.0119447289624034,5605.40739670715,8877.09990858113,6664
0.1635,2.96409474816367,0.128654010078215,0.0960922655052803,773.750890056363,909.403133903134,6665
0.297,2.001195405204,0.00683843360112807,0.00620745635933695,8919.30197904626,7669.57241063245,6666
0.439,3.89168413747262,0.0085899276677889,0.00736888719155108,15772.9802427959,14431.113794779,6667
0.255,1.71963360021845,0.0242323986989187,0.0163411098207204,2511.81428531077,2868.77584199405,6668
0.4215,5.64851998780039,0.0250817112069562,0.0175848862853583,8379.61324809719,9514.61981911649,6669
0.2055,3.05254863100747,0.0350878609866888,0.0325674993625647,3135.25791823935,2706.66739124641,6670
0.47,11.5322685808779,0.01453244122224,0.00983062478866574,29587.6866107734,33935.808767991,6671
0.3925,5.05685282266243,0.0447545780755933,0.0338245102697628,4179.33949474963,4532.91923661374,6672
0.2795,4.59202688296157,0.0336435259192134,0.0316051340347406,5060.91164965114,4315.91119548376,6673
0.459,7.49340630961325,0.0173348786568444,0.0116225626804831,16108.8353411948,18777.1793229276,6674
0.2545,3.29793250551948,0.0291677993582113,0.0272555577036323,4163.70921697171,3544.00352189838,6675
0.3775,4.49422295607792,0.0399992795644772,0.033188131571228,4160.56598330253,4101.00174153424,6676
0.241,4.05352861451496,0.0160810509641133,0.0125245852046193,8560.16901511376,8438.43538786095,6677
0.4475,7.06650881634757,0.0726431712874289,0.0660601333235292,3698.13734169812,3307.17427159797,6678
0.4485,5.52401491172378,0.0266350397979459,0.00850494439083027,7500.63757429795,18105.5936026118,6679
0.316,4.36036840980173,0.0453537443209862,0.0283163408224477,3488.29178618636,4603.19623659813,6680
0.3695,4.57041106114223,0.0515953100899048,0.0463492268442895,3305.01604580506,2980.02350975539,6681
0.2005,4.34452888059146,0.0752587479160539,0.0675913682684273,2050.4135607854,1884.19919462715,6682
0.41,6.17277838255149,0.0320975504357244,0.0164233869500641,6979.91833952599,11030.9017288267,6683
0.4555,10.6144604608358,0.0923748723388472,0.0582876913229109,3639.39848666453,5688.67571428565,6684
0.327,3.59469961692824,0.0551269637447331,0.0461528347194873,2409.66785739603,2353.72189847348,6685
0.4055,5.5768234680838,0.0418285451077234,0.035195056691657,5028.3853522671,4823.61011059051,6686
0.339,4.28987979914899,0.00855062970485335,0.00666587535742648,16862.5447290054,16617.1346106503,6687
0.289,4.65144854373574,0.0876473594978489,0.0647207033866763,1776.61221331555,2172.95230158349,6688
0.3725,4.82471231971512,0.0141732387414442,0.011886692996074,12179.1370043909,11394.5955681952,6689
0.4095,4.72544781489099,0.0162526786406276,0.0107061830375027,10616.0160861793,12495.2700535294,6690
0.432,5.5863325672913,0.0121227946108178,0.0098949478687026,16615.1314114746,15952.7990352058,6691
0.236,3.52587895143117,0.0566133870197087,0.0539024428853833,2306.76494561604,1943.90295647346,6692
0.413,7.53998841757734,0.0373025547700567,0.0360202508676442,7627.34426410453,6316.75565731241,6693
0.4575,7.09518219322384,0.0144012750335722,0.00944740620169236,18063.3331045928,21278.7856285183,6694
0.3005,4.40864671319869,0.0422265308752591,0.0391975941493471,3831.83376985799,3320.45585490218,6695
0.3365,2.40352653508935,0.0219534362256384,0.0120963951839842,3935.90416225077,5473.07181168304,6696
0.4145,7.05399202232666,0.0553675419639022,0.0471331818216024,4791.31552634128,4647.64274166286,6697
0.288,1.87684920456424,0.0159335171587467,0.0137329876022511,4028.41324291572,3667.04050781537,6698
0.1665,4.86659696884131,0.0392073544798065,0.0368929371844776,4422.90216489565,3732.89857062427,6699
0.346,6.41947202726009,0.0339795107914209,0.0218772845368249,7016.31005196534,8639.66263529422,6700
0.454,6.93639249172679,0.0118161634254878,0.00909533711553838,21347.0541913679,21654.7184944233,6701
0.283,3.98379495856064,0.0156549588844264,0.0115904903719021,8944.48932593492,9327.05536069719,6702
0.327,3.67500012948795,0.0395606178518139,0.0292402057421581,3405.5855915934,3703.85606550101,6703
0.4295,3.87711190137032,0.011425743850205,0.00850695597350099,12047.4421851949,12540.8441896804,6704
0.404,3.05483163058562,0.00723651089434647,0.00546835930582717,14111.8139409653,14163.9626956443,6705
0.233,4.28620098938705,0.0405361704653972,0.037456510882478,3871.02607935796,3356.92686130846,6706
0.223,3.52995008225446,0.0965853592756921,0.0657580043297734,1208.6754691207,1578.86034439956,6707
0.4285,3.77378127858469,0.00667563926679275,0.00585245573443577,18709.5096812428,16695.9869058705,6708
0.39,4.20088377311936,0.0641788798910713,0.0505273560233552,2437.05592823627,2549.5440507507,6709
0.259,3.66686356122155,0.0558977756106823,0.052058074117581,2426.26291924287,2102.52670485577,6710
0.3535,5.06025977661137,0.0166944530603069,0.0139782012495746,10894.5589136562,10256.3298148759,6711
0.358,2.23810613254657,0.0123669726591524,0.01023637963003,6287.12002217141,5940.64485118787,6712
0.4405,5.0016174525178,0.0469163793690769,0.0293470370977521,3927.57467006056,5139.11141295782,6713
0.287,4.1244416143622,0.0300196891502173,0.0244172700390214,5030.91168389653,4932.57094558689,6714
0.4635,6.75947617603261,0.0211232128511277,0.0197247387196928,11928.3799840338,10171.4857243211,6715
0.2675,4.42546250420727,0.0501377926730473,0.0388535420360324,3139.7255612818,3307.40363943489,6716
0.3505,4.30371265353466,0.0872582277639262,0.0721642002086539,1788.27741255391,1821.35671901038,6717
0.205,2.56997527721481,0.100406915375526,0.0668707159667057,861.688067074166,1129.04300324133,6718
0.407,3.44101900771799,0.0134377906819661,0.00767096225405327,9024.02162784023,11902.2000774186,6719
0.3945,5.33460685547034,0.0492986408807762,0.0349106553526238,3954.55197374054,4618.79127134489,6720
0.0955,2.80916879678094,0.0728359837059188,0.0676753744546179,1422.17477964605,1233.44165621079,6721
0.1815,2.5028615893263,0.0502462236267424,0.0486861549567357,1805.07959263783,1483.13197048888,6722
0.3925,5.38467570246577,0.00976326827346723,0.00777587478054197,19063.2812065613,18491.075702956,6723
0.463,8.57025436474617,0.0408607292891379,0.0297774635137341,7923.14560020057,8723.70255552601,6724
0.382,5.26698936760595,0.0748642161115709,0.0606852920719785,2516.68666691764,2670.44858760927,6725
0.1545,2.20846458256837,0.0914114641139637,0.0873850357193148,879.873499008982,732.648366909961,6726
0.4255,6.76570747417118,0.0375230065021202,0.0321286375518686,6829.97346076046,6446.57730115843,6727
0.38,5.19478813497202,0.0326112241197859,0.0272354078197229,5946.15562538532,5736.53511105458,6728
0.4365,5.07954206616177,0.0157575572588765,0.0142185696671267,11910.9556135153,10505.8556203241,6729
0.413,3.0023873165994,0.0211484156182445,0.0149795511059576,5243.31823112635,5809.73060169959,6730
0.2815,2.27786953340102,0.0366959289708508,0.0335957703127288,2269.41360039222,1969.40823484122,6731
0.282,1.81633291315605,0.0239390138891169,0.0203933437894743,2647.22803014945,2454.55136540676,6732
0.4445,5.7643980150558,0.0181901705803039,0.0169787044660943,11735.7036263243,10029.4532774597,6733
0.4015,4.47411343943031,0.0102777183618116,0.00548228126526063,15277.6904107319,20790.1497357667,6734
0.3095,3.14361784789366,0.0916835160411763,0.0863612349935816,1266.20884273939,1077.41040079667,6735
0.397,5.0293941087449,0.0112786350084501,0.00701897595013702,15786.3730922831,19083.2924281548,6736
0.469,7.24187745148948,0.0664404803003382,0.0582644783972242,4114.11473565325,3824.80273989919,6737
0.375,3.85853312533788,0.00666856793120709,0.00560108537186899,18835.3060542286,17308.0531971767,6738
0.3875,5.16073820333033,0.0186057933119076,0.0174826512725156,10195.5557345819,8652.12294150257,6739
0.402,5.23406963583169,0.0363620958957604,0.0272492796375166,5350.75170910938,5782.95125301805,6740
0.3715,2.25265205566258,0.0103077164042776,0.00783057126575972,7479.26228288187,7551.60441088814,6741
0.3955,3.73111403571144,0.0216209076375675,0.0189266886630154,6354.81553685441,5761.87646080717,6742
0.4325,4.33384004261342,0.0213791295340074,0.0160195871716558,7549.77415544019,7968.76560227218,6743
0.465,10.1625812435311,0.0398320439621064,0.0355306479912851,9747.24349543027,8691.30662258529,6744
0.2655,2.49427377032888,0.087520584339945,0.0795583650265386,1024.42886452282,908.321651345247,6745
0.323,2.30067961764686,0.0289089758446897,0.0259144979728047,2888.96819834906,2558.59069332668,6746
0.336,3.94063923860948,0.0195680311319257,0.0163512596180089,7257.21785703126,6879.75297743748,6747
0.23,2.36314455454444,0.0329844430169002,0.0292677542031895,2580.45262185078,2304.38003199864,6748
0.4665,10.3821603788535,0.058826933598434,0.0320488888095526,5869.15717578068,10048.248608224,6749
0.371,5.27627352990201,0.0653912807850274,0.0561590248393909,3016.55992811489,2847.28041505616,6750
0.4515,3.69108517187584,0.00650085837380594,0.00491667859518792,19091.6615582393,19189.7003729325,6751
0.31,4.00644183823387,0.0172127074200662,0.0161153762903133,8391.32235294277,7112.82728196942,6752
0.4505,7.50112703180471,0.00996819279326178,0.0085822074517568,26807.6716706982,24494.5592039613,6753
0.482,12.055805554985,0.0422897946063513,0.0277842677230366,10758.5521730826,13222.7228790791,6754
0.4175,4.20392241912924,0.0395087389940536,0.0339446116884767,4013.99154173707,3749.2169231753,6755
0.3495,3.71420732830137,0.0928037255201408,0.0585243621367741,1212.31786664229,1921.51671024212,6756
0.299,2.93087963594914,0.0495384097781411,0.0451600794914186,2202.22489810696,1933.58452476934,6757
0.3835,4.52656225897511,0.055782983554804,0.0459966162258879,2997.83996850013,3009.77306190984,6758
0.4035,5.8116406855435,0.0114000311896073,0.0094493556248758,18230.1154231276,17229.9079079354,6759
0.2315,2.04421495776354,0.060398526259864,0.0523896597806937,1224.27669638486,1121.07394132367,6760
0.2845,3.02747609624657,0.00905870685131889,0.00749710499048927,10880.1320920331,10138.3473928808,6761
0.277,4.60677535192213,0.0388975468859069,0.0214192509728447,4210.07655650236,6285.48453680417,6762
0.4545,4.42377712151806,0.0529043334908652,0.0302996503112397,3008.55620988397,4390.57413246633,6763
0.4245,7.24150445449172,0.0418747007499979,0.0413060395403093,6491.01360646878,5250.45708633972,6764
0.307,3.58528209766269,0.0140365724482777,0.0108339518784439,8893.53131526695,8995.17680707072,6765
0.3855,5.1282023082601,0.0785180446310019,0.0552900023770948,2231.10917445079,2841.80121686473,6766
0.387,5.60011338479349,0.0484591919299742,0.0327783926349421,4230.14916522749,5206.48350743407,6767
0.4395,9.40706345346742,0.0613608293085285,0.0469878645241584,5690.17135859926,6194.71686075116,6768
0.3735,5.47119681142253,0.0578348998310586,0.0532128745932383,3533.17094692845,3117.00728997657,6769
0.1535,2.63337345608116,0.0211623929170931,0.0158290585340198,4028.36530430173,4111.8128263876,6770
0.204,2.60812543809659,0.0823316248542924,0.0607189147434266,1128.85714313721,1272.02681398315,6771
0.239,3.03874674887171,0.0469157217484701,0.034043652437447,2355.15449107695,2632.96694712487,6772
0.305,2.84049601915311,0.0579673003103703,0.0547088663316845,1795.48986665313,1520.7168354637,6773
0.382,5.79872095488169,0.0862400952347661,0.0566411206899349,2261.86252119106,3143.29408578263,6774
0.436,6.57913956499455,0.0902633861004828,0.0611305683969482,2408.07021942079,3338.75970602531,6775
0.47,7.72557369129092,0.0121888610896959,0.00865267098598099,23243.1430107623,25374.7968620905,6776
0.402,7.39588269089843,0.0323233871252013,0.0280574076376529,8639.39677217362,7882.22820542497,6777
0.391,5.09430603317668,0.076601676094841,0.0661806287364246,2470.82619718118,2340.57646613166,6778
0.2245,3.09145985860428,0.10389055942828,0.0861193860925172,1075.42211469,1073.39810763641,6779
0.455,8.63713863994164,0.0129318080548513,0.00927160657500828,24513.9988972517,26619.9169660964,6780
0.363,2.92526938953013,0.0143335933877657,0.0074555642393403,7185.66812637296,10176.5273243736,6781
0.453,6.29137350761527,0.0181369103547167,0.0155555721930517,12872.5387440001,11908.3712712821,6782
0.373,5.80470449451327,0.0697906339774952,0.0468477173942736,2933.01663634188,3801.48231103937,6783
0.424,5.33249463341092,0.0149450536553123,0.00692948436284408,12927.6919576173,20806.5768215448,6784
0.3205,3.5592532635696,0.0897185683711873,0.0749154860467721,1428.84534235008,1426.22340417173,6785
0.2865,3.25163135799657,0.0906403774749644,0.0685654142284773,1228.81212449949,1424.81692678432,6786
0.405,6.1120815996325,0.0256952745296973,0.0247863661280584,8890.44399442927,7377.40854303414,6787
0.4325,4.60144063581948,0.0283227116541461,0.00911658603741887,5874.3478947161,14009.1150285352,6788
0.1505,2.003858006905,0.0689950816820968,0.063884082434604,1040.21520275405,892.269085457271,6789
0.461,7.86280463154902,0.0562648694186233,0.0457759837917141,5226.06765970482,5290.79064197554,6790
0.2,3.64749355077824,0.0213907620338964,0.0195256486016489,5956.43988432341,5153.32498092137,6791
0.459,11.4974865279314,0.0128714433072495,0.00964015010762952,32917.3958390166,34344.9515142192,6792
0.3935,3.0027890529492,0.0137081293493225,0.0101755828259444,7789.6628620531,8130.86104871069,6793
0.4255,4.60379471515147,0.0112202834362548,0.00842149257639499,14483.2169085159,14890.3314045086,6794
0.27,3.71173344457049,0.118761025990029,0.0835369612806527,1022.7349490323,1337.2086091097,6795
0.403,6.01805185323307,0.0549747146063285,0.0439751112657185,4073.64760329766,4188.83317798356,6796
0.23,4.99632419998733,0.0389987687556305,0.035882618993613,4490.33363546818,3917.42909276695,6797
0.2115,2.86982622514379,0.0274685719128452,0.0235897220471179,3677.64095249201,3372.40765522489,6798
0.3445,5.73303467851807,0.0274101694405744,0.0252712425378794,7750.61016031532,6723.29808779141,6799
0.379,5.77337195313022,0.0674143964592657,0.0556790006961346,3112.70530049439,3152.47596589371,6800
0.3625,2.57249312848912,0.00960492265584591,0.00777045452187577,9104.26391009499,8695.4272903624,6801
0.292,3.59627366111814,0.0156524745569244,0.0108074504098458,8006.42162143576,8842.85201007721,6802
0.166,5.17481305222366,0.0601106710621778,0.0469922582420353,3085.82408494153,3182.61712682922,6803
0.1755,4.49313686918044,0.0437581157835236,0.0415514220535827,3807.62188332436,3192.41569751336,6804
0.215,2.94999286328149,0.0885996875296222,0.0806206134328332,1210.64783926095,1076.18348253763,6805
0.401,4.74119785162362,0.0194449099407077,0.0135786839561977,9108.72450016269,10250.6783710441,6806
0.4595,10.9059184056849,0.0334359266493235,0.0216173219501379,12264.7762591871,15181.601412732,6807
0.305,3.50865636586384,0.0775857381794826,0.0621481813543652,1638.52521597313,1659.53014576698,6808
0.4805,10.6182441292671,0.0587463384379901,0.0501143324113826,6828.77814295807,6524.35446570449,6809
0.3005,4.77930648173341,0.0394950360403993,0.0318024532760479,4484.26566539431,4522.67377279549,6810
0.427,4.48998539679592,0.0229223247750388,0.0200146913661848,7300.28888366551,6643.30697667599,6811
0.4735,9.38537589442957,0.0416205375563114,0.0308583288746729,8544.65343492021,9297.38359671443,6812
0.469,7.64970995940066,0.0367951059687707,0.00897599128350438,7219.23073263272,23946.572744409,6813
0.393,4.72016676739622,0.0413092783730464,0.0349111635564757,4252.30640790471,4085.32512207361,6814
0.372,5.04914354776765,0.0418552997727381,0.0396731338366717,4526.18820753624,3823.97063306111,6815
0.339,6.34888498086687,0.0382944681971977,0.0302619034269788,6210.85291625203,6322.47036771285,6816
0.2645,5.05034039756592,0.0592639030995016,0.0556020737979167,3177.73734950791,2739.62383066105,6817
0.4225,6.7349253634856,0.011221939197834,0.00977834673978877,21508.351172179,19440.1240626123,6818
0.351,4.80384125531957,0.0451083724813468,0.0424679953195027,3985.30589159394,3432.77672711712,6819
0.2245,4.39818808785231,0.0366001734309946,0.0340073399633954,4477.62976283296,3848.64536907766,6820
0.39,5.1907778302184,0.0385857706089358,0.0368249130444845,5034.67622633159,4226.67525312683,6821
0.417,4.178246177267,0.0129669449749452,0.00727290099848796,11529.4086272128,15465.6541034829,6822
0.377,2.9233253958789,0.0119954624695999,0.0112339737755747,8474.21514378281,7174.11306640751,6823
0.345,2.41838364009056,0.0178405588418441,0.0137825754811412,4832.34696129117,4865.21254473149,6824
0.2795,3.98769794069344,0.0975909300385589,0.0730348927297104,1426.91462261083,1639.28220530509,6825
0.3775,4.64372800479816,0.0400960093678724,0.0382525446072253,4349.93304558204,3657.92457962787,6826
0.2185,3.6294435469551,0.13267891280946,0.112841869757653,935.604170240798,946.134220130179,6827
0.3245,3.2449576600203,0.0316767542038523,0.0124997805627835,3619.16146711141,7172.42224829764,6828
0.328,2.18888910747786,0.0149953285767427,0.0126651277978795,5096.35833370874,4712.78563102934,6829
0.4445,5.05222624184164,0.126700431369865,0.0966570406327887,1362.10673516607,1597.37757667347,6830
0.2485,3.76680414320987,0.038656294827331,0.0314827006377403,3540.52280249204,3467.02302602114,6831
0.356,5.23608240494768,0.0753256128165991,0.0560753690848231,2465.5285170421,2848.8714763124,6832
0.1035,2.42369177317765,0.155430027153615,0.147561928879279,524.577250496763,446.174089714554,6833
0.3535,4.90449199878623,0.022058587506366,0.0174081027661286,8109.59254769728,8116.88918357269,6834
0.37,2.97062433659108,0.0165436874953712,0.012081224898894,6371.74411992141,6802.03051743466,6835
0.4555,6.16336233573474,0.0347980860482662,0.0328455003519085,6740.79733831807,5703.93409162053,6836
0.457,5.61094980600383,0.0124094146055641,0.0109684506524168,16361.9406768746,14649.0029143574,6837
0.4255,2.84444165918156,0.0082848292817761,0.00544270266402298,11811.9906464067,13419.9087478783,6838
0.4015,3.26666650952323,0.0164182765179718,0.0115471270948405,7167.23954123699,7978.25537383704,6839
0.256,4.67068899450964,0.0478587483055541,0.0447794424575612,3619.08165474199,3089.53709966524,6840
0.313,4.97394919781377,0.0168133138710808,0.00720937708990795,10456.8793408467,17608.5131716175,6841
0.464,9.08966482164864,0.0222922990984438,0.0185776459888991,15345.3625850802,14555.3956613831,6842
0.341,5.7839703439706,0.0301026718714644,0.0282490828344256,7201.49751110438,6149.98626668482,6843
0.4225,3.40345412143637,0.0215008577387421,0.00841365241255208,5692.02787470181,10977.4781789389,6844
0.433,8.61982811807392,0.0491260916853805,0.0474419194872268,6685.1979114631,5527.72701213816,6845
0.469,8.38347033719022,0.0137001909747434,0.00918519974826623,22608.5590646681,26113.333580782,6846
0.417,3.93576842666447,0.00710678469158755,0.00558717002520935,18462.6105184212,17949.3391854132,6847
0.328,3.77217181973532,0.108891400840511,0.0612905007743535,969.523889119262,1850.69273366281,6848
0.4625,7.42670249212954,0.0133157228388218,0.00873434879998118,20509.7367441071,24074.966629378,6849
0.1885,2.97835948293183,0.0572259878698034,0.0446425885838662,1866.88336247461,1914.6655066161,6850
0.195,3.89565614644149,0.0707871405047287,0.0655802507699828,2005.79371797871,1768.34379471778,6851
0.3965,3.37283526526417,0.00978935474977547,0.00841054550040676,11916.5186293855,10900.0182437,6852
0.4365,5.98801799344615,0.00795627378664802,0.00667689651859011,26189.9237155597,24281.1854302173,6853
0.382,4.7879222123067,0.0400116014269642,0.0380382339765501,4467.24817615101,3761.4541357052,6854
0.111,2.76824031545354,0.0728902145529939,0.0617783519616742,1338.12106302446,1251.44181373242,6855
0.4045,5.24860629896947,0.0904078208110762,0.0709127856161001,2064.26331983696,2262.50300414123,6856
0.2075,3.16090420256117,0.0459766060638705,0.0402886250804473,2482.7321676277,2264.49978238413,6857
0.359,4.20497525252451,0.063871334336467,0.0605350699173514,2472.54519483217,2098.09053613114,6858
0.383,6.13766069635391,0.0427097569008545,0.038621428892244,5478.66862841424,4875.65532136475,6859
0.28,4.03363458528378,0.12504292343371,0.0895585504361419,984.692789941197,1341.44098199428,6860
0.452,8.54568670822389,0.0382568379988703,0.0320850035000521,8462.09248298927,8124.94710372231,6861
0.3805,3.0210805555056,0.0115812725099715,0.00778868600795112,9136.96309399373,10308.0663701763,6862
0.3655,5.66568950257652,0.0385629498371744,0.0348742670274686,5540.19582719905,4915.37301109989,6863
0.32,5.86752998827691,0.0356339048487994,0.0319575040557549,6145.55682379592,5475.09165136785,6864
0.2095,2.65209920616815,0.0987795203007302,0.0868955256875941,969.108530640848,901.754191115075,6865
0.452,4.47922103592043,0.0144420134656236,0.0129252329251076,11415.5980906284,10096.6986266304,6866
0.456,7.22760535141927,0.0149751567592731,0.0109588705373156,17686.9439681313,18842.2313097557,6867
0.2435,4.54819550754325,0.0345971400593436,0.0326469589790953,4763.61062340814,4022.41039849452,6868
0.381,5.13040620323017,0.0103345833802101,0.00800552290385059,17402.4695438461,17321.4269809766,6869
0.3785,4.81548110363221,0.0392274911952385,0.032810236095555,4577.17668609779,4391.98352772276,6870
0.2835,3.90968227906567,0.0916966047492115,0.0645146015919842,1448.38835021907,1828.17270005607,6871
0.429,5.34302654668994,0.0334927258678798,0.0298263635392628,6003.56223065468,5421.49899963655,6872
0.281,2.98249145800486,0.0920550748996993,0.0837507242547767,1188.25252983328,1064.79365461197,6873
0.4205,5.90567910452646,0.0217785318977869,0.0207691956768092,10132.4028747353,8475.63573278612,6874
0.2075,2.79171555952972,0.0498163735249741,0.0420434115987468,2030.06159930192,1920.68775340545,6875
0.314,4.21501742881234,0.0903776495399743,0.0706286965549758,1601.31489189899,1796.42506913992,6876
0.307,2.17504810234915,0.0382899287108517,0.0189423745018748,2018.52651077034,3229.28390956839,6877
0.2935,3.58741242074099,0.0301775875146766,0.0279060370969876,4334.1206793959,3765.33633744466,6878
0.455,6.96203750977139,0.102148750363468,0.0605285818838588,2248.84901957932,3534.54788946666,6879
0.329,4.46548346418408,0.0330741347358692,0.0276452289043711,4914.92719658192,4724.65053213525,6880
0.413,3.89023345643874,0.00869565167026892,0.00710822646441731,15356.1228009487,14608.1985175442,6881
0.3975,5.69328232365429,0.0360483013397406,0.0323737131318562,5942.41628153301,5330.05994436438,6882
0.2275,4.4712825554515,0.0648007869099767,0.0613868413621301,2595.92385604327,2208.85164487147,6883
0.1765,2.29309800076939,0.104478321091112,0.082122957404644,786.830394878837,833.592766694115,6884
0.255,4.51663928443174,0.0244872245593624,0.023371883994208,6683.7167017012,5575.33725297149,6885
0.299,4.85459874876966,0.0681454871644249,0.061325897494961,2662.28143047906,2397.67933153379,6886
0.2765,4.32833094367815,0.0614832179737019,0.0559207152104548,2592.31118131716,2305.03778530491,6887
0.412,3.57906919024789,0.00636415750415043,0.00524268395835529,18411.6333184948,17223.3570182212,6888
0.371,7.10107368478742,0.0310763894510913,0.0292099093731402,8657.07808608067,7329.92618966045,6889
0.4425,5.64012993503818,0.0200688033037593,0.0112720435652715,10403.6186063288,14415.9760903751,6890
0.1435,3.04869606841117,0.0714835545867369,0.0685593836515767,1560.92747750432,1304.33194273508,6891
0.219,2.87652093563526,0.115805112627732,0.0955940541994293,860.311975328591,872.559711868139,6892
0.3805,5.97249974028587,0.0251321741425227,0.0218140078229613,8917.522854782,8157.5849511041,6893
0.294,3.22271807934386,0.0161155544005082,0.0135626515031907,7107.95322750949,6606.91401065792,6894
0.33,4.00609185076006,0.0963963612824368,0.0862049329738779,1511.26773528464,1392.6688787708,6895
0.1675,3.08578702385466,0.110486558075866,0.0724986929160349,918.186578740321,1251.95533291818,6896
0.4035,4.53967894696891,0.0453696188980991,0.0389522207034257,3758.97798654018,3558.80256049409,6897
0.4465,10.7863007206408,0.0220137471560524,0.0172890457802998,18557.5195872134,18673.8152886885,6898
0.3525,3.82396580773829,0.0231802648453053,0.0175475190983191,5916.95705126396,6093.88426479463,6899
0.422,3.57451969826158,0.0620044656835602,0.0563492884267962,2158.56273764594,1916.69294496718,6900
0.2255,4.39581154396293,0.0495264965289658,0.0456490832750244,3196.46547918767,2782.23388480715,6901
0.4205,4.73074526671805,0.00879839394497979,0.00658793127281973,18785.3232070419,19267.4285124917,6902
0.4555,10.9563659714376,0.0323151817533233,0.0297676630500123,12886.6192242298,11148.7511414955,6903
0.292,4.23174804985395,0.0332020823928739,0.0287553353713279,4713.69663425483,4352.47636166403,6904
0.4485,5.07138764516199,0.00784227153098671,0.00621776210078975,22376.562981922,21773.7398887389,6905
0.236,3.91298851300452,0.110636224936121,0.093893833702787,1197.50880095545,1232.18987915397,6906
0.404,8.58194962924013,0.0430326717794632,0.0285935483530962,7482.16848357487,9169.62676890699,6907
0.3765,4.16247481642014,0.0511530602457361,0.0370017045323038,2983.15521110669,3353.24442742951,6908
0.335,3.63429906481546,0.0321786635904498,0.0134688886413404,4016.10170833797,7469.91732692545,6909
0.414,3.33458832761946,0.00680299682681438,0.00501581742548781,16310.7659093292,16727.459382224,6910
0.4625,9.11418561430032,0.0324128164663248,0.0295036428579208,10692.4589557151,9404.35588213984,6911
0.392,4.50666356794734,0.00880135680203373,0.0073878225179417,17466.6194408774,16199.0880053237,6912
0.3825,2.5280202428534,0.0102147470987176,0.00463592500633948,8526.96683586006,13093.2568610409,6913
0.3175,4.78446020747204,0.0451882319761235,0.0414339762152766,3970.295018226,3502.76225762424,6914
0.28,2.84447272651866,0.0964371891535502,0.0817988118405218,1061.0496522078,1045.6381640011,6915
0.457,4.57053946530814,0.00955233171184465,0.00741104039113634,16904.3833348809,16848.3699962561,6916
0.4575,11.0770835800657,0.039448870024823,0.0225540490993975,10501.8476130536,14936.7949677406,6917
0.44,3.05063059112502,0.0186716729512374,0.00970697178189152,5985.37241828507,8825.83364894837,6918
0.375,3.0914392240085,0.0109236955974839,0.00940744546433106,9793.47166143429,8950.74495931663,6919
0.335,3.64183357752242,0.0300046720665854,0.0243500249849608,4492.26084433945,4421.26205442777,6920
0.453,8.32463716956789,0.0755004483416796,0.0570664459750043,3912.69736080829,4557.81587846736,6921
0.343,4.19548842796191,0.0251407103799445,0.0239862801726427,6084.3135284621,5089.25952069147,6922
0.2545,4.74033278497259,0.0229313882889043,0.0144730928180752,7318.05948639739,9062.50227973498,6923
0.121,3.20748837346735,0.0411624604153625,0.0388071642003397,2801.68420812955,2367.27862025191,6924
0.449,6.75242345268676,0.0360031957476002,0.0303250603536219,7085.22025263339,6688.76139507291,6925
0.426,5.3077730647325,0.0496703060553404,0.0378730471767528,4027.94707467632,4301.67007892982,6926
0.4095,5.63754576438228,0.0384179605826345,0.0337067834969023,5482.25426180828,5031.95686484751,6927
0.31,4.14918044477806,0.0236767146667452,0.0213607532819046,6454.76419657213,5661.73459245905,6928
0.179,2.85424269899709,0.0984521219428357,0.088934008973398,1023.49950237415,929.924473448575,6929
0.388,6.40540790260622,0.0269946251729985,0.0248497415974264,8845.27271691875,7659.61696180885,6930
0.2145,3.51277853103374,0.0403946759809284,0.028067805010074,3089.41067751917,3546.18971673411,6931
0.325,5.94741870769251,0.0335372263911759,0.029820545285819,6605.7119761668,5929.27330488643,6932
0.17,2.4438425081974,0.0834566992880942,0.0688387304042352,1055.6616181914,1047.17164197155,6933
0.249,4.68901376908785,0.0189189804883223,0.0171302681749077,8780.43844832129,7678.56437122855,6934
0.246,1.68809073906393,0.022674998817078,0.0137576761645302,2664.98574158177,3293.21453525425,6935
0.345,3.69954707225309,0.0982869277851462,0.0683563855887623,1205.54358810856,1641.13114640578,6936
0.3415,2.1757472527127,0.0138044127742212,0.0103243663198392,5524.88124129346,5724.27717934936,6937
0.382,6.17795006969233,0.0257056104297782,0.0236259202399835,9046.73403038674,7855.88852516792,6938
0.4675,9.83260932097081,0.0360604917441286,0.0316215826172079,10463.4333821128,9561.49103273238,6939
0.3965,4.95722971798531,0.0281071291358332,0.018401401663567,6489.10420038832,7972.38338708502,6940
0.303,1.9424605696648,0.00705334309298174,0.00483976125827702,8459.52170882885,8926.2830367355,6941
0.373,4.69476217630172,0.0187809994426728,0.0169344808949825,9090.55823099506,8002.43103510168,6942
0.3485,2.28934013202933,0.010336566426321,0.00911157343665744,7444.06188091133,6642.71716650523,6943
0.414,4.72018446641856,0.0310165428345327,0.0244680881510976,5678.74890065382,5743.63638080461,6944
0.1785,2.5884546807968,0.106090053590276,0.0934268018613168,865.210535175759,812.676788242149,6945
0.352,7.09317391640029,0.0392196986079146,0.0371158355908084,6811.60893322911,5757.69153048169,6946
0.445,4.33226759006117,0.0132162709024423,0.00655085569648334,11793.017076594,17632.70056821,6947
0.3405,2.14226205360481,0.0252067634418563,0.0141462041504379,3053.12211371695,4198.85193882402,6948
0.44,10.0435574253539,0.0565973620461157,0.0365142787084513,6441.38584421746,8523.08921470727,6949
0.453,6.81513793021515,0.0111592984190389,0.00926010674347586,22019.6243129053,20806.7938083757,6950
0.446,5.57116535741334,0.0167177246786019,0.0150541175182017,12302.7356090174,10834.7044779788,6951
0.461,5.66875553252513,0.0138854215819211,0.0121127794114527,14984.9044569262,13588.0217849689,6952
0.4,5.53951373400841,0.0300040050054822,0.0238049540325442,6956.3776447261,7025.42798551399,6953
0.2955,3.84856760142098,0.0238464443853863,0.0226411185481933,5868.02041321684,4943.48060663214,6954
0.4455,5.16369730700475,0.0371625189557543,0.010083590299313,4899.69052802976,14587.9746069345,6955
0.4375,8.06790481051659,0.0372691997107883,0.0308230732476174,8248.40901631382,7988.28863834176,6956
0.385,2.47892842677818,0.011496444614147,0.00998875636741458,7500.49772933697,6790.25784666205,6957
0.1575,2.16796340685111,0.0565670897836537,0.0528483070860923,1350.92488926876,1166.16862806496,6958
0.2545,3.79975157248752,0.12302499786198,0.0967562482485754,1037.25443080081,1175.82093702371,6959
0.362,3.97103564007228,0.0464562420063108,0.0403463648383453,3189.88460809034,2946.16284738006,6960
0.381,2.84033323199562,0.0148696497353688,0.0130879757227053,6723.65786351312,6039.2539812832,6961
0.399,8.30074942797052,0.0475190070382932,0.0418965942834231,6624.21796666692,6070.84968032549,6962
0.2055,2.54168089149489,0.0829610804715204,0.0732613237298552,1113.25751335013,1020.00425314203,6963
0.3755,3.84042110235263,0.0121349635850887,0.00696849254329362,11334.2864487174,14771.7500397195,6964
0.4545,8.12393093188392,0.0607922532654152,0.0555428095472936,5099.24969634439,4495.25675015987,6965
0.3165,4.52370230645849,0.0128352054310707,0.0111132350946037,12412.4200482184,11209.6492134202,6966
0.468,7.10071988814505,0.0169638512003103,0.0152675836543514,15596.7888467319,13714.5978244618,6967
0.4055,5.36297728043863,0.0292022217065789,0.0260184454108487,6891.88434956866,6204.34500044817,6968
0.456,8.60562720755779,0.0322049669971348,0.0299843802253145,10207.8009878983,8737.81939689297,6969
0.3365,2.12846486609618,0.00592155429303615,0.0048614502882792,10986.8023963203,10195.6863117262,6970
0.3,4.74474151991847,0.0216605320887299,0.0191759655122438,8150.27611974294,7360.34786068026,6971
0.39,6.05131300855107,0.0664930014988388,0.0405594654269529,3069.70712811408,4573.71246933898,6972
0.3865,2.79423393185251,0.028268093077272,0.0138451121966192,3547.67337874356,5662.49666113708,6973
0.328,6.43260261694103,0.0255184047436176,0.0210560244760073,9307.47078690115,8912.8261739446,6974
0.146,3.50555237350818,0.0648385981243709,0.0601649393809987,1882.95763510438,1635.39737921695,6975
0.265,3.4053369320652,0.0578239962855286,0.0475228184340406,2115.07658386888,2094.49424799154,6976
0.167,2.17764248541115,0.0331131927097252,0.0309068726005757,2330.52501455954,1985.48313417744,6977
0.241,3.1404339507605,0.0156483911728835,0.0143620447569718,6946.50892666423,6020.0275648246,6978
0.4295,6.32851876086801,0.021839794639273,0.017392324309516,10771.8295050051,10695.4892519858,6979
0.271,4.40352341306617,0.0537667626144081,0.0495592325597755,3079.58612936116,2688.50578261572,6980
0.4795,8.01060170252591,0.0540642335758987,0.0365430688745274,5490.04831830295,6702.61655230487,6981
0.4225,3.24458878197213,0.012983148889804,0.0107046567574218,9003.50975424277,8561.73402474742,6982
0.4585,10.2729687741204,0.0185303254218439,0.0118722556723177,20547.9933016666,25082.066341332,6983
0.3915,3.24317484821894,0.0147092957591343,0.0111393817113956,7926.30413924277,8162.5883784377,6984
0.3365,6.27616603992533,0.0522128662994878,0.0490233016544414,4536.85311853016,3876.54270824483,6985
0.4495,7.53630281136996,0.0145136369062337,0.0090184637461984,19129.4990176354,23709.4060753131,6986
0.4435,4.95160036859633,0.0176247958002457,0.0091277861633373,10375.8713332404,15275.3546822541,6987
0.405,5.13959914414354,0.0168433920515058,0.0136419095354534,11275.3070603618,10986.7325222256,6988
0.394,4.80406521830012,0.0384872374895556,0.0336904058563199,4653.82848921866,4302.1717091432,6989
0.444,4.85397298158648,0.0134934164239368,0.00832935264214834,13107.2949935138,16226.9915397959,6990
0.4325,4.39143804327411,0.00772014766918706,0.00561456462930385,19396.1080371034,20279.2553702321,6991
0.219,3.73839893436986,0.0568532453656546,0.0485921334279204,2347.78954839696,2206.69545466478,6992
0.2525,4.47780076294343,0.0892857602993859,0.0773517425736845,1779.68128702538,1714.25834215327,6993
0.4475,7.63827143999379,0.0453445575283017,0.0396343025214379,6404.70070876912,5906.84909207366,6994
0.25,3.59841769206468,0.0802988346184639,0.0626185844113292,1596.29964991974,1698.69545497241,6995
0.303,3.36347557700523,0.0321647059638973,0.0267900551432213,3818.33447178131,3644.39580650993,6996
0.451,5.01860110954433,0.0199678069128953,0.0179672920685271,9383.63447249263,8300.42975223808,6997
0.353,2.29389567129332,0.011170946361577,0.0101847548919477,6949.12074121793,6008.40789022439,6998
0.133,2.09467195167315,0.0837634172568179,0.0770435040919934,932.117588780896,805.755452908948,6999
0.2585,4.33992606379127,0.125670571658317,0.0997479063746707,1140.78299045811,1278.46622099027,7000
0.444,5.78154036864614,0.0120195581707912,0.0100294899609917,17422.6795945012,16433.2249924049,7001
0.443,5.923907524719,0.0430091221612239,0.036234929893913,5180.32924230654,5032.43601906203,7002
0.4225,5.86800896947465,0.018789257304989,0.0180756143708938,11549.9439222493,9585.93478585886,7003
0.2265,4.46987821287872,0.0146787975021718,0.0119596937224029,10606.5109773966,10105.3060073895,7004
0.468,8.20527549859806,0.108579000943538,0.0785249712249823,2635.15796689734,3208.40945064988,7005
0.455,11.0109031505635,0.0274400952866425,0.0103230479108814,14722.7874835581,30572.2619904681,7006
0.4685,10.3779719345422,0.0134784501841919,0.0107433161378935,28739.0221694926,28247.3000283583,7007
0.4115,3.3649438020383,0.0276027889307252,0.0155331555801987,4498.69396537504,6279.23205012441,7008
0.221,1.84292201482468,0.0669918372273882,0.0577460950217641,987.001744545884,921.572695251436,7009
0.4195,4.68038984873527,0.00974824258251187,0.00838205631772644,16837.590264394,15317.9497744346,7010
0.4015,5.42118915074278,0.0583305285420116,0.0465503772189472,3492.9382174252,3589.88750588758,7011
0.434,4.18454078561057,0.0311421041923074,0.0169370747947015,4954.50505162337,7313.2540379496,7012
0.227,3.62369480885444,0.0499585595983271,0.0410629038026972,2644.38901995513,2635.67948006284,7013
0.4625,7.7022381438197,0.0542428727012957,0.0458139374091935,5384.68651210349,5194.93064621806,7014
0.376,4.03105906253469,0.0385306778971468,0.0331316517537602,3905.01922145359,3638.87517958725,7015
0.4385,3.94357187202977,0.00854500968715273,0.00676348775837489,15839.0088690295,15479.4435696314,7016
0.4425,5.29228536571713,0.0422033218471801,0.0215302448714454,4555.42918557156,7341.47079994269,7017
0.4485,4.656925021707,0.0120111080857238,0.00668434589996128,13860.1884943174,18645.4930178589,7018
0.46,10.1012045150497,0.0763862309968098,0.0628081112628876,4850.7470136029,4975.25161066045,7019
0.204,2.89070481981423,0.0447231655737726,0.0418257761928356,2366.56106213461,2022.14288890886,7020
0.2865,4.81722341102364,0.0508372807235976,0.0444003112014809,3466.3074434964,3221.73631139041,7021
0.3555,5.83604266513578,0.0294406977586502,0.0255417704970933,7447.54412210022,6844.7170247609,7022
0.183,1.65967679154444,0.0208739706827812,0.0117425598649197,2651.22602004136,3449.38035707871,7023
0.434,4.08350746397857,0.0132797474346725,0.0115917982103084,11116.6702452045,10051.4512263103,7024
0.19,3.11599924145806,0.0424211203144003,0.0380374675564542,2648.92281332827,2356.00315367256,7025
0.2825,3.80712624244567,0.112396679953738,0.0826139854789015,1108.51285652222,1380.61566251514,7026
0.245,4.00959555314762,0.104891429767602,0.0934221357181518,1385.58156563441,1296.04599881017,7027
0.248,3.05466615286077,0.0145421910432449,0.0124320616450751,7121.73022486562,6500.88678582588,7028
0.4185,4.66957159080717,0.0308011132972504,0.0279436063381437,5656.4420306177,4975.86054095932,7029
0.394,2.97562486176689,0.00967470724128292,0.00573802908139149,10495.2726048754,13029.0247215513,7030
0.3935,3.44381288991875,0.0386858806220985,0.0140501411676094,3141.82862871469,6998.26744454485,7031
0.1025,1.64586308729335,0.0533545134785825,0.0354095190913442,1108.87899182002,1295.15065425485,7032
0.3025,3.44851081632802,0.0140940421008508,0.0129781661215381,8541.08868723381,7347.5613525215,7033
0.226,4.60515707380624,0.0461585737062026,0.0377287711620169,3543.87270377629,3516.13269845183,7034
0.448,6.45295492807075,0.022834950535652,0.0176148372562801,10526.592934259,10804.3574561806,7035
0.418,4.6407484507154,0.0202733138077675,0.0175797278692537,8490.16755717545,7764.23193037935,7036
0.36,6.19549446390667,0.0473614492762742,0.0370389206391977,4913.19217268533,5089.08103304727,7037
0.4415,5.4167487415654,0.0173191948507569,0.0123157731756662,11505.2602602988,12630.7799027648,7038
0.311,4.89884600153713,0.027735631312607,0.0259264939581572,6482.56283754473,5533.2247957724,7039
0.135,2.43576874043017,0.0315791701067549,0.0219097295485748,2677.11044303126,2969.14175243462,7040
0.432,5.64261651671409,0.021852020727445,0.0206021240604115,9661.55157860918,8165.11000868397,7041
0.1845,2.88161384321016,0.106829959164952,0.089004232098474,983.348446933403,963.332852647798,7042
0.4705,6.85067376836526,0.0149935931072254,0.00904356371603646,16742.0968706714,21421.1967253752,7043
0.4315,6.01294453162742,0.0280784031223553,0.0255460274230678,8086.48034003305,7135.46349660007,7044
0.4235,3.9821937359022,0.0196652302691191,0.0164912012498291,7445.81420065287,7052.96854868433,7045
0.448,6.14764476086645,0.0165541377755837,0.0123433030622507,13710.5276797957,14437.5559331163,7046
0.279,4.82467707461185,0.0175833939252425,0.0163810299421386,9572.03146416882,8132.93932034233,7047
0.175,3.54141133940664,0.135230220499126,0.0955643818869425,815.930116771703,1092.88726272116,7048
0.296,2.58480905287041,0.0276785320126144,0.0230825390963386,3352.60278571178,3201.04752370503,7049
0.1595,4.72936640288846,0.0566825054756933,0.0375305814001459,2934.51258327897,3614.86752648241,7050
0.3845,3.42502385932957,0.0336442196595789,0.0237560221715962,3787.08613896302,4285.19543111654,7051
0.3525,5.46480731170864,0.0317680192434005,0.0283727273963208,6419.29468477019,5761.44608638738,7052
0.4815,16.125657216609,0.0644534109405299,0.0415502839786769,9270.86718254905,11986.7843351342,7053
0.33,6.25919124046901,0.0383869974700297,0.0350736736294352,6094.34692085105,5354.69298709659,7054
0.182,1.42406414265355,0.0176304084660677,0.0155059931682836,2659.95693076584,2365.50327000382,7055
0.2445,3.55835563230291,0.102156473203433,0.0659954482378498,1149.68899526727,1617.88134934178,7056
0.208,2.5405558094029,0.0841266521443148,0.0695755358789218,1092.29308588997,1078.18503033971,7057
0.263,1.77861067974854,0.0440604665520412,0.0229982932447968,1448.47538406262,2191.97634699838,7058
0.1995,3.95152660099477,0.0470324212765556,0.0440769693072478,3077.22968467018,2617.31006473822,7059
0.459,9.33439206120563,0.0308741279171858,0.0290172767852657,11618.3588985409,9898.35989522552,7060
0.357,2.45806462800887,0.0277116505485406,0.0121996001959097,3221.87747082255,5568.09787006149,7061
0.461,9.00800309815273,0.0541182459282884,0.0480863569724501,6297.12435683886,5688.59015423311,7062
0.408,3.8170281869445,0.0669502413779931,0.0555671580153084,2110.04276285543,2106.72383706061,7063
0.2595,2.84488413333046,0.0530848681941364,0.0460662588092153,1966.06938494646,1824.49644225145,7064
0.297,4.5761284111252,0.0232182690584238,0.0202099486808334,7121.71640037723,6495.51143134415,7065
0.4375,3.89046437065829,0.00785604486339691,0.00484334753773853,17036.7024799513,20319.3318786002,7066
0.351,5.2750550548748,0.0309619908409303,0.0216684488976804,6327.96278421281,7218.40276176448,7067
0.2865,5.37732965165224,0.024251333049903,0.0227520917041859,7919.9561542183,6747.38925637577,7068
0.395,2.68696803821938,0.0202048944367192,0.0163682910061619,4839.41553271353,4682.51877721393,7069
0.3145,5.17799425282141,0.0240589679462737,0.0225722256796894,7923.5895677998,6757.53387949426,7070
0.189,3.4772553297774,0.0765895123260774,0.0663433511709215,1600.90025402592,1542.49137265824,7071
0.424,4.94117588915033,0.0142200696627527,0.0120947975799561,12557.579939678,11644.8062569536,7072
0.2475,3.56606532580056,0.0709670296987886,0.0649308470690639,1807.52087087278,1640.74197254641,7073
0.4635,11.1579866854224,0.0394257223256783,0.0371701316216859,10854.8042040228,9183.99423928153,7074
0.4635,9.07108216079896,0.12565916827786,0.0630899406818805,1930.88724399786,4499.88811557821,7075
0.428,4.8425824272774,0.0152607633276753,0.00735004996319494,11475.7568274183,17857.8741872339,7076
0.4145,4.37462644044662,0.0154691263335465,0.0115270210248283,10182.2894073293,10595.4940400738,7077
0.4575,7.26560811370353,0.00962202259529984,0.00737554725696113,26930.9145774533,27235.7613756788,7078
0.2105,2.8004714000854,0.0376986707408829,0.0316769400575298,2667.0561258337,2529.59403162202,7079
0.3605,4.48489110404241,0.0191645139169684,0.017619238361773,8525.60554802722,7366.64764465701,7080
0.4255,4.16321149588558,0.00942987653103602,0.00533897740563121,15472.9104785135,20058.6631943359,7081
0.479,7.46608517005048,0.0245448662587786,0.0190747619733944,11447.0045339081,11715.0431963064,7082
0.247,3.52019641252351,0.0484000246179241,0.0340227513039162,2610.83066291338,3004.29088395438,7083
0.3675,4.28963381122913,0.00893576632392009,0.00760138866742759,16342.8254962353,14991.9433443751,7084
0.196,4.47264334274429,0.0355615904757867,0.0339669281013748,4692.87225801536,3935.74736842105,7085
0.3395,4.43881443834927,0.0332219072810672,0.0307221310714454,5002.29066439545,4334.25987638408,7086
0.3955,5.94792907203019,0.0129620739563359,0.0110860096417249,16508.3610302657,15151.0237413208,7087
0.4095,5.38786875771557,0.0097264319605309,0.00675710975791769,19473.6728977734,21305.7064827745,7088
0.356,4.63588786869474,0.0488413971622948,0.0388672289116695,3479.80318470955,3607.36542431771,7089
0.441,6.82880617546943,0.0646212227445169,0.0561005247090015,3972.37739846669,3729.47770686231,7090
0.457,10.8488732595831,0.0523940596869912,0.0460006083803698,7883.14136324354,7270.46479665036,7091
0.2745,3.35217227327215,0.0260522254429058,0.0224367603264354,4821.42432679189,4466.51743620233,7092
0.4205,5.05658566282803,0.037320566616364,0.0333436130886463,5105.90096576171,4590.7317571269,7093
0.429,4.67908926094183,0.0189933214071448,0.0163104438069908,9091.10610482032,8374.76136947477,7094
0.458,8.66296630501691,0.0422521749697996,0.0404227627392622,7858.68413405825,6586.6223159679,7095
0.471,8.70478714461541,0.0212596858352562,0.0141261325229313,15493.6119052162,18312.1206127312,7096
0.3235,4.34554254855678,0.0652469878137305,0.0545976067891168,2454.89164151272,2372.81540620614,7097
0.284,3.78514443886399,0.0143185195107108,0.0123994278133281,9275.05764718436,8424.49350235141,7098
0.411,6.36093934858436,0.0820497675897681,0.0502518245865921,2588.54199209019,3889.22967477673,7099
0.434,3.34743480499277,0.0136079585508393,0.0104546478403683,8893.39414566401,9047.11963161648,7100
0.39,4.24893683349587,0.0141764375017778,0.011542477630009,10620.4731058538,10187.5034596371,7101
0.3775,3.52497198376662,0.080331902593484,0.0615619794879137,1557.34771565896,1729.47799238441,7102
0.444,7.51514550459513,0.0839388927848766,0.0528999421118578,3157.32451030644,4376.77985605708,7103
0.3215,3.948320259933,0.0243434400890995,0.00679804378668434,5677.82664847472,14703.8304601557,7104
0.452,6.19339621304485,0.0160424709356696,0.0135407178644114,14256.7288980492,13340.7664871832,7105
0.4105,5.84226682888309,0.0796498349524658,0.0573761483208757,2517.7017277753,3135.79038036622,7106
0.382,4.51537855114396,0.0356262896352637,0.0149071060450894,4550.59475351448,8663.13798592795,7107
0.461,9.67940444925111,0.0134782306542034,0.0106478228199064,26602.235146211,26449.1428338113,7108
0.3375,6.14233920599108,0.036753594309049,0.0277093431345302,6181.83030831726,6607.37971627588,7109
0.392,3.35906034027825,0.0138341882334385,0.0129914128668949,8573.59282041912,7220.98319030659,7110
0.425,7.0671816039169,0.0378453415720169,0.0329647220508219,7087.02496976541,6591.59027968141,7111
0.3835,5.00719658787321,0.0523912908146049,0.0348028016076816,3478.28629081798,4300.44246889395,7112
0.418,4.74150006255498,0.0118242119230598,0.00996774896448365,14379.6564793888,13400.2728451525,7113
0.456,7.87080014485246,0.1244450874686,0.060041605108677,1357.42853087446,4104.07549443588,7114
0.4075,3.396472199905,0.041294373940246,0.0373346987852417,3067.17950643977,2731.71481677706,7115
0.4455,5.27637671259929,0.112089935088403,0.0948364243774134,1699.23299004816,1710.4966820211,7116
0.3675,4.03248665578031,0.0966592844248612,0.0557871980297765,1206.26897075874,2195.20223038164,7117
0.4605,8.39706098232293,0.0561806131023086,0.0389711206993627,5543.37733050793,6590.50618434394,7118
0.364,3.23716985813509,0.0501361064206975,0.0382940129879662,2381.0617107664,2519.8214142687,7119
0.421,3.71758666164827,0.00928374004272974,0.00819379393943081,13976.6901935401,12418.037949877,7120
0.361,3.87155400610987,0.040295871045009,0.0365230571600451,3606.24948110319,3219.5463852588,7121
0.384,2.5013056637753,0.00645686876397861,0.00478975305244615,12412.502862253,12516.2899375641,7122
0.348,4.79088731541503,0.0193100719650124,0.01846188624433,9136.83911345502,7670.42301999898,7123
0.4525,6.68697889384426,0.07352967972336,0.064568521416349,3448.97962482461,3219.63148891785,7124
0.431,4.6660342452656,0.00897857990695594,0.00720694364113687,18111.1478559291,17468.3877511658,7125
0.215,4.36956982147263,0.029529531791044,0.0258735858862345,5295.13872958422,4781.45942466465,7126
0.364,2.52068779627764,0.0183499662605898,0.0146489322593985,4917.93739938386,4843.79650300789,7127
0.2485,3.72691599459646,0.0447230181958418,0.0305964974290763,3019.75217749882,3571.43279444752,7128
0.423,5.23120935568702,0.0235775222876791,0.021667005540674,8326.73742144683,7223.40394844758,7129
0.396,4.58223935707194,0.0153115765574124,0.0138730285154767,10848.4212190442,9489.37238552696,7130
0.3455,3.96836397724531,0.0348918875886525,0.0268500458182918,4205.79791388471,4366.27641788678,7131
0.2975,2.34964930995221,0.0176542463798264,0.0141867822979545,4680.23034686166,4569.59208903887,7132
0.287,3.26175973379781,0.0417076115509212,0.0389989939168477,2875.59319174778,2451.80255615482,7133
0.448,7.56768613508718,0.0139125595741896,0.0106835498409687,20040.0886201375,20411.3360352898,7134
0.266,3.19426135230775,0.0549920155830081,0.0484018376550014,2114.79386494648,1962.74675356829,7135
0.272,4.77343694223765,0.0290319839328757,0.0269144425104565,6104.17125846618,5276.74618056909,7136
0.119,2.62096787639674,0.12678737388314,0.117653343858771,741.177267058777,655.870916893008,7137
0.245,4.34868148940738,0.0703964867367737,0.060525460201242,2269.74858256291,2177.48296808686,7138
0.312,4.78872868063682,0.0818727616981141,0.0505163074868806,1935.04428156815,2820.93117782117,7139
0.179,3.5636482405654,0.070194579891631,0.0633324731981505,1903.13893442982,1694.55358910057,7140
0.4435,7.00721586607899,0.048218565325291,0.0439216239405642,5586.16431933602,4942.31597753956,7141
0.43,6.92262089053541,0.0371484654091321,0.0320622487322608,7063.95828174984,6613.68581529812,7142
0.291,1.78112758377151,0.0137145844995802,0.00944716727105218,4491.50115892681,4924.35987350668,7143
0.4475,4.77655345286527,0.0106232054490723,0.00701885778270716,15850.8559399571,18248.2010249121,7144
0.328,3.73512083414022,0.102717627614195,0.0830873020294431,1292.6635992941,1369.69402614738,7145
0.218,5.07490983799166,0.0372996848765958,0.0351630129645683,4891.46787220271,4116.91914321076,7146
0.333,3.28190246775845,0.0225118872478151,0.0105465236872439,5276.15376131644,8529.97176478686,7147
0.4605,10.7773861000947,0.0269435574478621,0.0169630120606974,15036.9886617877,18892.9027596361,7148
0.365,2.81568076609653,0.0253882137541854,0.0153914151379693,4024.88244513561,5162.34897036143,7149
0.422,5.01626490348011,0.0318593567832615,0.0290442748319544,5994.4776357991,5254.67528105635,7150
0.4385,5.39578863497828,0.0231091687384496,0.00668467975514526,8352.26805564006,21482.0583228824,7151
0.437,7.12486164444599,0.0297417539849762,0.0268250750862977,9138.58395638941,8097.64348400782,7152
0.325,4.09243539532497,0.0271373118345695,0.020097387682618,5517.22029884641,5956.11534278328,7153
0.326,3.04112860371061,0.00918404326047626,0.00773984460135863,11069.3708108821,10157.1264530775,7154
0.374,4.98101386355837,0.0516326637093527,0.0453985784575378,3607.00056543413,3310.0780921996,7155
0.455,7.51488064573575,0.0306959345063319,0.0087435152525447,8722.0670732259,24101.2641893525,7156
0.2115,2.68611817003934,0.018594151337002,0.0160341452934732,4962.73980277412,4519.45184938768,7157
0.401,5.66935740958962,0.0326338902689591,0.0282330840424534,6496.18446994375,6048.66890764096,7158
0.455,6.45148307537814,0.0292422375744084,0.0269168403190379,8388.63153265645,7289.89100119934,7159
0.3595,5.66971709052473,0.0423329330147186,0.0393274421071654,5064.93409305708,4394.67474259476,7160
0.3745,5.85220661475814,0.0290795874683431,0.0267643777693318,7582.2109168174,6613.90426608343,7161
0.3735,3.04380170536401,0.0282439018117067,0.0102207960144013,3850.36096195039,8249.33595928856,7162
0.3015,3.66159864385523,0.050609207160563,0.0278048192587735,2560.57295995592,3886.75205839641,7163
0.396,4.31924908947903,0.0113978989232775,0.0103283385524538,13220.7900771392,11520.1732055365,7164
0.377,5.17165811750618,0.0114903592557562,0.00998851442631074,15777.7623746284,14268.6014515826,7165
0.2915,4.03680345252304,0.0416076790904307,0.0362240485109588,3577.92062281563,3300.94319269068,7166
0.4435,10.1537096137821,0.0655879117321151,0.0542068809683385,5783.41449147665,5764.94845677312,7167
0.458,5.95346752870243,0.0132276102933713,0.009369039247833,16408.1694988066,17943.0400162178,7168
0.217,3.95761559610588,0.107311128706113,0.0886097605758973,1235.95079579901,1304.28831288301,7169
0.465,6.151137088337,0.0310915716748069,0.00887045972625892,7118.38644924604,19553.618983494,7170
0.47,8.15139147582277,0.015086965650583,0.0110005467155403,20073.6500048966,21516.3126904171,7171
0.3625,6.16260851284987,0.0314657228621046,0.0273408785624767,7305.86351164085,6702.75255646277,7172
0.3,4.68484523474522,0.0349713773405439,0.0314208151561278,4943.72694473349,4404.55254665452,7173
0.18,3.41129722195251,0.0624179662461298,0.055299782957795,2003.73111034143,1834.21515527322,7174
0.446,10.0165727636921,0.0249362063411549,0.0238504230504524,15189.8441866247,12646.6355439097,7175
0.4585,11.3816255139051,0.0702635647014877,0.0566260538661752,6060.13033114265,6114.70439399189,7176
0.224,4.22527607451955,0.0404828748337635,0.0373905647338529,3858.33582458869,3344.82807786829,7177
0.4525,6.72674719721781,0.0396820099724369,0.025049988083967,6328.7478294301,8100.20484215828,7178
0.396,4.50508743319278,0.0211782596616389,0.0181318794350985,7861.971884925,7297.5604907171,7179
0.305,4.86152120812271,0.0203997230315341,0.018025169983995,8519.18523778641,7639.95336304448,7180
0.1645,3.74843477237164,0.107901112984976,0.0940517372862968,1178.39963562173,1104.74688074981,7181
0.273,2.96977340241857,0.0455180335265604,0.0344878606114472,2377.27708102202,2536.26534011024,7182
0.4005,5.75964301773036,0.0559949453567395,0.0449713831451534,3866.20611365652,3971.50369226636,7183
0.1685,3.29777962344033,0.0948193490234363,0.0897491464549451,1253.79631911751,1072.94121911639,7184
0.4115,6.17084431325887,0.0426845981950718,0.033826508103655,5460.33431471754,5569.20693697791,7185
0.4245,5.5773967048211,0.00847981846279909,0.00692082981980534,22743.071084081,21558.5756120959,7186
0.399,4.04953246591414,0.0126445298346814,0.00992329583495922,11515.1228177622,11364.8500157784,7187
0.269,5.08367038215431,0.0128868888945443,0.00988534926020627,13457.8735960071,13417.8698508978,7188
0.4175,6.05005473021143,0.0109765703234543,0.00934770525710317,19550.6625158854,17916.703847245,7189
0.277,3.80311088631596,0.0746119270644561,0.0667831517505424,1853.66172503075,1686.4668945359,7190
0.356,4.89940442122586,0.059278850123878,0.0487750319659082,3020.38535108174,3024.75063791339,7191
0.1365,3.71287023253226,0.0673985813248339,0.0629689270751924,1977.08432154747,1698.90829671815,7192
0.432,4.92430284794195,0.0129765178622045,0.0109999416885272,13823.7212110463,12829.4328640425,7193
0.196,3.21348854417123,0.0553165004005209,0.0503722789413529,2118.31670864961,1881.84175128783,7194
0.4505,6.10030365751687,0.0150110091100222,0.0124206827815966,14949.4918257077,14238.1700294438,7195
0.4075,4.95246469709664,0.0118696882992973,0.0105848114758542,14870.8150660154,13162.839072259,7196
0.388,4.03472341772459,0.00600800027816762,0.00503133671318362,21624.4753755661,19857.2208378457,7197
0.4525,6.85225048977936,0.0569176234022439,0.0457734151608026,4522.44822957854,4635.26153651665,7198
0.3175,4.27421453361034,0.0259297737764941,0.0209513074598355,5976.1999398668,5843.67131934437,7199
0.2515,3.87593718738232,0.0396418669543988,0.0366417905505126,3575.16327219845,3089.11803642687,7200
0.324,2.15456719168162,0.007721169072904,0.00664449132796571,8887.44278334636,8002.61299110007,7201
0.3135,2.35352349757914,0.013373169589135,0.01040098809133,5978.12796012619,5951.14545862727,7202
0.344,3.24076176173095,0.0186137346398958,0.0114547978798067,6280.49560826648,7872.60433348775,7203
0.3715,5.85364766051785,0.0189058479983607,0.0172433697482305,11502.3238873872,9988.75113567744,7204
0.4785,13.9565666563145,0.0431726440102859,0.0409572474384103,12539.8066010161,10538.4799503952,7205
0.4405,5.55296643023263,0.0205968197294507,0.0193732041678971,9927.53315709326,8389.66311680627,7206
0.4535,7.90081763558179,0.0105142642800594,0.00765758054031548,27105.6376244229,28766.4482646706,7207
0.45,5.76039513197551,0.0108612815177709,0.00884410650844627,19159.2611719367,18410.7574171347,7208
0.287,7.02901695816855,0.034777240946054,0.0337593182691601,7513.00938000339,6150.9778285443,7209
0.2245,5.11348047327262,0.0182733235320476,0.015536879319418,9939.64446833577,9151.21174282678,7210
0.467,6.1347184318359,0.0207010916779631,0.0181101913918721,11112.8806824801,10093.784891843,7211
0.309,4.43014390347543,0.0923594381190438,0.0514441237498699,1503.30404857854,2597.42573703665,7212
0.278,4.5904062347817,0.0344043412072507,0.0271609007658474,4863.6569491755,4931.0927882418,7213
0.252,3.35108287743319,0.0583744082243873,0.0452704817241129,2120.05193896417,2213.41482198265,7214
0.282,2.45220667925366,0.013245982271459,0.0120576977254651,6316.63836613082,5467.0143750456,7215
0.459,7.34737057138322,0.0354335334201487,0.0111049255435473,7374.58645515248,19224.3845351031,7216
0.2525,4.59379615817236,0.0137215703107067,0.0113803399883154,11293.4984156661,10666.2337221868,7217
0.444,6.34456863823766,0.0574998843992165,0.0418095003588796,4096.75936959697,4631.21719884327,7218
0.46,5.23652518983075,0.08709453898309,0.0630720918431949,2183.02381563535,2551.8541976423,7219
0.357,5.3880618917412,0.0395041121377903,0.0370604144455017,5094.32580244002,4331.97924021636,7220
0.34,4.61590889587298,0.0682028577762926,0.0543987213267272,2445.98525869313,2562.63429191259,7221
0.3175,5.62055790695681,0.0192728114393746,0.0183828392096443,10597.6203823682,8851.72450498814,7222
0.191,2.04084539034714,0.105102255734612,0.0830386449473707,692.66253000312,732.953928694653,7223
0.4675,4.39296999754411,0.00776710203803777,0.00631345690086017,19525.5402578344,18622.6926515339,7224
0.453,10.2341063010591,0.0300482373624835,0.0281314861255837,13030.2741561806,11080.1344605019,7225
0.443,3.75147463734484,0.00753053068286166,0.00635722727104301,16931.7482989859,15612.4054876273,7226
0.377,4.7303100679238,0.00734631771532989,0.00585398594831748,21432.6676539692,20569.9568227004,7227
0.1645,5.28570116752654,0.0435261429346853,0.0373957670655867,4362.99058875796,4068.33776128808,7228
0.392,5.50977633307701,0.0227230000853901,0.0214435151064262,9043.16928114149,7642.62627298625,7229
0.239,4.06439184843536,0.0217565576843914,0.0189220520177414,6702.7080715941,6100.84014737787,7230
0.4055,5.84563780680528,0.0339964856571215,0.0282960813662357,6433.75862672223,6120.9038595815,7231
0.4555,6.52797369270922,0.0305668530610393,0.0221619537656208,8070.06605805427,8863.75551991765,7232
0.2115,4.18837598816954,0.0754799812948431,0.0622491360733162,1955.67032467956,1938.90207214611,7233
0.396,3.83874173998736,0.0189063289595285,0.00675393351908439,7299.80544033937,15077.8805424893,7234
0.4175,7.06571499342419,0.0329099944610768,0.0291929889644314,8135.41714479757,7337.67465333863,7235
0.2175,4.08940592428113,0.0363656411313842,0.0338502745244388,4110.72307977308,3539.83729929511,7236
0.369,2.99032242271138,0.0156052967138528,0.0131646748282924,6845.50993816621,6386.62565049964,7237
0.14,2.45978792138113,0.0876591007653364,0.0751602361550617,987.818011365214,923.066814827655,7238
0.455,10.4517414924155,0.132701546161669,0.0660893416036286,2109.13095806318,4903.68874412403,7239
0.2165,3.93408572671719,0.0556359482075759,0.0373318112171116,2485.34219882617,3157.6335173955,7240
0.435,4.76379026911699,0.0195714445979625,0.0130972762089856,8956.83270154966,10468.3478282104,7241
0.4245,6.7159769969211,0.0312429233410362,0.0298169370712197,8057.38249605373,6722.38243078191,7242
0.4595,10.7641219546651,0.0435030299818407,0.0330890039408269,9402.47368756312,9933.81556641612,7243
0.289,2.12497204931952,0.0193494442122319,0.0149251797140129,3862.17795685886,3921.91203354039,7244
0.2805,3.26810500166659,0.0673580346029872,0.0614619594442708,1770.94602792719,1566.78261812222,7245
0.374,3.17906211665767,0.0168834453757175,0.014736069337711,6730.70485066326,6086.70022259879,7246
0.2665,5.77253662258629,0.0353494936517218,0.0337651351518478,6101.49641016617,5136.58452758208,7247
0.2275,3.96961661642285,0.0587549898497952,0.0376889819185301,2383.0013978912,3108.33728927359,7248
0.269,1.86150006672426,0.0149255612294636,0.0117170109996002,4254.04473441898,4166.50777946351,7249
0.377,4.36353927710113,0.0330357162394589,0.0272647685562356,4929.95714858413,4796.29327119497,7250
0.454,9.50548602235649,0.0269528083009238,0.0245342489435122,13496.7440790924,11826.2144562307,7251
0.3755,3.14587456929869,0.0109196577244045,0.00884647558512192,10074.0301756365,9655.02538324442,7252
0.307,3.52656460330254,0.0596796570259054,0.0482661935530185,2145.12016069679,2197.62276744024,7253
0.2875,4.97964696857151,0.055809197183389,0.0506893183911991,3305.84714813257,2952.06524515777,7254
0.2635,2.01284368725067,0.10842422604711,0.0639962715494879,629.236417482444,935.517739782811,7255
0.367,2.39541983431933,0.00913987088649348,0.00843803642199002,8878.23562072616,7595.62819095225,7256
0.451,4.53021978134661,0.010403187263993,0.00907188226388566,15493.8970949098,14000.3689496628,7257
0.3935,5.23002964147826,0.0626363364629041,0.047582236860855,3072.70780425023,3384.48682277238,7258
0.3995,6.18105425876073,0.0411224461713792,0.0373689659855984,5658.98128202535,5009.76636692136,7259
0.319,3.690060163691,0.0120014550158195,0.010272484451891,10674.3198700325,9775.70725641033,7260
0.375,2.28866868065423,0.0260956441954932,0.0167584466424051,3192.25174862118,3919.70514672966,7261
0.4385,6.59707429956433,0.0180002645175206,0.0116712499484793,13523.4302335278,16259.7104058193,7262
0.454,5.60806733712619,0.0214501565332008,0.0105528482543283,9685.22422685709,15217.3596511094,7263
0.2705,1.81975386622907,0.0345456104022566,0.0128903935110038,1883.18549412385,3704.46760670154,7264
0.454,12.2695122263873,0.0465010196676309,0.0334818045486109,9918.17214820416,11324.1177959373,7265
0.4465,7.79866759672903,0.0141951974036541,0.0100697695055901,20072.6852393997,21974.5589194735,7266
0.228,3.55061859055032,0.0230757887343834,0.019563031674836,5393.99825428184,5034.11166783184,7267
0.4535,5.89239636060753,0.0149871003353815,0.0128140717518898,14472.9122357657,13372.1250527635,7268
0.207,1.67736362106163,0.0484748198400287,0.0431986804292952,1242.64574694262,1113.67370695859,7269
0.2505,3.33056720481111,0.0381268202171292,0.0355252301868381,3155.82069087595,2696.68945528832,7270
0.4065,6.94155676982467,0.0364563949475769,0.0326687260854891,7223.97372174236,6459.8097070449,7271
0.4435,8.99062823266975,0.0463959174977398,0.0415872625789215,7344.18465532715,6520.44045234656,7272
0.224,4.44475214477625,0.0662922672722085,0.0563149153247886,2431.53431832116,2294.22888912277,7273
0.157,2.56034390085918,0.0818805667028326,0.0755115901000985,1153.45148066507,1012.21260431344,7274
0.39,4.35561319457682,0.0130477226538412,0.0103746654052155,11915.3595388049,11626.7199259497,7275
0.4435,5.214113815289,0.0149099060149776,0.00649961323542507,12800.7066006464,21472.3475680373,7276
0.3865,4.46057269957185,0.0171893416032161,0.00725203603072649,9314.50107558181,16295.518832541,7277
0.4505,12.0922645459164,0.0254180788689644,0.0175650907673687,17955.8975268208,20477.2008666086,7278
0.309,5.49570606254195,0.0914535453794954,0.0773969775448851,2150.11392195755,2156.05997523843,7279
0.3985,3.33971797559457,0.022202641237849,0.00886198464676493,5389.38674133335,10257.3666321685,7280
0.43,7.60469404981065,0.0458698941716363,0.0380315870796665,6254.72533164629,6156.45575777353,7281
0.291,4.28406964996968,0.0347824337702008,0.0268854067159805,4483.94937038713,4626.55158866351,7282
0.4205,4.95081796820711,0.01757796770399,0.00835961601118074,10253.8712304278,16436.7748745083,7283
0.259,3.2089957200074,0.0555661351848244,0.0482911060467911,2081.05522374711,1925.56252261527,7284
0.264,1.66206340881654,0.0139860788040802,0.0131550172168275,3952.82971769699,3321.80120014355,7285
0.409,2.84235827135414,0.0114332022069522,0.0101408474075398,8712.82373472491,7740.37549964731,7286
0.4255,6.98842507494905,0.035554498482732,0.0298351557120475,7475.75739145819,7164.11844183145,7287
0.47,8.63436592643175,0.0127027011273641,0.00926289716664635,24921.4627686938,26603.4086978237,7288
0.188,3.80400292105726,0.0479474369998953,0.0459328943104324,2857.07195101306,2391.19561433104,7289
0.1245,2.69172531081741,0.120084601447095,0.11243579649815,806.82785237514,690.901104508833,7290
0.312,5.26783034926197,0.0314726598568318,0.0295493800368498,6233.71711944675,5292.88157487467,7291
0.4595,8.69463815094913,0.0326371811299249,0.0286447343604857,10096.7003968297,9153.86466928706,7292
0.387,3.81625056268951,0.0128493878290703,0.00714071418338462,10589.142779272,14179.6435908794,7293
0.396,5.45082026792065,0.00908634149039685,0.00783204881984311,20956.5687889536,19035.6240386454,7294
0.355,6.7074509134323,0.034439376808918,0.0318759641024335,7395.61739495362,6414.01940003475,7295
0.3115,2.39645784731311,0.0327408474027907,0.0195650755886744,2623.75458319634,3462.43393026071,7296
0.3155,4.27689955006126,0.0571043262553641,0.0369018469421083,2613.41793333775,3419.38816643812,7297
0.2845,2.8329150211386,0.0175999838596833,0.0143123433223379,5707.66502463054,5462.76976705537,7298
0.449,8.67316152545264,0.0390613249854027,0.0314025613902082,8459.96640847812,8448.03388136764,7299
0.408,6.18012347073111,0.0658865466216681,0.0619441559603355,3534.39252751252,3029.73010896215,7300
0.422,5.75445631073336,0.0240746028089093,0.0168763472098683,8884.03966049545,10002.0008510433,7301
0.171,3.66065117297477,0.0918621337069959,0.0879188391576611,1449.38523858658,1215.19716849314,7302
0.3275,4.03735219870057,0.0664052538188205,0.0551473148649504,2222.5423654676,2227.68089109647,7303
0.2935,4.11738227486346,0.0719459344045239,0.0464204888761853,1951.42184956386,2701.62389500294,7304
0.4135,5.0056457315399,0.0558552969873661,0.0490243927959537,3352.40994190814,3095.29706933101,7305
0.2635,4.00682999653428,0.0502117694542977,0.0432889894775533,2936.18039850886,2783.79872672798,7306
0.456,5.3295030958164,0.00847077068349658,0.0074157285340275,21776.2183628523,19496.669426723,7307
0.43,8.42712655089718,0.129066832201587,0.069899089808077,1324.44503917069,3759.8474764016,7308
0.303,5.54078402080793,0.0460750308891335,0.0417059967834263,4548.43287903437,4026.92832752381,7309
0.257,1.93933355923076,0.013731447980028,0.0102939948037523,4698.43313429578,4761.86264688721,7310
0.326,4.55626425734544,0.0203006923286131,0.0130287641198702,7971.54890224212,9649.95180464818,7311
0.424,5.09515858490521,0.0125631381116638,0.0115107443059037,14621.9347025308,12684.1684163885,7312
0.348,5.31432136892393,0.0541893647480656,0.0387947242409685,3607.86566793692,4160.46202013138,7313
0.4125,5.6694724291664,0.0515665782439534,0.0399748790138951,4094.15193360295,4355.31103456937,7314
0.4285,5.21058134193797,0.0281006178380806,0.0184754300851858,6927.52220317557,8416.06606915234,7315
0.467,13.2501431627671,0.0432213779890436,0.0293858301520294,11557.6535071728,13712.4174983226,7316
0.2965,1.86118824138903,0.0127703461386497,0.010292598223106,5034.44112792722,4861.03869081738,7317
0.257,4.17409384090687,0.0758955776420664,0.0585613461335492,1891.80152793317,2090.04288049943,7318
0.166,3.64553803515859,0.069753868696317,0.0664475376946221,1994.51499672981,1668.37805699555,7319
0.4685,7.0454039673445,0.0257234670235321,0.0191842795394025,10351.1598216289,11033.8414233445,7320
0.453,9.99848251783461,0.0203282336694962,0.0139290547630824,18475.2611038044,21210.5172191222,7321
0.2115,3.62913190297229,0.0457814237931621,0.0418501541532502,2840.24829234934,2498.44490567448,7322
0.4275,4.20773525849806,0.0105687152539249,0.00814595048466437,14130.4863205989,14214.8703485464,7323
0.4,3.20005421541867,0.0411664811192436,0.0179627539947149,2781.36644619311,5212.66468694087,7324
0.2845,4.92983515324986,0.0333445574583621,0.0303416844808491,5551.1828269117,4919.32106187624,7325
0.455,8.05993895525503,0.0338917418727906,0.0260456138373146,9022.67817331971,9440.46382733023,7326
0.3265,2.9691740877671,0.0745202563473758,0.063306595345543,1460.63116867974,1401.24433512762,7327
0.3075,4.27409720204849,0.0297346068193667,0.0151749451590655,5163.64286838926,7959.50645856718,7328
0.385,3.21201250020555,0.0229145067319831,0.0213011577909087,5169.56313319106,4427.56092887695,7329
0.4515,6.27046136419876,0.0230992526436597,0.0200392460766836,10163.4507794518,9310.26342719176,7330
0.3095,2.15643409683308,0.0175566607465948,0.0136452305481234,4330.77296578186,4341.88422734816,7331
0.459,10.9297948503167,0.0280743359481523,0.0197713850583634,14755.2288136233,16577.9990809323,7332
0.454,8.64230440542643,0.071625879446662,0.0545658918894597,4400.54660548184,4935.07019766473,7333
0.355,4.51513611587707,0.0505615552158754,0.0420681939959157,3344.66330421641,3253.47707601055,7334
0.3285,3.99404056122154,0.0503743134536496,0.0418769784939454,2922.80697051607,2869.42533532472,7335
0.377,4.43767732108984,0.0177150356322175,0.013573000109652,9160.87392245948,9442.72541653419,7336
0.4145,3.49149599158351,0.0124034855683366,0.0071564163879091,10020.3685077057,13025.7589108329,7337
0.375,2.87137303301636,0.0328836299644664,0.0106719094885715,3122.78649381001,7416.28608026082,7338
0.453,8.92951966911399,0.0409909660737864,0.0361028672032468,8327.27419789136,7592.17328503947,7339
0.457,9.01198870649276,0.0625216400104644,0.0409055193146535,5280.88828989255,6773.40852718671,7340
0.441,5.16819546133043,0.024762962407423,0.0112329227184799,7686.91992990716,13105.0412040386,7341
0.416,5.90672488118084,0.0947367813804381,0.0588669710937921,2118.53936207483,3073.34390340749,7342
0.4395,8.58752325953447,0.0438688301824,0.0439723451293744,7408.98833406781,5886.1570303989,7343
0.198,3.0664189670767,0.0868359534328379,0.0778367351273974,1250.5065735022,1136.42771481058,7344
0.237,2.88051760348673,0.0291708042045745,0.0230186972558704,3550.27762597856,3555.35012771842,7345
0.448,4.18908043279202,0.00823365117974603,0.00570523297061328,17616.9439167122,19171.1710739254,7346
0.213,4.262532379608,0.0503264053206648,0.0454264202825603,3085.18097317027,2744.04949632096,7347
0.3075,2.4157556291713,0.0482898364080203,0.0443110849806987,1864.51241461345,1620.29786152116,7348
0.419,3.84812569005406,0.015349800024996,0.0131149913222117,9090.58504301674,8344.49625134057,7349
0.365,5.43868406653747,0.0559679342771074,0.0465032151156422,3596.96919833477,3548.59443446015,7350
0.299,3.07762710613622,0.0978328077934745,0.078728107774011,1111.84234574427,1172.74022383536,7351
0.246,3.93098795863858,0.010947398916984,0.00893284588328409,11840.4405499298,11196.2546798404,7352
0.459,7.57914137291571,0.0501266652654426,0.0383274019674358,5710.86255606923,6050.75195455881,7353
0.2195,1.53163014163418,0.0220003040590051,0.01946007281622,2454.74815932143,2182.07088506965,7354
0.2435,4.19023759498814,0.0219430117569723,0.0207352923179377,6900.88874056235,5794.62663579568,7355
0.3875,5.08699724405749,0.0569909626421562,0.040728572292353,3286.14416422743,3878.00028612935,7356
0.393,4.4204632742178,0.0113810175267104,0.00702079312952342,13842.4862370763,16787.6874736574,7357
0.3005,4.17029346175309,0.0651821853003701,0.0621351244582433,2386.9422723568,2014.0662379471,7358
0.4105,4.2645673455906,0.0148314538519633,0.0108721848620651,10372.6691658971,11056.9170312488,7359
0.3,2.38164488610133,0.074426279314866,0.0646870854738852,1174.26509126875,1091.60062753652,7360
0.3985,2.87540762967446,0.01257150712956,0.0085092876407781,8119.86663756585,9124.67923862149,7361
0.432,5.98161067972345,0.0193825237770454,0.0181006448116237,11465.0960918828,9765.78404269429,7362
0.4615,7.24421508929144,0.0120740752675437,0.00803390289672947,21938.7236853385,25288.17418242,7363
0.268,5.59218835940669,0.0578432369575949,0.0543834733649,3637.45122825287,3118.66970226033,7364
0.4435,5.02154499504044,0.0152895307824949,0.0134808198621549,11938.7030527031,10763.4854866441,7365
0.411,3.36103433444404,0.0120645911252839,0.00816531861571254,9966.69292251249,11217.7262443622,7366
0.281,2.90314156021393,0.0611268850144085,0.051691582185241,1743.32102857013,1654.97577119055,7367
0.457,11.4987214909273,0.13820303262982,0.0823652867323297,2019.87669135506,4317.55878114123,7368
0.3195,4.72882856836889,0.00871465499874032,0.00680479725473635,18035.0599379354,17615.6904278994,7369
0.375,3.51351153353123,0.0314204727519817,0.0285885385240687,4154.48185538008,3641.58306127396,7370
0.461,9.89182189572736,0.055494848730829,0.0457671497986909,6671.58191534643,6530.81744426591,7371
0.1805,3.21880063202735,0.062854752396709,0.0429063951779179,1853.36091256615,2251.2022742624,7372
0.432,6.52566252944028,0.0309468719373131,0.026174244654652,8010.91487203475,7519.06060421127,7373
0.4925,10.0862944077293,0.0197007938569897,0.0169071511820552,19378.5021450205,17939.3871883605,7374
0.271,4.4754846864066,0.0482270339959888,0.044009102950494,3456.55533633493,3026.45165838994,7375
0.1245,2.60799899918952,0.0277591328837962,0.0249007928621225,3070.19824295568,2676.36283887483,7376
0.193,3.17116966915235,0.0173011333340104,0.0145838130752403,6022.5977745676,5541.98499925236,7377
0.108,2.8095014915588,0.145126176964627,0.11383688487258,630.405048692532,701.018828718036,7378
0.3245,4.00518436718437,0.0354141508093128,0.0261175102824047,4167.83444443655,4524.15765121917,7379
0.3935,2.92402969171944,0.0154192512807292,0.0128043732178925,6821.70294170585,6467.63065258972,7380
0.1715,2.13737421544396,0.0392255710197285,0.0340285787227527,1915.54530892022,1750.24023345571,7381
0.235,4.37368381560395,0.0564685147352883,0.0455680637644213,2774.68395743649,2775.07896989407,7382
0.339,3.05133530618337,0.0306886134897154,0.0256044834180822,3659.32275993672,3489.38994085886,7383
0.4295,7.45390158518217,0.0439762010537502,0.0387258487511712,6405.69421732531,5882.83202569383,7384
0.2465,1.65920036498484,0.0192670242394037,0.0134477997969678,3004.24586243051,3308.69406772018,7385
0.3585,4.03790054885673,0.0223453878850366,0.0189770180298918,6630.73561188906,6195.08059766544,7386
0.356,5.72271041344854,0.0716972065399118,0.0592543740960488,2962.74777932677,2927.85988689875,7387
0.469,9.165707368494,0.0449238223541909,0.0387770304282154,7758.64256300304,7305.99196988752,7388
0.379,2.98105862340294,0.0189198571218152,0.015334141010785,5725.70354125697,5553.66665009313,7389
0.2945,6.05785920680427,0.0278583719067015,0.0201350431219247,7968.05139706548,8725.30181822778,7390
0.255,5.10095281171187,0.0213254908128952,0.0195151077139404,8563.73653298497,7412.41999948668,7391
0.441,7.25657628702394,0.0653876057219598,0.0609509470885006,4236.27658382368,3676.4445360962,7392
0.448,8.9862311864645,0.058022589834971,0.047105939550703,5726.12371971278,5871.94440546243,7393
0.444,3.7120621879972,0.00697374010786202,0.00547935091876958,18039.4333432971,17564.4961952997,7394
0.176,3.2139903773179,0.02899012911809,0.0263745985615492,3912.86788232905,3423.76963518228,7395
0.242,2.84284431598873,0.100813538432966,0.0917810454758111,1023.46678381915,922.86515001954,7396
0.407,4.44094105282753,0.0520567023931128,0.0368539323575076,3127.08074787833,3656.16050044666,7397
0.4225,3.15864790510019,0.0113781908811905,0.00670938982420644,9766.48989411604,12369.800925195,7398
0.3405,3.0546604808975,0.0264809826126317,0.012081507587493,4145.92624341547,7038.91152396825,7399
0.4175,6.72572755651442,0.0520132053665584,0.0398558448904708,4870.80410580162,5201.59519221969,7400
0.1875,2.57661971761006,0.0905434883141079,0.0722106331069916,1011.21711129353,1033.69129622196,7401
0.325,4.36067193997475,0.0401007448209883,0.0354138505456738,4067.31460197816,3706.70464210243,7402
0.2645,3.22873972847378,0.0539224922013129,0.049960180837795,2190.23074255632,1904.0597062558,7403
0.464,8.108979371454,0.0746662782067643,0.0545034007785498,4023.00971049929,4555.00491652193,7404
0.4175,5.61981511023718,0.0302972719546044,0.0275264434538017,6979.39787453828,6129.53394530437,7405
0.3625,3.95285048098868,0.0254776074215926,0.00808042531225813,5530.78503158518,13020.4001597347,7406
0.231,3.31395267357759,0.105846700100463,0.0927244138982786,1100.27293956952,1069.77537115486,7407
0.345,4.55642744486724,0.0109506309658112,0.00879678171144916,14613.2360882689,14204.1247746456,7408
0.438,7.7672352397092,0.0171833198801386,0.0150416098140563,16704.0031610128,15140.8721922358,7409
0.4345,5.5130442139996,0.0296130331891134,0.0226403567503707,6950.55576865229,7256.04937696738,7410
0.3195,4.03846191255448,0.00807098867078814,0.00698594696598367,16444.3833406124,14743.4803721803,7411
0.342,4.68720984758834,0.0378317141462344,0.0345831498544394,4641.69508011945,4070.45771337183,7412
0.2795,4.05964828478075,0.0345088670166089,0.0332899071104405,4354.52910502704,3621.99992651477,7413
0.147,3.64812497746358,0.0642390518652881,0.0614557230104752,2006.91779240135,1683.8515753383,7414
0.293,4.70414555413589,0.0366896573571816,0.024423358828873,4690.67264380231,5631.04920958652,7415
0.354,4.76381936056676,0.0343467175513323,0.025789116953356,5155.98893710631,5542.35368621117,7416
0.289,4.47707478759522,0.0195811228884261,0.0139520722939626,8183.6433517614,8948.30521207671,7417
0.4215,4.50702457500801,0.0283884969481868,0.0237590536565496,5929.23747484408,5639.31738100893,7418
0.322,3.62237543373734,0.112500117672232,0.0834378638244419,1057.59800711129,1308.00170063866,7419
0.254,5.9315036901981,0.0407905891814898,0.0278561935677849,5250.90978632345,6159.26604179942,7420
0.4085,3.2306037335998,0.0955121376125579,0.0777430967000505,1220.75845184611,1257.51282430274,7421
0.439,4.97582960191262,0.0202528701500688,0.00788566071406623,8927.90352664196,17341.22471806,7422
0.198,3.53858099385239,0.106945915864717,0.100885047817222,1192.30335291087,1030.85283416593,7423
0.429,6.84537177247231,0.0119850669942632,0.00869935792171185,20542.6549493937,21939.0756036566,7424
0.468,9.46099646930069,0.0429935739166442,0.0362517601475435,8358.97455829275,8006.95466193661,7425
0.325,4.01665817652836,0.0155704375844826,0.0127740092550622,9274.58236712623,8954.21427980283,7426
0.454,6.92613896601922,0.0263190724052181,0.0104716378371163,9699.91893602777,19004.4785255293,7427
0.3955,3.27031412672388,0.0105627912957384,0.00917083366993072,10721.737257434,9680.91460165624,7428
0.3745,2.81195623673342,0.0193888572274831,0.0143624668552679,5308.60893300916,5622.45462347375,7429
0.443,6.04126896193295,0.0248912368614653,0.0202099853723291,9042.14085950191,8862.06897003385,7430
0.451,5.47980187337548,0.017214955412624,0.013196215981911,11699.5742050434,12013.9372917677,7431
0.472,7.74800031377607,0.057253514758861,0.0520327896434851,5138.11827086538,4569.83960595407,7432
0.2515,4.94514793950235,0.0437605924005073,0.0399332138191313,4176.78857163552,3676.66575353875,7433
0.4655,12.7082774922996,0.0503447884778738,0.0388667557581362,9673.36454940208,10080.08719495,7434
0.2935,5.11776667712621,0.0668026617773157,0.0568001402740631,2811.9015842417,2709.31938372602,7435
0.42,7.37661121939274,0.0307737087142354,0.02648134861272,9038.20008628205,8437.78403528165,7436
0.368,4.54662014816948,0.0688700111322153,0.0569866262407288,2410.97146886367,2432.89536734671,7437
0.3505,4.60453729487871,0.0254890575950841,0.0149215027421674,6523.27200633125,8759.05691595568,7438
0.3155,2.82685518035326,0.0202852156020678,0.0148326353918653,4978.97118795014,5295.79917274469,7439
0.262,2.48517723655393,0.0321032981505107,0.0116419135468487,2728.98681434795,5782.6977417061,7440
0.284,3.53377572190528,0.0447260219514854,0.0377793185186741,2857.86176480166,2737.57215220174,7441
0.421,6.88058500843985,0.0123892241375139,0.00793829572598391,20110.5581544492,23924.982601046,7442
0.375,2.91202901158305,0.0116528695435253,0.0101828440745344,8742.17185352158,7866.25383710215,7443
0.3555,5.39886776925921,0.0837435865895667,0.0669456083110914,2257.03337535467,2446.81800821383,7444
0.238,2.28688151074418,0.0643492851266901,0.0533769410043817,1304.81526194565,1255.35326700232,7445
0.3625,3.77402198759739,0.0351423906576118,0.0191808476251291,3893.15541574087,5746.56845509242,7446
0.4465,4.95921382588844,0.0230508080624576,0.00956574271300467,7867.58577850967,14635.9370583104,7447
0.171,3.81043961247809,0.0631584229610398,0.0563132571060757,2178.32834166208,1964.76722323272,7448
0.435,3.98482018590801,0.020216150448161,0.015157395115336,7295.96286650236,7670.83427041513,7449
0.458,5.61166657229218,0.0283795905091239,0.00763762225437498,7155.51243030774,20323.4005998441,7450
0.4515,5.4894501539813,0.0595424888200564,0.0518643249895841,3477.28011036707,3221.8788412078,7451
0.319,6.84402195873265,0.0328373585839037,0.0316405816883618,7832.67258720156,6467.32541078942,7452
0.249,3.34241638778055,0.0987641787099486,0.080640572637423,1180.47421307007,1232.55817716258,7453
0.447,7.26416191996892,0.0322507678296218,0.0250594066991855,8481.16383189515,8764.0590361546,7454
0.4515,7.53145438579714,0.117106878540255,0.083648193343461,2110.79591061004,2800.38850196329,7455
0.417,4.22569338537941,0.015357747111924,0.01385682833786,9984.41681079751,8731.85776041446,7456
0.2465,2.27063154501178,0.116410870910067,0.091741808460522,686.321764431841,722.623245333807,7457
0.31,6.19029732805315,0.0630949284584396,0.0472797751383969,3589.10048063757,3980.10040929123,7458
0.3795,4.73431053311772,0.0341911220764359,0.0295118357632252,5180.83719611641,4825.58692864152,7459
0.424,3.58405695377696,0.0196590747220117,0.017026794051563,6787.76478452396,6197.13172765221,7460
0.347,3.97212424708256,0.0127430642745455,0.00992474302546571,10947.4418643294,10843.9910523366,7461
0.4485,4.96145029931143,0.0117221487379925,0.00760120291662017,15267.1015586233,17937.2468851323,7462
0.452,9.12753165330384,0.0815907906560355,0.0541725086204836,3997.31322835171,5127.82332410483,7463
0.47,13.6083545502118,0.043042495571671,0.0381554159725923,12124.2417730661,10961.8907938146,7464
0.4295,4.68615221030818,0.00803089867677659,0.00562288845630749,20161.5150622173,21742.6743009082,7465
0.419,6.03072698301129,0.0213549198276683,0.0177179931276155,10665.6475999115,10182.2598886932,7466
0.455,5.92434462767898,0.0217414788534006,0.0121031196202426,10074.5559927674,14217.7265408842,7467
0.414,3.0192223360993,0.0105104069854795,0.00613339058205825,10035.356050544,12730.6314179317,7468
0.449,10.3370757128871,0.0410780863235335,0.0384545648217553,9737.27944270934,8301.77063017363,7469
0.2465,4.34086975530401,0.0544629193139677,0.0528038155042464,2924.34807841395,2422.67927922165,7470
0.383,3.01187971957794,0.0154172069911946,0.0122498493981947,7015.20696601343,6884.1380295262,7471
0.43,5.45551802457483,0.0387338238046933,0.0181851159540529,5128.38181926513,8929.48520321608,7472
0.279,4.41807118703964,0.037720612545588,0.0346251267777195,4285.98614099814,3761.81836065574,7473
0.2165,3.70122526604622,0.070834077131573,0.0563856737934457,1866.5804030313,1904.99598709701,7474
0.475,11.7718752928072,0.0510001891720127,0.0318766491046199,8528.847148017,11459.2361878261,7475
0.147,3.39531688748731,0.0817932571336015,0.0786698838492794,1430.08513210927,1191.25676403931,7476
0.3645,5.23337711462378,0.0289297397634712,0.0259689233499225,6758.33421259463,6021.88955592865,7477
0.2475,4.4632628579866,0.0475812413089122,0.0440638910245959,3444.11862510461,2999.31524753525,7478
0.3835,4.22832970367378,0.0281210661741575,0.0259898091518454,5557.04916151763,4767.99218324861,7479
0.442,7.33312461382798,0.0347824634454833,0.0275688328862791,7997.7686839374,8014.85792473261,7480
0.2515,3.42023234229779,0.0637271927982872,0.051247406682546,1941.59848325785,1988.79475380097,7481
0.437,7.80599357215096,0.0304731256936977,0.0287886062063933,9686.98223806401,8156.58703280181,7482
0.41,5.0584989275094,0.0526691289530753,0.0448558389681746,3595.88647454269,3448.84821443821,7483
0.164,2.92352146632317,0.0999864130009147,0.0846516428785613,1019.12121157529,1007.37657187514,7484
0.1745,3.18635479733684,0.0719696006617911,0.0615485912692765,1534.19500505619,1458.18846313802,7485
0.4715,7.20291243299259,0.00927484838787741,0.00734892115582091,27750.8247417045,27271.4680551278,7486
0.4265,3.67571918466656,0.0124555126726057,0.00770292056021692,10599.6481367775,12965.9525438304,7487
0.4555,7.61757354762605,0.0347624314542814,0.0173463703631529,8059.92212585979,13027.7367207309,7488
0.446,10.2049430054231,0.0450968707173679,0.0410958088810962,8629.55505647283,7613.77805140038,7489
0.48,10.4180214586068,0.0489840059438962,0.0388808611638143,8035.46489062597,8275.53003308582,7490
0.212,3.06935686162129,0.0857011120510727,0.0685317526449658,1274.85003098122,1333.38561202675,7491
0.267,3.71821628063183,0.0532440994673088,0.0472091524677954,2601.58232282794,2372.80121595998,7492
0.2265,3.34091869547458,0.127150864207808,0.0930564913239593,787.29692879249,1061.70546373869,7493
0.416,5.06430072794737,0.0212921699197571,0.0195475983275833,8865.59566092834,7666.77282819167,7494
0.444,8.85842448725303,0.0511554947106768,0.0398110570670401,6559.25961542739,6843.90631516936,7495
0.4035,2.92235668994743,0.0081706820176206,0.00689231507602309,12110.0520244404,11167.9405205859,7496
0.2295,5.35134833901762,0.0406764850985683,0.0277520971670776,4702.77111449895,5537.74525954765,7497
0.306,3.63904865016172,0.027437873562464,0.00929128481598713,4636.63006386994,10390.4276631943,7498
0.45,9.03475365287769,0.0411994293964724,0.0308220885718413,8305.87607404974,9000.69695846578,7499
0.4095,8.34442488485901,0.031793622748769,0.0280046819191117,9932.69105833922,8995.89139320956,7500
0.346,2.11949704214447,0.0133440656507404,0.00877037007855181,5475.67486041852,6318.08105025115,7501
0.349,5.6832285261648,0.059935700769712,0.0471074951375271,3432.48638442722,3663.02542171586,7502
0.406,2.88582861717394,0.0130036944260213,0.00554552774458763,7832.33531474986,13053.2086812774,7503
0.1895,3.07751130977864,0.102222193669766,0.0950798621994219,1103.96300600945,983.386011253006,7504
0.307,4.29511983133541,0.0146384587701519,0.0131748535387074,10335.9034741424,9023.12217488706,7505
0.323,4.45853850134055,0.0962499342307683,0.0766602770195541,1532.19496077995,1752.25579068133,7506
0.264,4.47088423165047,0.0500761917028675,0.0372031677372694,3263.78290283007,3562.24082966132,7507
0.3595,3.0830787907997,0.0110838587341243,0.00967360362245648,9633.67088600864,8684.0890487993,7508
0.381,4.17603424425422,0.0239528643131536,0.0206398746533726,6423.07443626094,5912.78927272832,7509
0.3645,4.08831355157252,0.0600787526126215,0.0346138568249235,2427.16250016821,3548.42136544064,7510
0.271,3.25116399529725,0.0203320728508718,0.0112586709050214,5633.89355711343,7713.05489458822,7511
0.1695,3.50988761979659,0.0637443053605186,0.0553893153558038,1994.40017110315,1837.67395995653,7512
0.452,12.1337874244926,0.0251420367775498,0.0227486028025558,18232.8248171238,16032.4493245636,7513
0.448,8.51758204467715,0.0109720734257237,0.00921629005057467,27971.2964859538,26158.762002221,7514
0.3785,3.190784313188,0.0769149374727048,0.0414888897717098,1436.6159231923,2298.92055975356,7515
0.4695,6.61660136249031,0.0106920032097792,0.00727175175584878,22212.043176738,25049.2907699326,7516
0.2065,3.0399533163044,0.105107204943512,0.0902454570834494,995.059412073632,988.991371472238,7517
0.275,2.85290503320482,0.0345661658647905,0.0220593030711948,2984.91091563364,3693.04370909989,7518
0.385,3.66982401081666,0.0098084711889259,0.00762834057988147,12891.5659310337,12730.5081052174,7519
0.465,9.35408585773873,0.0370306244864588,0.0273514908304413,9533.7334824181,10324.4649953315,7520
0.1865,1.88361925084867,0.039004971779744,0.0340015305782433,1700.69846258423,1558.16670642239,7521
0.3555,4.4991279874436,0.0145903746530057,0.0119549247101212,11200.0552085456,10756.5090826794,7522
0.446,9.60999122977197,0.0424557457047283,0.035529562472228,8622.37872581386,8320.70962950039,7523
0.207,4.79748284390397,0.0913468436562864,0.0773221579478001,1850.86807242462,1827.73205948314,7524
0.3485,4.67608070283183,0.0350228482643532,0.0321564741728243,4969.58090877069,4302.16564996601,7525
0.322,4.38139036157478,0.0733813921263045,0.0601476314672993,2135.71496674534,2201.22052153244,7526
0.416,5.03180754802362,0.0519929079073702,0.0392403566120447,3548.31585380685,3966.1332421228,7527
0.458,9.40404785027592,0.0351585180729351,0.035217039804649,10181.0440308197,8102.42795908663,7528
0.418,3.59941219971383,0.0730690044909209,0.067224937835356,1832.69046875024,1608.97415751923,7529
0.288,3.89516519724469,0.077211654547878,0.0575709352156994,1791.01612814523,1990.68707615094,7530
0.464,6.89102816892589,0.0265278251903681,0.0243456477890049,9805.49453991691,8491.85698803601,7531
0.29,3.74024208441537,0.0927505744681574,0.0800098341981148,1454.06612842097,1378.95159289204,7532
0.351,5.59066761365243,0.0291344317271463,0.0252664128541058,7151.61406945928,6575.02454712123,7533
0.397,5.93074427482051,0.0121894492166895,0.0109812433787385,17475.9981848556,15295.2100946186,7534
0.4515,12.4457103781371,0.0399972373833675,0.028627836501162,11824.230129832,13265.8251297513,7535
0.246,3.34399340868904,0.0328314524450689,0.0285407171615605,3648.87393131929,3324.93549720267,7536
0.264,2.161584939508,0.0242566574454182,0.0170804981342653,3154.55758477946,3445.98063274614,7537
0.364,6.02432218219318,0.0401494222169095,0.0367876208483623,5635.10274546163,4968.52468620476,7538
0.1745,4.84845469433809,0.0702974635643145,0.0649664251607804,2509.58170625297,2197.02976357511,7539
0.4145,6.73218110386498,0.0374933994943686,0.0289518267026525,6729.06676205567,6998.19163737673,7540
0.393,2.5290709197334,0.00907595400226237,0.00720330253800044,9423.98781601036,9134.8711236713,7541
0.4585,10.7959285085409,0.0488429576452685,0.0415912017485312,8407.81355256935,8015.59076313901,7542
0.2535,1.92280949092372,0.0135365589583884,0.0106374706208739,4733.96892106857,4631.7586177016,7543
0.4065,6.23588487419887,0.0364123608452434,0.0336533834907326,6467.33905259899,5628.33609486964,7544
0.3485,4.9910015371614,0.0399062915201745,0.0369693038378638,4645.26972794174,4042.37501330013,7545
0.2215,2.92578575798982,0.0717961751581826,0.0632007327843977,1508.93315343999,1400.68935571164,7546
0.265,3.32352226388311,0.0454774455562766,0.0395951979225437,2664.49510657781,2449.96274485506,7547
0.1915,4.44667732054302,0.0335830168157509,0.0309485782592804,4782.68718518351,4135.3540414852,7548
0.398,3.18318230532117,0.0101759275645061,0.00752764700177397,10833.4135904312,11265.5583534883,7549
0.463,12.4435025883862,0.0474794307319334,0.0378847350950209,10042.719333815,10173.5831402884,7550
0.389,6.3788486507999,0.0398081485558286,0.0333058564196263,6076.35627484639,5821.41989179253,7551
0.28,2.42536075478713,0.0305216403178268,0.0226467253132295,2883.9798758066,3065.38560862777,7552
0.4085,5.2428060477799,0.00989879110699246,0.0079794743987953,18595.8771153278,17952.7788518711,7553
0.4595,8.38440069589788,0.0104017083258139,0.00818951221457436,29115.8712736913,28787.7847148974,7554
0.1655,2.8534413318813,0.0660353929346937,0.0589338266887033,1564.06284650999,1411.95111640455,7555
0.4115,3.4286594376206,0.00735452742904702,0.00615440865194679,15437.0187061731,14237.939609017,7556
0.397,6.23842790300771,0.0274410192159586,0.0260615817097173,8547.46921940492,7167.10132496721,7557
0.4365,6.27966475100341,0.0383845158651464,0.0369499739179662,6182.97407620738,5117.62755281052,7558
0.1645,3.74555269866385,0.0416452245735026,0.0393440334319124,3370.85114928,2866.71092355935,7559
0.4645,5.29845427719178,0.0155862049115422,0.0128862778909295,12615.6263592075,11999.5458761661,7560
0.475,8.84173706484652,0.0366650464729814,0.0345126124196798,9204.58241476275,7783.38345979678,7561
0.2045,4.08646315183832,0.105258771136711,0.0767456715331466,1299.19634506172,1579.54317200704,7562
0.2565,5.50606423215595,0.0506607918965599,0.0380951594576031,4017.05123476675,4352.9834672963,7563
0.1745,2.59354258555289,0.056275353697206,0.0502642777517143,1697.42126824676,1517.99904834159,7564
0.4645,9.06575756459247,0.015336527232481,0.0122224942373997,22027.1844558395,21724.9869480946,7565
0.3615,3.21075288583705,0.0209646404338494,0.0193582692228039,5584.16598645944,4812.62403468544,7566
0.275,4.26207487312838,0.0192880695475841,0.0152506522699196,7882.46346661846,7812.72591634952,7567
0.411,6.07436337506825,0.0733663556426537,0.0541168222547167,2932.91416250003,3481.6043720049,7568
0.349,4.73610776364953,0.0585260639060544,0.0383424024876898,2875.91686125658,3709.12166883062,7569
0.2645,4.66561727566261,0.0521714108705477,0.0473493096306461,3330.87006164493,2959.38355459034,7570
0.4525,11.972057169788,0.0708849936592769,0.0544211742973017,6260.4296010366,6752.31660477581,7571
0.2545,3.39299911179284,0.0515441900428971,0.0460783677349405,2441.84622532342,2202.95824507927,7572
0.4355,8.54937865682901,0.0417968215606579,0.0265429130675277,7637.02113195881,9824.47209570045,7573
0.4285,5.08983181147632,0.0288098889610274,0.0256150540266156,6641.18604408133,5983.15158216944,7574
0.2975,2.13613994471594,0.0338418514093952,0.0235585549720854,2276.61877826896,2587.64442016303,7575
0.3915,5.03718550908555,0.0256968184177552,0.0241402490417221,7335.6785234665,6237.02993955996,7576
0.41,5.11557228473667,0.0251863576719461,0.0228125749874595,7614.99664020005,6681.14115436007,7577
0.3595,4.86438685313276,0.0147377255199581,0.0123462804269435,11843.0440247367,11138.4189886635,7578
0.4385,8.71954378986373,0.0782506010698179,0.0638970567592535,4135.36666030777,4196.85728277606,7579
0.3825,5.57180564582973,0.0567265245626843,0.0462990067192656,3584.30833840275,3670.27822043548,7580
0.436,7.09620693255474,0.0851443179590179,0.0440286124878972,2433.61590471264,4962.08596789049,7581
0.466,3.91781699241909,0.037799232521316,0.0155705085290058,3741.27901122704,7377.50557953901,7582
0.3335,4.47067521964556,0.0403627038527084,0.0358307689122259,4194.177628932,3774.92707448719,7583
0.4265,7.22412523909177,0.0311100056359781,0.0276757798222673,8750.9105220261,7833.71301826215,7584
0.4685,6.89290392585502,0.0393595918022064,0.0330612282523842,6665.76683666949,6375.57149743168,7585
0.272,1.80356377350358,0.00691474744544791,0.00564623438071928,7952.17236530349,7420.9594260684,7586
0.4255,5.50163582829654,0.0725161380631543,0.0560648219654722,2749.14977007253,3019.43885770446,7587
0.4545,9.74871370420226,0.0418798764504569,0.0383029684505163,8792.19719928101,7700.36905851774,7588
0.224,5.35617632109286,0.0721598376851395,0.0662401414159785,2694.06246792561,2350.71885916895,7589
0.2105,3.95885612822688,0.121674932765444,0.10124209979707,1112.11343666865,1164.6383407431,7590
0.1265,3.38349025610543,0.0632701918482519,0.04516593531089,1827.0083787572,2062.29805982301,7591
0.3145,4.6176865689223,0.0220208824845673,0.0208951452214063,7709.55457548569,6459.60891775567,7592
0.1835,2.68156349925607,0.0472332449422643,0.040718058689136,2114.22940166466,1978.49730202219,7593
0.3475,4.17510868703359,0.031124122095549,0.0281318225186711,4981.52597790135,4421.75117532906,7594
0.3455,5.67617522100923,0.0328094495380922,0.0246880539994561,6445.43016892607,6815.28641945242,7595
0.4275,5.41141230190259,0.00866561020967024,0.00703598780767133,21846.7323181876,20918.4533348606,7596
0.272,2.87072250039224,0.0569443412707602,0.0451339814845263,1832.29288338927,1866.2033032757,7597
0.3835,4.96997661496773,0.0318503981595258,0.029007155078638,5830.71817546792,5117.29521407954,7598
0.4195,5.0992129998916,0.00958492168240815,0.00542355981682177,18658.4198064176,24312.1438864606,7599
0.334,4.30636433141006,0.0186411323278428,0.0175291863927497,8302.78725664767,7022.67378613729,7600
0.367,2.43703094315392,0.015489091191691,0.00769599304074969,5565.37674741695,8238.75611304293,7601
0.2675,4.83991486231198,0.0206388186313667,0.0187592737851003,8508.16746923007,7420.46934955627,7602
0.3295,4.42365283551891,0.00887911570464069,0.00780244042835087,16660.8541240305,14773.1670729936,7603
0.3135,1.93605710777011,0.005838050191101,0.00461387979423114,10072.5028671235,9599.59008686145,7604
0.296,3.85882650803677,0.0203263729672348,0.0190509948380567,6729.42993635558,5718.14453750382,7605
0.229,3.22534828312632,0.111332308786552,0.078349374045442,945.094921992701,1230.89472717461,7606
0.2405,4.58736016545847,0.0347565782651568,0.0310861328635917,4802.3857056428,4268.10432165462,7607
0.467,4.55286132811262,0.0263763862820819,0.0193897723527318,6477.92594607519,7033.06982983722,7608
0.45,6.42634138008021,0.0113592546473897,0.0100017784090929,20448.4823513666,18360.9360791969,7609
0.4565,6.56152595610605,0.012844292782522,0.0115230768478365,18613.4961724907,16363.3427944944,7610
0.442,6.80978408295121,0.00975634170586851,0.00686869589196,24806.048896697,27037.710195038,7611
0.4585,6.24624280960125,0.0898826142957515,0.0612072734636726,2365.34528321775,3156.48941674984,7612
0.139,1.99732130319399,0.0432838221917089,0.037887165498112,1619.54698712066,1454.45536500699,7613
0.301,3.29191093602937,0.0159878163874077,0.0138422447329942,7265.92851149082,6601.35066951716,7614
0.2875,3.65142320323547,0.0744671653828789,0.0632116099882466,1766.56168828259,1709.39500285113,7615
0.4305,3.94120289372931,0.0078257389673104,0.00495988790364786,16915.7566803284,19630.0128704027,7616
0.2375,2.31051193720053,0.0411847485514284,0.0306795486619024,2016.41838334272,2147.91062660158,7617
0.4675,8.50122199817527,0.0397610448754713,0.0384035811361659,8159.84778931626,6742.30486543244,7618
0.4475,5.45353988198665,0.0187748958898429,0.015804246656163,10821.3488574324,10203.4411178758,7619
0.285,4.38008127155998,0.0354760404719532,0.0339661416674349,4565.23425777877,3842.8910603936,7620
0.1725,2.73977845516222,0.125079205220189,0.111181651225774,771.332975308125,723.971682393556,7621
0.3855,3.14818541010981,0.0265226832503063,0.0195687550141537,4392.92276116943,4701.49954996057,7622
0.2815,4.60527697786927,0.0617040440657546,0.0406754125688653,2633.21415924364,3401.61184655226,7623
0.244,4.64382398593603,0.0419649182094472,0.0355031151854171,4114.25265214803,3908.81710732765,7624
0.4335,6.65312600897202,0.016201014809738,0.00927777684435231,14963.2094009308,20023.2614950524,7625
0.447,5.58958578705774,0.0171930124620976,0.0103590066397706,12063.9712657432,15468.2426732801,7626
0.2895,5.23725883102297,0.0393436775858788,0.0371118283441352,4963.72746786138,4229.95671903787,7627
0.4135,4.75393694257687,0.0313879907329272,0.0278008783532941,5652.59837940707,5100.66169573154,7628
0.3675,4.33956641323744,0.0166966030028333,0.0155255097293502,9410.49919567587,8051.33943780793,7629
0.3885,3.94883717906034,0.0914603920739453,0.0535794601901012,1357.77259531424,2254.051220897,7630
0.37,5.74965690551228,0.037266195794387,0.0354296817684712,5873.01170808443,4966.17803624112,7631
0.4205,8.30272495160502,0.0275361127346766,0.0246715342013216,11458.7436324724,10161.5869795473,7632
0.4465,9.01656932354608,0.0156640461616247,0.0131949023490317,21323.409860739,20024.0614033834,7633
0.1625,3.96750583798832,0.0882834232042923,0.0770989144207812,1528.20945559567,1407.69958280517,7634
0.45,9.76353735943382,0.0392555454866125,0.0327407116408652,9542.83539901142,9130.82585667129,7635
0.4525,7.12082040966826,0.021346261231871,0.00766468540413712,12243.551427703,25858.1798001551,7636
0.459,5.43487652449327,0.0105836242095999,0.00658786461764875,18344.5119873526,22324.785652252,7637
0.388,3.30541283710159,0.0395480061052833,0.02955895213345,3085.54529004969,3295.23265142598,7638
0.3615,4.32701440795568,0.0868676279480898,0.0716495104557684,1786.13157902528,1815.70153212384,7639
0.4085,3.24272735640004,0.00761222513809381,0.00567741483626478,14265.7027942827,14414.4598675973,7640
0.3905,5.58931151136906,0.0566705860431274,0.0523110868224824,3715.02703572015,3240.48913492367,7641
0.4465,7.46153204995686,0.0668001187898,0.053049196360728,4126.22433173492,4382.99522335007,7642
0.4685,6.55157967754974,0.0170854373346971,0.0124754090496176,14231.7130886886,15246.1212742838,7643
0.4585,8.03211665631286,0.0344646568709891,0.029099898069725,8884.46559686303,8493.96724024989,7644
0.381,5.18966376198423,0.0103796045766198,0.00843641193304987,17380.5803574298,16654.2447470136,7645
0.3235,4.26947866427189,0.0428721542242,0.040406260150295,3703.89472835261,3167.22653022671,7646
0.315,4.50086590600893,0.0320505501474742,0.0308415032088923,5154.19256635611,4302.22413955895,7647
0.4155,4.22853727354097,0.0200926571024982,0.00756541025768651,7642.77150065539,15177.538403835,7648
0.2235,3.11957971202514,0.0540812934839439,0.0510273838593698,2111.56271753531,1778.9293024276,7649
0.424,4.95418931241286,0.0245738767398361,0.0209917188657806,7600.2158535208,7094.09503606279,7650
0.15,1.41709746323635,0.0239662392781782,0.0211233556385164,1966.91796631956,1747.22179422393,7651
0.4665,9.50887316906687,0.0697857695502761,0.0400581886055062,4798.31259000211,7346.62420459605,7652
0.4575,10.7344092095616,0.112360013182779,0.060323441251152,2511.13385444416,5560.49691255631,7653
0.462,5.65645667155437,0.00953231087714562,0.00691671621469135,21176.1010914126,22373.2636991924,7654
0.476,12.8460039224186,0.0556392482404394,0.0381857232799313,8606.34635413142,10242.345440795,7655
0.319,2.75682413340343,0.0248738080697528,0.0226920060343889,4055.25229137294,3539.08439136029,7656
0.3855,4.14328945669026,0.034529582445601,0.029758393466631,4461.31038755465,4181.26797385404,7657
0.4145,7.57328873936194,0.0480798572327036,0.0329609927522945,5813.0424711042,7011.78189507105,7658
0.3495,5.40242635881989,0.0223924198635954,0.021394247909857,9084.85529039237,7561.49395151436,7659
0.3855,4.33601513639661,0.00768296476064164,0.00649852374596548,19072.3795920047,17510.7199806525,7660
0.2245,3.40735776715639,0.076796527177063,0.0699965312177754,1586.36137600565,1428.44489821961,7661
0.396,5.47383855454537,0.0312120250978236,0.0199655978695613,6441.77536548295,8035.40200183623,7662
0.319,4.40187894567291,0.0521245489716827,0.0415159350580567,3075.91308083506,3220.62923174551,7663
0.2975,4.37776928545108,0.0343398746581273,0.0325496035153167,4806.65608405433,4049.25859126978,7664
0.2145,3.71062531912651,0.116210685934969,0.0975215082816597,1036.3643425573,1114.05848936481,7665
0.2595,3.39215916835466,0.0544538183301591,0.0484299981201924,2310.13812387719,2094.00919528911,7666
0.182,2.4957032628908,0.0312899790695279,0.0108888652367659,2752.37098148297,5650.91023854414,7667
0.451,7.18834394489633,0.0369172052926403,0.0339373860746775,7430.7195073544,6448.09289294699,7668
0.462,8.68654116809259,0.0167141149168232,0.00955157312316298,19300.238013655,26109.8304594656,7669
0.402,7.72246786247825,0.0544279224963712,0.0399632606833324,5201.54447725595,5924.57600254427,7670
0.4365,5.99225874737337,0.0317749254115386,0.0262262934942907,7106.98435606638,6886.95179037567,7671
0.4265,4.1300220130503,0.0109757283110538,0.0100486047406005,13272.5147489976,11475.1335416009,7672
0.4475,5.79199998259252,0.0280813426710631,0.0259866860326778,7791.63609439755,6716.08641472664,7673
0.3235,2.36813433417448,0.0189642820009655,0.0113448638439181,4461.34591283678,5638.31799268583,7674
0.3435,4.24279343789957,0.0120583799769566,0.00633580442438382,12155.1845965065,16890.8813859292,7675
0.2105,3.40723612181103,0.113345095723201,0.0869290540425868,1017.26435588899,1154.59066416118,7676
0.4195,4.48367197787201,0.0099500813312617,0.0078557690167119,15870.259336525,15551.0859245055,7677
0.443,6.20406442207242,0.0731196604623814,0.0454560685809327,3040.75808252503,4241.08856768147,7678
0.4165,7.24375129126066,0.0292840769931352,0.0276731417405689,9385.06631138188,7961.47432218742,7679
0.17,2.76976257463623,0.07634023052463,0.0656545817590292,1304.74251411332,1248.65880488547,7680
0.4685,6.21992044458213,0.00866170914145664,0.00729722222563909,25254.2286909237,23404.7580549764,7681
0.444,3.70631941075349,0.0175366172005789,0.00533732275227796,7587.2243794659,17960.1029932884,7682
0.268,4.51098714033558,0.0140196315574868,0.0116813277133019,11187.5953931446,10494.6395054618,7683
0.318,5.11935271015839,0.0142970564279637,0.0122049238421403,12591.5279632185,11596.8240816831,7684
0.428,5.47017659627811,0.0483835957045906,0.0407781183057069,4244.20174371874,4104.43726772208,7685
0.453,5.29106207635574,0.0650185312651645,0.0516955149618364,3018.19220650017,3109.57789424092,7686
0.4315,6.27039833982142,0.0255960886682994,0.0134274235327815,9030.42287120077,13640.2762731391,7687
0.344,3.41819546312617,0.0188001847728546,0.00915682505988667,6515.01518977872,10087.343327497,7688
0.317,4.50739624201158,0.0711920603511914,0.0582076869084135,2211.78384151479,2341.28126470081,7689
0.4545,6.20344890822907,0.0105955703642433,0.00896027296383833,21077.6850781964,19605.1561344229,7690
0.4505,6.54229818665438,0.0207722814388872,0.0137518704667972,11847.3016692898,14050.4346886426,7691
0.4535,5.08578120805725,0.00816397702720176,0.00602324424068924,21717.8289917035,22550.6594594989,7692
0.462,6.66821434001896,0.0173267124048357,0.0150076342479018,14313.9259556583,13129.3639826035,7693
0.3025,2.59793127260161,0.0519237347362223,0.0485661623415967,1825.07105422567,1559.08244692914,7694
0.409,5.84588517396709,0.0214499403080292,0.0194378237752219,10051.5695298484,8829.29092746136,7695
0.3,1.9327843728416,0.0148859321373983,0.01014550686206,4403.32018904991,4903.22458177778,7696
0.345,6.79767780350497,0.0470705437492426,0.0434445857230708,5456.22085095153,4718.98783550732,7697
0.288,4.06956621710748,0.0581703086396605,0.0510021478811783,2605.2360037289,2409.54536455573,7698
0.25,3.86191166258219,0.0337595642286277,0.0282510756083743,4214.01256973804,4004.84412835683,7699
0.44,12.0626031732859,0.0316599266587737,0.0286737530288284,14513.611696294,12766.8705696381,7700
0.414,3.43101174099152,0.0102010540305926,0.00831235006595638,11685.9767311847,11163.5331480453,7701
0.3065,4.66317255286666,0.0266224921516471,0.025415609025149,6474.0646926731,5426.41375130764,7702
0.1095,2.71401167301818,0.0697294603732248,0.0631195503378704,1471.5715259561,1318.5594259826,7703
0.3585,4.18542218950328,0.0149692706085779,0.0123125448211377,10083.9919799831,9604.397124115,7704
0.419,2.85356059800896,0.00876947018685758,0.00744380630720394,11144.781261368,10213.5237259889,7705
0.245,2.84302649936874,0.054853759513418,0.0505652894311828,1889.33962025084,1644.23216685193,7706
0.269,4.04159948580557,0.0507811982930805,0.0430992510185201,2913.48628496724,2762.26841817224,7707
0.446,6.87909282179075,0.0560399551436336,0.0398929930146993,4368.93079522394,5338.20584303534,7708
0.3255,6.05296033323527,0.0384778399338834,0.0353213892315794,5877.17366592566,5084.5628564473,7709
0.2955,2.9750977182948,0.0161607136456599,0.0141560672692131,6469.20430938278,5824.13028025056,7710
0.475,10.1787011638776,0.0128336016531975,0.00976410524209803,29429.1742857806,30225.5490346555,7711
0.2215,3.40241039975561,0.0816266955225597,0.0753259978247541,1498.20368546191,1317.47261223941,7712
0.4475,5.88513572349384,0.0149337237581316,0.00887139822031564,14409.889432046,18663.8820172259,7713
0.3175,5.39963266364429,0.0235701532780042,0.0143992727281498,8343.73106127068,10599.658306835,7714
0.4375,8.80693613091572,0.0462744363832543,0.0328992643255833,7063.06565623881,8244.86069782452,7715
0.32,4.0620923311337,0.0493657237321899,0.026122610144365,2879.99003154857,4534.82028321711,7716
0.354,3.55308472069225,0.0330380371393603,0.0298225148553699,3951.92715195489,3485.61479893705,7717
0.3605,4.12343526424701,0.0513537910914191,0.0431600816645179,2978.02751383268,2906.25135024199,7718
0.146,2.46249738483488,0.083999294789085,0.076899693963286,1054.84550490248,933.901926225922,7719
0.3745,5.28952285577128,0.0581488112433154,0.0490288697445185,3380.77025463887,3305.75093413596,7720
0.3115,3.2913992134513,0.036322275441964,0.0314118193849257,3323.10796954953,3064.3983743555,7721
0.321,4.66621149200572,0.0800233040088857,0.0626698505663936,2079.34323550122,2238.09351355867,7722
0.1925,3.77658416850382,0.027802191088574,0.0242927324466743,4932.54543611135,4456.53149503804,7723
0.356,3.73551340094174,0.067267694789646,0.0596581991862026,2056.04380512067,1887.099441245,7724
0.341,4.03057696655438,0.0314097432135778,0.0286728609384359,4820.16440833592,4231.28419098959,7725
0.449,3.90471527104392,0.0127399892921084,0.0068410141210512,11063.0427645563,15438.5708631749,7726
0.4565,11.7604569740592,0.0181691430083617,0.010138612191031,24172.158631603,33651.5491181625,7727
0.3285,4.97138066589781,0.0331768233566691,0.0238571288129666,5602.18174426629,6254.82665879774,7728
0.463,8.13008057219433,0.0234519725149622,0.0215004295953249,13078.2440598539,11377.94218288,7729
0.143,2.47031469243914,0.12553072962296,0.101329640523119,703.751566453381,724.728999994304,7730
0.4555,11.7283688552631,0.0760030256542228,0.0625415294478116,5726.72365020527,5788.49728261166,7731
0.173,2.31016273003971,0.0199607624085818,0.0160810592775621,3873.05062177261,3713.01266793651,7732
0.0975,2.4202046245312,0.085530299022551,0.0811902247695779,1000.74952889262,851.671496972301,7733
0.4425,6.14581138917399,0.0243517884561477,0.0180208846486546,9441.51112793348,10068.288849062,7734
0.4455,4.81156461116258,0.00983103489157102,0.00783599077638003,17356.1423933501,16887.4648782716,7735
0.4575,12.2708807528285,0.0531003361409577,0.0468330827327849,8677.68718783954,7865.11242156408,7736
0.442,4.44995722563573,0.0139785798919597,0.00990239959447091,11565.364410928,12668.5335399249,7737
0.403,4.201964025368,0.00882350962491829,0.00654841220062737,16380.9737396203,16875.9538615136,7738
0.3475,5.6879212280791,0.0395011073279131,0.0371001461143543,5420.56397611337,4634.06471170747,7739
0.425,4.75567450194945,0.066515010954358,0.0340412876602811,2478.46393150173,4230.48963878095,7740
0.421,4.33992125862175,0.00875733076055655,0.00625421653831786,17256.7111987504,18373.3972259178,7741
0.191,3.32117778935777,0.140046581534261,0.115302093622444,785.23070316909,844.680155509483,7742
0.275,2.22274385768529,0.0162558104032889,0.0135035337528787,4742.95627711645,4490.38311329045,7743
0.3405,4.55509177062136,0.0332111342339492,0.0275672480570486,5114.96076749223,4952.24065122734,7744
0.2505,4.00546403997944,0.0409973310520569,0.0347989931849711,3657.24646324582,3451.2972283498,7745
0.4065,4.71948272230776,0.0153302100673775,0.0125309164766241,11045.6078947566,10611.1607203209,7746
0.4215,5.43434251655755,0.0219118874314549,0.02016609417604,9321.82577058933,8100.87165130764,7747
0.3805,4.60578618357856,0.0153824196769608,0.0128115484738163,10806.0369112249,10212.4765232803,7748
0.459,10.1831425607194,0.0424843251979107,0.0342472542068387,9070.19040622563,9038.35423463552,7749
0.462,8.20153016544438,0.0139372006407248,0.0104131896523053,21794.4704699662,22781.1231939359,7750
0.396,6.19130502803773,0.0625565721490462,0.0538451855855252,3676.67707775644,3520.49293359887,7751
0.421,3.5725312890327,0.012195898302294,0.0108855899481875,10386.1942945406,9161.57137552384,7752
0.2605,4.79278081802935,0.0277246565858117,0.0177158186649797,6272.4841862834,7760.48765394655,7753
0.447,8.92357913331169,0.0437298494030061,0.0357981840807776,7766.35552215489,7612.5416016125,7754
0.297,5.09486761784784,0.0158664164228729,0.0126328384510794,11613.6724319011,11504.4732033887,7755
0.2755,2.67003413815866,0.019545020697626,0.0155057067552496,4879.16762429038,4815.83569053232,7756
0.328,5.02499561022312,0.0189987316994709,0.0114268066333226,9502.30539413952,12312.4094848241,7757
0.2505,4.2557973953364,0.0509345482932098,0.0411161778583116,3110.13973048812,3125.76956511052,7758
0.395,4.68526881197845,0.0154787562660978,0.0100488597310142,10933.0048468388,13016.2702980234,7759
0.44,7.11590280808891,0.0393521204664421,0.0347761736795562,6897.47135956737,6298.07248986728,7760
0.3265,4.30549111637741,0.0181051126831538,0.0145162716937487,8568.77422299977,8427.25212688665,7761
0.31,4.58291540363158,0.0727137848415361,0.0651971734505009,2323.58992654479,2113.58846728102,7762
0.2775,3.12742965943802,0.0158515764717365,0.00977656685518259,6803.88829262728,8316.56223925911,7763
0.444,5.98787728570375,0.0508945504422167,0.0383266459773058,4393.13758591149,4784.44531005018,7764
0.315,5.69206148962038,0.0501970880666469,0.0471610175207261,4229.21618728734,3607.35621575969,7765
0.4035,3.27751641728235,0.00956539794384071,0.00576054713219894,11782.9615084365,14623.4137428002,7766
0.271,3.79414904977844,0.0330753903716207,0.022368579368029,4049.13116707062,4768.35126426409,7767
0.365,2.70432582170205,0.0170714854253816,0.0120431769064818,5693.963634028,6232.31697295189,7768
0.454,7.73201692377188,0.029016492857944,0.0238889352602315,10166.2807090169,9872.56602325246,7769
0.451,6.77972798766942,0.0303798317314174,0.0187750767613667,8338.69402788153,10813.1850417598,7770
0.291,4.90532762216199,0.0488403291134693,0.0392579264488244,3719.74562689932,3763.62688267678,7771
0.384,6.69870245239207,0.0339859634263295,0.0331034902353392,7384.17977926831,6068.50301594629,7772
0.4705,6.74890407764105,0.0132826473871988,0.0061783816881627,18554.4158520644,29646.2859791858,7773
0.161,2.97016933798788,0.0266065580117565,0.0237994636138069,3962.80531551005,3503.3628350776,7774
0.409,2.95584463978591,0.00897583292642337,0.00708569015621486,11231.9282993568,10954.3664054008,7775
0.3455,4.47603810573288,0.0301123257420691,0.0264393614269721,5652.87420687523,5171.64935216398,7776
0.4475,11.2737721968203,0.0526033762866618,0.0397703416099573,8126.16622354599,8798.17365123868,7777
0.198,3.9073808658871,0.0239562952739763,0.0223484470830455,5571.32467399041,4721.39575891273,7778
0.2165,4.44526508528203,0.0374030376866121,0.0324828459522558,4402.91376583949,4012.40831256629,7779
0.421,5.29965203211774,0.0259841647408957,0.0240389893808661,7673.04195966861,6591.04522953893,7780
0.257,3.89104249439723,0.097528331208679,0.0865582652983894,1432.24100068147,1342.72955398267,7781
0.47,12.4415091129037,0.0282629981571739,0.025029741101145,16712.8064669857,15010.2812860475,7782
0.444,9.21376506790698,0.0306365421071005,0.0285382792850366,11469.4387319844,9832.67032606948,7783
0.412,5.6986390579829,0.0807036156516073,0.0624843192302764,2552.40877094053,2801.36862142224,7784
0.416,3.55263641736558,0.0174175252615163,0.0118954148386008,7406.96008311264,8415.62475295967,7785
0.3535,4.63018184113948,0.0740536676195698,0.052245868518635,2175.43264333852,2702.17910338904,7786
0.3225,3.79211815773857,0.01069180475985,0.00845303387368697,12031.6159583775,11680.8940393095,7787
0.3135,5.40266098889294,0.0375010444688482,0.0332806588853497,5453.89066180247,4974.67940904967,7788
0.431,7.02273958019058,0.0361978985300015,0.0297756318186249,7376.00328359976,7215.83280507606,7789
0.4175,3.01458776225477,0.011440813016861,0.00616259274759389,9273.72505478833,12602.3154536944,7790
0.342,5.76689813083878,0.0304365217938348,0.0257107767003876,6978.52237806334,6573.78542737326,7791
0.3015,3.61150072617873,0.0332409930468394,0.0302313421587036,4032.01683771809,3539.75120749189,7792
0.2045,2.4751514173124,0.0989649432206006,0.0944993176672571,898.89273781311,759.646414852408,7793
0.2385,4.90670028450056,0.0929867463385707,0.0785416967178652,1868.20686515539,1825.77259891205,7794
0.3495,4.57776562260704,0.0131918644721898,0.0105130423369682,12261.871325445,11919.3063821557,7795
0.217,3.12115525160004,0.125427653587426,0.0936810183645926,811.109358705351,984.362196430344,7796
0.308,1.79577416872905,0.0264047868186686,0.0104580633661116,2425.57139606623,4571.47513051981,7797
0.274,3.95622487157895,0.0511061868769923,0.0466060592697348,2877.83340139742,2547.7086383314,7798
0.285,4.56911579309141,0.0356421199381217,0.0329401234575321,4884.98945088244,4245.21368177928,7799
0.4,3.0354187366361,0.0107816133285962,0.00675645374624157,9826.34065912731,11737.8248631849,7800
0.425,5.43439237152473,0.0138107440414939,0.00840218769213453,14207.6709390395,17834.6115866707,7801
0.3705,3.3365284119176,0.055727385283021,0.0504925960229991,2227.49909299455,1981.01333225012,7802
0.466,7.64642956557681,0.0610515972036408,0.0371734957864933,4533.81112465919,6314.5847895489,7803
0.309,4.72069169708498,0.0620954865397143,0.0529111371682027,2779.53153421041,2656.06679469501,7804
0.462,10.9197020741282,0.133507239355606,0.0710320973700032,2035.96524734986,4786.02420651907,7805
0.433,3.9259497550838,0.0111239268982216,0.00764177820985112,12551.0061163138,14061.3921411104,7806
0.2035,3.16059222849978,0.102168667534242,0.0820321491790356,1039.34373150912,1119.87460720159,7807
0.346,3.61649549175841,0.0352197976026912,0.026193275312653,3787.05557108987,4060.08101881547,7808
0.1885,4.43955104354137,0.0374036191685553,0.0359023397078706,4256.45949456164,3547.34672244478,7809
0.2075,3.23343214878235,0.0313585210552173,0.0289237685747058,3774.68228376328,3240.80405846516,7810
0.343,4.29995197338408,0.0325695130016782,0.0298132750076,4895.42588375566,4282.17418364057,7811
0.4155,7.40500515387497,0.0363782418370607,0.0325045772967738,7824.86201830353,7031.22710212951,7812
0.311,3.58594035683829,0.0627472588013563,0.0546890675751157,2082.89737795485,1944.14238072456,7813
0.189,3.11939684118131,0.0731030048127129,0.0630474407140203,1537.16791105854,1452.13761814902,7814
0.258,5.0443524010266,0.0701299162242862,0.0649371330660165,2668.91823964008,2334.21435631524,7815
0.4045,7.82460125064624,0.0306576470985954,0.0281720614681204,9661.29683162283,8414.96673105551,7816
0.173,1.90074195188318,0.0737948769134415,0.0646962251637173,926.251148765433,840.275790464588,7817
0.381,2.46269474615274,0.0259474481088128,0.00817644254836565,3408.62335914414,7988.03443110116,7818
0.315,3.0789807266333,0.022657050320882,0.0151638968255164,4936.95925828357,5708.90420558276,7819
0.371,4.81238913733197,0.0613697170859235,0.0541379156435896,2891.87846694418,2706.43660542796,7820
0.429,3.21649926589416,0.0197170447367539,0.0178781409026608,6005.72647845499,5278.15119114613,7821
0.371,5.5768898107107,0.0259931233144676,0.0233376560703742,7984.42880840644,7042.19657842386,7822
0.228,2.71505494289167,0.0469193324121653,0.0286877450200567,2116.68702950196,2776.5171017588,7823
0.224,4.3045142698745,0.0569168006448643,0.0522891729583685,2784.22047808808,2438.71744608119,7824
0.2225,5.15280220250183,0.0517185095718531,0.0475714118859553,3650.1048710076,3192.88609344342,7825
0.3065,4.76416720264512,0.0383797235946989,0.0363870948306381,4608.46052144151,3902.83044533376,7826
0.457,10.4107741728595,0.0419814727742375,0.0277415448701906,9356.85060259091,11502.2273036969,7827
0.4645,7.31716024955843,0.0315199768916194,0.0248920563855346,8795.70767460459,8855.71830387059,7828
0.284,4.20751374415403,0.0345078523611299,0.0321973099226589,4471.9075170461,3821.14820949571,7829
0.464,9.14577171145907,0.026612072162817,0.0190824902066405,13011.6224169229,14476.903361409,7830
0.27,4.43717473737365,0.0747307880514778,0.0696107814489184,2213.13892268618,1919.80835288268,7831
0.452,7.11655631565524,0.0378226557292801,0.0313744821150262,7140.42869458917,6925.11240104481,7832
0.4335,6.89943822965103,0.0290386002433093,0.0268676827011723,9067.41134415548,7855.0104714497,7833
0.437,5.11445940472642,0.0111219492009435,0.00840754180045042,16456.739474774,16932.3667172886,7834
0.387,5.20184733324957,0.0171580630874842,0.0142543207116829,11081.8224646037,10495.4219813498,7835
0.3785,4.55208054518815,0.0134233474375723,0.0100204720564681,12191.8215389774,12637.2838307615,7836
0.3725,6.56542838790086,0.0617974825677573,0.0567630286845557,3979.07882043038,3498.22710680188,7837
0.3165,4.04622680865225,0.0332731230852183,0.00940947580193291,4142.63987729804,11475.8337540728,7838
0.416,3.32625214901052,0.0103035609663045,0.00690872917071312,11335.5245393524,12869.4120221634,7839
0.3955,5.15660405839624,0.0818116777229484,0.053110699454375,2013.30055393287,2971.04839710119,7840
0.344,2.29035855953423,0.0216610527483622,0.0162812176152806,3798.5012689999,3942.56477885467,7841
0.3475,2.07351510683019,0.00601979967815905,0.00447434229521426,10609.6032153241,10649.8398585018,7842
0.3675,5.72833890601558,0.0283623662112676,0.0243086337337865,7556.40485301128,6988.40069792987,7843
0.419,6.67509035824984,0.0644901306121079,0.0407181475629894,3477.55010937482,5056.75378190384,7844
0.2865,3.74154876134917,0.0131602378238488,0.00647137777367683,9747.93629976581,14263.6821437537,7845
0.221,3.51854651738552,0.0520739374099697,0.0472889225374899,2478.52671326099,2213.54634867276,7846
0.348,3.97598524392198,0.0283432714299617,0.0263264191356292,5104.25884741082,4402.01453757954,7847
0.4305,4.97019325766997,0.0388256002129854,0.0330211997261584,4814.11242169494,4587.34072227999,7848
0.408,4.58421614067344,0.0364312611401596,0.0344813852505318,4692.71076277639,3963.62562794568,7849
0.3585,2.71695540505153,0.00910712547750461,0.00774678397111369,9977.16580294064,9130.11466948368,7850
0.2585,4.04350141281968,0.0308460128217642,0.0291975902068548,4762.12138805386,4032.67604433558,7851
0.4515,5.67434230137949,0.0190650921490491,0.00960476820889542,10989.009572613,16738.4860216743,7852
0.3135,1.98800541233152,0.0071054206844062,0.00605642355048423,8719.71400006328,7877.56548895729,7853
0.425,5.12262224147799,0.0102454941486504,0.00709824649189184,17575.6017968155,19381.4861716773,7854
0.4295,7.2435497569588,0.0660744486835469,0.0387428001988315,3886.35015081415,5766.58177737808,7855
0.1595,3.51274495374993,0.0788319291940473,0.0549777940329276,1491.69387449453,1814.72603826873,7856
0.4575,6.15955270665182,0.0133515064729589,0.0113498005585672,16747.9568377581,15522.3971833457,7857
0.4275,3.68357472150493,0.0152445451024482,0.01304324634655,8798.07762917593,8145.59590292731,7858
0.4245,4.26722187449162,0.0187250202121178,0.0111473565744162,8378.41562512414,10853.9316434779,7859
0.29,2.75715760688079,0.0177809295441839,0.015505276696529,5417.15679537897,4879.47210070557,7860
0.2595,4.48888576060985,0.0259389514716797,0.0239776030734897,6330.77067618154,5500.21987065473,7861
0.3055,3.50362650266423,0.032701829259653,0.0292074158155344,3930.63549028951,3492.08147319385,7862
0.402,7.03243060778348,0.0278163351888028,0.0251981978014424,9572.07712131662,8428.68727838234,7863
0.393,6.64570956695227,0.0382329090117809,0.0247085436821026,6399.42092971417,8025.07645258319,7864
0.4625,7.03556607900859,0.0387170132601693,0.0314280040422398,6902.46085785054,6851.90615582522,7865
0.3895,2.605398240223,0.0330680901354134,0.014924510169832,2880.47427841279,4956.4632638452,7866
0.2665,1.69792622568107,0.0410194429558826,0.0151281623339649,1481.36959954325,3100.76786917066,7867
0.4255,6.49808435179675,0.0589081984226291,0.0524399571384367,4195.51177614154,3802.4940423834,7868
0.4065,6.96347565180452,0.0491202152985628,0.043462647483199,5403.51116163146,4930.71793573475,7869
0.4125,3.79970325370127,0.0140588519738559,0.0102585014979363,9622.36324313615,10285.3972628264,7870
0.4595,8.90315184058316,0.0193915684715073,0.00802179302004516,16862.8869731266,31082.0601617579,7871
0.2105,2.01302113293881,0.0545059804001619,0.0513133735768252,1344.28734504138,1144.94709720891,7872
0.3945,6.61045951793682,0.0367198834067815,0.0311373614679048,6781.25966549257,6402.43696036835,7873
0.4575,6.12288806119635,0.0130819377830229,0.0113952913177871,17145.1010249316,15532.1550954249,7874
0.3335,4.10008046119578,0.0178594287824546,0.0159304656312674,8280.6470778328,7358.49024780137,7875
0.3125,3.91839362239001,0.068445764754202,0.0594662024915324,2071.89257244293,1970.06623798507,7876
0.4605,8.6617248641444,0.038820828293755,0.0345523821125821,8557.94550997187,7729.40110446953,7877
0.378,4.00579661583432,0.0097511066662668,0.00854081241762851,14281.2451079039,12823.6097377604,7878
0.4065,3.79021739443677,0.0913301641847186,0.0716971963505083,1460.95283134752,1615.07456240689,7879
0.2995,3.43274465561358,0.065150590688939,0.0603994173159529,1923.27826476145,1675.83281549642,7880
0.354,5.21749047499725,0.00980823311014457,0.0076150367956476,18118.4069741097,18079.8793442655,7881
0.342,6.61749515962322,0.0355122543016442,0.0314701325292963,6974.08810206142,6309.74092280849,7882
0.4785,8.96461736280519,0.0199427251632244,0.00815797896329947,16632.6916784093,31058.4724512478,7883
0.2275,2.08173742588657,0.0808695847711312,0.0759645259907538,963.687580025608,829.60846172813,7884
0.219,5.26047058009711,0.0415251797142471,0.0277873242892664,4476.07867427179,5400.26710436708,7885
0.264,3.60028592277923,0.0801677061883865,0.0677843435359552,1591.35054811117,1597.29774364514,7886
0.297,3.73487477344969,0.0210828663791866,0.0139825774227542,6327.50928604738,7405.07944645971,7887
0.4055,5.50211591368091,0.0513521320564274,0.0461300286277988,4030.91932112435,3611.20979678592,7888
0.2825,4.45435677329396,0.0688162918798488,0.055101944740841,2287.36071204241,2432.64146317785,7889
0.4505,6.36904701175631,0.0565377515133871,0.0412121698727713,4203.29948582174,4704.05226143196,7890
0.3,4.26548128872587,0.0356306433012912,0.0323949784373195,4359.15297096712,3852.57354961722,7891
0.31,4.770039149124,0.130069518714392,0.104276646988748,1191.44578924626,1367.12810374921,7892
0.4075,3.38150703366583,0.0139114165559288,0.0130468227081013,8695.70553832477,7360.06224111562,7893
0.3805,5.32023249397893,0.0367641951474614,0.0335955530962558,5487.92481604742,4807.40730477508,7894
0.2485,2.66449152045909,0.100314434402826,0.0950818747091452,959.537451751417,817.193684848621,7895
0.4325,5.16078980841329,0.0691276805588018,0.0495906166933589,2731.47585469551,3204.94313788689,7896
0.2545,4.25869364371778,0.0268935033807603,0.0245231005985179,5806.33430148242,5074.5245443822,7897
0.4535,10.7337689061646,0.0670018658503562,0.0566500636041428,6040.11177245882,5859.46550379764,7898
0.2655,4.44433259005341,0.0517205193113081,0.0478596993464607,3218.62225215663,2783.39836241447,7899
0.456,7.45086622689921,0.0108082506497506,0.00768424713886509,24715.2681834811,26823.5527911331,7900
0.223,1.70906423201533,0.0294089581964935,0.0229142507256811,2083.85067842201,2086.33550397493,7901
0.436,4.37674597865875,0.0303956773807482,0.0264958485936929,5411.48667460777,4936.97430627427,7902
0.315,3.39344028676457,0.0109628420648643,0.00750279669516542,10493.5029900855,11522.0372086013,7903
0.271,1.75723848629676,0.0183631505221772,0.0167284107844868,3343.13647104016,2912.35803350063,7904
0.249,3.6853676707209,0.0413802462614524,0.0341036293743845,3222.63577389613,3127.00010438481,7905
0.425,6.90975262256841,0.00928082750301372,0.00731288602951627,26379.6267581767,25887.1050840867,7906
0.3585,3.95428078334591,0.0125650004127393,0.00639733030130927,11072.5649593398,15865.8098358126,7907
0.3625,4.51608478660134,0.0376621082271492,0.0358172328871965,4482.3870831149,3782.04071119194,7908
0.4495,9.97700115992403,0.0379944290811234,0.0281348404140997,9799.34836919705,10911.7816656819,7909
0.3255,4.27650440225802,0.016801536664199,0.0131148884510719,9304.70337335945,9352.65253140527,7910
0.45,16.2096455565625,0.0550693031718894,0.0414970402072509,11265.9569875312,12078.7107996372,7911
0.293,3.89035535723598,0.012120887032589,0.00912872815896731,11129.7770776097,11381.1041759636,7912
0.3415,4.4185526832865,0.0405634724096571,0.0366106013187623,4059.64214503332,3638.50476079221,7913
0.465,7.93046025992394,0.0947741307475378,0.0529264175474301,2414.24981606342,4663.58155639078,7914
0.409,4.72604374418952,0.00777203530034519,0.00602762268836887,20859.6451340582,20586.8964267219,7915
0.41,4.10752858489707,0.00823305150315378,0.00641465129903415,17056.0363916492,16834.1005692965,7916
0.325,2.2857395825784,0.00856528369329309,0.00725995739219098,8654.84484226929,7879.75856658595,7917
0.299,3.90863605041091,0.0103662881850061,0.00906260370887639,12679.5666251673,11335.254244849,7918
0.4695,7.26016319101075,0.0308547657974248,0.0284416602766113,8982.46345935102,7788.91519329946,7919
0.2425,4.51662860937411,0.032146369733115,0.029016148548763,5072.6652790822,4470.81452577906,7920
0.4475,7.89738188499452,0.0229574069107121,0.0202685653508963,12911.4136577307,11587.0610206963,7921
0.199,2.83457601421215,0.0906902223947672,0.0836847555515428,1080.71747790861,947.733882397771,7922
0.237,3.77449735547055,0.0810576290109506,0.0654321703041625,1610.14727593964,1723.4605384688,7923
0.469,6.36264479141444,0.0286093964275019,0.0083640046844873,8036.10434602896,21425.6835086517,7924
0.3655,5.64926966987854,0.0299715300911786,0.027961819808754,7009.61635117403,5992.93075316133,7925
0.3465,4.37444604711801,0.0394703661431247,0.0336831903137428,4107.02695467421,3884.3915449648,7926
0.4365,5.24805817069834,0.0206085265919925,0.0195141588650993,9594.56618056722,8039.14999872008,7927
0.1045,2.9493926567724,0.0656495752200511,0.0600004960869428,1670.97320736466,1463.91862168079,7928
0.371,4.38713213034536,0.0115522913206986,0.00585099062534866,13300.0178389182,18947.2728387765,7929
0.2925,4.61470588771219,0.0227089758220084,0.0165397895844361,7385.72568418167,7854.57755796148,7930
0.477,6.87458685606322,0.0116389364391232,0.00928079442517991,21676.5498062417,21190.9496355913,7931
0.456,7.60226517116689,0.0755543862773593,0.0468036980920291,3517.40992176865,5025.95047951057,7932
0.3605,4.38782278039896,0.0391700694447589,0.0360990262377425,4225.06393685828,3674.99085848446,7933
0.4495,5.06838031259972,0.0373370872948175,0.0149039871329529,4896.10038023766,9966.14084752907,7934
0.44,6.31179846590549,0.0620504983436745,0.0446895676396957,3626.96514542826,4363.19218473335,7935
0.4315,7.90299371936737,0.0431413074676476,0.0356134598121371,6896.73715130365,6851.21226520132,7936
0.4145,6.97134319229542,0.0459080620175768,0.0431568034702919,5784.37310258247,4958.18366856928,7937
0.3915,5.49719312407151,0.0590958985668752,0.0492444602923142,3458.03820581409,3437.19460756732,7938
0.38,6.24784045046727,0.0245070025177157,0.0203674379544485,9556.71596948108,9167.21837259782,7939
0.4455,8.76002254399964,0.0222698582711363,0.0122665270649129,14516.3831582554,20658.1467411945,7940
0.201,5.31666758382894,0.0238501980431563,0.0196032568463074,7975.92446801885,7691.82803169231,7941
0.4575,6.80516483516996,0.0325856953041504,0.0288444766075744,7942.44791513968,7173.86268135855,7942
0.374,5.99219722817124,0.059212656125157,0.0494283444864982,3798.01129972337,3747.14472395278,7943
0.4355,4.5704118979741,0.0090161037297759,0.00717364055847313,17660.6859742293,17239.4759097739,7944
0.47,10.5045915787,0.0540866873765193,0.038575039274676,7274.90660061099,8339.7667411949,7945
0.446,5.93394762433008,0.0381070068223684,0.0333127534542574,5921.07689203321,5447.35792969946,7946
0.3815,3.25433225591305,0.0258154964399118,0.019339498156645,4694.96224363462,4950.86264794935,7947
0.1575,3.71844951404412,0.0768843008536968,0.0736709546148353,1767.50493734188,1481.48477052968,7948
0.2495,5.47675545799987,0.0351103400694683,0.0241735190473032,5752.4637307357,6658.55243654797,7949
0.199,2.47335016386769,0.0678680859173626,0.0591050587173993,1327.10676564036,1222.54020761071,7950
0.297,5.27849072709393,0.0739973665439754,0.0543220474685713,2541.7830796079,2929.39843158966,7951
0.2675,3.83288692916486,0.0245889878217727,0.0103749735061432,5437.59046944868,9745.50977595829,7952
0.4515,5.87171981158177,0.016532302032098,0.0147045395637251,13116.3913833847,11682.6491440531,7953
0.158,2.22204505812917,0.0664178104133585,0.0372402811172679,1148.0812138454,1698.70524697769,7954
0.2055,3.98124119222101,0.0379120626306337,0.0332053542402332,3777.90305252888,3429.43593755766,7955
0.4775,7.8819522252852,0.0247053010728486,0.0111635458388458,11828.3168753564,20621.0569164714,7956
0.168,3.38347559987517,0.080675164122261,0.0738829175835434,1498.67310146077,1326.88799144408,7957
0.1605,4.40599625320875,0.0495856033645201,0.0471401106453288,3172.57804893743,2685.45009343284,7958
0.366,2.39553396182104,0.0198941613322546,0.0182737560227508,4329.25961430432,3738.04061247289,7959
0.347,3.98431128982903,0.0216061511830827,0.0193061063730832,6726.84739075717,5999.22301427758,7960
0.4625,11.6065080105106,0.0142226260922534,0.00956760498332454,30366.6215931231,35038.8536118387,7961
0.1285,3.12634549294049,0.0854216689758924,0.0809073918819654,1274.77674529215,1074.76255110089,7962
0.2425,3.79840525056861,0.0700411630857033,0.0418612504978811,1894.75775142481,2681.23182465748,7963
0.327,3.77158261900655,0.0274308038774957,0.0239048711131254,5079.90450226512,4612.90763429381,7964
0.2445,2.8654347977508,0.0976779963458838,0.0820353155760355,1050.8922524563,1041.56335084475,7965
0.233,3.83380023306593,0.0286718067392759,0.0253100316152323,4845.72611942007,4360.72623287782,7966
0.271,2.79316400206804,0.0215488313612074,0.0156232051287672,4563.53252173607,4916.38742480688,7967
0.3705,2.67326734431513,0.0185446935805497,0.0162084204246134,5186.50049218724,4702.30979886638,7968
0.39,4.93279461865873,0.0325192946775335,0.0253311129075649,5672.97050547808,5777.48184263177,7969
0.1895,3.61458107638877,0.0943795423202075,0.0765817208907384,1295.61466827671,1335.41049059903,7970
0.4335,7.19756717514924,0.0306268813529794,0.0278563603591367,8912.91297101587,7837.72625920751,7971
0.4515,5.72689396340268,0.028439379055458,0.00874223432312154,7219.37981524519,18369.101948767,7972
0.411,3.15652456496501,0.00869699093414349,0.00777520238224317,12224.0603872778,10722.033193085,7973
0.2845,3.43355723432283,0.0175603627850627,0.0160497415070691,6902.07635479742,6011.49288380567,7974
0.387,4.30392830445168,0.0129213117195174,0.00945534303861492,11952.9277162395,12600.5942487527,7975
0.409,6.79737741398811,0.0237254838436753,0.0188598413769653,10715.9226597287,10697.5300073894,7976
0.4165,3.57225203623137,0.00907660403582131,0.0058040207166362,13460.0727109414,15685.8855339175,7977
0.4335,5.28836505734759,0.0191621525533509,0.0108516989892426,10160.8755233108,13884.7284931914,7978
0.33,3.71293311831987,0.0175542566792794,0.0132704752249511,7538.05376308036,7760.78016524106,7979
0.19,1.76802184579853,0.0152812429401029,0.0132460392156231,3791.00451201257,3408.636421768,7980
0.3115,5.23796823822782,0.0217740417434262,0.0202626107000237,8734.313123086,7445.01513539106,7981
0.278,3.97597887012598,0.0442107115511195,0.0336822127880484,3232.11289641468,3406.39970998389,7982
0.3065,4.29421653279164,0.0399654061203502,0.029487241654942,3906.66338060964,4307.43792204468,7983
0.449,6.72596813230254,0.0398238713998536,0.0265350726915729,6333.95445147794,7686.20847329641,7984
0.3875,3.71964005157675,0.0113113225309993,0.00785766521818555,11620.758879894,12744.5372689433,7985
0.247,1.67445370913315,0.00897746496513272,0.00722878668793615,5793.70867458151,5480.79250697986,7986
0.104,2.6176824200125,0.0674314341959491,0.0560714452031627,1425.01417247655,1369.75315963628,7987
0.2825,2.89871545931882,0.0738537182904943,0.0615498050562893,1428.72386963665,1419.97447531846,7988
0.372,5.36893514691119,0.0455767180295472,0.039110045633767,4408.99497532156,4156.79740168836,7989
0.1835,1.859877250919,0.0127526014734458,0.0108618934836643,4579.50545859809,4156.01583159216,7990
0.249,5.73431802338374,0.0251901783284821,0.0231829083587791,8349.58710552541,7223.72162018973,7991
0.4215,7.65558286860369,0.0725380854859735,0.0552754603479041,3778.19462402411,4270.09751237645,7992
0.375,4.73640496885762,0.0682737047080498,0.0539578557598784,2511.18086845947,2661.58311705988,7993
0.4655,7.58882329524845,0.0319635993410982,0.0264719503386957,8995.04682664893,8703.34516652273,7994
0.336,2.29365618763779,0.0621276552514776,0.0364391419887846,1313.51350459252,1857.87598586029,7995
0.4655,12.4261287211886,0.0607848536417787,0.0462361508819225,7672.37041769431,8353.59304900033,7996
0.3675,4.3975623180744,0.0188544566736986,0.0177669880406811,8551.65306000506,7251.36111957417,7997
0.434,6.35011214366698,0.0379774973602809,0.0304998335022327,6326.11514270405,6358.32086517168,7998
0.154,2.38351172306558,0.124944894929383,0.107028575412463,656.986644471072,635.171129466691,7999
0.209,4.59581441804796,0.0172164553470817,0.0162635216172092,9304.67272342564,7816.06071975147,8000
